age,job,marital,education,balance,housing,loan,contact,month,duration,campaign,y
26,management,divorced,tertiary,4704,no,no,cellular,feb,1078,10,no
30,services,divorced,secondary,-1985,no,no,cellular,jul,5,4,no
41,retired,married,unknown,712,no,no,unknown,sep,1630,5,no
50,management,divorced,tertiary,-493,no,no,telephone,aug,2076,5,no
72,services,single,tertiary,7953,yes,no,cellular,feb,232,2,yes
58,admin.,married,tertiary,-414,yes,no,telephone,sep,2461,10,no
32,management,divorced,tertiary,1258,yes,no,cellular,jul,1636,6,no
27,admin.,single,unknown,-4361,yes,no,telephone,mar,1946,5,no
32,retired,married,primary,6212,no,no,telephone,nov,117,9,no
31,retired,single,unknown,-855,yes,no,unknown,dec,1830,6,no
75,student,divorced,primary,5622,no,no,telephone,nov,736,3,no
25,admin.,single,unknown,-1506,no,no,telephone,mar,2651,3,no
41,services,divorced,secondary,-1311,yes,no,cellular,jun,2560,8,no
77,services,single,unknown,3743,yes,no,telephone,apr,1343,6,no
53,retired,married,secondary,-2915,no,no,unknown,jan,2447,11,no
21,unknown,single,primary,2619,no,no,unknown,jul,1453,4,no
36,student,married,primary,-718,yes,no,cellular,dec,1249,14,no
31,blue-collar,single,primary,7459,no,no,cellular,jan,2049,12,no
43,blue-collar,divorced,secondary,6470,no,no,unknown,jul,1236,5,no
53,services,married,tertiary,4967,yes,no,cellular,may,933,9,yes
72,unknown,married,tertiary,7946,yes,no,cellular,sep,504,8,no
84,blue-collar,married,unknown,-316,no,no,telephone,feb,1165,7,no
78,services,divorced,tertiary,3607,no,no,telephone,dec,2489,5,no
53,technician,married,unknown,-1224,no,no,cellular,mar,237,11,yes
50,services,divorced,primary,3872,no,no,telephone,feb,588,9,no
44,blue-collar,single,secondary,2378,yes,no,telephone,may,232,13,yes
53,student,married,unknown,-2031,no,no,cellular,oct,213,1,no
27,services,divorced,secondary,1260,yes,no,cellular,oct,2361,4,no
65,admin.,married,tertiary,1693,no,no,telephone,dec,1956,1,no
26,services,married,unknown,1605,yes,no,telephone,sep,2610,2,no
37,technician,divorced,primary,6438,no,no,telephone,feb,2716,9,no
75,technician,single,secondary,-1572,no,yes,cellular,apr,2080,9,no
70,retired,single,primary,-482,yes,yes,unknown,dec,2669,5,yes
43,retired,married,primary,-6901,no,no,cellular,apr,2187,3,no
84,retired,single,unknown,3294,yes,no,telephone,dec,2761,6,no
51,blue-collar,single,primary,3698,yes,yes,unknown,jun,2198,6,no
29,unknown,single,secondary,3871,yes,no,cellular,mar,497,7,no
83,services,married,tertiary,1297,no,no,cellular,jan,192,1,yes
43,retired,divorced,primary,-665,yes,no,telephone,aug,2843,7,no
45,services,single,primary,-1943,no,no,telephone,dec,1973,14,no
27,blue-collar,divorced,secondary,2981,no,yes,telephone,jun,253,3,no
33,management,single,unknown,-908,yes,no,cellular,jun,1764,9,no
25,management,single,secondary,-3286,yes,no,telephone,oct,2352,14,no
52,admin.,single,primary,4306,no,no,telephone,apr,2052,7,no
59,blue-collar,married,unknown,377,no,no,unknown,dec,1976,3,no
55,student,divorced,secondary,1875,yes,yes,unknown,sep,2789,10,no
37,services,married,tertiary,-8093,no,no,telephone,dec,1097,5,no
18,unknown,single,unknown,1281,no,no,cellular,feb,1692,2,no
36,retired,divorced,secondary,740,yes,no,cellular,jul,2248,7,yes
85,admin.,married,primary,6607,no,no,telephone,feb,1126,11,no
45,technician,married,secondary,707,yes,no,unknown,sep,943,10,no
34,blue-collar,single,secondary,-7085,yes,no,cellular,mar,1538,4,no
66,blue-collar,married,unknown,727,yes,no,unknown,dec,0,2,yes
51,unknown,married,tertiary,1420,no,no,unknown,jun,591,12,yes
38,services,married,tertiary,5083,yes,no,cellular,jan,863,4,no
38,student,divorced,secondary,1264,yes,no,telephone,nov,640,10,yes
55,unknown,divorced,tertiary,158,yes,no,telephone,feb,2504,12,no
87,retired,single,primary,977,no,no,cellular,may,1246,13,no
74,management,single,secondary,9651,yes,no,cellular,jun,913,10,no
56,retired,single,secondary,2868,no,no,telephone,mar,2858,1,no
22,services,divorced,unknown,553,yes,no,unknown,oct,993,1,no
66,services,married,unknown,4349,no,no,cellular,sep,1276,13,no
30,management,married,tertiary,-1943,yes,no,unknown,may,1340,11,no
78,admin.,married,primary,-812,yes,no,cellular,feb,2641,8,no
54,management,single,primary,-214,yes,no,cellular,may,1484,6,no
27,management,single,unknown,-3821,no,no,telephone,may,1965,6,no
37,services,single,unknown,4305,no,no,cellular,nov,296,12,no
47,retired,single,tertiary,-941,no,no,unknown,feb,96,4,no
83,unknown,divorced,secondary,1767,no,no,cellular,jan,2542,2,no
62,services,married,tertiary,-294,no,no,cellular,mar,2158,7,no
22,blue-collar,single,primary,2365,yes,no,unknown,mar,556,6,no
53,student,married,secondary,7060,no,no,cellular,apr,232,11,no
41,management,married,secondary,335,yes,yes,telephone,dec,939,7,no
73,blue-collar,divorced,secondary,-39,yes,no,cellular,mar,1002,5,no
18,admin.,divorced,unknown,-2365,yes,no,telephone,mar,1226,13,no
80,student,divorced,unknown,530,no,no,unknown,aug,467,9,no
18,services,single,secondary,-4287,no,no,unknown,sep,481,14,no
56,admin.,divorced,unknown,5732,no,yes,unknown,sep,856,9,yes
22,management,married,tertiary,-566,yes,yes,telephone,feb,2404,6,no
44,management,single,unknown,-1447,no,no,cellular,dec,1198,14,no
46,admin.,divorced,secondary,832,yes,no,unknown,jan,1535,8,no
60,student,divorced,primary,3317,no,yes,telephone,nov,1189,10,no
41,retired,single,unknown,629,no,no,unknown,may,1870,6,no
81,technician,married,tertiary,4721,no,no,cellular,sep,966,4,no
47,services,single,primary,23,yes,no,cellular,jul,1130,4,no
80,retired,divorced,tertiary,-980,no,no,telephone,jan,2896,6,yes
43,admin.,divorced,secondary,1202,yes,no,telephone,aug,2421,5,no
65,retired,married,primary,899,no,no,unknown,nov,2481,11,no
23,retired,divorced,unknown,4151,no,yes,telephone,apr,1356,12,no
41,technician,divorced,unknown,3829,no,no,telephone,nov,669,10,no
60,student,single,primary,-35,no,no,unknown,may,2917,13,no
42,services,single,tertiary,-3332,yes,yes,unknown,dec,1880,13,no
40,retired,divorced,secondary,3158,yes,yes,telephone,dec,2691,12,no
50,services,married,unknown,-2295,no,no,cellular,apr,2942,11,no
55,student,single,unknown,1070,yes,no,telephone,feb,1624,1,no
50,retired,married,unknown,2890,no,no,cellular,feb,521,7,no
74,management,divorced,primary,6873,yes,yes,unknown,jan,2437,5,no
57,management,single,primary,7974,yes,yes,unknown,mar,42,3,yes
81,technician,divorced,primary,2637,yes,no,unknown,jun,130,10,no
32,retired,married,unknown,-4577,no,yes,unknown,oct,1574,11,no
79,technician,divorced,secondary,-1980,no,yes,unknown,dec,2441,14,no
41,admin.,single,primary,904,no,no,telephone,feb,1381,10,no
43,technician,divorced,tertiary,323,yes,yes,cellular,nov,222,1,yes
74,admin.,married,tertiary,1735,yes,no,cellular,aug,1839,3,no
30,services,single,secondary,1786,yes,no,telephone,apr,993,1,no
80,technician,single,unknown,-2186,no,no,unknown,jan,53,3,no
57,blue-collar,divorced,unknown,3198,yes,no,unknown,feb,1157,3,yes
59,management,divorced,tertiary,-1357,yes,no,unknown,jan,466,14,no
79,retired,single,primary,1875,yes,no,unknown,jun,121,14,no
57,technician,single,unknown,6839,no,no,telephone,dec,875,5,no
74,student,divorced,primary,-1584,no,no,telephone,dec,1232,6,no
36,admin.,divorced,secondary,1844,yes,no,telephone,jan,2446,12,yes
49,admin.,divorced,unknown,201,no,no,telephone,oct,1394,5,no
33,technician,married,secondary,-1618,yes,no,telephone,nov,2605,6,no
72,admin.,divorced,secondary,1759,yes,no,telephone,oct,2291,7,no
81,technician,married,unknown,-904,yes,no,unknown,apr,2464,2,no
30,services,divorced,tertiary,3752,no,no,unknown,may,649,2,no
83,retired,single,unknown,3305,yes,yes,cellular,mar,1551,11,no
19,admin.,divorced,unknown,6415,yes,no,unknown,apr,486,12,no
73,retired,divorced,unknown,3708,yes,no,telephone,feb,2685,2,no
81,technician,divorced,primary,3350,no,no,cellular,jan,2329,7,no
73,admin.,married,primary,-4469,no,no,telephone,sep,2956,6,no
84,management,divorced,tertiary,4086,no,yes,telephone,jul,205,7,no
79,student,single,secondary,3681,yes,yes,cellular,feb,564,10,no
68,unknown,single,tertiary,-766,yes,yes,telephone,jun,1859,12,no
30,admin.,divorced,unknown,6653,no,no,telephone,sep,1246,8,no
41,retired,divorced,secondary,4134,no,no,unknown,mar,1351,3,no
31,management,divorced,tertiary,2044,yes,no,cellular,nov,2202,13,no
23,technician,married,primary,3607,yes,no,cellular,feb,1786,4,no
51,retired,divorced,tertiary,2786,yes,yes,unknown,oct,445,5,no
20,retired,single,primary,1973,yes,no,telephone,aug,2552,5,no
30,admin.,married,primary,848,yes,no,unknown,may,1987,14,no
19,management,divorced,tertiary,5007,yes,no,cellular,jun,2259,4,no
72,unknown,married,primary,-2732,no,no,telephone,nov,2455,5,yes
38,admin.,married,primary,1995,yes,no,telephone,sep,733,5,no
76,admin.,single,secondary,5696,yes,yes,cellular,jul,1018,7,yes
36,retired,divorced,primary,1757,yes,no,cellular,mar,2284,11,no
59,unknown,single,unknown,3694,no,no,unknown,jul,2527,12,no
36,services,divorced,secondary,1415,no,yes,cellular,jan,731,12,no
58,services,divorced,unknown,-1488,yes,no,cellular,jan,683,4,no
79,unknown,married,tertiary,4038,yes,no,cellular,mar,20,2,no
44,admin.,married,unknown,5644,no,no,cellular,apr,2131,13,yes
30,services,divorced,unknown,-197,no,yes,telephone,sep,873,1,no
36,unknown,divorced,secondary,2996,yes,no,telephone,apr,668,5,no
26,student,single,tertiary,2240,no,yes,telephone,jan,175,3,no
68,technician,divorced,unknown,337,yes,no,cellular,jul,1438,13,no
46,unknown,single,tertiary,4725,yes,yes,unknown,aug,2745,13,no
51,management,divorced,tertiary,709,no,no,telephone,oct,2221,3,yes
72,blue-collar,single,primary,-1562,no,no,cellular,jun,265,4,no
57,technician,married,tertiary,347,no,no,unknown,aug,199,11,no
51,retired,married,primary,935,yes,no,cellular,nov,20,12,no
27,technician,married,secondary,-529,yes,no,unknown,dec,597,12,no
64,unknown,single,secondary,-179,no,no,telephone,jul,2066,2,no
45,technician,married,tertiary,-1918,no,no,cellular,jun,412,13,yes
63,retired,single,tertiary,502,yes,no,unknown,oct,2086,3,no
20,admin.,married,unknown,1882,no,no,telephone,oct,317,5,no
28,technician,divorced,tertiary,-1209,no,no,cellular,jul,2542,6,no
81,student,married,unknown,-1719,yes,no,cellular,dec,331,2,no
69,unknown,divorced,secondary,-1522,yes,yes,cellular,aug,2558,9,yes
60,management,single,tertiary,949,yes,no,cellular,mar,1176,2,no
26,blue-collar,single,tertiary,-109,yes,yes,unknown,mar,2181,7,no
58,services,married,unknown,-3315,no,yes,cellular,feb,1943,5,no
67,blue-collar,divorced,tertiary,-2247,yes,no,cellular,may,957,3,no
72,blue-collar,divorced,tertiary,1064,no,no,telephone,feb,2882,7,no
82,services,divorced,tertiary,241,no,yes,telephone,oct,1885,3,no
77,management,divorced,unknown,1059,no,no,cellular,feb,97,14,no
26,blue-collar,single,unknown,5725,yes,no,telephone,dec,2026,5,yes
42,blue-collar,divorced,secondary,2042,no,no,unknown,nov,633,12,no
26,management,divorced,primary,-3914,no,no,cellular,may,1660,10,yes
28,student,divorced,primary,-472,yes,no,cellular,may,486,3,no
87,technician,single,tertiary,2284,yes,no,unknown,jul,1014,1,yes
47,technician,married,secondary,-587,yes,no,unknown,jan,1703,6,yes
86,admin.,married,primary,-1476,yes,yes,telephone,apr,306,14,no
86,technician,single,tertiary,3847,yes,no,unknown,jul,1932,8,no
52,admin.,single,primary,132,no,yes,cellular,mar,248,3,no
58,retired,single,secondary,-1135,yes,no,cellular,jul,2930,1,no
28,blue-collar,single,primary,-1102,no,no,telephone,jul,2853,10,yes
32,services,divorced,primary,6017,no,no,cellular,may,618,7,no
62,management,single,secondary,-1894,no,no,telephone,jan,1782,10,no
78,services,divorced,unknown,735,no,no,telephone,feb,1761,3,no
54,student,married,primary,902,no,no,unknown,sep,1230,9,no
32,admin.,divorced,primary,3230,no,no,cellular,may,1150,13,no
45,technician,married,unknown,-969,no,yes,telephone,feb,1040,6,no
59,student,single,unknown,-1054,no,no,cellular,aug,1359,8,no
69,services,single,tertiary,3566,yes,no,telephone,jan,688,5,no
24,admin.,married,unknown,8249,no,yes,telephone,dec,1199,13,yes
34,unknown,divorced,tertiary,-282,yes,no,telephone,mar,1202,1,no
30,student,divorced,secondary,-470,yes,no,unknown,may,25,6,yes
72,management,married,tertiary,8265,no,no,cellular,nov,2532,6,no
37,retired,divorced,unknown,299,yes,no,cellular,aug,146,12,yes
63,unknown,married,unknown,410,no,no,cellular,feb,2040,5,no
27,unknown,single,secondary,1904,yes,no,cellular,jun,581,13,no
26,services,married,primary,2539,no,no,telephone,aug,148,6,no
25,retired,married,tertiary,2091,no,no,cellular,aug,2511,1,no
47,unknown,single,primary,4093,no,yes,cellular,jun,2145,10,no
19,technician,divorced,tertiary,-2509,yes,no,unknown,apr,958,1,no
54,blue-collar,married,tertiary,761,yes,no,cellular,aug,1726,5,no
36,retired,single,tertiary,4444,yes,no,cellular,mar,2885,6,no
51,services,single,unknown,-5033,yes,no,unknown,may,1601,8,no
61,blue-collar,married,unknown,-2286,yes,no,telephone,sep,1933,2,no
50,technician,single,primary,3381,no,no,unknown,jun,1014,14,yes
73,retired,single,tertiary,1632,yes,no,cellular,jan,401,10,no
73,unknown,divorced,tertiary,-411,no,no,unknown,dec,2990,2,yes
60,admin.,single,secondary,2280,no,no,cellular,apr,2860,3,no
55,blue-collar,single,secondary,2630,yes,no,telephone,apr,879,12,no
57,student,single,unknown,-1089,yes,no,unknown,jan,1010,13,no
33,technician,divorced,unknown,1185,no,yes,unknown,mar,2749,4,no
52,student,married,tertiary,-1893,no,no,telephone,feb,2240,4,no
59,retired,divorced,tertiary,4629,yes,no,telephone,jan,233,7,yes
83,admin.,divorced,secondary,-2969,yes,yes,telephone,jan,1497,6,no
38,technician,single,unknown,1038,no,yes,telephone,aug,534,3,no
67,admin.,married,tertiary,3620,yes,no,telephone,jan,1027,12,no
31,blue-collar,single,secondary,7004,yes,no,telephone,feb,1622,3,no
24,technician,single,unknown,861,yes,no,cellular,apr,2707,9,no
87,management,married,primary,9101,no,yes,telephone,nov,472,2,no
35,retired,divorced,primary,-1782,no,no,cellular,jan,1904,13,no
62,technician,married,tertiary,3047,no,yes,cellular,aug,2655,6,no
36,unknown,single,tertiary,-556,yes,no,unknown,may,1790,11,no
41,admin.,single,unknown,5990,no,no,cellular,oct,1693,2,yes
71,services,divorced,primary,1152,yes,no,cellular,nov,2267,8,no
36,blue-collar,married,secondary,-1487,no,no,telephone,sep,1958,7,no
22,technician,divorced,tertiary,4871,no,no,unknown,dec,106,9,no
46,technician,single,primary,172,yes,no,unknown,oct,1936,13,no
71,student,divorced,unknown,-2238,yes,no,unknown,aug,792,6,no
72,services,divorced,primary,501,yes,no,cellular,dec,1784,13,no
59,services,married,tertiary,4225,no,no,unknown,jan,498,10,no
71,admin.,divorced,tertiary,982,no,no,telephone,aug,1767,13,no
74,student,married,unknown,300,no,no,telephone,mar,2228,2,no
57,services,married,primary,1391,no,no,unknown,apr,2834,7,no
49,admin.,married,unknown,-5336,no,no,cellular,aug,1568,4,no
75,retired,married,primary,9408,yes,no,telephone,aug,1708,1,no
65,student,divorced,secondary,1243,no,no,telephone,jul,2588,3,no
54,retired,divorced,tertiary,4098,yes,no,cellular,jul,1567,8,no
25,services,divorced,secondary,5585,no,no,telephone,jul,1504,8,no
73,retired,single,tertiary,-1617,yes,no,telephone,mar,331,7,no
21,admin.,single,primary,-2192,no,no,telephone,jul,2337,12,no
74,retired,married,tertiary,5854,no,yes,unknown,apr,1558,14,yes
57,services,single,unknown,-902,no,no,telephone,apr,737,3,no
57,retired,single,unknown,294,no,no,unknown,aug,1727,7,no
84,unknown,divorced,unknown,-742,yes,no,telephone,apr,1240,13,no
30,management,divorced,secondary,-7011,no,yes,unknown,jun,1070,11,no
47,services,single,primary,750,yes,no,unknown,may,1486,7,no
69,blue-collar,single,tertiary,1176,no,no,unknown,apr,1740,14,no
81,admin.,married,primary,4380,yes,no,telephone,dec,2388,13,no
76,blue-collar,single,unknown,113,yes,no,unknown,jul,2389,10,no
66,services,married,tertiary,-339,no,no,telephone,feb,1068,2,no
55,admin.,divorced,secondary,2886,yes,no,cellular,apr,2231,13,no
81,technician,married,secondary,3886,yes,no,cellular,feb,659,12,no
67,management,married,primary,-1896,no,no,unknown,dec,2632,14,no
56,student,married,unknown,-4187,no,no,telephone,oct,690,4,yes
52,management,single,secondary,7620,no,no,unknown,oct,1907,12,no
41,admin.,divorced,unknown,5747,no,no,telephone,apr,1776,6,no
18,student,married,tertiary,-514,yes,yes,unknown,feb,259,11,no
68,retired,divorced,primary,435,yes,yes,unknown,dec,2490,2,no
72,management,divorced,unknown,1240,yes,no,unknown,may,1799,6,no
21,blue-collar,single,primary,-1061,no,no,unknown,sep,2881,10,no
49,student,single,secondary,-304,no,no,cellular,apr,555,10,no
41,unknown,divorced,primary,1002,yes,no,unknown,jun,738,5,no
85,student,divorced,tertiary,-2641,yes,no,telephone,apr,1354,14,no
75,admin.,divorced,unknown,7895,no,no,unknown,mar,2680,1,no
19,blue-collar,single,tertiary,-3390,no,no,unknown,mar,2693,5,no
46,student,single,tertiary,-4550,no,no,cellular,jun,2430,13,no
78,management,single,secondary,3873,yes,no,cellular,feb,247,4,no
63,retired,divorced,unknown,226,yes,no,cellular,jan,2817,3,no
27,blue-collar,single,unknown,2530,no,no,cellular,apr,2293,11,no
47,management,divorced,primary,1339,no,yes,cellular,nov,902,14,no
23,admin.,married,primary,272,no,no,cellular,jan,1051,1,no
34,blue-collar,divorced,tertiary,1067,no,no,telephone,sep,2794,1,no
46,student,single,unknown,2473,yes,no,telephone,oct,2249,10,no
79,student,divorced,secondary,4528,no,yes,telephone,dec,1242,10,no
30,student,married,tertiary,-775,yes,no,telephone,mar,558,9,no
54,services,divorced,tertiary,2661,no,no,telephone,sep,1166,14,no
63,admin.,single,unknown,41,no,no,telephone,feb,298,9,no
72,technician,married,secondary,318,yes,no,telephone,oct,1734,1,no
60,services,married,secondary,-1118,no,no,unknown,oct,2354,6,no
27,technician,married,tertiary,524,no,no,telephone,oct,991,7,yes
76,student,married,primary,-2095,yes,no,unknown,oct,1908,1,no
84,retired,married,unknown,-1844,yes,no,cellular,aug,2585,11,no
77,admin.,divorced,secondary,-1210,yes,no,telephone,jun,2824,9,no
31,retired,married,secondary,-4989,yes,no,telephone,jun,373,10,no
38,management,married,primary,-1317,no,no,unknown,nov,1124,4,no
22,unknown,single,tertiary,-67,yes,no,unknown,jul,217,7,no
72,technician,single,unknown,2340,yes,no,telephone,may,1383,7,no
32,unknown,divorced,tertiary,-2570,yes,yes,cellular,oct,2060,4,no
83,management,divorced,tertiary,1218,yes,no,telephone,jul,1993,10,yes
61,technician,divorced,unknown,2370,no,no,telephone,feb,1437,7,no
40,technician,single,tertiary,558,yes,no,unknown,oct,477,4,yes
50,technician,single,secondary,1834,yes,no,telephone,aug,2860,13,no
43,admin.,married,tertiary,1902,no,no,unknown,feb,12,2,no
24,admin.,single,secondary,278,yes,no,unknown,sep,2644,3,no
28,admin.,divorced,primary,-577,yes,no,telephone,jan,2420,4,no
55,unknown,single,tertiary,1760,no,no,unknown,dec,2919,3,no
87,unknown,single,secondary,-1757,yes,yes,telephone,aug,1435,9,no
30,student,single,primary,-5018,yes,no,cellular,may,336,1,no
84,admin.,married,secondary,-764,yes,no,unknown,may,2854,11,no
29,admin.,married,tertiary,-322,no,no,telephone,dec,105,10,no
67,technician,divorced,unknown,1681,no,no,unknown,mar,323,1,no
82,services,single,unknown,1555,yes,no,telephone,jan,1334,9,no
19,services,divorced,secondary,-545,yes,no,telephone,oct,564,4,no
38,management,single,unknown,1495,no,no,unknown,jul,378,10,no
53,services,divorced,secondary,3784,yes,no,telephone,aug,160,14,no
55,unknown,divorced,primary,743,yes,no,telephone,mar,2083,10,no
79,admin.,divorced,unknown,-1346,no,no,unknown,nov,2826,3,no
40,blue-collar,divorced,secondary,120,no,no,unknown,jul,2538,7,no
24,retired,married,unknown,3251,yes,no,unknown,jun,2465,13,no
63,blue-collar,single,unknown,-2783,yes,no,unknown,aug,1440,8,no
47,management,divorced,tertiary,3098,no,yes,cellular,aug,2924,1,no
32,admin.,single,secondary,-305,no,no,unknown,jul,339,13,no
24,technician,married,primary,4286,no,no,unknown,nov,2817,8,no
41,technician,divorced,unknown,1998,yes,no,unknown,aug,2922,6,no
80,student,married,primary,2906,no,no,telephone,jun,633,12,no
21,services,single,unknown,3774,yes,no,unknown,oct,404,5,no
62,unknown,married,primary,4268,yes,no,telephone,sep,2655,14,no
35,unknown,married,primary,3579,no,no,telephone,feb,2087,9,no
61,blue-collar,married,unknown,-1415,yes,no,cellular,mar,2250,7,no
79,services,single,primary,3304,no,no,telephone,nov,1781,3,no
40,technician,single,unknown,-2555,no,yes,telephone,jan,906,14,no
46,student,divorced,primary,-2105,yes,no,unknown,nov,976,14,no
46,blue-collar,single,tertiary,974,yes,no,unknown,aug,1485,14,no
67,retired,single,secondary,4705,yes,no,cellular,jan,2796,3,no
70,unknown,divorced,unknown,910,yes,no,telephone,apr,1632,4,no
45,retired,divorced,secondary,-1013,yes,no,unknown,jul,996,13,no
24,student,married,secondary,2955,no,yes,telephone,mar,805,1,yes
56,technician,divorced,tertiary,-80,no,no,cellular,may,581,2,no
66,student,single,primary,2504,no,no,unknown,dec,913,10,yes
50,management,divorced,secondary,1595,yes,no,unknown,nov,2692,11,yes
52,unknown,single,tertiary,-1455,yes,no,telephone,mar,2374,6,no
64,blue-collar,married,unknown,4415,yes,no,telephone,aug,2379,12,no
47,technician,single,unknown,-3377,no,yes,telephone,dec,1050,10,yes
68,services,married,unknown,-1273,yes,no,telephone,jul,2119,3,yes
62,student,married,unknown,3036,no,no,unknown,aug,1156,1,no
25,admin.,married,tertiary,9277,no,no,unknown,mar,1885,5,no
19,unknown,married,primary,-3706,yes,yes,telephone,feb,2823,2,no
85,retired,single,primary,892,yes,no,cellular,aug,113,14,no
55,services,married,unknown,-5352,yes,no,unknown,nov,2575,8,no
72,student,single,primary,836,yes,no,unknown,aug,204,13,no
57,management,single,secondary,-581,no,no,telephone,feb,473,4,yes
36,unknown,divorced,primary,1354,yes,yes,cellular,sep,1492,14,no
25,unknown,married,secondary,5205,no,no,telephone,aug,401,6,no
77,services,married,secondary,3671,no,no,cellular,aug,2767,11,no
26,admin.,divorced,secondary,266,yes,no,telephone,may,802,7,no
46,retired,divorced,unknown,3237,no,yes,unknown,oct,199,2,no
44,blue-collar,divorced,primary,1480,no,yes,cellular,mar,2060,9,no
30,admin.,divorced,unknown,-1634,no,no,cellular,dec,1342,7,no
82,admin.,married,secondary,1123,yes,no,unknown,jun,1043,7,yes
54,unknown,divorced,secondary,2607,yes,no,unknown,mar,2071,11,no
60,management,married,tertiary,11687,yes,no,cellular,mar,1355,12,no
44,admin.,divorced,unknown,4987,no,yes,unknown,apr,1580,4,no
57,services,married,unknown,3319,no,no,unknown,nov,25,2,yes
79,services,divorced,primary,-3691,no,no,cellular,jan,96,3,yes
86,management,divorced,unknown,1857,yes,no,telephone,aug,1321,2,no
38,retired,single,tertiary,5338,yes,no,cellular,jul,94,14,no
55,retired,married,primary,2878,yes,no,telephone,jul,829,8,no
43,unknown,married,primary,4573,no,no,telephone,mar,1806,1,no
19,management,divorced,primary,2789,yes,no,cellular,sep,1048,12,no
64,admin.,divorced,primary,4242,no,no,unknown,mar,1423,3,no
76,admin.,divorced,primary,-3440,no,no,unknown,nov,164,12,no
50,services,divorced,unknown,5986,no,no,unknown,apr,1481,2,no
84,admin.,married,secondary,3650,yes,no,cellular,sep,1487,4,no
70,unknown,divorced,secondary,4687,no,no,telephone,apr,699,14,no
85,admin.,divorced,tertiary,1763,yes,no,unknown,dec,1850,11,no
20,services,divorced,primary,2892,no,no,unknown,jun,1067,9,no
32,student,single,secondary,3445,yes,no,unknown,apr,1218,5,no
37,technician,single,secondary,905,yes,no,unknown,nov,1514,5,no
56,admin.,married,primary,-832,no,no,unknown,dec,255,8,no
83,unknown,divorced,unknown,-1720,no,yes,cellular,jan,2676,6,no
46,blue-collar,divorced,primary,1034,yes,no,cellular,sep,1177,2,no
33,blue-collar,married,unknown,-1033,yes,no,unknown,nov,836,9,no
48,retired,single,tertiary,-633,no,no,unknown,may,887,5,no
50,blue-collar,married,secondary,5514,no,no,telephone,aug,851,5,no
40,retired,divorced,unknown,5941,yes,no,cellular,aug,1183,13,no
67,blue-collar,single,tertiary,408,yes,no,telephone,may,1812,8,no
19,retired,single,unknown,5042,no,no,telephone,sep,2306,9,no
39,admin.,married,unknown,871,no,no,cellular,sep,1635,12,no
32,retired,single,primary,343,yes,no,telephone,may,2873,5,no
22,retired,single,tertiary,2432,yes,no,unknown,dec,1037,2,no
24,management,divorced,secondary,-691,no,no,unknown,jul,1832,6,yes
78,blue-collar,married,primary,456,no,no,telephone,nov,600,14,yes
52,services,married,unknown,5155,no,no,unknown,feb,1186,1,no
86,blue-collar,married,secondary,2328,no,no,cellular,jul,2002,2,yes
30,blue-collar,divorced,unknown,2463,no,no,cellular,apr,1483,4,no
84,technician,single,tertiary,762,no,no,unknown,aug,406,2,no
53,management,divorced,unknown,508,no,no,unknown,jan,2586,10,no
25,management,single,tertiary,1719,yes,no,unknown,apr,1220,13,no
32,management,married,unknown,3572,no,yes,cellular,mar,2554,3,no
52,blue-collar,single,primary,2359,no,no,cellular,aug,1966,6,no
65,blue-collar,divorced,tertiary,3101,no,no,telephone,dec,2548,2,no
75,services,divorced,tertiary,-3648,no,yes,unknown,jan,2318,1,no
82,unknown,married,unknown,-1413,yes,no,cellular,apr,2792,8,no
80,services,divorced,unknown,-319,no,no,unknown,nov,1477,2,yes
58,unknown,divorced,unknown,2617,yes,no,cellular,jul,2658,7,no
19,retired,divorced,tertiary,2420,yes,no,telephone,apr,333,10,no
25,services,divorced,tertiary,3217,yes,yes,unknown,aug,1156,1,yes
87,blue-collar,single,unknown,433,yes,no,unknown,sep,2995,7,yes
29,services,married,primary,1700,yes,no,unknown,sep,1746,14,no
24,retired,divorced,secondary,6360,yes,no,cellular,nov,2664,11,yes
75,student,married,primary,1492,no,no,cellular,jun,1379,11,no
56,management,married,tertiary,-3807,no,no,cellular,oct,2736,2,no
47,blue-collar,single,tertiary,2757,yes,no,telephone,feb,1629,10,no
49,management,married,primary,4713,no,no,unknown,may,2458,13,no
65,retired,divorced,tertiary,4597,no,no,unknown,aug,1655,7,no
87,admin.,single,unknown,483,no,no,unknown,dec,684,10,no
65,blue-collar,married,secondary,672,no,yes,cellular,aug,2502,9,no
57,management,divorced,unknown,3518,no,no,cellular,nov,1125,11,no
32,unknown,single,primary,1797,yes,no,unknown,may,2483,7,no
41,retired,married,primary,2932,yes,no,unknown,nov,834,14,no
38,retired,single,primary,-207,no,no,cellular,dec,1299,4,no
69,blue-collar,married,unknown,2421,no,yes,unknown,oct,543,6,no
68,retired,divorced,unknown,-107,no,no,cellular,may,1515,10,no
20,unknown,divorced,primary,801,no,no,telephone,oct,1282,13,no
18,management,single,primary,-1630,yes,no,telephone,jan,1641,14,no
84,student,single,tertiary,-876,yes,no,telephone,oct,1651,6,no
52,retired,single,unknown,-2617,no,no,telephone,feb,2065,7,no
82,student,married,secondary,-2996,no,no,telephone,dec,1873,12,yes
27,blue-collar,married,tertiary,-1233,yes,no,unknown,dec,1554,14,no
43,management,single,unknown,2583,yes,yes,telephone,jun,2503,8,no
53,retired,divorced,primary,2062,yes,no,unknown,sep,2346,6,no
31,technician,divorced,unknown,3734,yes,no,telephone,apr,2568,5,no
52,technician,married,secondary,112,no,no,cellular,nov,1025,4,yes
35,retired,divorced,unknown,-2837,yes,no,cellular,oct,1186,11,no
56,technician,single,unknown,2381,no,no,telephone,dec,1849,13,yes
47,technician,married,primary,1341,no,no,cellular,dec,44,14,no
42,technician,married,tertiary,1009,yes,no,unknown,sep,2843,9,no
70,services,married,secondary,-1655,yes,no,cellular,dec,592,8,no
34,technician,married,unknown,362,yes,no,telephone,mar,1124,7,no
37,retired,single,unknown,3286,no,no,telephone,jul,985,8,no
50,management,divorced,unknown,-1980,no,no,cellular,nov,408,1,no
37,technician,single,secondary,-3747,yes,no,cellular,jun,2543,6,no
50,admin.,married,unknown,1798,yes,no,telephone,mar,2234,8,yes
30,services,single,primary,-873,no,no,cellular,jul,12,1,no
50,blue-collar,single,tertiary,3467,no,no,cellular,sep,2237,6,no
52,unknown,single,primary,451,no,no,cellular,mar,1219,2,yes
55,management,single,primary,-1539,yes,no,unknown,jan,1541,12,no
54,blue-collar,married,unknown,1793,yes,no,unknown,dec,533,1,no
51,technician,divorced,unknown,1288,no,no,unknown,may,587,5,no
44,admin.,single,primary,1292,yes,no,cellular,sep,1563,3,no
41,blue-collar,single,tertiary,-1637,yes,no,telephone,jul,1047,14,no
54,technician,divorced,unknown,4769,no,no,unknown,nov,2332,13,no
38,retired,married,secondary,-280,no,no,telephone,sep,2480,13,no
40,admin.,married,unknown,5410,no,no,cellular,mar,1127,11,no
69,unknown,single,unknown,-3417,no,no,unknown,nov,2222,10,no
72,management,divorced,secondary,3814,yes,no,cellular,sep,1778,1,no
56,blue-collar,married,secondary,2793,no,no,telephone,jan,992,8,no
71,admin.,divorced,secondary,552,no,no,telephone,nov,344,11,no
25,admin.,single,tertiary,-3267,yes,yes,telephone,oct,663,10,no
78,technician,single,unknown,1548,no,no,cellular,jun,2977,1,yes
32,services,single,tertiary,-3797,yes,no,cellular,sep,593,9,no
47,admin.,single,secondary,105,yes,no,cellular,jun,2413,12,no
50,unknown,single,unknown,3587,no,no,telephone,oct,1132,13,no
45,admin.,single,unknown,826,no,no,unknown,may,2818,8,no
20,unknown,divorced,secondary,821,no,no,unknown,jul,782,4,no
71,blue-collar,single,unknown,5240,no,yes,cellular,oct,773,4,yes
26,management,single,primary,1750,no,no,telephone,aug,1476,3,no
79,services,married,unknown,6179,no,no,cellular,aug,993,8,no
27,technician,divorced,tertiary,453,yes,no,unknown,feb,448,10,no
62,technician,married,tertiary,4230,yes,no,cellular,mar,1758,12,no
78,services,divorced,secondary,955,no,no,cellular,oct,1440,14,no
64,retired,married,tertiary,2345,no,no,cellular,jul,35,1,no
44,student,single,unknown,-935,yes,no,unknown,feb,1702,3,yes
62,management,divorced,unknown,2077,yes,no,telephone,mar,1989,8,no
78,retired,married,unknown,2261,yes,no,unknown,aug,78,12,no
61,blue-collar,married,unknown,1728,no,no,telephone,mar,1546,6,no
43,blue-collar,married,unknown,-3479,no,no,cellular,apr,1196,13,no
35,unknown,divorced,tertiary,4255,no,no,unknown,oct,334,13,no
67,blue-collar,divorced,secondary,2242,no,no,unknown,feb,2497,9,no
30,unknown,married,secondary,2614,yes,yes,unknown,sep,2050,9,no
54,management,divorced,unknown,5615,no,no,unknown,mar,873,10,no
28,retired,divorced,secondary,1171,no,no,telephone,jan,1244,9,no
34,technician,married,primary,3284,yes,no,unknown,jan,2678,10,no
79,blue-collar,married,primary,3540,yes,no,unknown,jun,2675,4,no
81,management,married,tertiary,611,yes,no,unknown,mar,207,10,no
75,student,single,tertiary,1401,yes,no,unknown,jun,830,2,no
79,student,divorced,unknown,-826,no,no,telephone,jun,2037,1,yes
71,retired,single,unknown,-5473,yes,no,telephone,jan,738,1,no
70,retired,married,primary,-716,yes,yes,cellular,aug,1404,14,no
73,admin.,married,unknown,-2477,no,yes,unknown,apr,1242,9,no
64,blue-collar,divorced,unknown,-2816,no,no,telephone,feb,2231,8,no
72,unknown,divorced,unknown,-592,yes,no,cellular,feb,778,12,no
49,services,married,tertiary,8008,no,no,unknown,apr,1569,5,no
68,student,married,tertiary,-1874,yes,no,unknown,nov,221,12,no
27,blue-collar,single,primary,2818,no,no,telephone,sep,560,7,no
45,services,married,tertiary,-3877,no,no,telephone,oct,34,5,no
47,technician,married,primary,2214,yes,no,unknown,mar,2519,6,no
58,services,single,primary,3277,yes,no,cellular,aug,2896,14,no
68,admin.,married,primary,-1736,no,no,unknown,apr,2679,6,no
87,unknown,divorced,tertiary,-436,yes,no,unknown,sep,2344,2,no
51,student,single,tertiary,-1229,no,yes,cellular,jul,2190,12,no
74,services,single,primary,2778,no,no,cellular,aug,1671,14,no
86,retired,divorced,unknown,2188,no,no,unknown,jun,1157,8,no
35,student,single,unknown,3617,no,no,unknown,oct,1371,5,no
62,admin.,single,unknown,941,no,no,unknown,may,595,2,yes
26,technician,single,tertiary,-2912,no,no,cellular,sep,603,8,no
29,management,married,unknown,-1732,yes,no,unknown,sep,271,7,no
54,admin.,married,primary,-2429,no,no,unknown,oct,962,8,no
23,blue-collar,single,unknown,-1034,no,no,telephone,apr,2288,3,no
55,retired,married,tertiary,-265,yes,no,cellular,sep,417,13,no
33,blue-collar,married,secondary,61,no,no,cellular,may,732,1,no
66,management,married,unknown,953,yes,yes,cellular,nov,408,7,yes
55,unknown,single,primary,-3868,yes,no,cellular,jul,1853,6,no
73,services,single,tertiary,3649,no,yes,cellular,jan,1682,8,yes
85,unknown,married,secondary,2156,no,yes,telephone,jun,2457,14,no
76,technician,divorced,unknown,304,yes,no,telephone,nov,1880,13,no
87,services,divorced,primary,-174,no,no,unknown,may,1454,3,no
54,unknown,single,primary,-95,no,no,unknown,mar,2758,5,no
71,technician,divorced,unknown,337,yes,no,telephone,dec,1910,8,no
83,admin.,married,tertiary,2612,yes,yes,telephone,may,443,9,no
34,admin.,single,secondary,924,no,no,unknown,apr,840,3,yes
76,unknown,divorced,tertiary,2155,no,no,telephone,may,974,9,no
87,admin.,single,unknown,1593,no,no,unknown,may,1248,3,no
41,management,divorced,secondary,-314,yes,no,cellular,jan,41,11,no
83,admin.,divorced,unknown,-3140,no,no,unknown,feb,1290,3,yes
46,blue-collar,divorced,unknown,5217,no,yes,telephone,feb,728,6,no
63,unknown,single,secondary,3098,no,yes,cellular,dec,1699,12,no
22,technician,single,secondary,4971,yes,yes,cellular,oct,2363,3,no
19,technician,single,primary,-25,no,no,cellular,oct,1705,10,no
73,admin.,single,primary,2322,yes,no,cellular,mar,1111,6,no
35,services,married,primary,-333,no,no,unknown,mar,1311,6,no
73,technician,divorced,primary,3226,yes,yes,cellular,jun,206,13,no
51,blue-collar,divorced,tertiary,5785,no,yes,telephone,mar,95,1,no
24,student,single,primary,5640,yes,no,telephone,oct,927,3,no
38,student,married,primary,1495,no,yes,cellular,may,1554,3,no
31,management,married,secondary,3457,no,yes,cellular,jan,2418,12,no
60,student,divorced,secondary,2843,yes,yes,cellular,jun,1313,3,no
25,retired,single,unknown,1784,no,no,unknown,feb,2067,5,no
57,blue-collar,divorced,tertiary,2600,no,no,cellular,may,1994,14,no
75,technician,single,primary,-765,yes,no,unknown,mar,2025,13,no
86,blue-collar,divorced,secondary,-2907,yes,no,unknown,jun,541,8,no
65,admin.,married,tertiary,2607,no,no,cellular,oct,1796,1,no
48,management,single,primary,-1672,no,no,unknown,apr,2984,1,no
54,admin.,single,primary,-975,no,no,telephone,mar,1909,9,no
20,admin.,married,secondary,164,no,no,unknown,mar,2796,13,no
80,technician,divorced,secondary,5610,no,no,telephone,feb,2501,2,no
21,admin.,single,secondary,1210,no,no,cellular,apr,2241,9,yes
86,technician,divorced,tertiary,-1071,yes,no,telephone,mar,1118,1,no
29,student,divorced,tertiary,-2054,yes,no,unknown,apr,1024,13,no
82,unknown,single,secondary,901,yes,no,telephone,may,2865,7,no
35,management,single,secondary,795,no,no,cellular,jul,1685,2,yes
20,retired,single,unknown,-1872,yes,no,cellular,mar,1137,2,no
64,management,married,unknown,1773,no,no,cellular,jan,1563,4,no
85,retired,married,primary,-3204,no,no,cellular,may,1003,1,no
65,retired,single,primary,-1618,yes,no,cellular,mar,2244,13,no
40,blue-collar,married,tertiary,5213,no,no,cellular,sep,1584,1,no
77,blue-collar,married,tertiary,-1877,no,no,unknown,jul,1308,6,no
59,services,married,tertiary,1019,no,no,telephone,jan,271,4,no
18,student,divorced,unknown,2470,yes,yes,cellular,apr,1471,9,no
31,technician,married,secondary,6488,yes,no,unknown,aug,2580,14,yes
65,admin.,single,secondary,5657,no,no,unknown,jul,2256,2,no
22,admin.,divorced,primary,3215,yes,yes,cellular,feb,1372,10,yes
57,technician,married,primary,-1622,yes,yes,cellular,nov,1271,14,no
39,management,divorced,unknown,-1288,no,no,cellular,jun,43,2,no
35,unknown,married,tertiary,52,no,no,telephone,nov,2284,13,no
54,retired,divorced,unknown,8214,no,no,telephone,feb,2373,11,yes
59,unknown,divorced,tertiary,2781,yes,no,unknown,feb,2047,9,no
57,unknown,married,unknown,1233,yes,yes,unknown,jul,698,9,no
28,admin.,married,unknown,1915,no,no,cellular,mar,1785,9,no
66,technician,single,secondary,5204,no,no,cellular,feb,1858,6,no
19,retired,single,unknown,-316,no,no,telephone,sep,1126,7,no
47,unknown,divorced,primary,1595,no,no,telephone,nov,2749,9,no
51,services,single,secondary,746,yes,no,cellular,jul,2252,6,no
56,management,married,secondary,-641,no,no,unknown,aug,950,11,no
62,blue-collar,single,primary,685,no,no,cellular,jan,1993,5,no
76,blue-collar,married,primary,2367,yes,no,cellular,dec,347,12,no
56,admin.,married,secondary,2205,no,no,unknown,nov,2419,4,yes
69,retired,single,secondary,5293,yes,yes,telephone,dec,472,11,yes
73,services,single,secondary,-363,yes,no,cellular,aug,1169,5,no
47,retired,single,tertiary,2042,yes,no,telephone,sep,2684,8,no
34,student,divorced,primary,-1960,yes,no,telephone,jan,798,6,no
65,services,single,tertiary,1172,yes,yes,telephone,apr,1352,9,no
41,services,divorced,secondary,-2927,yes,no,telephone,apr,84,12,no
27,admin.,married,unknown,2713,no,no,telephone,may,378,9,yes
59,technician,single,unknown,6463,yes,yes,cellular,dec,1627,1,no
36,student,married,tertiary,4273,yes,no,unknown,apr,2237,9,no
45,retired,married,tertiary,292,yes,no,unknown,jun,2278,8,no
51,technician,married,secondary,4112,no,no,unknown,nov,2315,9,no
72,technician,single,primary,-2775,no,no,cellular,mar,1940,4,no
62,unknown,single,tertiary,2610,no,no,unknown,apr,2899,3,no
18,retired,single,primary,8500,no,no,telephone,mar,2062,8,no
25,management,divorced,unknown,2584,no,no,cellular,jun,2386,7,no
71,management,divorced,secondary,635,no,yes,cellular,feb,939,9,no
82,retired,divorced,tertiary,443,no,no,telephone,dec,961,7,no
74,retired,divorced,primary,2152,yes,no,cellular,sep,2900,7,no
30,retired,married,secondary,1246,yes,no,telephone,feb,610,8,yes
67,blue-collar,single,secondary,31,no,yes,telephone,sep,61,2,no
24,admin.,single,tertiary,933,yes,no,unknown,apr,1296,7,no
56,retired,single,primary,-3302,yes,no,unknown,sep,278,6,no
39,retired,married,secondary,3415,yes,no,cellular,nov,734,1,no
35,retired,single,secondary,4369,no,no,unknown,nov,2280,3,no
42,unknown,divorced,tertiary,3299,yes,no,telephone,oct,1473,12,no
28,technician,married,tertiary,372,yes,no,cellular,nov,800,11,no
83,services,single,secondary,2363,no,yes,telephone,jan,720,6,no
80,admin.,married,tertiary,2501,yes,yes,unknown,jan,509,10,no
81,blue-collar,single,primary,514,yes,no,telephone,feb,1560,12,yes
87,services,divorced,secondary,4576,no,no,unknown,mar,1060,11,no
78,management,single,unknown,3702,yes,no,telephone,aug,1696,8,no
29,technician,divorced,tertiary,4161,no,no,telephone,feb,35,4,no
50,management,married,primary,2274,no,no,telephone,may,1863,8,no
44,retired,divorced,tertiary,-2857,no,yes,telephone,may,1740,12,no
18,admin.,married,unknown,-4874,yes,no,unknown,mar,2791,12,no
34,admin.,single,secondary,-19,yes,yes,telephone,may,1332,4,no
67,technician,single,primary,-1012,no,no,cellular,jun,737,13,no
32,blue-collar,single,secondary,1170,no,no,cellular,nov,625,12,no
59,retired,single,unknown,-1882,no,no,telephone,feb,1164,4,no
67,admin.,married,tertiary,-1861,no,no,unknown,jul,2355,4,no
18,management,single,tertiary,-4361,yes,no,telephone,jun,223,12,no
83,blue-collar,divorced,primary,-2526,no,no,cellular,sep,2191,4,yes
50,retired,single,primary,94,yes,no,unknown,mar,1387,14,no
45,services,single,primary,-314,yes,no,telephone,feb,2038,8,no
18,services,single,secondary,4255,yes,no,cellular,jun,1867,10,yes
76,services,married,primary,437,yes,no,unknown,feb,2798,6,no
80,retired,single,unknown,-3147,no,no,telephone,mar,2824,8,no
79,technician,single,secondary,545,yes,no,telephone,jan,894,12,no
58,retired,married,tertiary,2674,yes,yes,telephone,aug,1563,5,no
66,admin.,married,unknown,-5279,yes,no,cellular,mar,894,5,no
76,management,single,secondary,4750,yes,no,unknown,jun,2200,8,no
72,admin.,single,secondary,2531,yes,no,telephone,mar,2275,12,no
52,blue-collar,divorced,primary,5265,no,yes,telephone,nov,850,13,no
24,student,single,secondary,2680,yes,no,unknown,jul,611,13,no
46,admin.,single,primary,147,no,no,cellular,jul,27,4,no
73,blue-collar,married,tertiary,1175,no,no,telephone,aug,2860,9,no
85,admin.,divorced,secondary,-5,yes,no,telephone,mar,124,13,yes
28,unknown,single,primary,3671,no,no,cellular,sep,731,8,no
77,student,married,unknown,-835,yes,no,unknown,may,2228,7,no
68,retired,divorced,unknown,2299,yes,no,unknown,oct,494,12,no
43,technician,married,primary,4565,no,yes,unknown,jul,1567,11,no
84,unknown,single,unknown,1992,no,no,cellular,mar,1278,9,no
21,admin.,married,tertiary,1575,yes,no,telephone,may,2298,14,no
37,technician,single,tertiary,2534,no,no,cellular,jan,86,9,no
23,retired,single,unknown,-557,yes,no,cellular,apr,2725,9,no
51,unknown,single,primary,-4717,yes,no,telephone,may,1981,9,no
71,technician,single,unknown,-1408,yes,yes,cellular,jul,965,4,no
51,unknown,single,unknown,-822,yes,no,cellular,dec,2287,4,no
45,technician,married,tertiary,2315,no,no,unknown,apr,909,11,yes
31,technician,married,primary,-1156,no,no,cellular,jun,1080,2,no
41,unknown,divorced,tertiary,-792,yes,no,telephone,jan,2603,1,no
19,unknown,divorced,primary,3488,no,no,telephone,oct,976,3,no
59,technician,divorced,secondary,2476,yes,no,unknown,apr,2370,4,no
71,blue-collar,divorced,tertiary,4749,yes,no,unknown,nov,2043,9,no
68,management,single,secondary,1090,no,no,cellular,may,2506,1,no
80,technician,divorced,tertiary,-2901,yes,no,cellular,jul,1514,4,no
50,unknown,single,secondary,7360,no,no,unknown,dec,219,1,no
36,blue-collar,married,primary,3090,yes,no,unknown,mar,1412,14,no
53,student,single,secondary,-263,no,no,cellular,aug,2172,10,no
65,admin.,single,tertiary,3810,no,no,telephone,oct,1334,3,no
68,management,single,unknown,1939,no,yes,telephone,aug,1861,1,no
60,retired,single,unknown,4807,no,yes,unknown,aug,2595,12,no
29,technician,married,unknown,2042,yes,no,unknown,mar,2792,8,no
40,retired,divorced,unknown,214,yes,no,telephone,dec,55,11,yes
26,management,single,secondary,2163,yes,no,unknown,aug,1580,13,yes
37,blue-collar,divorced,secondary,4110,no,no,telephone,aug,1654,14,yes
45,management,married,secondary,-822,no,no,telephone,may,599,7,no
78,blue-collar,single,secondary,1542,no,no,cellular,nov,1467,4,no
44,blue-collar,divorced,tertiary,-1977,yes,no,cellular,apr,2719,8,no
45,admin.,divorced,unknown,2744,no,no,telephone,jun,826,12,no
62,retired,single,unknown,1544,yes,no,cellular,jul,1826,11,no
87,services,single,secondary,3169,no,no,unknown,dec,814,8,no
37,unknown,married,secondary,4214,no,no,cellular,aug,2369,5,no
76,blue-collar,divorced,unknown,-465,no,no,cellular,jun,1365,5,no
82,management,married,tertiary,1921,yes,no,telephone,nov,2873,2,no
76,management,divorced,primary,2039,no,no,telephone,mar,53,8,no
29,services,married,primary,-412,no,no,telephone,jan,2650,12,no
33,retired,divorced,primary,-1393,yes,no,telephone,jul,1348,8,no
72,management,single,primary,5677,no,no,telephone,feb,2996,6,no
47,student,single,primary,225,no,no,cellular,jan,2663,2,no
51,technician,married,secondary,212,yes,yes,cellular,jul,846,5,no
26,services,single,secondary,687,yes,no,cellular,sep,2295,10,no
29,technician,single,tertiary,2815,yes,no,unknown,sep,424,4,no
44,unknown,married,unknown,67,no,yes,unknown,sep,821,3,no
67,services,single,primary,-791,no,no,telephone,jul,1828,9,no
87,services,single,primary,1827,yes,no,unknown,nov,165,7,yes
23,student,married,tertiary,3374,no,no,unknown,may,2514,6,yes
62,blue-collar,divorced,unknown,2679,no,yes,unknown,sep,1185,8,no
82,admin.,single,tertiary,-345,yes,no,cellular,jan,875,8,no
41,student,married,tertiary,-1658,no,no,unknown,jan,931,1,no
80,unknown,divorced,unknown,-1309,no,yes,telephone,mar,649,11,no
38,retired,single,secondary,2322,yes,no,unknown,nov,267,6,no
56,management,married,secondary,2882,yes,no,unknown,jul,872,3,no
32,technician,single,tertiary,45,no,no,cellular,jul,842,9,no
76,technician,single,unknown,-131,no,no,unknown,jan,2564,13,no
25,retired,married,tertiary,-1982,yes,no,telephone,aug,2924,2,no
58,technician,married,unknown,1208,yes,no,telephone,dec,1415,2,no
29,admin.,married,secondary,3319,yes,no,telephone,may,2927,3,no
32,blue-collar,single,tertiary,-493,no,no,unknown,apr,2910,8,yes
43,blue-collar,divorced,unknown,4334,no,no,telephone,jun,655,14,no
24,technician,married,secondary,-1539,yes,no,telephone,may,2556,2,no
48,admin.,married,primary,-823,yes,yes,unknown,may,750,9,no
40,blue-collar,single,unknown,959,no,no,telephone,dec,2584,4,no
44,admin.,married,primary,1834,yes,no,unknown,oct,2595,12,no
29,student,divorced,tertiary,700,no,no,telephone,aug,1707,11,no
28,technician,single,tertiary,2137,no,yes,cellular,jan,2325,7,no
69,admin.,single,primary,2024,no,no,cellular,jun,2727,14,no
37,retired,divorced,secondary,4720,no,no,unknown,mar,2301,2,no
57,management,single,tertiary,1598,no,no,unknown,feb,318,3,no
49,management,married,primary,468,no,no,unknown,sep,1650,9,no
39,retired,married,unknown,2522,no,no,telephone,jun,19,6,no
23,management,married,tertiary,-3582,no,no,unknown,may,1429,2,no
54,admin.,married,tertiary,-2453,yes,no,cellular,jul,2169,6,no
21,retired,divorced,unknown,3911,no,no,cellular,jun,278,2,no
36,retired,single,unknown,-112,no,no,unknown,mar,238,13,no
73,technician,married,tertiary,-840,no,no,cellular,aug,2758,5,no
27,services,single,secondary,2624,yes,no,unknown,feb,1377,10,yes
31,services,married,secondary,1033,yes,no,telephone,jan,2631,8,no
76,services,married,tertiary,4066,no,no,telephone,mar,1633,9,no
39,retired,married,tertiary,229,yes,no,telephone,sep,1086,1,no
52,services,married,primary,4956,yes,no,unknown,jul,258,14,no
25,technician,divorced,secondary,418,yes,no,unknown,oct,568,6,no
50,admin.,married,tertiary,3996,yes,yes,telephone,sep,2814,3,no
30,retired,divorced,tertiary,1641,no,no,unknown,may,1387,9,no
46,student,divorced,primary,-893,yes,no,telephone,dec,861,8,no
76,admin.,single,secondary,1192,no,no,unknown,sep,2942,7,no
55,retired,divorced,unknown,1701,no,no,telephone,jan,2228,8,no
82,services,divorced,tertiary,1129,yes,no,cellular,jun,1366,8,no
85,unknown,single,primary,-792,no,no,unknown,jan,1271,5,no
46,technician,married,unknown,5411,no,no,telephone,jun,2582,14,no
36,student,married,primary,2081,yes,no,telephone,mar,45,8,no
32,admin.,married,tertiary,-4769,yes,no,unknown,jan,1723,14,no
61,student,single,unknown,1971,yes,no,telephone,apr,1667,8,no
66,technician,single,tertiary,2820,no,no,telephone,dec,1503,12,no
72,management,single,primary,-4208,no,no,unknown,jul,123,10,no
32,management,divorced,primary,-592,yes,no,cellular,jun,2147,9,no
64,unknown,married,primary,3989,yes,no,cellular,jul,93,12,no
65,services,married,primary,1850,no,yes,telephone,nov,2856,5,no
52,management,divorced,primary,1854,yes,no,unknown,nov,507,2,no
66,blue-collar,single,primary,-1956,yes,yes,unknown,may,2278,9,no
52,unknown,divorced,secondary,-995,yes,no,cellular,sep,2053,4,yes
73,blue-collar,married,secondary,-2405,yes,no,unknown,apr,2842,11,no
39,student,divorced,secondary,-3887,no,yes,cellular,jan,1458,5,no
35,management,divorced,secondary,-5764,yes,no,unknown,oct,1188,6,no
61,technician,married,primary,7233,yes,no,cellular,dec,2333,8,no
40,student,married,primary,-640,yes,no,cellular,oct,252,8,no
53,admin.,single,secondary,2193,no,yes,telephone,jan,1866,11,yes
35,student,single,secondary,4553,no,no,telephone,nov,377,7,no
35,student,single,tertiary,1819,yes,no,telephone,sep,157,12,no
62,unknown,married,unknown,1129,yes,no,cellular,oct,599,11,no
37,unknown,single,unknown,2403,no,no,unknown,mar,1835,2,no
86,student,single,primary,7133,no,no,cellular,sep,2283,2,no
75,admin.,single,secondary,1555,yes,no,unknown,jul,279,9,no
47,management,married,tertiary,-2685,yes,no,unknown,jan,871,12,no
34,student,married,secondary,-1678,yes,yes,telephone,jun,314,5,no
41,retired,divorced,unknown,-1257,no,no,cellular,mar,654,6,yes
49,retired,married,primary,837,no,no,telephone,oct,26,4,no
58,retired,single,primary,-1983,yes,no,unknown,jul,2674,9,no
43,technician,divorced,primary,-278,no,no,unknown,jan,2234,8,no
42,unknown,single,primary,922,no,no,unknown,jul,2663,1,no
52,technician,married,primary,4145,no,no,cellular,jul,2280,6,yes
25,services,married,tertiary,-1130,no,no,cellular,aug,133,7,no
20,admin.,single,unknown,3034,no,no,telephone,may,2552,10,no
52,retired,married,tertiary,2051,no,no,cellular,aug,1937,8,yes
68,unknown,divorced,unknown,3309,no,yes,telephone,mar,1294,8,yes
59,services,single,unknown,-5307,no,no,telephone,feb,1148,11,no
23,student,married,tertiary,-3642,yes,yes,telephone,sep,1248,5,no
48,unknown,married,tertiary,-2911,yes,no,telephone,dec,837,7,no
56,retired,divorced,unknown,5149,yes,no,telephone,jul,2303,5,no
71,technician,single,primary,-811,no,no,telephone,jun,1240,8,no
65,services,single,secondary,-1913,no,yes,telephone,nov,2089,8,no
65,unknown,married,primary,1038,yes,no,cellular,sep,1772,10,no
18,services,divorced,tertiary,7145,no,no,telephone,sep,2442,11,no
50,blue-collar,single,tertiary,-537,no,no,cellular,sep,2610,9,yes
82,technician,married,primary,-490,no,no,cellular,dec,2500,6,no
84,blue-collar,divorced,primary,4056,yes,no,telephone,mar,1678,11,no
72,services,single,unknown,2048,no,no,telephone,sep,501,10,no
59,technician,single,primary,1360,yes,no,telephone,may,2517,11,yes
75,blue-collar,divorced,unknown,52,yes,no,telephone,dec,428,9,no
43,blue-collar,married,unknown,2183,no,no,unknown,jan,467,7,no
49,blue-collar,single,unknown,-6183,no,no,telephone,mar,1312,11,no
44,retired,single,unknown,2127,no,no,cellular,jan,869,11,no
25,services,divorced,unknown,-2152,no,yes,telephone,mar,1750,14,no
19,technician,divorced,primary,5447,yes,no,telephone,feb,2506,6,no
41,student,single,secondary,4288,yes,no,cellular,aug,351,4,yes
65,technician,divorced,secondary,3500,yes,yes,telephone,feb,1068,13,no
68,services,single,unknown,6912,no,yes,unknown,dec,895,2,no
70,blue-collar,single,unknown,8801,yes,no,telephone,sep,580,4,no
57,retired,single,secondary,1344,no,no,cellular,mar,2216,12,no
33,admin.,single,tertiary,1469,no,no,cellular,jun,2555,3,yes
77,technician,single,unknown,3374,no,no,unknown,dec,2088,1,yes
71,services,married,tertiary,3088,yes,no,cellular,may,63,7,no
32,technician,divorced,secondary,-5317,yes,no,telephone,feb,1879,9,no
65,technician,divorced,tertiary,571,no,yes,cellular,feb,2041,2,no
34,student,divorced,unknown,-1184,yes,no,cellular,dec,619,2,no
21,student,married,secondary,2490,yes,no,cellular,may,1114,12,yes
21,student,divorced,tertiary,2596,yes,no,telephone,may,42,12,no
36,management,single,unknown,1377,no,no,telephone,oct,818,10,no
33,retired,single,secondary,-626,yes,no,telephone,mar,1860,4,no
87,management,single,primary,-189,no,no,unknown,dec,2899,14,no
84,technician,divorced,primary,6490,no,no,cellular,dec,1191,12,no
18,unknown,married,tertiary,-5425,yes,no,telephone,may,1713,6,no
87,student,divorced,primary,9857,no,no,telephone,may,1,6,no
82,admin.,single,secondary,6581,no,no,cellular,sep,2667,4,no
84,admin.,single,primary,886,yes,no,cellular,jul,1502,8,no
75,services,single,unknown,3157,no,no,telephone,nov,1464,3,no
26,blue-collar,divorced,unknown,1035,no,no,telephone,may,370,11,no
68,retired,married,tertiary,880,yes,no,telephone,may,2426,6,no
70,management,single,unknown,79,yes,yes,unknown,sep,951,14,no
56,services,married,secondary,-525,no,no,unknown,apr,763,1,no
25,student,single,unknown,3340,no,no,unknown,dec,1837,12,no
35,unknown,single,unknown,-1074,no,no,telephone,may,1178,14,no
54,technician,married,unknown,1525,no,yes,unknown,aug,2222,13,no
29,technician,divorced,secondary,223,yes,no,cellular,jun,1081,8,no
86,blue-collar,single,primary,6833,no,no,cellular,oct,2414,11,no
22,services,divorced,unknown,4398,yes,no,telephone,sep,1055,5,no
55,blue-collar,divorced,secondary,-717,yes,no,telephone,nov,673,8,yes
57,services,single,primary,5005,no,no,telephone,apr,1557,8,no
50,technician,single,unknown,2462,yes,no,telephone,mar,1721,6,no
79,management,divorced,secondary,4480,yes,yes,cellular,feb,50,10,no
26,admin.,married,primary,4025,yes,no,cellular,oct,2097,11,no
28,technician,divorced,tertiary,-2662,no,no,cellular,jul,1829,11,no
22,unknown,divorced,secondary,2962,yes,no,telephone,jun,1659,4,no
34,technician,divorced,primary,1200,yes,no,unknown,jan,346,5,no
20,management,divorced,secondary,6810,no,yes,telephone,feb,2259,7,no
28,management,single,tertiary,-1236,no,no,unknown,jun,761,11,no
61,services,divorced,secondary,3381,no,no,telephone,jan,2960,8,no
61,services,married,unknown,-2031,yes,no,unknown,sep,1720,14,no
69,retired,single,tertiary,7455,yes,no,telephone,nov,1585,14,no
71,retired,divorced,primary,2993,no,no,unknown,apr,2840,14,yes
71,student,married,tertiary,-89,yes,no,cellular,sep,532,7,no
76,admin.,single,secondary,5429,no,no,unknown,jan,2404,10,no
71,technician,divorced,unknown,6336,yes,no,unknown,oct,2716,10,no
34,admin.,married,unknown,2526,yes,no,cellular,nov,840,3,no
87,blue-collar,divorced,secondary,827,no,yes,unknown,aug,507,14,no
67,blue-collar,single,primary,-1880,no,no,cellular,may,2973,5,no
26,admin.,divorced,tertiary,-1448,yes,no,unknown,jan,1001,8,no
49,admin.,divorced,primary,-2233,no,no,telephone,may,162,11,yes
81,management,divorced,primary,4559,yes,no,telephone,mar,2649,2,no
87,technician,single,secondary,4698,no,no,unknown,sep,65,2,no
85,services,married,unknown,-1723,no,no,cellular,oct,2773,1,no
67,services,single,unknown,4808,yes,no,telephone,mar,583,12,no
58,retired,divorced,primary,484,yes,yes,telephone,jun,2225,7,no
25,management,married,tertiary,-304,no,no,unknown,sep,1086,9,no
58,unknown,divorced,secondary,2652,no,no,cellular,aug,133,14,no
39,services,divorced,unknown,1117,no,no,unknown,aug,2621,12,no
37,unknown,single,unknown,-3755,yes,no,unknown,apr,2103,1,no
65,blue-collar,married,unknown,314,yes,no,unknown,mar,2523,10,yes
34,retired,divorced,tertiary,-2562,yes,no,telephone,sep,2814,12,yes
66,admin.,married,tertiary,-3583,no,no,telephone,may,1626,1,no
48,management,married,primary,-462,yes,no,unknown,jul,793,11,no
45,admin.,divorced,primary,1059,yes,no,unknown,nov,1267,8,yes
38,blue-collar,married,secondary,-2494,yes,no,telephone,jan,2769,4,no
38,admin.,single,primary,1506,yes,no,unknown,sep,228,3,no
73,technician,single,tertiary,1569,no,no,telephone,aug,74,3,no
35,student,divorced,tertiary,3304,yes,no,telephone,oct,770,2,no
62,services,married,tertiary,780,yes,no,cellular,sep,1924,5,no
40,unknown,married,tertiary,3363,no,yes,cellular,jun,1550,8,no
65,unknown,single,tertiary,3607,no,no,telephone,jul,2223,5,no
24,technician,divorced,primary,-3015,no,no,cellular,aug,520,8,yes
82,technician,married,secondary,6270,no,no,cellular,jan,1155,10,no
43,unknown,married,unknown,4815,no,no,cellular,apr,1919,5,no
30,student,single,tertiary,527,no,no,telephone,sep,23,7,no
29,blue-collar,married,primary,-1356,yes,yes,telephone,jun,2430,5,no
70,blue-collar,single,secondary,3757,yes,no,telephone,dec,2404,2,no
33,services,married,tertiary,-583,no,no,telephone,dec,388,2,no
37,retired,divorced,primary,-1633,no,no,unknown,feb,1624,2,yes
34,management,married,secondary,388,no,no,cellular,aug,1703,14,no
39,blue-collar,married,secondary,4748,no,no,unknown,mar,2660,3,no
30,retired,divorced,tertiary,5492,yes,no,unknown,mar,1300,12,no
58,unknown,divorced,secondary,6609,yes,no,cellular,jun,412,7,no
53,student,single,tertiary,696,yes,no,telephone,sep,1455,5,no
24,services,married,unknown,934,no,no,unknown,sep,637,3,no
64,student,divorced,unknown,951,yes,yes,telephone,dec,222,12,no
82,admin.,married,secondary,-411,no,no,unknown,jul,2266,3,no
78,student,married,secondary,-501,yes,no,unknown,sep,2013,10,no
41,management,married,unknown,174,yes,no,cellular,jan,1950,12,no
54,blue-collar,divorced,secondary,6651,no,yes,telephone,aug,1981,3,yes
48,student,single,primary,-1008,yes,no,unknown,oct,2132,8,no
21,student,married,primary,2011,yes,no,telephone,aug,945,4,no
56,admin.,single,primary,3089,no,no,telephone,may,2615,8,no
41,blue-collar,married,tertiary,7332,yes,no,unknown,sep,1293,6,no
78,services,divorced,tertiary,2239,no,yes,unknown,dec,549,10,yes
55,technician,divorced,primary,620,no,no,unknown,dec,2571,10,no
43,technician,divorced,tertiary,-1351,yes,no,unknown,nov,1954,5,no
68,blue-collar,married,unknown,-1103,yes,no,telephone,jan,1281,8,no
30,blue-collar,single,secondary,1368,yes,no,telephone,feb,1254,11,no
33,blue-collar,divorced,secondary,539,no,yes,telephone,feb,2924,12,no
59,student,divorced,unknown,1235,no,no,unknown,dec,332,6,no
70,retired,divorced,secondary,3026,yes,no,cellular,sep,2786,1,no
74,management,married,unknown,-431,no,no,telephone,mar,160,10,no
69,retired,married,secondary,2452,yes,no,cellular,jan,2868,2,yes
66,unknown,single,primary,4311,yes,no,cellular,aug,1369,12,no
70,management,divorced,secondary,-3714,no,no,unknown,oct,19,10,no
73,management,married,unknown,1894,no,no,unknown,dec,2585,12,yes
64,student,single,tertiary,5421,no,no,telephone,apr,2624,10,no
53,technician,married,tertiary,2580,yes,yes,unknown,nov,792,8,no
34,admin.,single,unknown,-352,no,no,unknown,oct,1718,3,no
70,retired,divorced,secondary,3123,no,no,cellular,jun,711,14,no
59,student,divorced,tertiary,-66,no,no,telephone,nov,178,13,no
31,retired,divorced,tertiary,3876,yes,yes,telephone,may,15,4,no
37,services,divorced,unknown,2720,yes,yes,cellular,mar,1763,10,no
86,technician,single,secondary,6744,no,no,telephone,feb,664,7,no
82,blue-collar,divorced,secondary,1111,no,no,cellular,nov,2338,3,no
23,blue-collar,married,secondary,2647,yes,no,telephone,mar,1077,9,no
21,retired,divorced,secondary,451,no,yes,telephone,feb,1365,10,no
78,blue-collar,married,primary,1703,no,no,cellular,jul,1343,13,no
65,management,married,unknown,-982,no,no,unknown,apr,2335,4,no
53,technician,married,secondary,5108,yes,no,unknown,sep,1747,10,no
78,admin.,divorced,primary,2066,no,no,unknown,apr,2539,3,no
51,blue-collar,single,unknown,1495,yes,no,unknown,dec,1333,3,no
41,unknown,single,tertiary,3950,no,no,telephone,may,1355,14,no
30,admin.,single,unknown,5694,yes,no,unknown,may,897,14,no
35,blue-collar,married,unknown,7766,no,yes,cellular,sep,1659,2,no
37,retired,single,unknown,-962,yes,no,telephone,mar,2844,8,no
25,student,married,tertiary,3357,no,no,telephone,mar,2227,4,yes
47,admin.,single,tertiary,4082,no,yes,unknown,apr,2906,6,no
54,student,married,primary,1160,no,no,cellular,jun,1,5,no
68,services,married,primary,-385,no,no,telephone,apr,1273,10,no
31,student,single,primary,4693,yes,no,telephone,nov,2444,9,no
87,retired,married,tertiary,-1149,no,no,cellular,nov,2031,3,no
59,admin.,married,unknown,2556,no,no,cellular,jan,303,13,no
31,admin.,divorced,secondary,-545,yes,no,cellular,jun,1781,11,no
58,student,married,secondary,1539,yes,no,cellular,jul,2052,6,no
53,student,divorced,tertiary,-2931,no,no,unknown,aug,110,6,no
27,management,divorced,secondary,-1491,no,no,unknown,aug,870,10,no
53,blue-collar,single,unknown,-3664,yes,no,unknown,feb,2938,12,no
66,student,divorced,primary,8875,yes,no,unknown,apr,2858,6,no
20,student,married,unknown,-2623,no,no,unknown,jul,2349,11,yes
82,management,single,secondary,3874,no,no,unknown,oct,2945,12,no
84,technician,divorced,primary,-718,no,no,telephone,may,797,3,no
83,services,divorced,secondary,-5258,no,yes,cellular,dec,469,12,no
85,student,married,tertiary,2140,no,no,cellular,oct,2559,13,no
28,blue-collar,single,unknown,8625,no,no,telephone,may,1758,10,no
30,technician,single,unknown,-783,yes,no,cellular,oct,2684,13,no
75,services,single,primary,6564,yes,no,telephone,nov,65,5,no
26,admin.,single,primary,6915,no,no,cellular,jan,928,12,no
70,unknown,single,tertiary,-1609,no,no,cellular,mar,2860,3,no
25,management,married,unknown,-3436,no,no,unknown,nov,2739,14,no
85,blue-collar,married,unknown,-796,yes,no,telephone,mar,2905,6,no
56,unknown,divorced,primary,4452,no,no,telephone,jan,66,5,no
35,blue-collar,single,secondary,-4247,no,no,unknown,jul,1352,8,no
32,technician,single,unknown,2785,yes,no,unknown,dec,1876,6,yes
58,services,single,tertiary,1672,yes,no,telephone,jul,995,5,no
30,retired,married,secondary,-442,yes,no,cellular,jan,2563,1,no
55,management,single,primary,19,yes,no,cellular,nov,1886,4,no
71,admin.,divorced,primary,891,no,no,cellular,may,244,14,no
75,blue-collar,single,secondary,1650,yes,no,cellular,jun,2325,4,no
86,services,divorced,primary,5996,yes,yes,cellular,may,2079,13,no
23,unknown,single,secondary,237,no,no,cellular,jul,2795,10,yes
77,admin.,divorced,primary,1131,yes,no,unknown,sep,2778,9,yes
54,admin.,divorced,tertiary,3133,no,no,telephone,may,1257,12,no
75,admin.,single,tertiary,-1372,yes,yes,telephone,mar,116,14,yes
49,student,divorced,unknown,5897,yes,no,telephone,mar,1212,8,no
52,retired,married,secondary,-934,yes,no,telephone,dec,1361,13,no
86,admin.,divorced,unknown,2719,no,no,unknown,sep,1523,11,no
50,services,single,primary,659,no,no,cellular,feb,1747,4,no
75,services,married,primary,1413,no,no,telephone,jan,604,3,no
75,technician,divorced,tertiary,6999,yes,no,telephone,mar,2602,3,no
84,blue-collar,married,unknown,2132,no,no,telephone,nov,35,2,yes
28,blue-collar,divorced,tertiary,-561,yes,no,telephone,mar,2099,2,no
66,services,divorced,primary,-1203,yes,yes,cellular,nov,2607,5,yes
66,management,single,primary,4938,no,no,cellular,jun,109,13,no
34,services,married,tertiary,2652,no,yes,cellular,jul,1329,3,yes
54,retired,divorced,primary,-21,no,no,cellular,jan,883,10,no
64,blue-collar,married,primary,4484,no,no,unknown,jan,2070,2,no
41,admin.,married,unknown,-904,no,no,telephone,feb,2305,9,no
76,blue-collar,married,unknown,-1059,no,no,cellular,may,2328,9,no
61,management,married,secondary,990,yes,no,cellular,dec,984,8,no
38,services,single,unknown,554,no,yes,unknown,jan,1180,3,no
72,student,single,primary,-3528,no,yes,telephone,nov,2996,1,no
58,admin.,married,tertiary,-47,no,no,unknown,mar,1160,9,no
85,unknown,divorced,tertiary,2966,no,no,unknown,jan,2364,2,no
25,blue-collar,married,primary,320,no,no,unknown,aug,2936,9,no
60,student,divorced,unknown,1290,no,no,cellular,dec,451,14,yes
28,technician,married,primary,-1471,yes,no,cellular,jan,2451,1,no
76,student,divorced,tertiary,2186,no,no,cellular,sep,457,12,no
45,management,single,primary,2770,no,no,unknown,apr,2258,13,no
42,services,divorced,primary,5330,no,no,unknown,sep,1158,8,no
54,technician,divorced,secondary,493,no,no,cellular,aug,421,2,no
30,unknown,single,secondary,669,no,yes,unknown,sep,2297,8,no
47,services,divorced,tertiary,3173,yes,no,cellular,oct,716,1,no
57,blue-collar,single,secondary,967,yes,no,telephone,feb,2648,8,no
20,student,married,primary,3162,yes,no,telephone,sep,2865,13,no
63,technician,single,primary,3444,no,no,unknown,aug,2709,5,no
74,blue-collar,divorced,unknown,-1596,yes,no,cellular,aug,1333,4,yes
71,technician,divorced,primary,-1729,yes,yes,cellular,oct,1459,10,no
38,retired,married,secondary,-228,no,no,unknown,mar,127,8,no
67,student,divorced,tertiary,-3425,yes,no,telephone,oct,1779,4,no
81,management,single,tertiary,6597,yes,no,unknown,oct,2505,8,no
39,services,married,primary,-2170,yes,no,cellular,oct,887,4,no
34,technician,married,tertiary,4631,yes,yes,unknown,apr,110,2,yes
86,student,divorced,secondary,-1485,no,no,telephone,aug,526,1,no
64,services,single,primary,4417,no,no,cellular,oct,1101,3,no
24,unknown,single,primary,4715,yes,no,unknown,apr,2209,14,no
49,blue-collar,single,tertiary,-3457,no,no,cellular,may,1103,6,yes
81,blue-collar,single,primary,1088,yes,no,telephone,feb,2289,4,no
19,retired,divorced,secondary,6186,yes,no,telephone,jun,946,7,no
78,admin.,single,primary,1686,no,no,telephone,may,322,9,yes
60,student,married,secondary,3929,no,no,unknown,nov,2286,9,no
60,management,single,unknown,2131,yes,no,unknown,feb,1775,7,no
20,services,divorced,tertiary,3890,no,no,unknown,mar,448,12,no
70,technician,divorced,tertiary,4944,no,no,cellular,nov,1969,12,no
21,management,divorced,primary,884,yes,yes,cellular,aug,457,8,no
42,retired,single,secondary,1413,no,yes,unknown,jan,1935,12,no
64,retired,single,primary,525,no,no,unknown,oct,1361,3,no
84,services,divorced,unknown,-2066,yes,no,telephone,may,1457,13,no
52,unknown,divorced,secondary,3367,yes,yes,telephone,mar,2881,10,no
65,student,single,unknown,1627,no,yes,unknown,jan,2117,13,no
79,services,single,primary,4928,no,yes,cellular,may,166,8,yes
79,admin.,divorced,unknown,6849,yes,no,unknown,mar,1493,4,no
49,retired,single,primary,-104,yes,no,cellular,apr,2425,8,no
77,admin.,single,secondary,246,yes,no,telephone,oct,1150,10,no
87,management,married,tertiary,-333,yes,no,unknown,oct,2889,11,no
46,unknown,divorced,tertiary,5461,yes,no,cellular,jul,503,5,no
19,student,divorced,tertiary,-2447,no,no,unknown,aug,25,13,no
28,technician,divorced,unknown,2362,no,no,cellular,mar,2585,10,no
82,technician,single,primary,-2758,yes,no,cellular,jun,666,5,no
68,blue-collar,married,secondary,5523,yes,no,cellular,oct,2981,7,no
33,services,divorced,secondary,3441,yes,no,cellular,nov,168,10,no
67,blue-collar,single,tertiary,-368,no,no,cellular,apr,2228,4,no
31,retired,single,unknown,6443,no,no,unknown,apr,1641,11,no
79,retired,married,unknown,-835,no,no,unknown,jan,2930,1,no
51,admin.,divorced,unknown,1743,yes,no,cellular,mar,2860,4,no
77,services,single,secondary,-4768,yes,no,unknown,jul,2280,13,no
63,student,married,secondary,3156,no,no,cellular,oct,2509,9,no
32,management,married,unknown,406,yes,no,cellular,jun,1782,5,no
61,retired,married,unknown,773,yes,no,telephone,apr,1833,14,no
64,services,single,secondary,-1300,no,no,unknown,feb,1796,4,no
42,retired,divorced,unknown,-1687,yes,yes,telephone,may,2828,11,no
56,blue-collar,single,primary,-131,yes,yes,telephone,aug,124,10,no
61,retired,divorced,primary,5008,yes,no,cellular,jul,1385,1,no
22,retired,divorced,tertiary,2545,yes,no,telephone,apr,105,8,no
49,unknown,single,secondary,-1032,yes,yes,unknown,dec,2951,6,no
69,unknown,divorced,tertiary,-4827,no,no,unknown,feb,821,8,no
32,retired,married,secondary,6892,yes,yes,unknown,may,611,5,no
28,unknown,married,secondary,-5525,yes,no,cellular,mar,2863,12,no
20,student,single,primary,4568,no,no,cellular,aug,2395,13,no
66,management,married,tertiary,2784,yes,no,telephone,jan,513,7,yes
63,retired,divorced,tertiary,844,no,no,unknown,nov,211,7,no
19,retired,single,secondary,-208,no,no,unknown,aug,2692,5,no
59,student,single,tertiary,3544,yes,no,telephone,apr,11,2,no
45,technician,single,secondary,4463,yes,no,telephone,oct,1733,10,no
53,student,divorced,primary,4488,yes,no,cellular,oct,1493,10,no
62,unknown,divorced,tertiary,4521,yes,no,unknown,jun,1832,11,no
49,unknown,single,tertiary,-2829,yes,no,cellular,sep,2368,14,no
45,admin.,single,tertiary,-506,yes,no,cellular,aug,2694,4,no
53,retired,married,primary,-372,no,no,telephone,oct,141,9,no
83,management,divorced,secondary,1563,no,no,telephone,sep,1813,6,no
25,blue-collar,divorced,secondary,2197,no,no,telephone,oct,2379,2,no
42,retired,married,tertiary,4400,yes,no,cellular,aug,2963,12,no
65,unknown,married,primary,1325,yes,yes,telephone,jun,2799,13,no
51,admin.,married,primary,3592,no,no,telephone,apr,8,3,no
78,services,single,primary,412,yes,no,telephone,feb,121,4,yes
37,technician,divorced,unknown,7165,yes,no,unknown,feb,655,9,no
26,retired,divorced,tertiary,-378,no,no,telephone,jul,240,3,no
32,student,single,secondary,-425,no,no,cellular,nov,72,6,no
71,services,married,primary,2152,yes,no,cellular,mar,2458,12,no
61,admin.,married,unknown,4649,yes,no,cellular,mar,1362,12,no
47,retired,single,unknown,-759,no,no,telephone,feb,472,11,no
33,services,married,unknown,584,yes,no,unknown,sep,2309,9,no
73,services,married,unknown,395,yes,yes,unknown,jun,478,13,no
41,management,married,primary,-1473,yes,yes,unknown,jan,1710,12,yes
53,unknown,married,primary,-132,yes,yes,unknown,apr,1582,10,no
74,technician,married,secondary,-506,yes,no,cellular,mar,1923,1,no
33,services,single,unknown,5136,yes,no,telephone,may,1821,10,no
45,technician,divorced,unknown,1872,no,no,telephone,dec,1535,10,no
46,student,married,tertiary,2,no,yes,unknown,mar,867,6,no
24,blue-collar,divorced,tertiary,6647,no,no,cellular,jul,2359,13,no
26,services,married,secondary,6494,no,no,unknown,nov,1600,3,no
34,admin.,divorced,tertiary,6236,no,no,telephone,jun,1839,12,no
19,services,divorced,primary,159,yes,no,unknown,sep,518,2,no
47,retired,single,primary,4307,yes,yes,telephone,apr,1532,1,no
20,services,married,tertiary,7416,no,no,cellular,aug,80,4,no
61,unknown,married,secondary,311,yes,no,unknown,jan,522,6,no
85,unknown,single,unknown,808,no,no,cellular,feb,216,2,no
54,retired,single,primary,190,yes,no,cellular,jan,2281,11,no
87,services,single,primary,2022,yes,no,unknown,apr,1219,12,no
54,admin.,single,tertiary,6518,no,no,unknown,may,1795,9,no
20,admin.,single,unknown,1594,yes,no,telephone,aug,546,8,no
46,management,married,tertiary,-165,no,no,cellular,nov,233,12,no
31,technician,single,tertiary,1134,yes,no,telephone,mar,1910,7,no
52,retired,married,primary,4719,no,no,telephone,jul,1082,14,no
52,blue-collar,single,primary,-6519,yes,no,telephone,nov,1637,6,no
69,management,single,primary,2489,yes,no,cellular,sep,2156,3,no
63,services,married,secondary,771,yes,no,cellular,nov,1810,11,no
29,management,divorced,secondary,-416,yes,no,telephone,jun,2357,6,no
30,technician,divorced,primary,-3518,no,yes,cellular,jul,332,1,no
29,management,married,unknown,3129,no,no,unknown,feb,1294,11,no
32,unknown,married,tertiary,579,yes,no,cellular,feb,2738,2,no
86,student,married,tertiary,2681,no,no,unknown,mar,589,6,no
53,technician,divorced,primary,-1759,yes,no,telephone,mar,2594,14,no
34,student,married,primary,-3921,no,no,telephone,jun,1523,10,no
21,student,divorced,secondary,-2023,no,no,telephone,jan,1098,2,no
53,services,single,secondary,772,yes,yes,cellular,sep,1283,8,no
55,unknown,married,primary,-3685,no,yes,cellular,apr,1314,3,no
61,retired,single,secondary,1804,no,yes,telephone,may,2778,6,yes
79,unknown,married,unknown,6067,yes,no,telephone,oct,1337,2,no
45,admin.,married,tertiary,-5581,yes,no,telephone,oct,400,7,no
87,admin.,divorced,secondary,-590,no,no,cellular,apr,1288,2,no
52,management,married,tertiary,913,no,yes,cellular,feb,2400,9,no
55,management,married,secondary,857,no,no,telephone,oct,1233,11,no
84,retired,single,tertiary,5069,yes,no,unknown,nov,640,13,no
43,student,single,primary,204,yes,no,telephone,nov,1496,12,no
20,student,divorced,primary,578,yes,no,telephone,apr,2979,10,no
71,unknown,married,tertiary,372,no,no,telephone,nov,1866,9,no
61,blue-collar,single,unknown,2747,no,no,cellular,oct,1797,1,no
81,retired,single,primary,6007,no,no,unknown,oct,1358,6,yes
81,services,single,secondary,1406,yes,no,unknown,jan,2767,12,yes
51,technician,married,tertiary,5688,no,no,cellular,mar,747,4,no
67,retired,divorced,unknown,1665,no,no,cellular,mar,2830,13,no
77,blue-collar,divorced,primary,-2138,no,no,cellular,aug,1810,2,no
71,blue-collar,single,unknown,4518,yes,no,unknown,jan,1487,5,no
47,management,married,unknown,1338,yes,yes,telephone,jun,952,9,no
47,management,married,primary,5405,no,no,telephone,jan,263,14,no
49,student,divorced,tertiary,3709,yes,no,unknown,mar,282,10,no
68,admin.,married,secondary,4010,yes,no,telephone,nov,502,7,no
58,unknown,single,unknown,-736,yes,no,unknown,dec,1212,13,yes
27,technician,married,tertiary,-1292,yes,no,cellular,aug,933,13,no
48,management,single,primary,1289,yes,no,telephone,dec,1775,8,no
41,services,single,unknown,-2400,yes,no,cellular,sep,278,1,no
35,unknown,divorced,secondary,-1628,yes,no,unknown,may,776,5,no
81,admin.,divorced,tertiary,-703,no,no,unknown,jun,654,8,no
79,services,divorced,tertiary,-2034,yes,no,telephone,nov,2951,4,no
61,retired,married,secondary,1097,yes,no,telephone,oct,2225,3,no
84,management,divorced,tertiary,1460,no,no,unknown,dec,2676,10,no
31,management,married,unknown,-75,no,no,telephone,jul,2404,3,no
56,admin.,married,unknown,-2096,yes,yes,telephone,dec,750,1,no
66,admin.,single,unknown,-928,yes,no,unknown,oct,1363,6,no
73,retired,single,primary,2037,yes,no,cellular,apr,2716,10,no
45,student,divorced,tertiary,705,yes,no,unknown,dec,2720,7,no
33,management,divorced,tertiary,1681,no,no,unknown,jan,668,14,no
46,services,married,secondary,-1108,yes,no,cellular,oct,2786,13,no
66,technician,married,tertiary,2565,no,yes,telephone,mar,2484,14,yes
84,retired,single,unknown,3581,no,no,telephone,may,794,14,no
39,unknown,married,unknown,-2266,no,no,telephone,mar,628,8,no
42,admin.,married,secondary,114,yes,no,cellular,jan,224,13,no
30,admin.,married,unknown,-3243,yes,no,unknown,apr,1039,7,no
43,services,married,secondary,3698,no,yes,unknown,jun,2808,2,no
52,unknown,married,secondary,7624,no,no,telephone,may,2379,4,yes
57,services,divorced,secondary,3925,yes,no,telephone,feb,1222,7,no
20,admin.,married,primary,984,yes,no,cellular,oct,1579,5,yes
29,technician,divorced,primary,1838,yes,yes,unknown,sep,702,6,no
38,technician,married,tertiary,2995,yes,no,cellular,may,486,5,no
52,admin.,divorced,unknown,-2142,no,no,telephone,jul,1321,2,no
33,services,married,tertiary,1549,no,no,cellular,nov,2733,9,no
25,blue-collar,divorced,unknown,1329,no,no,unknown,jun,1297,11,no
52,unknown,married,unknown,766,no,no,unknown,sep,1476,3,no
86,technician,married,tertiary,204,no,no,telephone,feb,2247,4,yes
52,admin.,divorced,primary,1642,yes,no,telephone,feb,1713,2,no
81,student,married,unknown,-1426,no,no,cellular,jun,44,1,no
65,blue-collar,single,tertiary,-716,yes,no,telephone,dec,2524,13,yes
73,student,divorced,secondary,2166,yes,no,telephone,mar,1965,1,no
26,retired,married,unknown,1270,no,no,cellular,apr,1175,4,no
72,services,divorced,tertiary,1434,no,no,telephone,sep,2,4,yes
48,unknown,divorced,primary,4109,yes,yes,cellular,sep,881,8,no
74,admin.,married,unknown,1104,no,yes,telephone,mar,526,11,no
21,management,single,primary,800,no,no,telephone,oct,2871,2,no
37,admin.,single,unknown,3220,yes,no,telephone,jun,251,9,no
74,retired,married,primary,6341,yes,yes,cellular,may,222,4,no
22,unknown,divorced,tertiary,79,no,yes,cellular,apr,1817,6,no
80,blue-collar,single,primary,2666,yes,no,telephone,nov,1670,7,no
30,retired,single,primary,670,no,no,cellular,aug,2866,13,no
87,technician,divorced,primary,-1259,yes,no,telephone,oct,1188,5,yes
76,admin.,divorced,primary,1327,no,no,unknown,dec,504,10,no
54,admin.,married,tertiary,3100,yes,no,unknown,oct,814,3,yes
20,blue-collar,divorced,primary,-941,no,no,cellular,mar,1208,10,no
77,services,divorced,tertiary,4524,no,no,unknown,nov,236,7,no
20,admin.,single,unknown,299,no,no,unknown,may,1295,7,no
50,unknown,single,primary,153,yes,no,unknown,may,2592,3,yes
70,retired,married,unknown,3495,no,no,telephone,oct,916,4,no
32,technician,single,secondary,2149,yes,yes,unknown,sep,2175,3,no
21,management,married,primary,-654,no,no,telephone,sep,460,2,no
76,retired,married,secondary,-2263,yes,yes,telephone,jun,1479,8,no
76,unknown,married,primary,6197,no,no,telephone,may,1614,4,no
21,services,married,tertiary,1889,no,no,unknown,sep,2483,5,no
26,student,single,primary,6642,yes,yes,unknown,oct,1971,13,no
59,blue-collar,single,secondary,24,no,yes,telephone,sep,1386,9,no
18,admin.,divorced,secondary,2331,no,no,telephone,dec,340,6,no
83,management,divorced,primary,-2051,no,no,telephone,aug,2905,5,yes
47,unknown,divorced,primary,-1419,yes,no,telephone,sep,669,7,no
36,unknown,divorced,primary,192,yes,no,telephone,nov,448,6,no
34,management,single,primary,6059,yes,no,unknown,feb,2366,10,no
35,blue-collar,divorced,primary,2050,no,no,unknown,mar,2875,5,no
70,retired,married,primary,4446,yes,no,unknown,nov,1163,11,no
25,blue-collar,divorced,unknown,7079,no,no,unknown,jan,2781,9,no
58,technician,divorced,tertiary,4065,yes,no,cellular,aug,302,9,yes
53,admin.,divorced,primary,3943,no,no,cellular,aug,2791,5,no
32,unknown,married,primary,1772,yes,no,cellular,aug,1740,10,no
62,retired,married,secondary,5456,yes,no,cellular,jan,295,12,no
42,student,divorced,primary,2421,no,no,cellular,oct,1147,5,no
53,management,divorced,secondary,4589,yes,yes,cellular,apr,1015,8,no
32,blue-collar,single,tertiary,501,no,no,cellular,aug,999,5,no
41,unknown,divorced,unknown,3346,yes,no,unknown,mar,2315,6,no
69,unknown,single,tertiary,2600,no,no,telephone,jan,958,3,no
48,retired,single,unknown,501,no,yes,telephone,may,1536,1,no
60,unknown,married,tertiary,-2539,no,no,cellular,feb,2896,1,no
76,technician,divorced,tertiary,2306,yes,no,telephone,dec,2416,10,yes
64,admin.,divorced,primary,2672,no,no,unknown,nov,1287,3,no
84,admin.,divorced,tertiary,-1398,yes,no,unknown,sep,1557,12,no
38,blue-collar,married,unknown,1818,no,no,cellular,may,1475,9,no
40,unknown,married,tertiary,2237,no,no,cellular,jan,538,13,no
35,admin.,divorced,unknown,4513,no,no,cellular,jun,1751,14,no
62,services,married,unknown,2273,yes,no,unknown,dec,685,5,no
71,technician,single,tertiary,3372,no,no,unknown,aug,2698,3,no
75,retired,divorced,primary,993,yes,no,cellular,dec,2686,7,no
40,student,single,secondary,536,yes,yes,unknown,aug,64,10,no
62,management,married,secondary,1023,no,no,telephone,sep,1132,8,no
35,retired,divorced,primary,142,yes,yes,telephone,jan,673,5,no
80,admin.,married,tertiary,735,no,no,cellular,oct,1378,6,no
23,unknown,single,primary,2857,yes,no,cellular,may,2858,7,yes
64,retired,divorced,tertiary,2928,yes,no,cellular,mar,2420,3,no
38,retired,married,secondary,2651,no,yes,telephone,jul,1826,2,no
35,technician,single,unknown,2272,yes,no,telephone,jul,2559,12,no
19,admin.,married,unknown,5105,no,no,cellular,may,1572,6,no
60,student,divorced,unknown,5084,yes,yes,unknown,jun,1001,7,no
34,unknown,single,secondary,1834,yes,no,cellular,apr,1724,1,no
57,unknown,single,tertiary,5760,yes,no,telephone,aug,413,14,no
39,management,divorced,unknown,5383,no,no,telephone,jan,1763,1,no
41,unknown,divorced,secondary,1832,yes,no,telephone,sep,327,12,no
30,services,married,secondary,-311,no,no,unknown,jul,1738,13,no
23,admin.,divorced,unknown,399,no,no,unknown,apr,2667,2,no
79,retired,married,secondary,1646,no,yes,unknown,may,67,12,no
76,management,single,secondary,534,yes,yes,cellular,apr,1647,11,no
65,services,divorced,tertiary,-1337,yes,no,telephone,oct,1836,5,no
73,retired,single,tertiary,-1491,yes,yes,unknown,nov,1138,2,no
79,management,single,primary,216,no,no,telephone,aug,2036,6,yes
19,management,married,secondary,-231,yes,no,unknown,apr,1213,5,no
44,admin.,married,unknown,-3903,yes,no,telephone,nov,2751,14,no
68,services,married,tertiary,3756,no,no,cellular,may,2140,8,no
21,retired,single,tertiary,4305,yes,no,cellular,may,1475,3,no
63,retired,divorced,secondary,3066,no,no,telephone,sep,795,2,no
62,unknown,single,primary,-4491,no,no,unknown,aug,2090,5,no
43,admin.,divorced,secondary,867,no,no,unknown,sep,1993,14,no
78,blue-collar,married,primary,2671,no,no,unknown,jan,2861,11,no
73,technician,married,secondary,4891,no,no,telephone,may,1297,1,no
66,management,married,primary,7487,yes,no,unknown,mar,2241,8,no
76,services,single,unknown,1434,yes,no,unknown,dec,1116,14,no
26,management,single,unknown,1837,no,no,unknown,jan,1816,10,no
78,student,married,tertiary,2767,no,no,cellular,may,1634,2,yes
59,admin.,single,unknown,-241,yes,no,cellular,dec,221,1,no
23,admin.,divorced,tertiary,-746,yes,no,cellular,apr,2052,6,no
57,unknown,single,unknown,3878,yes,no,cellular,oct,2852,2,no
44,blue-collar,divorced,secondary,3305,yes,no,unknown,jan,1511,4,no
59,unknown,divorced,primary,838,yes,no,telephone,oct,2852,8,no
20,technician,single,secondary,-2989,yes,no,telephone,may,2193,12,no
18,retired,married,primary,-4585,yes,yes,cellular,sep,1233,8,no
69,unknown,divorced,unknown,1197,yes,no,unknown,aug,1024,14,no
74,admin.,single,tertiary,1293,yes,no,telephone,sep,2471,13,no
47,blue-collar,single,secondary,713,yes,no,unknown,feb,766,7,no
42,retired,divorced,secondary,3919,yes,no,cellular,may,1543,1,no
70,management,single,secondary,2007,yes,no,unknown,jan,1596,8,no
39,management,married,unknown,-4134,yes,no,telephone,dec,1436,4,no
73,services,divorced,primary,6998,yes,no,telephone,may,1070,13,no
58,blue-collar,single,secondary,-5633,yes,no,unknown,dec,2339,8,no
22,admin.,married,primary,-136,yes,no,telephone,jun,2723,5,no
66,retired,single,primary,-1399,yes,no,cellular,oct,2321,12,no
84,blue-collar,married,unknown,2761,no,no,cellular,apr,1892,11,no
71,admin.,divorced,unknown,-2199,yes,no,cellular,may,1302,10,no
52,unknown,single,unknown,3252,yes,no,telephone,jan,1323,1,no
61,admin.,divorced,secondary,525,no,no,telephone,nov,2378,12,no
85,services,divorced,secondary,3420,no,no,unknown,sep,2540,2,no
55,management,married,secondary,-5302,yes,no,unknown,may,470,10,yes
27,management,single,primary,843,yes,no,cellular,apr,2837,9,yes
29,services,single,secondary,3358,yes,no,telephone,aug,1910,7,yes
42,services,married,unknown,-1776,yes,no,cellular,mar,1333,7,no
77,technician,divorced,primary,2269,no,yes,telephone,aug,835,12,no
50,services,single,unknown,2177,yes,no,telephone,may,1924,3,no
67,technician,divorced,secondary,2099,no,yes,telephone,jul,1801,3,no
83,technician,single,tertiary,388,yes,no,telephone,may,1038,4,no
64,unknown,single,tertiary,3440,yes,no,unknown,may,1308,11,no
25,unknown,divorced,secondary,2375,no,no,cellular,apr,1446,1,no
83,blue-collar,married,tertiary,2212,yes,no,unknown,apr,903,7,no
56,blue-collar,divorced,secondary,-220,yes,no,telephone,sep,1643,2,no
49,management,divorced,primary,-1356,yes,yes,unknown,mar,2603,12,no
27,management,single,unknown,2740,no,yes,cellular,sep,836,12,no
50,blue-collar,divorced,tertiary,-576,yes,yes,unknown,sep,418,6,no
33,admin.,single,primary,5440,yes,no,unknown,jan,2429,14,no
45,student,divorced,tertiary,7106,no,no,unknown,sep,2955,8,no
60,retired,single,primary,-578,no,no,telephone,may,516,2,no
27,blue-collar,single,secondary,-903,yes,no,unknown,aug,2611,13,no
37,retired,married,unknown,2640,yes,no,telephone,jul,2522,5,no
55,admin.,married,secondary,2253,yes,no,telephone,mar,2709,8,no
38,retired,divorced,tertiary,1312,yes,no,cellular,nov,404,4,no
53,services,married,primary,3014,yes,no,cellular,dec,2903,7,no
64,student,single,tertiary,3379,yes,yes,cellular,apr,2531,12,no
37,services,married,tertiary,-761,yes,yes,cellular,may,1009,13,no
74,blue-collar,married,primary,-992,yes,no,telephone,jan,2640,13,no
38,unknown,divorced,unknown,-3826,yes,no,unknown,jan,1831,2,no
20,retired,single,tertiary,-3330,no,no,cellular,nov,972,3,no
78,services,divorced,secondary,-1268,no,no,cellular,nov,512,9,no
33,technician,divorced,tertiary,462,no,no,cellular,sep,2490,5,yes
46,technician,divorced,secondary,3644,no,no,cellular,nov,169,14,no
54,unknown,married,secondary,3120,no,no,cellular,jul,654,12,no
70,student,single,primary,2714,yes,yes,telephone,apr,1373,5,no
81,services,divorced,tertiary,850,no,no,unknown,aug,1345,12,yes
46,technician,married,primary,7655,no,no,unknown,may,759,6,no
43,technician,single,unknown,-1928,no,no,unknown,oct,1777,10,no
32,management,married,unknown,699,no,yes,cellular,mar,2816,9,no
38,admin.,married,unknown,2356,no,yes,telephone,jul,2976,8,no
57,management,married,tertiary,-1632,no,no,telephone,nov,974,7,no
24,technician,divorced,primary,559,yes,no,telephone,aug,1182,2,no
78,services,married,tertiary,-2638,yes,no,telephone,feb,1491,8,no
32,technician,married,primary,453,yes,no,telephone,dec,528,12,no
59,admin.,single,unknown,5533,no,no,telephone,jul,2031,7,no
52,services,married,tertiary,1871,no,no,unknown,mar,2802,5,no
30,retired,married,tertiary,6808,yes,no,telephone,oct,2864,4,no
38,admin.,single,tertiary,5381,yes,yes,cellular,aug,993,11,no
54,services,divorced,unknown,-2730,yes,no,cellular,feb,978,8,yes
59,blue-collar,married,unknown,-1819,yes,yes,cellular,oct,2405,10,no
30,unknown,married,tertiary,5417,no,no,unknown,jun,995,3,no
39,management,married,tertiary,1133,yes,no,telephone,feb,2899,14,no
51,technician,married,unknown,-2730,no,no,cellular,feb,1816,9,no
34,admin.,divorced,unknown,4074,no,no,unknown,dec,2576,4,no
27,admin.,married,secondary,5715,no,no,cellular,apr,164,12,no
63,blue-collar,married,tertiary,5577,yes,no,cellular,apr,683,6,no
31,management,married,primary,2802,yes,no,cellular,sep,1802,14,no
68,student,divorced,secondary,4735,no,yes,cellular,oct,73,8,yes
27,management,divorced,primary,2862,yes,yes,unknown,feb,1707,6,no
82,student,divorced,secondary,-1299,yes,no,cellular,aug,2748,4,no
55,blue-collar,married,secondary,4522,no,no,unknown,jul,1255,7,no
57,management,divorced,tertiary,802,no,no,cellular,jul,2776,14,no
46,unknown,divorced,secondary,6589,no,no,unknown,feb,2687,3,no
84,services,divorced,tertiary,442,no,yes,unknown,dec,768,5,no
23,unknown,divorced,primary,749,yes,no,cellular,dec,2638,10,no
33,student,single,secondary,-1628,yes,no,telephone,jun,1945,10,no
69,admin.,married,primary,3435,no,no,telephone,aug,807,13,no
55,admin.,divorced,secondary,6727,yes,yes,unknown,jun,189,1,no
55,admin.,married,secondary,3649,no,no,unknown,may,450,8,no
50,student,single,primary,1639,yes,no,cellular,jul,1740,8,no
53,services,divorced,secondary,146,yes,no,telephone,jul,1618,6,no
66,student,divorced,primary,-429,no,no,unknown,nov,2160,1,no
54,student,divorced,tertiary,4836,no,no,cellular,jul,347,6,no
34,services,married,primary,-357,yes,no,unknown,dec,820,12,no
76,admin.,married,unknown,-4429,no,no,telephone,apr,2973,8,no
27,management,married,tertiary,9823,no,yes,telephone,dec,572,6,no
82,unknown,married,secondary,2232,no,no,unknown,sep,2496,13,yes
48,retired,divorced,tertiary,356,yes,yes,cellular,nov,1135,8,no
51,admin.,divorced,tertiary,-458,no,no,telephone,jul,2200,2,no
65,technician,married,unknown,2952,yes,no,cellular,jun,2898,8,no
76,management,divorced,primary,-1814,yes,no,cellular,feb,2405,10,yes
68,student,divorced,primary,-331,no,no,telephone,apr,222,2,yes
29,student,divorced,secondary,2617,no,no,telephone,jan,187,13,no
65,services,married,unknown,-1048,yes,no,unknown,dec,815,2,no
71,services,divorced,secondary,-1875,yes,no,unknown,apr,1701,7,no
63,retired,single,secondary,-68,no,no,cellular,feb,17,9,yes
45,retired,married,unknown,620,no,no,telephone,oct,1452,9,no
29,student,divorced,unknown,729,no,no,unknown,jan,1487,6,no
24,services,married,primary,651,yes,no,cellular,oct,2648,3,no
73,admin.,married,primary,2194,no,no,cellular,jul,2856,5,no
78,unknown,married,primary,-540,no,no,telephone,oct,917,6,no
57,retired,divorced,secondary,2237,yes,no,unknown,aug,2746,14,no
80,technician,divorced,primary,-221,yes,yes,telephone,oct,1022,12,no
22,blue-collar,divorced,primary,1070,no,no,telephone,sep,1894,2,no
82,student,single,primary,-375,yes,no,unknown,oct,1147,11,no
35,retired,divorced,secondary,-3665,yes,no,telephone,may,21,4,no
44,student,married,secondary,2254,no,yes,telephone,may,2689,7,no
36,admin.,married,secondary,4393,no,no,cellular,nov,213,7,no
43,retired,divorced,secondary,2122,yes,yes,telephone,apr,137,4,yes
27,blue-collar,married,secondary,-2052,no,no,telephone,sep,914,1,no
52,services,divorced,primary,-2311,yes,no,telephone,feb,1850,12,no
27,admin.,married,unknown,3779,yes,no,telephone,nov,2382,8,no
29,admin.,married,primary,2569,no,no,telephone,apr,431,11,no
80,management,married,unknown,1843,no,no,telephone,nov,1465,11,no
25,unknown,married,tertiary,3792,yes,no,unknown,dec,2846,8,no
49,unknown,married,primary,3285,no,no,unknown,nov,1929,11,no
53,blue-collar,single,secondary,1757,yes,no,cellular,aug,635,13,yes
47,admin.,single,secondary,5311,yes,no,cellular,aug,2550,8,no
52,technician,married,secondary,6213,yes,yes,telephone,jun,2863,6,yes
74,unknown,married,secondary,4994,no,no,unknown,feb,188,14,yes
42,retired,divorced,tertiary,3548,no,no,cellular,sep,1159,8,no
43,services,married,unknown,1726,yes,no,telephone,mar,1153,1,no
31,technician,married,secondary,1536,yes,no,telephone,jul,2922,5,yes
40,unknown,divorced,tertiary,3499,yes,no,unknown,mar,1559,13,no
78,services,divorced,secondary,-169,yes,no,telephone,may,1139,13,no
32,student,divorced,unknown,1233,no,yes,cellular,jun,2679,6,no
31,blue-collar,married,secondary,-283,no,no,unknown,jul,471,4,no
24,management,married,secondary,1201,no,no,unknown,feb,1973,8,no
86,admin.,married,secondary,-898,yes,no,telephone,oct,2006,6,no
31,management,married,tertiary,796,yes,no,cellular,apr,2913,3,no
32,student,married,unknown,301,no,no,cellular,aug,100,5,no
75,admin.,single,primary,4402,no,yes,unknown,mar,1148,5,no
80,unknown,married,secondary,4654,no,no,cellular,sep,2973,11,no
57,retired,single,primary,3010,no,no,unknown,oct,991,7,no
38,student,single,tertiary,-2734,no,no,cellular,jan,172,2,no
59,retired,married,tertiary,3078,yes,no,telephone,sep,396,4,no
74,services,divorced,tertiary,3855,no,no,unknown,jan,1109,9,no
43,student,single,tertiary,486,no,no,telephone,oct,1106,5,no
73,retired,divorced,unknown,3550,yes,no,telephone,jun,2629,1,no
52,retired,single,unknown,4026,yes,no,unknown,jan,1038,3,yes
66,blue-collar,divorced,primary,-3125,no,no,telephone,sep,1618,5,no
64,blue-collar,single,tertiary,4094,no,no,unknown,sep,1349,2,no
48,student,married,unknown,804,no,no,unknown,sep,444,7,no
47,technician,single,primary,-2435,yes,no,unknown,jan,2043,8,no
74,retired,single,primary,1848,no,no,cellular,nov,1310,7,no
41,student,single,tertiary,321,no,no,unknown,may,114,14,no
63,retired,divorced,tertiary,3789,yes,yes,telephone,oct,627,14,no
35,retired,married,primary,3119,yes,no,cellular,jan,2867,9,no
64,blue-collar,divorced,secondary,2926,no,no,cellular,aug,2639,12,no
32,admin.,married,tertiary,-784,yes,no,cellular,oct,475,1,no
53,technician,single,primary,307,no,no,telephone,sep,561,2,no
57,student,single,primary,545,no,no,cellular,mar,2993,9,no
28,technician,divorced,secondary,3218,yes,no,cellular,feb,2523,7,no
23,management,single,secondary,5255,no,yes,telephone,aug,899,3,yes
35,unknown,single,secondary,2935,no,no,unknown,dec,2826,14,no
29,blue-collar,divorced,primary,-923,no,no,telephone,jan,612,9,no
39,blue-collar,married,secondary,205,no,yes,telephone,dec,95,3,no
59,admin.,married,tertiary,2551,no,no,cellular,jan,2175,2,no
41,management,married,secondary,4651,no,no,cellular,apr,2600,1,yes
74,technician,divorced,tertiary,1100,no,no,cellular,dec,628,6,no
51,services,single,tertiary,3292,no,no,unknown,jun,1863,7,no
36,admin.,single,primary,-2958,yes,no,cellular,dec,1779,9,no
18,management,single,primary,-129,yes,no,telephone,jun,2807,14,no
18,services,married,primary,3431,yes,no,cellular,mar,2442,2,no
83,management,married,tertiary,-5307,no,no,unknown,oct,1511,3,yes
64,retired,married,secondary,4450,yes,yes,telephone,dec,2178,10,no
77,blue-collar,married,tertiary,2480,yes,no,cellular,may,315,4,no
20,unknown,single,unknown,1642,yes,no,telephone,feb,2595,5,no
33,student,divorced,primary,-4307,yes,no,unknown,jan,253,6,no
41,technician,divorced,unknown,4050,yes,yes,unknown,mar,792,5,yes
25,student,single,tertiary,6891,no,yes,telephone,jan,153,8,no
49,blue-collar,divorced,secondary,705,yes,no,unknown,jun,1861,11,yes
82,blue-collar,single,tertiary,33,yes,no,cellular,sep,373,1,no
70,services,married,unknown,584,yes,no,unknown,aug,1226,5,yes
37,management,divorced,tertiary,3500,yes,yes,unknown,oct,2146,3,no
72,retired,divorced,primary,4238,no,no,cellular,may,1094,1,yes
33,services,married,unknown,3011,no,no,unknown,may,1529,8,no
47,retired,married,primary,674,no,no,telephone,jun,2498,2,no
71,technician,single,secondary,4469,yes,no,unknown,oct,800,14,no
79,admin.,single,tertiary,-1794,no,no,unknown,feb,1262,13,yes
68,retired,divorced,unknown,4707,yes,no,cellular,jan,2726,8,no
44,admin.,married,unknown,5093,no,no,unknown,dec,551,10,no
37,student,married,tertiary,301,yes,no,unknown,jun,807,10,no
51,services,single,primary,6325,no,no,cellular,feb,2894,9,yes
75,retired,single,secondary,4205,no,no,cellular,sep,501,7,no
45,services,married,unknown,1409,yes,no,telephone,jan,1114,12,no
50,management,single,unknown,446,yes,no,cellular,apr,2763,8,no
61,admin.,single,primary,3589,no,no,cellular,feb,2701,14,no
59,student,single,secondary,-388,yes,no,unknown,aug,1837,3,no
46,student,single,secondary,5460,no,no,cellular,mar,1334,7,no
35,retired,married,unknown,-171,no,no,unknown,aug,2267,1,no
83,student,single,unknown,8300,no,no,unknown,feb,1421,12,no
86,admin.,married,tertiary,2238,no,no,unknown,mar,896,12,no
76,technician,married,secondary,-2310,no,no,telephone,apr,2676,3,yes
30,technician,divorced,primary,5065,no,no,telephone,oct,1568,6,no
45,retired,single,tertiary,323,no,no,unknown,jan,2478,6,no
45,services,single,tertiary,-3823,no,no,cellular,jan,1225,7,yes
19,blue-collar,single,secondary,6703,yes,no,unknown,mar,549,7,no
54,management,divorced,secondary,9069,no,no,unknown,nov,2380,8,no
56,student,divorced,tertiary,2884,no,yes,telephone,mar,968,5,no
68,blue-collar,divorced,primary,3218,no,yes,telephone,aug,2728,12,no
34,technician,divorced,unknown,2709,yes,no,cellular,jan,1205,6,no
50,unknown,divorced,tertiary,3146,no,no,unknown,nov,1041,7,no
40,student,married,primary,553,no,no,cellular,feb,2081,6,no
28,unknown,single,tertiary,1394,yes,no,telephone,apr,2841,4,yes
50,services,divorced,primary,871,yes,no,telephone,sep,1765,9,yes
32,services,single,secondary,1421,no,no,telephone,oct,856,2,no
74,technician,single,primary,-1963,no,no,telephone,oct,1697,1,no
51,services,single,unknown,4121,yes,no,telephone,jan,602,9,no
70,student,married,secondary,1707,no,no,cellular,mar,2038,5,no
32,services,married,tertiary,3415,yes,no,unknown,jan,1940,14,yes
57,student,divorced,primary,2812,yes,no,telephone,sep,405,10,no
39,admin.,divorced,unknown,-4937,yes,no,telephone,apr,2130,3,no
68,services,single,tertiary,2685,yes,no,unknown,may,1850,9,no
80,admin.,single,primary,3731,no,no,cellular,jul,2298,5,no
39,management,divorced,secondary,-968,no,no,cellular,may,1286,7,no
50,admin.,single,secondary,1422,yes,no,unknown,jun,1600,3,no
52,services,married,unknown,464,no,no,cellular,sep,2940,3,no
33,retired,single,unknown,2530,no,no,unknown,oct,579,13,yes
22,services,married,unknown,1004,yes,no,unknown,oct,1959,7,no
70,services,single,primary,-3447,yes,no,cellular,feb,2903,5,no
21,admin.,single,tertiary,-1327,yes,no,cellular,aug,831,10,yes
19,unknown,married,primary,3154,yes,no,telephone,dec,110,10,no
29,management,divorced,unknown,2659,yes,no,telephone,jul,2868,8,no
50,admin.,divorced,primary,8104,yes,yes,cellular,aug,672,11,no
70,unknown,single,unknown,1490,no,no,cellular,jun,155,4,no
81,student,single,primary,-3375,no,no,unknown,apr,2317,8,no
82,student,single,tertiary,5488,no,no,telephone,apr,1684,7,no
83,services,married,unknown,4339,yes,no,unknown,oct,1515,1,no
61,admin.,single,secondary,-728,yes,yes,unknown,oct,2229,6,no
52,blue-collar,married,secondary,3784,no,no,telephone,apr,2526,4,no
20,student,single,unknown,2304,no,no,cellular,oct,1816,2,no
50,admin.,divorced,tertiary,-970,yes,no,unknown,mar,838,11,no
61,admin.,single,secondary,2302,no,no,telephone,oct,2612,2,yes
67,admin.,single,primary,-162,no,yes,cellular,mar,405,4,no
37,services,divorced,secondary,-2593,yes,yes,unknown,nov,1189,3,no
39,student,married,secondary,987,yes,no,cellular,sep,3,8,no
79,blue-collar,divorced,tertiary,3317,no,no,telephone,dec,2520,13,no
76,unknown,single,secondary,1339,no,no,telephone,nov,985,11,no
69,blue-collar,married,primary,-327,yes,no,unknown,nov,1075,10,no
44,blue-collar,married,tertiary,2992,no,no,telephone,mar,551,12,yes
43,management,single,primary,874,no,no,telephone,sep,2333,4,no
54,management,single,primary,-1038,no,yes,cellular,may,2485,3,no
48,admin.,single,tertiary,2116,yes,no,cellular,may,1625,14,no
73,retired,married,secondary,847,yes,yes,unknown,oct,2650,1,no
68,unknown,married,primary,6624,yes,no,cellular,sep,124,11,no
29,blue-collar,divorced,tertiary,3971,yes,no,cellular,dec,1304,13,no
82,unknown,divorced,unknown,3738,yes,no,cellular,nov,1942,10,no
50,student,single,primary,-3475,no,no,unknown,sep,748,3,no
38,technician,divorced,unknown,3539,yes,no,telephone,feb,1700,14,yes
47,unknown,divorced,primary,3978,no,no,telephone,nov,2877,7,yes
71,unknown,married,tertiary,-3114,no,no,cellular,feb,831,7,no
42,services,single,tertiary,-930,yes,no,unknown,oct,1655,11,no
66,unknown,divorced,primary,-687,no,no,cellular,aug,1989,8,no
60,blue-collar,divorced,unknown,4433,no,no,unknown,feb,1152,1,no
34,admin.,married,secondary,4826,yes,no,telephone,jul,2248,10,no
57,technician,married,unknown,-662,no,yes,unknown,mar,1738,6,no
35,admin.,married,tertiary,-1828,yes,no,unknown,apr,583,14,no
73,student,single,secondary,-4577,no,no,telephone,apr,1809,4,no
32,management,married,primary,-3172,yes,no,unknown,may,2224,13,no
41,management,married,unknown,-593,yes,no,telephone,dec,1804,10,no
30,blue-collar,married,secondary,-380,no,no,cellular,mar,2682,10,yes
39,retired,divorced,tertiary,1384,yes,no,unknown,dec,1618,6,yes
39,management,married,primary,3073,no,no,telephone,sep,2692,13,no
45,management,divorced,secondary,2052,no,no,telephone,may,935,11,no
27,retired,divorced,tertiary,-458,yes,no,telephone,oct,224,5,no
66,blue-collar,married,unknown,1112,yes,no,cellular,nov,1237,2,no
35,student,divorced,unknown,-912,yes,no,cellular,mar,2884,8,no
43,admin.,divorced,unknown,157,no,no,unknown,apr,2395,10,yes
43,services,divorced,unknown,689,no,no,cellular,jun,780,11,no
87,technician,divorced,secondary,3524,no,no,unknown,may,2385,14,no
56,retired,single,primary,3952,yes,no,cellular,feb,2211,1,no
77,services,married,secondary,-923,no,no,cellular,oct,306,10,no
48,retired,divorced,primary,1451,no,no,cellular,jan,1282,11,no
73,unknown,single,tertiary,3393,yes,no,unknown,feb,263,4,no
40,unknown,single,tertiary,1016,yes,no,telephone,jan,2637,9,no
55,unknown,divorced,tertiary,399,no,no,telephone,jul,2368,10,no
26,blue-collar,divorced,primary,4214,no,no,cellular,may,1028,10,no
36,unknown,married,primary,3204,no,no,cellular,dec,1855,1,no
57,technician,married,secondary,1290,yes,no,telephone,oct,2817,13,yes
44,blue-collar,divorced,secondary,-1185,no,no,unknown,apr,107,5,yes
76,blue-collar,married,tertiary,-3033,yes,yes,unknown,may,1571,7,no
53,technician,divorced,tertiary,1925,no,no,telephone,jan,2602,3,no
61,student,single,secondary,3112,no,no,unknown,sep,1597,4,no
28,services,married,unknown,-1547,yes,no,cellular,feb,82,10,no
57,blue-collar,divorced,secondary,4169,yes,no,telephone,jul,1759,14,no
23,services,divorced,tertiary,455,no,no,telephone,aug,1390,8,no
44,services,divorced,secondary,-3476,no,yes,telephone,may,1004,13,no
24,unknown,divorced,primary,2772,no,yes,unknown,nov,167,14,no
55,management,married,secondary,1133,yes,no,telephone,mar,2623,6,no
63,technician,single,unknown,989,yes,no,cellular,apr,2163,4,no
64,management,married,secondary,3753,no,no,cellular,mar,469,1,no
81,admin.,married,tertiary,5626,no,yes,cellular,jun,2435,8,yes
38,services,single,unknown,3036,no,no,telephone,aug,1770,6,no
70,unknown,married,tertiary,253,no,no,telephone,jan,322,14,no
84,technician,single,unknown,-3445,no,yes,telephone,apr,1586,2,no
56,student,single,primary,3145,yes,no,unknown,jan,2108,3,no
19,retired,married,tertiary,1551,no,no,unknown,sep,1435,1,no
72,services,divorced,secondary,-784,no,no,unknown,oct,142,10,no
41,retired,divorced,secondary,-52,no,no,cellular,aug,1775,7,no
23,technician,married,secondary,5592,yes,no,cellular,may,2312,14,no
86,student,divorced,secondary,4067,no,no,cellular,sep,1192,4,no
46,technician,married,secondary,4571,no,no,unknown,feb,566,14,no
74,unknown,single,tertiary,4359,yes,no,unknown,sep,1249,7,no
39,student,single,unknown,2133,no,no,cellular,nov,2811,12,no
21,technician,married,secondary,-1495,yes,yes,telephone,jun,2684,8,yes
55,management,single,tertiary,1700,yes,no,cellular,sep,1419,11,no
43,blue-collar,single,primary,3238,no,no,unknown,may,1817,9,no
64,student,married,secondary,1081,yes,no,telephone,jun,1815,11,yes
66,technician,single,tertiary,2148,no,no,unknown,aug,2149,3,no
79,technician,married,unknown,2969,no,no,telephone,apr,1011,2,no
56,unknown,divorced,primary,4114,no,no,telephone,dec,915,9,no
67,services,divorced,tertiary,4049,yes,no,telephone,jun,229,2,no
83,retired,married,unknown,379,yes,no,telephone,aug,2389,12,no
85,admin.,single,secondary,-2293,no,no,telephone,feb,51,14,no
73,unknown,divorced,secondary,5703,yes,no,unknown,nov,2801,8,no
61,technician,single,tertiary,2307,yes,yes,cellular,jun,1482,11,yes
64,unknown,single,primary,584,no,no,unknown,mar,745,14,no
78,retired,divorced,tertiary,-3802,yes,no,telephone,apr,2996,7,yes
60,unknown,married,tertiary,3401,yes,no,unknown,feb,594,8,no
60,management,single,secondary,2789,no,no,cellular,mar,1443,1,no
87,blue-collar,divorced,unknown,627,no,no,telephone,aug,468,14,no
72,admin.,single,secondary,2479,yes,no,cellular,nov,942,1,no
53,retired,single,tertiary,5348,yes,no,cellular,may,1739,8,yes
57,retired,divorced,tertiary,-2144,no,no,unknown,jan,148,8,yes
18,technician,married,secondary,4552,no,no,cellular,aug,684,12,no
52,blue-collar,divorced,unknown,-1207,yes,yes,unknown,dec,580,10,no
69,management,divorced,tertiary,-1905,yes,yes,unknown,feb,1074,13,no
40,technician,single,tertiary,649,yes,no,cellular,dec,97,2,no
54,management,single,tertiary,5231,yes,no,cellular,may,2550,3,no
51,blue-collar,divorced,unknown,-774,yes,yes,telephone,jul,593,1,no
76,unknown,single,unknown,1015,yes,yes,telephone,nov,309,11,yes
39,blue-collar,divorced,primary,-2736,yes,no,cellular,dec,1467,14,no
49,services,married,secondary,2852,yes,no,telephone,apr,999,12,no
33,student,married,tertiary,-992,no,no,telephone,aug,937,1,no
29,services,divorced,primary,125,yes,no,unknown,dec,2198,3,no
58,management,divorced,secondary,3922,no,no,cellular,jun,832,2,no
63,services,divorced,secondary,-507,yes,no,telephone,jul,353,7,no
58,management,married,primary,2588,yes,no,unknown,aug,515,6,no
82,retired,divorced,tertiary,2278,yes,yes,unknown,oct,65,11,no
67,retired,married,secondary,2070,yes,no,unknown,jun,2952,9,no
24,blue-collar,single,primary,-1465,yes,no,telephone,may,1731,2,no
58,blue-collar,married,secondary,1900,yes,no,unknown,mar,1611,8,no
30,student,married,unknown,894,yes,no,cellular,jun,796,4,yes
23,admin.,single,primary,637,no,no,cellular,jan,1212,2,yes
33,blue-collar,single,primary,3413,yes,no,unknown,jun,860,3,no
72,management,married,primary,-2136,yes,no,unknown,apr,1215,3,no
27,retired,divorced,primary,-434,yes,no,cellular,oct,2137,4,no
87,technician,married,secondary,1365,no,no,cellular,mar,45,7,no
57,technician,divorced,primary,5663,yes,no,telephone,feb,2398,8,no
43,services,divorced,primary,-3670,no,yes,unknown,jul,2026,5,yes
23,retired,single,primary,1947,no,no,cellular,jun,2807,3,no
40,technician,single,primary,895,no,no,telephone,jun,1295,13,no
86,management,single,unknown,3520,yes,no,telephone,jan,963,4,no
48,services,married,secondary,-608,yes,no,unknown,sep,98,3,no
29,unknown,single,tertiary,820,yes,no,cellular,oct,10,3,yes
83,admin.,married,tertiary,-1116,yes,no,unknown,may,2256,7,no
21,blue-collar,single,primary,231,no,no,telephone,jan,544,13,no
51,student,married,primary,3167,no,no,unknown,feb,1590,8,no
41,blue-collar,divorced,unknown,2537,no,no,telephone,jun,1380,6,no
46,technician,married,secondary,643,no,no,cellular,aug,273,7,yes
51,admin.,divorced,tertiary,3903,no,yes,unknown,apr,684,7,no
49,retired,divorced,tertiary,8210,yes,yes,unknown,sep,674,9,no
75,management,married,tertiary,-819,yes,no,cellular,apr,1785,2,no
23,blue-collar,divorced,tertiary,2873,no,no,unknown,apr,2300,1,no
61,student,married,primary,1544,no,yes,cellular,feb,2175,9,no
60,technician,single,unknown,4439,yes,no,telephone,apr,580,8,no
86,services,divorced,unknown,-141,no,no,telephone,sep,2926,3,no
82,unknown,married,unknown,4215,yes,no,telephone,may,1611,7,no
45,admin.,single,tertiary,1107,no,no,cellular,mar,1533,8,no
56,management,single,secondary,755,yes,no,cellular,feb,2546,9,no
24,blue-collar,married,primary,1852,no,no,unknown,jul,1336,8,no
75,student,single,secondary,1845,yes,no,telephone,jun,2487,7,no
81,blue-collar,married,secondary,-1123,yes,yes,cellular,nov,381,8,no
78,student,single,unknown,1491,yes,no,telephone,sep,586,3,no
58,retired,married,primary,5152,yes,no,cellular,jul,2660,7,yes
78,student,married,secondary,-1860,no,no,telephone,jul,2942,2,no
53,student,married,primary,2721,yes,no,cellular,jul,543,3,no
28,services,single,tertiary,4256,no,yes,unknown,jun,1511,7,no
49,unknown,married,primary,1320,no,no,cellular,feb,21,5,no
20,student,married,tertiary,748,yes,no,telephone,jan,975,14,no
31,blue-collar,divorced,secondary,1430,yes,no,telephone,sep,654,6,no
51,admin.,divorced,tertiary,-1203,yes,no,unknown,sep,2345,12,yes
43,technician,single,unknown,825,no,no,cellular,apr,2298,11,no
19,management,married,primary,6179,no,no,unknown,aug,2118,12,no
40,management,divorced,tertiary,1045,no,no,unknown,jun,2211,14,no
49,services,divorced,secondary,1439,yes,no,cellular,aug,876,14,no
43,services,single,tertiary,-1213,yes,yes,unknown,jun,186,11,no
50,technician,married,secondary,2534,yes,yes,telephone,aug,1920,11,no
37,services,divorced,primary,-1554,no,no,cellular,mar,173,7,no
45,retired,divorced,secondary,848,yes,yes,telephone,oct,606,6,no
53,student,single,primary,-6202,no,no,cellular,jan,2547,5,no
30,management,single,tertiary,1468,yes,no,telephone,dec,2127,6,yes
70,blue-collar,single,secondary,1847,yes,no,cellular,aug,2101,3,no
36,blue-collar,single,unknown,-702,yes,no,unknown,may,604,11,no
85,student,divorced,unknown,-102,no,no,telephone,nov,1510,3,no
42,blue-collar,single,primary,-515,no,no,cellular,oct,1852,13,no
26,services,single,tertiary,3281,no,no,telephone,feb,949,3,no
55,management,single,primary,-120,yes,no,unknown,nov,2861,7,no
79,admin.,married,primary,5260,yes,no,telephone,may,709,8,no
56,retired,single,primary,5401,yes,no,cellular,may,2040,3,no
42,unknown,married,primary,1554,yes,no,cellular,may,57,8,no
78,blue-collar,single,secondary,5718,yes,no,telephone,mar,699,13,no
54,blue-collar,married,primary,5458,no,no,unknown,jan,2594,12,no
50,retired,married,secondary,2519,yes,yes,cellular,feb,2345,14,no
26,admin.,married,primary,-1084,yes,no,telephone,apr,2172,6,no
64,management,married,unknown,2426,yes,no,telephone,sep,761,2,no
27,management,married,tertiary,2032,yes,no,cellular,jun,395,5,no
69,management,divorced,primary,-116,no,no,unknown,sep,1491,1,yes
75,retired,single,primary,7033,no,no,unknown,oct,1846,1,no
58,management,divorced,unknown,3203,no,no,cellular,apr,2069,1,no
53,management,single,primary,-1936,no,yes,cellular,jan,318,4,no
81,blue-collar,married,tertiary,2547,yes,yes,telephone,aug,2139,1,no
34,student,divorced,tertiary,1558,no,no,unknown,jun,717,13,no
24,blue-collar,single,tertiary,2643,no,no,unknown,aug,1481,1,yes
82,admin.,single,primary,942,yes,yes,unknown,may,2715,3,no
36,services,married,unknown,-2117,no,no,cellular,oct,1650,12,yes
78,student,married,primary,4382,no,no,cellular,dec,2135,3,no
28,admin.,single,primary,6446,no,no,unknown,mar,2596,13,no
44,management,single,unknown,246,no,no,cellular,dec,602,7,no
74,admin.,single,unknown,1022,yes,yes,unknown,oct,2819,2,no
32,admin.,divorced,unknown,4564,yes,no,telephone,dec,1122,7,no
32,student,single,unknown,77,yes,no,unknown,mar,1360,9,yes
42,unknown,single,unknown,3802,no,no,unknown,may,2435,3,no
66,admin.,single,unknown,1214,no,no,cellular,dec,1559,12,no
66,unknown,single,primary,-858,yes,no,telephone,apr,1623,4,yes
67,blue-collar,single,secondary,-219,yes,no,telephone,dec,2757,7,no
40,blue-collar,single,unknown,1283,yes,no,telephone,feb,438,13,no
70,management,single,secondary,1497,no,no,telephone,aug,740,10,no
51,retired,divorced,secondary,-1807,yes,yes,cellular,nov,1071,14,no
44,technician,divorced,secondary,1950,yes,no,unknown,jul,770,9,no
84,technician,divorced,primary,-4777,no,no,cellular,apr,2787,4,yes
87,management,single,tertiary,3283,yes,no,telephone,jul,301,4,no
83,retired,single,secondary,3565,yes,no,cellular,sep,600,3,no
55,management,married,secondary,-740,yes,yes,telephone,may,386,11,no
49,technician,single,primary,1560,no,no,telephone,mar,1242,1,no
25,technician,single,unknown,169,no,no,cellular,aug,422,11,no
80,blue-collar,single,secondary,285,no,no,telephone,mar,833,14,no
37,blue-collar,divorced,tertiary,680,yes,no,telephone,apr,976,5,yes
44,blue-collar,divorced,primary,1007,no,no,cellular,aug,2440,6,no
42,technician,divorced,primary,-54,yes,no,telephone,feb,2064,6,no
51,management,divorced,secondary,2117,yes,no,unknown,aug,2342,11,no
44,student,single,primary,5629,yes,no,cellular,apr,2742,13,no
32,admin.,married,primary,2701,yes,no,cellular,apr,1626,8,no
42,admin.,married,tertiary,868,yes,no,unknown,apr,1056,11,no
35,retired,divorced,secondary,4824,no,no,unknown,jun,128,7,no
71,student,married,tertiary,4617,yes,no,unknown,jun,2467,14,no
66,technician,married,secondary,3869,no,no,unknown,jun,2036,14,no
18,blue-collar,single,unknown,2565,no,no,cellular,jul,1478,5,yes
72,technician,married,unknown,2598,yes,no,telephone,dec,1637,4,no
61,student,married,unknown,3265,no,no,unknown,apr,2748,2,no
57,blue-collar,divorced,primary,4687,no,no,unknown,aug,1556,12,no
52,blue-collar,married,tertiary,-512,yes,no,unknown,aug,1677,9,no
62,services,single,unknown,1003,no,no,telephone,apr,1046,11,no
22,technician,single,tertiary,3942,no,no,unknown,may,2746,3,no
39,blue-collar,divorced,unknown,1706,yes,no,cellular,feb,553,7,no
59,blue-collar,married,primary,1661,no,no,telephone,aug,2306,12,no
81,student,single,tertiary,3851,yes,no,cellular,nov,47,11,no
34,technician,single,primary,-1225,no,no,unknown,feb,224,12,no
66,unknown,single,secondary,4057,yes,yes,telephone,mar,1572,12,no
83,management,married,primary,-1147,yes,no,telephone,jun,1206,5,no
78,unknown,married,secondary,382,no,no,telephone,dec,91,3,no
70,technician,divorced,tertiary,-2988,yes,no,cellular,dec,1061,12,yes
72,technician,single,unknown,116,yes,no,unknown,apr,2055,1,yes
62,admin.,single,primary,3001,no,no,cellular,aug,1896,1,no
50,unknown,divorced,unknown,1938,yes,no,cellular,jun,338,6,no
80,services,single,primary,720,yes,no,telephone,sep,1111,7,no
65,student,married,tertiary,2625,no,no,cellular,aug,2626,5,no
82,admin.,single,unknown,2661,yes,no,unknown,dec,2720,9,no
27,admin.,single,unknown,-1601,yes,no,unknown,jul,853,7,no
24,retired,single,secondary,4466,no,no,cellular,jan,1006,14,no
43,unknown,divorced,unknown,3023,no,no,telephone,feb,256,3,no
27,blue-collar,married,tertiary,-2653,yes,no,unknown,jun,922,3,no
59,unknown,married,tertiary,5940,yes,no,telephone,mar,1865,4,no
79,student,divorced,unknown,622,no,no,cellular,jul,1897,13,no
30,services,single,primary,-1568,no,no,telephone,oct,2117,11,no
78,unknown,married,secondary,-2175,yes,no,telephone,feb,94,8,no
75,retired,single,secondary,-2986,yes,no,telephone,jul,305,7,no
22,retired,divorced,tertiary,52,yes,yes,unknown,dec,1540,3,no
44,unknown,divorced,primary,-687,no,no,cellular,dec,717,12,no
52,blue-collar,single,primary,-1735,yes,yes,unknown,oct,78,8,yes
82,technician,married,unknown,513,no,no,unknown,oct,841,12,no
53,retired,single,secondary,5667,yes,no,telephone,mar,2034,2,yes
75,student,divorced,secondary,-559,no,yes,cellular,dec,1883,1,no
47,technician,divorced,unknown,481,no,yes,unknown,mar,2780,3,no
36,unknown,single,tertiary,2993,yes,no,unknown,jul,909,8,no
71,unknown,married,tertiary,6450,yes,yes,unknown,jun,2184,9,no
18,management,single,secondary,1923,no,no,telephone,may,518,2,yes
52,unknown,married,primary,2680,no,no,cellular,jun,1095,13,no
22,blue-collar,single,primary,3761,no,no,cellular,sep,2903,13,no
20,student,divorced,unknown,2762,no,no,cellular,sep,1613,4,no
23,management,divorced,unknown,-3250,no,no,unknown,jun,1005,3,yes
27,student,single,unknown,-749,yes,no,cellular,aug,125,9,no
38,unknown,divorced,secondary,3374,yes,no,unknown,oct,136,1,no
84,admin.,married,secondary,-104,no,no,telephone,oct,550,9,no
19,services,married,primary,-2245,yes,no,cellular,apr,1843,3,yes
82,blue-collar,married,unknown,639,no,no,unknown,mar,639,5,yes
50,retired,single,tertiary,2942,yes,no,cellular,jan,758,8,yes
76,services,divorced,primary,2826,yes,no,cellular,aug,2505,2,no
58,admin.,divorced,primary,1532,yes,no,cellular,jun,835,6,yes
68,services,single,primary,-3769,no,no,cellular,feb,2046,3,no
72,services,married,primary,1974,yes,no,telephone,apr,1573,5,no
65,retired,married,tertiary,-2225,no,no,cellular,apr,1822,9,no
80,blue-collar,married,primary,2957,no,no,telephone,jun,167,11,no
85,blue-collar,married,tertiary,2440,yes,no,telephone,mar,69,14,no
19,unknown,married,unknown,-132,no,yes,unknown,may,1293,8,no
33,unknown,single,unknown,-2370,yes,no,cellular,feb,1192,8,no
86,retired,married,unknown,4576,yes,no,unknown,mar,2202,2,no
72,student,single,unknown,2222,no,yes,cellular,mar,298,7,no
58,retired,divorced,unknown,-1212,no,yes,telephone,nov,1984,11,no
52,retired,married,primary,5530,no,no,unknown,aug,195,6,yes
63,unknown,divorced,secondary,1523,yes,yes,telephone,sep,2499,6,yes
69,admin.,divorced,secondary,-411,yes,no,unknown,feb,180,2,no
33,student,divorced,tertiary,4368,yes,no,unknown,dec,126,11,no
77,technician,divorced,secondary,3635,no,no,telephone,feb,2964,12,no
51,management,married,primary,3047,yes,no,telephone,jun,1362,13,yes
71,retired,married,tertiary,2094,no,no,unknown,dec,1346,2,no
42,retired,divorced,secondary,-1731,no,no,unknown,may,2216,5,no
76,student,single,primary,-1588,yes,yes,unknown,jan,804,3,no
46,unknown,divorced,tertiary,276,yes,yes,telephone,jul,1210,11,yes
50,technician,single,primary,-4150,no,no,cellular,may,1315,8,no
43,unknown,married,unknown,2194,no,no,unknown,feb,670,5,no
54,management,single,tertiary,1173,no,no,unknown,sep,1607,2,no
29,management,single,unknown,1541,no,no,unknown,jul,24,5,no
31,management,single,secondary,5781,yes,no,unknown,feb,2569,6,yes
41,blue-collar,single,unknown,-1806,no,yes,unknown,dec,84,9,no
66,management,single,primary,1780,no,yes,telephone,may,605,9,no
69,student,single,unknown,-1785,yes,yes,cellular,oct,529,5,no
62,admin.,single,unknown,4966,no,no,cellular,nov,1513,2,no
37,technician,divorced,unknown,-1481,yes,no,telephone,nov,2720,4,no
27,retired,married,tertiary,6701,no,no,telephone,jun,1779,12,no
69,management,married,secondary,-1303,yes,no,cellular,mar,1725,9,yes
64,services,single,tertiary,2269,yes,no,unknown,oct,2046,12,no
50,admin.,married,primary,2829,yes,no,unknown,jan,901,3,no
50,blue-collar,married,secondary,3820,no,no,unknown,jan,2559,1,no
86,student,divorced,secondary,-1603,yes,yes,cellular,sep,2075,1,no
61,blue-collar,single,primary,-1925,yes,yes,unknown,mar,2735,4,no
43,admin.,single,primary,97,no,no,unknown,oct,1524,3,no
41,technician,married,primary,3340,yes,yes,telephone,jun,2255,9,no
85,retired,divorced,unknown,1416,no,no,telephone,apr,2111,7,no
52,retired,divorced,tertiary,4425,no,no,unknown,jul,133,9,no
21,unknown,married,secondary,-935,yes,no,unknown,jul,804,7,no
30,unknown,single,unknown,691,yes,no,cellular,mar,2072,7,no
24,blue-collar,divorced,primary,1185,yes,yes,cellular,may,1915,10,no
26,technician,single,primary,1040,no,no,cellular,jun,523,7,yes
36,student,single,secondary,3048,yes,no,telephone,aug,2783,14,no
44,unknown,divorced,tertiary,4868,no,yes,cellular,jul,2436,5,no
79,technician,single,tertiary,-243,yes,no,unknown,nov,2213,4,no
72,unknown,married,unknown,100,no,no,unknown,dec,2416,10,no
69,technician,married,secondary,2236,no,yes,unknown,sep,687,1,yes
85,services,divorced,tertiary,2337,yes,no,unknown,aug,1008,4,no
37,technician,divorced,secondary,4421,yes,no,telephone,jul,2430,4,yes
86,services,divorced,secondary,1663,yes,yes,unknown,jul,846,1,no
18,student,divorced,secondary,830,no,no,telephone,sep,597,6,no
18,student,single,tertiary,6299,yes,no,cellular,jun,2581,14,no
75,services,divorced,secondary,2326,yes,no,cellular,sep,975,8,yes
48,retired,single,unknown,3406,no,no,unknown,may,2405,10,no
77,student,single,secondary,-3016,yes,no,cellular,jan,740,12,no
27,unknown,divorced,secondary,1015,yes,yes,unknown,mar,2859,11,no
36,blue-collar,divorced,tertiary,4564,no,no,unknown,oct,2866,6,no
77,technician,divorced,secondary,1722,yes,no,telephone,apr,1276,3,no
19,technician,single,unknown,1209,no,yes,telephone,nov,780,6,no
82,services,divorced,unknown,-3883,yes,no,cellular,oct,2292,9,no
85,retired,married,primary,1036,yes,no,unknown,feb,1909,3,no
38,management,single,secondary,4907,yes,no,cellular,nov,2594,7,no
44,admin.,divorced,unknown,1435,yes,yes,unknown,aug,1976,12,no
33,technician,divorced,unknown,2742,no,no,unknown,aug,1086,10,no
33,management,married,secondary,510,no,no,unknown,jan,1,14,no
75,blue-collar,married,unknown,485,yes,no,telephone,may,419,2,no
85,unknown,married,unknown,1576,yes,no,unknown,jul,1023,6,no
65,management,single,tertiary,2814,no,no,telephone,jun,1084,11,no
69,services,single,tertiary,3592,no,no,cellular,aug,965,6,no
18,unknown,divorced,tertiary,3403,yes,no,telephone,jul,2568,14,no
29,retired,divorced,unknown,483,no,no,telephone,mar,1560,2,no
36,admin.,single,primary,2004,yes,no,cellular,jul,1273,10,no
50,technician,married,primary,-2137,no,no,telephone,feb,393,7,no
34,blue-collar,married,secondary,2131,no,no,unknown,aug,1664,7,no
47,management,divorced,primary,-4192,yes,yes,unknown,apr,345,6,no
55,admin.,divorced,primary,-2823,no,no,telephone,oct,1323,5,yes
45,retired,divorced,primary,1975,no,yes,unknown,oct,386,12,no
67,student,married,unknown,2914,yes,no,unknown,jul,2560,14,no
65,retired,single,primary,-1980,yes,no,unknown,jul,929,4,no
45,student,divorced,secondary,2963,no,no,cellular,may,1312,6,yes
27,retired,divorced,tertiary,945,no,no,cellular,apr,574,13,no
87,student,married,secondary,4581,no,no,unknown,sep,1270,1,no
48,unknown,married,tertiary,5482,yes,yes,unknown,nov,378,14,no
45,services,divorced,primary,-4855,no,no,cellular,mar,2427,11,yes
55,technician,single,tertiary,6787,yes,yes,cellular,nov,1687,4,no
67,student,married,unknown,3968,yes,yes,unknown,jul,718,3,yes
61,management,divorced,unknown,3103,yes,no,telephone,aug,742,11,no
78,unknown,married,unknown,480,no,yes,cellular,feb,2998,12,no
28,technician,single,primary,2862,yes,yes,cellular,mar,176,3,yes
65,retired,divorced,primary,2440,no,no,cellular,jan,1630,2,no
76,management,divorced,primary,3818,yes,no,cellular,jul,2294,8,no
67,retired,divorced,unknown,2437,no,no,cellular,feb,2211,10,no
56,admin.,single,primary,2991,no,no,cellular,apr,246,14,no
41,unknown,divorced,tertiary,3517,yes,no,telephone,jul,2893,2,no
85,blue-collar,married,tertiary,-3992,no,no,telephone,jan,2591,8,no
70,blue-collar,married,unknown,636,yes,no,cellular,sep,1797,2,no
43,management,divorced,primary,1450,yes,yes,cellular,dec,796,6,no
86,blue-collar,divorced,primary,372,no,no,unknown,oct,2840,8,no
82,services,single,secondary,4597,yes,no,unknown,feb,2985,4,yes
46,management,married,tertiary,5972,yes,no,telephone,jul,742,1,no
24,unknown,married,tertiary,1840,yes,no,cellular,apr,1337,3,yes
32,blue-collar,single,secondary,1831,yes,no,cellular,apr,2677,13,no
85,retired,married,primary,1763,yes,no,unknown,apr,1865,14,no
85,student,single,primary,-2944,yes,no,cellular,sep,1533,4,no
72,student,divorced,unknown,-1020,no,no,telephone,apr,939,6,no
27,student,single,unknown,-989,no,no,unknown,jul,720,12,no
48,management,divorced,unknown,3696,no,yes,telephone,mar,126,10,no
60,unknown,divorced,tertiary,331,no,no,unknown,may,1783,8,no
23,blue-collar,divorced,unknown,1221,no,no,cellular,jul,2474,5,yes
59,student,divorced,tertiary,956,yes,no,cellular,may,2575,7,no
74,technician,married,secondary,695,yes,no,cellular,oct,925,14,no
74,retired,divorced,unknown,7281,no,no,unknown,apr,1812,10,no
47,management,divorced,tertiary,1724,no,no,telephone,mar,1704,5,no
68,services,divorced,unknown,5354,yes,no,cellular,sep,941,12,no
62,student,single,primary,-548,no,yes,telephone,oct,2331,9,no
47,admin.,single,primary,-1691,yes,no,telephone,mar,1197,6,yes
48,retired,married,unknown,3918,yes,no,cellular,jul,286,4,no
72,unknown,single,secondary,1858,yes,yes,unknown,oct,1839,2,no
33,technician,single,primary,3180,yes,no,unknown,dec,424,13,no
77,student,divorced,tertiary,6471,yes,no,cellular,oct,15,1,no
23,services,married,tertiary,1942,yes,no,telephone,jul,1086,6,yes
33,admin.,single,secondary,2514,no,yes,telephone,oct,1759,2,no
87,admin.,divorced,primary,473,no,no,cellular,nov,1413,3,no
62,blue-collar,married,secondary,1791,yes,no,cellular,oct,1521,13,no
35,technician,single,unknown,2156,yes,no,unknown,may,2805,3,no
23,blue-collar,single,primary,2784,no,no,cellular,jun,803,8,no
49,technician,divorced,tertiary,2227,no,no,unknown,sep,1058,10,no
80,student,divorced,tertiary,-2930,no,no,cellular,aug,2297,9,no
57,services,divorced,primary,5677,no,yes,telephone,mar,2396,11,no
22,technician,married,secondary,1651,no,no,unknown,may,2301,7,no
72,blue-collar,single,primary,5845,no,no,unknown,jan,826,5,no
52,services,divorced,secondary,-908,no,yes,telephone,mar,452,8,no
37,unknown,divorced,primary,4,yes,yes,unknown,sep,1608,14,no
53,unknown,single,tertiary,834,yes,no,telephone,feb,158,4,no
71,admin.,single,unknown,251,yes,no,telephone,sep,1083,13,no
70,retired,divorced,primary,2412,no,no,telephone,jan,1388,8,yes
26,unknown,married,primary,4455,yes,no,unknown,jul,2644,5,no
32,unknown,single,tertiary,5248,no,no,cellular,feb,2475,3,no
75,admin.,married,secondary,93,yes,no,telephone,nov,1251,2,no
39,admin.,married,primary,-276,no,yes,cellular,sep,1373,2,no
81,unknown,divorced,secondary,3553,yes,no,cellular,sep,1693,3,no
27,technician,single,tertiary,-1555,no,no,unknown,apr,1004,12,no
81,technician,divorced,tertiary,3278,no,no,telephone,jul,2580,12,no
52,technician,married,unknown,737,yes,no,unknown,aug,4,12,no
20,admin.,married,unknown,165,no,no,unknown,jul,2725,4,no
26,management,single,secondary,-6478,yes,no,telephone,nov,895,11,no
52,blue-collar,divorced,unknown,2142,no,no,telephone,oct,1940,5,no
24,admin.,married,secondary,4669,yes,no,unknown,aug,1449,8,yes
80,blue-collar,single,secondary,-1918,no,no,unknown,mar,1161,6,no
19,blue-collar,divorced,primary,2191,yes,no,unknown,apr,794,1,no
73,services,single,secondary,2799,yes,no,unknown,mar,2858,8,no
79,technician,single,unknown,-78,yes,no,cellular,mar,2655,5,no
79,unknown,divorced,secondary,2608,no,no,telephone,apr,2698,11,no
31,admin.,divorced,unknown,3910,no,no,telephone,jul,2381,10,no
68,management,single,tertiary,1912,yes,no,telephone,aug,1032,4,no
68,unknown,single,primary,2949,no,no,unknown,jun,589,12,no
77,blue-collar,divorced,unknown,669,no,no,cellular,nov,1653,7,no
71,student,single,unknown,3674,no,no,unknown,aug,2323,9,yes
22,blue-collar,divorced,secondary,-3398,yes,no,unknown,jan,862,7,no
64,admin.,divorced,unknown,3556,yes,no,telephone,jun,1967,8,no
31,unknown,single,tertiary,4849,no,no,cellular,mar,1080,2,no
22,student,single,primary,-703,yes,no,telephone,aug,1968,4,no
68,admin.,single,unknown,-772,no,yes,cellular,mar,1872,8,yes
47,retired,single,unknown,5931,no,no,telephone,oct,379,14,no
74,management,single,unknown,2481,yes,no,telephone,jan,1311,3,no
69,services,single,secondary,-2865,no,yes,telephone,jun,2804,5,no
30,technician,divorced,tertiary,786,yes,yes,telephone,oct,786,2,no
42,blue-collar,divorced,unknown,-3421,no,no,unknown,jul,2307,8,no
74,blue-collar,divorced,secondary,771,no,no,unknown,dec,1590,14,no
55,student,married,secondary,1320,yes,no,telephone,mar,2404,14,no
33,blue-collar,married,tertiary,3116,yes,no,cellular,aug,802,5,yes
68,blue-collar,divorced,primary,1482,yes,no,unknown,aug,320,7,no
64,student,single,primary,5870,no,no,unknown,jul,2068,13,no
80,technician,single,unknown,1719,no,no,telephone,jan,420,9,no
54,blue-collar,divorced,unknown,-3940,yes,no,cellular,nov,2337,9,no
74,management,divorced,secondary,3123,yes,yes,telephone,oct,617,14,no
71,unknown,married,primary,1701,yes,no,telephone,nov,1463,11,no
33,blue-collar,divorced,primary,922,no,no,unknown,dec,1013,2,no
48,services,single,primary,4355,no,no,unknown,may,1206,14,no
50,blue-collar,married,secondary,3731,no,no,telephone,jun,1487,12,no
32,blue-collar,divorced,tertiary,-1018,yes,no,unknown,feb,2015,12,no
58,unknown,divorced,secondary,2159,yes,no,unknown,sep,511,11,no
75,admin.,single,tertiary,5656,no,yes,unknown,mar,1178,8,no
22,technician,single,tertiary,1617,no,no,telephone,may,144,1,no
82,technician,married,primary,-2205,no,yes,telephone,oct,2977,12,no
75,technician,single,tertiary,2511,yes,no,cellular,apr,2666,1,no
61,retired,married,tertiary,530,no,no,unknown,oct,2483,12,no
79,technician,married,tertiary,1493,yes,no,telephone,nov,2898,10,no
78,student,single,tertiary,-1284,yes,yes,unknown,jun,1535,8,yes
84,services,married,unknown,2342,yes,no,telephone,jul,463,4,no
19,management,divorced,secondary,-223,no,no,telephone,feb,1472,5,no
81,management,married,primary,3661,no,no,cellular,jun,1550,7,no
56,management,married,tertiary,5182,yes,yes,telephone,oct,1547,4,yes
74,management,divorced,primary,1922,no,no,cellular,jan,557,6,no
44,unknown,single,primary,-1262,no,no,telephone,jul,1534,11,no
49,blue-collar,divorced,tertiary,-713,no,no,unknown,aug,1745,2,no
67,management,married,unknown,1896,no,no,unknown,may,295,14,no
47,blue-collar,married,tertiary,2294,yes,no,telephone,aug,943,1,no
41,technician,divorced,unknown,-74,yes,no,cellular,dec,1214,4,yes
27,retired,single,tertiary,839,no,yes,unknown,nov,2832,11,no
18,technician,divorced,tertiary,3026,no,no,unknown,mar,764,14,no
79,services,single,tertiary,4397,yes,no,telephone,sep,2329,7,no
51,student,divorced,tertiary,1376,yes,no,unknown,apr,1231,10,no
37,services,single,secondary,3113,no,no,telephone,jul,1055,13,no
59,management,single,tertiary,1389,no,no,telephone,apr,889,7,no
86,services,divorced,tertiary,2278,no,yes,unknown,apr,1231,14,yes
65,student,divorced,unknown,-424,yes,no,cellular,dec,2741,1,no
54,management,married,primary,2495,no,no,telephone,apr,2682,11,no
76,retired,divorced,primary,5227,no,no,unknown,nov,439,2,yes
19,blue-collar,single,tertiary,2427,no,no,telephone,mar,1460,5,no
87,technician,single,secondary,2575,yes,no,unknown,aug,2580,10,no
67,admin.,single,secondary,-1093,no,yes,telephone,dec,519,3,no
71,technician,divorced,secondary,2356,no,no,telephone,jun,1570,4,no
34,blue-collar,divorced,tertiary,-4353,yes,no,telephone,jan,1182,3,no
39,technician,married,primary,3231,no,no,cellular,feb,2203,13,yes
61,student,single,secondary,5428,yes,no,unknown,dec,2845,3,no
83,admin.,single,secondary,-86,yes,no,unknown,nov,2556,7,no
35,blue-collar,divorced,tertiary,732,yes,no,telephone,sep,2290,13,yes
65,retired,single,unknown,4076,no,no,cellular,jan,931,6,no
39,technician,single,primary,-903,no,no,cellular,jun,426,11,no
80,student,divorced,primary,2711,no,no,unknown,jan,483,7,no
58,services,single,secondary,-702,yes,no,unknown,mar,2207,4,no
47,services,married,primary,3005,no,no,telephone,jun,2701,8,yes
87,student,single,tertiary,720,yes,no,telephone,nov,1534,9,yes
27,unknown,married,tertiary,-6311,no,yes,unknown,jul,724,14,no
46,retired,divorced,unknown,-1541,yes,no,unknown,oct,2859,9,no
65,unknown,single,primary,1138,yes,no,telephone,aug,728,1,no
46,unknown,divorced,primary,6628,yes,no,unknown,jan,297,2,no
27,unknown,divorced,primary,717,no,no,cellular,jul,1378,12,yes
38,student,married,tertiary,-606,yes,yes,unknown,may,1530,9,no
78,student,single,unknown,2271,no,no,cellular,jun,393,11,no
30,unknown,married,secondary,-7232,yes,no,telephone,nov,2708,7,yes
62,management,married,secondary,4970,yes,no,telephone,jun,1021,7,no
27,technician,divorced,unknown,3126,yes,no,telephone,sep,718,11,no
48,blue-collar,divorced,primary,-14,no,no,unknown,apr,1609,12,yes
46,blue-collar,divorced,primary,3424,yes,no,unknown,aug,400,12,no
26,admin.,single,tertiary,2244,no,yes,cellular,mar,2576,6,no
72,retired,single,tertiary,1028,no,yes,unknown,oct,879,9,no
37,unknown,divorced,primary,2930,yes,no,unknown,apr,206,3,no
58,unknown,divorced,tertiary,1155,yes,no,cellular,may,1771,5,no
37,blue-collar,married,primary,1874,yes,yes,cellular,jan,2738,1,yes
46,management,married,primary,2956,yes,yes,cellular,oct,1120,2,no
21,technician,divorced,tertiary,345,no,no,telephone,mar,1425,8,no
35,management,divorced,unknown,1047,no,no,cellular,apr,2050,11,no
28,admin.,divorced,primary,-1873,yes,no,cellular,feb,2474,9,yes
63,admin.,divorced,primary,-2199,yes,yes,unknown,oct,346,8,yes
60,technician,married,unknown,-3359,yes,no,unknown,nov,2619,3,yes
34,services,divorced,unknown,2421,no,no,telephone,jul,2679,3,no
20,student,married,primary,520,no,no,cellular,aug,1560,2,no
41,student,single,secondary,-1896,no,no,cellular,nov,1643,6,yes
51,unknown,single,secondary,323,no,no,cellular,apr,2628,14,no
22,admin.,married,secondary,-1569,yes,no,unknown,nov,810,6,no
59,blue-collar,married,tertiary,1913,yes,no,cellular,aug,464,2,no
49,retired,single,unknown,4162,yes,no,cellular,may,30,14,no
35,student,divorced,unknown,5117,no,no,unknown,oct,2635,2,no
46,admin.,divorced,unknown,967,yes,yes,unknown,may,687,1,no
87,retired,married,primary,905,yes,no,unknown,nov,2561,4,yes
85,technician,married,tertiary,-3654,yes,no,cellular,oct,1480,6,no
50,blue-collar,married,tertiary,-2692,no,no,unknown,sep,1683,8,yes
80,services,single,unknown,5139,no,no,cellular,aug,443,7,no
70,blue-collar,single,tertiary,1887,yes,no,unknown,may,1922,1,no
37,services,single,unknown,4546,yes,no,telephone,jan,2400,4,no
33,management,divorced,unknown,-3877,yes,no,telephone,mar,2225,2,no
23,unknown,divorced,unknown,1187,yes,no,telephone,jun,2352,6,no
20,technician,married,primary,-3457,yes,yes,telephone,dec,2982,12,no
48,technician,married,tertiary,-4674,yes,no,unknown,apr,723,14,no
23,services,married,unknown,-1106,no,no,cellular,feb,1253,13,no
67,unknown,divorced,secondary,6504,yes,no,telephone,nov,231,7,yes
38,admin.,single,primary,-857,yes,no,telephone,dec,1387,14,no
34,retired,divorced,primary,4904,no,no,telephone,jan,2043,9,yes
39,unknown,married,unknown,678,no,yes,unknown,nov,999,6,no
53,student,married,unknown,4846,yes,no,unknown,sep,2406,8,no
31,student,single,primary,3308,no,no,cellular,jun,583,9,no
39,retired,married,unknown,5091,yes,yes,unknown,dec,2388,5,no
41,blue-collar,single,tertiary,67,yes,no,cellular,jun,833,1,no
85,services,divorced,secondary,2147,no,no,cellular,oct,840,4,no
26,management,single,secondary,1735,yes,no,cellular,feb,2026,10,yes
28,blue-collar,single,primary,8511,yes,no,telephone,feb,1654,5,yes
80,management,divorced,secondary,3916,no,no,cellular,nov,120,10,no
68,technician,single,primary,997,no,no,cellular,may,1848,7,no
39,unknown,married,secondary,7093,yes,no,unknown,jun,2117,8,no
23,technician,divorced,primary,7325,yes,no,cellular,jan,1631,13,no
69,management,married,tertiary,-400,yes,no,unknown,jan,2843,5,no
61,management,divorced,tertiary,2182,yes,yes,cellular,aug,395,6,no
82,unknown,married,secondary,332,yes,no,cellular,may,727,11,no
21,management,divorced,unknown,-3006,yes,yes,cellular,jul,2478,2,no
83,student,divorced,unknown,1913,no,yes,cellular,jul,806,13,no
56,retired,divorced,unknown,-7150,no,no,telephone,may,943,1,no
57,student,married,primary,1626,yes,no,telephone,jun,2692,4,no
72,management,married,secondary,1255,no,no,cellular,feb,756,2,yes
40,services,single,primary,1222,no,no,unknown,apr,2880,9,no
56,unknown,single,primary,804,no,no,cellular,feb,1882,8,no
81,services,married,primary,192,yes,no,unknown,jun,2241,4,no
56,management,divorced,tertiary,-3385,no,no,cellular,jun,1226,6,no
86,management,divorced,unknown,-2522,no,yes,telephone,may,665,5,no
22,retired,married,primary,1240,no,no,cellular,oct,1714,6,no
70,admin.,married,tertiary,1260,no,no,telephone,dec,1501,5,no
85,technician,married,secondary,3808,yes,no,unknown,sep,2625,8,no
58,retired,single,tertiary,70,no,no,telephone,mar,2524,6,no
18,blue-collar,divorced,secondary,-1608,yes,no,unknown,apr,570,7,no
29,student,married,unknown,529,no,no,telephone,may,1801,5,no
37,blue-collar,married,primary,-4761,no,no,cellular,dec,251,8,no
61,admin.,divorced,secondary,1895,yes,no,cellular,nov,668,5,no
75,management,single,tertiary,3003,no,yes,telephone,jan,126,4,no
34,management,divorced,secondary,5098,no,yes,cellular,may,103,9,no
27,blue-collar,divorced,unknown,2173,yes,no,cellular,jun,1129,8,no
30,blue-collar,single,primary,-1760,yes,no,telephone,jul,1185,13,no
35,retired,married,tertiary,-539,no,no,cellular,jan,317,2,no
46,management,married,secondary,883,no,no,cellular,jul,2397,1,no
71,services,divorced,primary,-572,yes,no,telephone,nov,1385,8,no
45,technician,single,secondary,-1888,yes,no,cellular,sep,94,5,no
73,student,married,tertiary,-303,no,no,telephone,jun,2378,14,yes
53,services,married,primary,4109,yes,no,cellular,jun,1082,5,no
66,technician,divorced,tertiary,2441,no,no,telephone,feb,25,5,no
44,services,divorced,unknown,3785,no,no,cellular,mar,2384,9,yes
75,management,divorced,primary,-811,yes,no,cellular,nov,2855,11,no
20,management,divorced,tertiary,5238,no,no,cellular,oct,2161,2,no
44,retired,single,unknown,2367,no,yes,telephone,apr,1833,14,no
51,blue-collar,married,unknown,2526,no,yes,unknown,sep,45,1,no
74,unknown,divorced,secondary,1239,yes,no,cellular,may,2272,10,no
39,blue-collar,divorced,tertiary,-5534,yes,no,unknown,nov,1965,3,yes
32,unknown,married,secondary,5256,no,no,cellular,nov,326,14,no
59,technician,divorced,tertiary,2250,yes,no,cellular,apr,115,4,no
55,technician,single,primary,-1458,no,no,telephone,feb,1633,14,no
47,unknown,divorced,tertiary,7195,yes,no,unknown,apr,2469,5,no
57,retired,divorced,secondary,1447,no,no,telephone,oct,283,6,no
46,technician,married,tertiary,353,no,no,telephone,jan,18,5,no
27,management,divorced,unknown,-1338,no,no,unknown,feb,913,8,no
77,management,divorced,secondary,-370,no,no,unknown,jan,215,14,no
29,student,married,secondary,-3108,yes,no,unknown,mar,2904,6,no
69,retired,single,tertiary,145,yes,no,cellular,jun,1330,4,no
31,admin.,single,secondary,1039,no,yes,telephone,aug,499,13,no
73,services,divorced,unknown,2947,no,no,cellular,sep,236,6,no
32,student,divorced,secondary,-3700,yes,yes,telephone,oct,2299,13,no
62,student,single,unknown,-858,yes,no,unknown,feb,2245,9,no
85,technician,divorced,unknown,-2063,no,yes,telephone,oct,1792,14,no
79,management,divorced,tertiary,3928,no,no,unknown,feb,2238,6,no
33,admin.,single,tertiary,3283,no,no,cellular,oct,1668,3,no
62,retired,married,unknown,-3952,yes,no,unknown,may,56,6,no
40,blue-collar,single,unknown,623,no,no,unknown,apr,288,5,no
20,unknown,married,primary,5315,yes,yes,cellular,oct,1437,6,no
85,technician,single,secondary,3461,yes,no,unknown,dec,62,2,no
53,admin.,married,secondary,425,no,no,telephone,feb,732,14,yes
48,services,married,unknown,2594,no,yes,cellular,feb,2568,14,no
58,management,married,tertiary,3629,no,no,telephone,aug,1840,2,yes
29,services,married,primary,6335,yes,no,cellular,jun,423,3,no
80,technician,single,primary,183,no,no,unknown,may,316,5,no
47,student,divorced,secondary,5210,yes,no,cellular,mar,2269,10,no
54,admin.,divorced,tertiary,-141,yes,no,telephone,mar,2670,11,no
83,management,married,tertiary,-278,yes,no,unknown,nov,1756,6,yes
34,technician,married,unknown,885,no,no,cellular,dec,1849,14,no
79,services,married,secondary,1847,yes,no,unknown,feb,1216,2,yes
49,technician,married,primary,3512,no,no,cellular,nov,2969,4,no
25,management,divorced,secondary,1130,no,no,telephone,jan,2659,8,no
47,retired,single,tertiary,-26,yes,no,telephone,mar,388,8,no
50,blue-collar,married,secondary,-1001,yes,yes,unknown,jul,2747,5,no
56,student,divorced,primary,3060,yes,yes,telephone,jun,182,2,no
57,blue-collar,single,unknown,1509,no,no,unknown,may,492,2,no
36,unknown,divorced,primary,2227,yes,no,unknown,apr,619,13,no
80,services,divorced,tertiary,2505,no,yes,unknown,apr,55,10,no
41,unknown,divorced,primary,5305,no,no,unknown,jun,2903,5,no
64,admin.,divorced,unknown,4534,no,yes,unknown,feb,1750,2,no
85,unknown,divorced,primary,3495,no,no,telephone,mar,1991,6,no
27,unknown,single,tertiary,975,no,no,cellular,mar,1850,11,no
52,retired,married,unknown,-2182,no,no,telephone,jan,65,1,no
25,unknown,single,primary,55,yes,no,unknown,jan,1659,7,no
77,management,married,tertiary,1144,no,no,telephone,jun,2641,9,no
75,management,married,unknown,-514,yes,no,telephone,dec,709,12,yes
85,management,divorced,primary,2982,no,no,unknown,aug,1781,1,no
81,services,single,secondary,1588,no,no,cellular,jul,1316,6,no
74,unknown,divorced,unknown,-1115,yes,no,cellular,may,565,7,no
42,technician,married,unknown,5208,yes,no,unknown,jan,990,11,no
45,retired,divorced,secondary,2637,yes,yes,telephone,mar,1173,10,no
21,management,divorced,primary,1683,yes,no,unknown,sep,2946,9,no
31,services,divorced,tertiary,4447,yes,no,cellular,aug,2176,12,no
49,management,single,primary,-804,yes,yes,telephone,nov,450,4,no
74,admin.,married,tertiary,-343,no,no,telephone,oct,1784,10,no
78,student,single,secondary,395,no,yes,telephone,nov,2645,14,no
61,unknown,single,unknown,2868,yes,no,telephone,apr,513,3,no
30,unknown,divorced,secondary,2324,no,no,telephone,sep,1051,10,no
40,retired,divorced,tertiary,10158,yes,no,telephone,nov,141,7,no
32,blue-collar,married,primary,-1314,no,no,unknown,jan,1398,5,no
74,retired,single,tertiary,1643,no,yes,telephone,feb,749,3,no
77,student,divorced,secondary,656,no,no,cellular,mar,1144,12,no
58,student,married,primary,2639,no,no,cellular,may,1998,7,no
43,retired,married,tertiary,3829,no,no,telephone,mar,847,14,no
72,admin.,divorced,primary,2053,yes,yes,unknown,jan,695,2,yes
75,technician,single,unknown,2432,yes,no,cellular,aug,1077,1,yes
53,admin.,single,secondary,394,no,yes,telephone,sep,837,13,no
72,retired,divorced,secondary,5976,no,yes,cellular,may,2306,14,no
60,unknown,single,tertiary,80,yes,no,cellular,dec,2376,12,no
82,retired,married,tertiary,-7369,no,no,unknown,sep,627,3,no
43,technician,divorced,unknown,-275,yes,no,unknown,jul,2940,8,no
30,admin.,single,secondary,8072,no,no,telephone,jan,1837,3,no
42,admin.,married,primary,-1912,yes,no,telephone,jun,250,8,no
32,blue-collar,single,unknown,2748,no,yes,cellular,oct,534,5,no
68,unknown,single,unknown,-835,no,no,cellular,jul,2408,8,no
29,admin.,single,secondary,2704,no,no,cellular,nov,2149,10,no
44,management,married,secondary,4497,yes,no,unknown,oct,1616,10,no
18,management,married,tertiary,118,no,yes,cellular,dec,1438,1,no
46,student,single,unknown,4983,yes,no,telephone,jun,1445,11,no
67,retired,single,primary,4433,yes,no,telephone,feb,466,10,no
38,unknown,married,secondary,2293,yes,no,cellular,nov,717,12,no
77,student,married,secondary,1198,yes,no,unknown,oct,2256,6,no
73,technician,married,secondary,776,no,no,telephone,apr,2999,5,no
24,retired,divorced,tertiary,-879,yes,no,unknown,jan,1146,14,no
75,admin.,divorced,tertiary,-1746,yes,no,cellular,apr,667,6,no
48,services,divorced,unknown,3036,yes,no,unknown,jun,2140,8,no
29,admin.,married,unknown,2364,yes,no,unknown,nov,2960,12,no
68,services,married,secondary,2564,yes,no,telephone,may,892,4,no
66,blue-collar,single,primary,4226,yes,no,telephone,oct,2123,2,yes
29,services,single,primary,1335,yes,yes,cellular,aug,1541,12,no
35,technician,divorced,unknown,5143,yes,no,cellular,jan,2530,7,no
50,blue-collar,single,primary,-3164,no,no,unknown,feb,1565,6,no
35,unknown,divorced,unknown,6431,no,no,unknown,jun,1024,4,no
56,retired,divorced,secondary,1313,no,no,telephone,may,7,12,no
31,unknown,divorced,secondary,-573,no,no,cellular,nov,1361,5,no
70,student,married,tertiary,1085,yes,no,telephone,sep,2049,4,no
33,management,single,primary,5829,yes,no,cellular,jun,2510,6,no
23,blue-collar,single,primary,-450,no,no,telephone,apr,1198,3,no
45,blue-collar,divorced,tertiary,1677,no,no,cellular,jan,2740,10,no
34,management,single,secondary,-1498,no,no,unknown,jan,2450,9,no
38,management,single,primary,2525,no,no,telephone,jul,979,2,no
46,technician,married,secondary,4908,no,no,cellular,jan,2282,11,no
32,student,single,primary,2204,yes,no,telephone,jan,1228,6,no
24,technician,married,unknown,387,no,no,cellular,feb,1796,14,no
61,technician,single,tertiary,254,yes,no,telephone,mar,188,8,no
63,technician,divorced,unknown,1715,no,no,unknown,nov,2692,10,no
73,technician,married,secondary,2934,no,no,unknown,jan,2177,12,no
54,services,divorced,unknown,3834,no,yes,cellular,aug,2069,8,no
48,blue-collar,divorced,secondary,-1514,no,yes,unknown,nov,2249,10,no
26,admin.,single,secondary,43,yes,no,telephone,feb,160,11,no
18,retired,single,unknown,5455,no,yes,telephone,jul,2211,8,no
23,management,divorced,secondary,2794,yes,no,telephone,jan,549,12,no
59,services,divorced,primary,1813,no,no,telephone,may,329,4,no
51,technician,divorced,tertiary,3594,no,no,telephone,nov,33,14,no
76,unknown,single,secondary,-5149,yes,no,unknown,jun,73,14,no
81,technician,divorced,unknown,3285,no,no,cellular,aug,2970,6,no
60,admin.,single,tertiary,8470,yes,no,unknown,jun,2156,11,no
32,blue-collar,divorced,unknown,1611,no,no,cellular,may,1402,7,no
77,blue-collar,divorced,tertiary,2183,yes,yes,unknown,feb,553,2,no
77,unknown,single,primary,487,yes,no,telephone,may,1852,10,no
18,blue-collar,married,tertiary,-1274,yes,no,unknown,jun,1627,4,no
72,retired,single,tertiary,9,yes,no,cellular,aug,1823,2,no
33,admin.,married,unknown,3911,no,no,unknown,jun,1248,9,no
35,retired,married,primary,2986,no,no,cellular,jan,179,5,no
63,student,married,secondary,-1039,no,yes,unknown,aug,1418,8,no
48,services,divorced,primary,-370,no,no,telephone,jun,404,6,no
44,management,divorced,secondary,-315,yes,no,telephone,apr,2086,9,no
47,retired,married,unknown,1865,yes,no,telephone,may,2333,1,no
31,retired,married,secondary,845,yes,yes,telephone,nov,2685,6,no
33,management,divorced,primary,1206,no,yes,telephone,nov,732,10,no
82,management,divorced,secondary,-1608,no,yes,unknown,may,1753,14,no
79,unknown,divorced,tertiary,5946,yes,no,telephone,nov,923,9,no
46,blue-collar,married,secondary,2239,yes,no,telephone,mar,2211,3,yes
83,unknown,divorced,primary,-63,yes,no,unknown,jan,2740,5,yes
77,technician,divorced,secondary,-828,yes,no,cellular,jul,2951,3,no
85,management,divorced,tertiary,323,yes,no,unknown,aug,2861,2,no
85,unknown,married,secondary,4679,yes,yes,cellular,jun,1203,5,yes
66,technician,married,secondary,5625,yes,no,cellular,mar,1984,4,yes
19,admin.,married,unknown,-375,no,no,unknown,mar,2092,12,no
76,services,single,tertiary,174,yes,yes,telephone,jan,2535,3,no
84,retired,divorced,secondary,-3281,no,no,unknown,nov,1751,13,no
87,management,single,unknown,-3110,no,no,cellular,may,208,11,no
68,unknown,divorced,secondary,1774,no,yes,cellular,aug,172,5,yes
87,management,married,primary,520,no,yes,cellular,feb,885,10,no
72,blue-collar,single,secondary,394,yes,no,telephone,oct,565,3,yes
37,management,married,unknown,13,no,no,telephone,jul,860,12,no
30,management,single,secondary,2299,no,yes,cellular,oct,1388,10,no
58,services,divorced,primary,1764,no,no,unknown,aug,1439,10,no
30,services,married,secondary,4315,yes,no,unknown,may,1197,12,no
65,management,divorced,unknown,8684,no,yes,unknown,mar,2592,2,no
51,blue-collar,divorced,unknown,-1597,no,no,cellular,dec,179,10,no
55,retired,divorced,unknown,-2059,yes,no,unknown,dec,1109,2,no
28,technician,divorced,secondary,5924,no,no,cellular,jan,2461,2,no
40,technician,married,unknown,1239,yes,no,telephone,feb,2649,11,no
68,admin.,divorced,secondary,3660,yes,no,unknown,mar,601,6,no
65,blue-collar,married,secondary,-1741,yes,no,telephone,dec,1906,3,no
81,admin.,divorced,secondary,-1567,yes,no,cellular,mar,895,10,no
74,services,divorced,tertiary,3829,yes,no,unknown,apr,2785,2,no
84,blue-collar,single,tertiary,-2102,no,yes,cellular,mar,1575,1,no
33,admin.,divorced,unknown,5421,no,no,unknown,aug,1021,13,yes
39,services,married,tertiary,3764,no,yes,telephone,oct,80,1,no
53,unknown,married,primary,-521,yes,yes,cellular,aug,2202,8,no
54,admin.,divorced,primary,5763,no,no,telephone,feb,234,7,no
52,technician,divorced,primary,2924,no,no,cellular,dec,2480,13,no
31,student,single,secondary,840,no,no,telephone,mar,2147,1,no
34,student,divorced,primary,1666,no,no,cellular,jul,1833,5,no
41,management,divorced,primary,-4010,no,no,cellular,mar,1151,13,no
83,management,married,tertiary,-2335,yes,no,telephone,feb,119,5,no
37,retired,married,primary,3572,yes,no,cellular,oct,1793,6,no
57,retired,divorced,tertiary,2020,yes,no,cellular,apr,658,2,no
54,blue-collar,single,primary,5504,no,no,unknown,nov,1437,10,no
46,student,married,primary,2515,yes,yes,telephone,jan,972,13,no
36,services,single,primary,-1948,no,no,unknown,feb,1843,14,no
54,management,married,tertiary,-1488,no,no,cellular,dec,2758,6,no
19,student,married,primary,-887,no,no,telephone,feb,2184,2,no
83,technician,divorced,unknown,-231,yes,yes,telephone,dec,1124,8,no
36,admin.,married,primary,1836,yes,no,unknown,jan,62,12,no
72,blue-collar,married,secondary,4731,yes,no,telephone,jun,1227,7,no
27,unknown,divorced,secondary,3159,yes,no,unknown,aug,2290,2,no
73,services,single,primary,4936,no,no,telephone,oct,2950,9,no
20,retired,married,primary,2535,yes,no,unknown,jun,2612,14,no
46,retired,divorced,secondary,226,no,no,telephone,may,733,9,no
51,services,divorced,secondary,-2481,yes,yes,unknown,oct,2216,10,no
84,unknown,single,secondary,3167,yes,no,cellular,may,130,6,no
62,retired,single,secondary,1136,yes,no,unknown,nov,1137,4,no
62,blue-collar,married,unknown,3620,yes,no,cellular,jan,2440,10,yes
81,admin.,married,unknown,-291,no,no,cellular,apr,513,3,no
79,admin.,divorced,secondary,5975,no,no,unknown,jan,462,5,no
32,management,married,primary,5987,yes,no,cellular,may,2764,9,no
45,services,divorced,secondary,-1042,no,no,telephone,feb,666,9,no
23,technician,married,tertiary,2321,yes,no,telephone,mar,1132,5,no
70,technician,single,unknown,-2996,yes,no,cellular,dec,344,6,no
68,retired,married,primary,-897,no,no,unknown,apr,1879,14,no
21,technician,married,primary,-1046,yes,no,telephone,may,1241,11,yes
54,unknown,married,unknown,-290,no,yes,telephone,sep,2673,11,no
78,student,married,secondary,637,yes,no,unknown,jul,1601,14,no
82,management,married,tertiary,-777,yes,no,telephone,jun,516,13,yes
41,student,divorced,unknown,1830,yes,no,telephone,feb,2176,13,no
50,technician,divorced,unknown,-2885,yes,yes,telephone,aug,476,1,yes
40,technician,married,unknown,4180,no,no,unknown,jun,840,12,yes
78,retired,married,primary,-1576,yes,no,telephone,jul,57,11,no
38,student,single,secondary,961,yes,no,telephone,jul,1829,12,no
22,blue-collar,divorced,tertiary,211,no,no,telephone,nov,2917,2,yes
74,technician,divorced,primary,4281,yes,no,telephone,jun,521,11,no
87,unknown,married,primary,481,no,no,unknown,jul,1995,7,no
29,management,divorced,tertiary,5483,no,no,unknown,oct,2076,6,no
46,management,divorced,secondary,2402,no,no,unknown,mar,2572,6,no
71,blue-collar,single,primary,-1219,yes,no,unknown,aug,22,4,no
78,student,married,unknown,803,yes,no,unknown,nov,1838,12,no
20,technician,divorced,secondary,1276,no,yes,telephone,feb,2103,1,no
20,management,divorced,secondary,3456,no,yes,cellular,sep,2249,14,no
82,admin.,single,unknown,1872,yes,no,unknown,may,2411,12,no
31,technician,divorced,tertiary,779,yes,no,telephone,may,2239,7,no
21,unknown,married,primary,-740,no,no,cellular,jan,2713,6,no
59,services,married,tertiary,2737,no,no,unknown,mar,321,4,no
39,technician,divorced,unknown,411,yes,no,cellular,apr,2287,14,no
19,admin.,married,secondary,-620,no,no,telephone,aug,370,10,no
50,blue-collar,married,secondary,-1480,no,no,cellular,may,775,4,no
57,student,divorced,primary,4272,no,yes,telephone,aug,581,8,no
62,services,divorced,tertiary,-2760,yes,no,cellular,apr,2969,9,no
36,unknown,married,unknown,2745,no,no,cellular,may,341,12,no
87,services,divorced,primary,1459,no,no,telephone,apr,1490,7,yes
55,retired,married,tertiary,-131,no,no,telephone,apr,489,4,no
23,unknown,single,primary,-608,yes,no,unknown,jan,2687,5,yes
70,technician,divorced,unknown,1451,no,no,unknown,aug,2439,8,no
45,technician,single,primary,-105,no,no,cellular,dec,1433,7,no
61,technician,married,tertiary,-215,yes,yes,unknown,feb,1490,7,no
65,retired,married,unknown,4183,yes,no,telephone,mar,382,14,yes
70,services,divorced,primary,969,no,no,telephone,jul,516,4,no
30,services,divorced,tertiary,1421,yes,yes,telephone,aug,160,7,no
42,technician,single,secondary,-846,yes,yes,telephone,dec,2750,8,no
85,services,married,primary,4185,no,no,telephone,feb,418,3,no
68,retired,single,secondary,4820,yes,yes,cellular,nov,1380,13,yes
20,unknown,divorced,tertiary,2012,yes,no,telephone,may,2169,9,no
55,student,married,unknown,5396,yes,yes,unknown,apr,2790,10,no
72,technician,divorced,tertiary,-123,no,no,unknown,may,1334,7,no
53,student,married,primary,3974,no,no,telephone,may,428,12,no
70,admin.,divorced,tertiary,338,yes,no,unknown,jun,750,12,no
61,admin.,married,secondary,50,yes,yes,cellular,nov,68,8,yes
75,technician,single,secondary,5316,yes,no,cellular,oct,444,12,no
53,services,divorced,unknown,384,no,no,unknown,aug,2596,13,no
85,unknown,married,primary,-1276,no,no,cellular,oct,851,6,no
49,admin.,single,primary,-3681,no,no,cellular,apr,903,6,yes
64,unknown,single,primary,1423,yes,no,cellular,sep,1512,7,no
40,blue-collar,divorced,tertiary,-1473,no,no,telephone,apr,1626,9,no
73,blue-collar,married,secondary,6929,yes,no,cellular,may,2604,7,no
60,blue-collar,married,tertiary,6272,no,no,telephone,jan,1102,9,no
26,admin.,divorced,secondary,-6998,no,no,cellular,oct,2777,1,yes
38,management,single,secondary,5979,yes,no,unknown,nov,2845,3,no
59,services,married,secondary,-789,no,no,telephone,oct,1226,14,no
18,services,married,primary,4906,yes,no,telephone,feb,163,12,no
83,services,married,secondary,4366,no,yes,unknown,jul,1338,14,no
22,unknown,single,unknown,5156,no,no,telephone,apr,1038,13,no
25,retired,married,unknown,6438,yes,yes,unknown,jul,276,6,no
79,technician,married,primary,-1842,yes,no,cellular,may,1643,8,no
31,blue-collar,married,tertiary,-1529,yes,no,cellular,jul,1881,8,no
77,services,married,unknown,3667,no,no,cellular,nov,2959,7,no
41,services,single,tertiary,1715,yes,no,cellular,jun,1668,13,no
85,technician,divorced,tertiary,3293,no,no,telephone,jan,279,8,no
38,services,divorced,secondary,420,yes,no,unknown,sep,30,2,no
49,blue-collar,divorced,primary,3878,yes,no,unknown,feb,66,13,no
80,admin.,divorced,primary,-2228,yes,no,unknown,apr,1581,3,no
36,student,single,tertiary,6889,yes,no,telephone,nov,2322,2,yes
37,blue-collar,divorced,tertiary,8313,no,no,telephone,jul,2044,9,no
87,admin.,married,tertiary,-3652,yes,no,telephone,mar,900,3,no
28,unknown,married,secondary,5778,no,no,unknown,nov,1329,6,no
60,admin.,single,secondary,-3463,yes,no,unknown,mar,1099,5,no
44,technician,single,unknown,3029,no,yes,telephone,may,230,4,no
81,blue-collar,single,unknown,-1272,yes,no,telephone,jul,2466,14,no
55,retired,divorced,primary,2687,yes,no,unknown,may,893,8,no
43,management,single,unknown,-2100,yes,no,cellular,mar,1132,6,no
41,blue-collar,divorced,primary,2540,no,no,cellular,jan,2053,9,no
72,management,divorced,tertiary,875,no,no,unknown,aug,2038,9,no
25,student,married,unknown,655,no,yes,unknown,aug,1919,7,no
72,retired,divorced,primary,2403,no,no,cellular,nov,704,12,no
24,management,married,secondary,-3381,yes,no,telephone,aug,1021,12,no
64,services,married,secondary,3134,yes,no,cellular,nov,2161,8,no
43,management,married,primary,523,yes,no,unknown,mar,855,7,no
34,services,divorced,unknown,-2938,yes,yes,unknown,oct,1940,2,no
36,services,married,tertiary,3303,yes,no,cellular,dec,1186,13,no
76,services,single,secondary,-342,no,no,cellular,dec,1894,10,no
79,blue-collar,married,primary,1251,no,no,unknown,oct,2837,7,no
50,retired,single,primary,2316,no,no,telephone,dec,2179,7,no
18,technician,single,secondary,1208,yes,no,cellular,dec,2098,13,no
70,management,married,primary,1309,no,no,telephone,mar,1445,9,no
26,admin.,single,primary,3049,yes,no,cellular,apr,2976,4,no
55,technician,single,unknown,629,no,no,cellular,aug,600,10,no
79,blue-collar,single,primary,4264,no,no,unknown,apr,2026,10,no
25,unknown,divorced,primary,4612,no,yes,telephone,may,1521,4,no
41,services,divorced,secondary,-239,no,no,cellular,jun,197,11,no
48,services,divorced,secondary,-168,no,no,telephone,may,153,1,no
29,student,married,unknown,3152,yes,yes,unknown,feb,2236,3,no
44,technician,married,tertiary,6089,yes,yes,telephone,apr,2428,13,no
43,unknown,married,primary,4472,no,no,unknown,feb,417,2,no
82,services,single,unknown,-1115,no,no,unknown,aug,2578,11,no
22,management,single,unknown,584,yes,no,telephone,mar,209,7,no
76,retired,single,tertiary,-888,yes,no,unknown,may,270,10,no
76,blue-collar,married,tertiary,5514,yes,no,telephone,apr,2558,3,no
40,management,divorced,unknown,2587,yes,no,cellular,apr,1689,8,no
75,unknown,married,unknown,-1405,yes,no,unknown,sep,1061,2,no
60,retired,divorced,primary,175,no,no,unknown,may,945,8,no
84,retired,married,tertiary,-1244,yes,no,telephone,may,2784,5,no
48,technician,divorced,unknown,281,no,no,telephone,oct,1026,11,no
36,student,married,tertiary,2986,yes,no,cellular,dec,1104,9,no
63,unknown,married,primary,-335,yes,no,telephone,sep,653,1,no
48,student,single,secondary,1661,no,no,telephone,may,2088,10,no
48,management,single,secondary,2268,no,yes,unknown,mar,1189,11,no
31,unknown,single,secondary,-3948,yes,no,telephone,jul,2527,7,no
46,retired,single,unknown,-3371,no,yes,unknown,nov,2603,14,no
51,blue-collar,divorced,secondary,58,yes,no,telephone,mar,1991,6,yes
72,admin.,divorced,secondary,-1095,no,no,unknown,jan,1875,12,no
78,retired,married,unknown,2553,yes,no,cellular,jul,656,7,no
84,unknown,single,secondary,428,no,no,cellular,apr,2993,14,no
34,unknown,divorced,unknown,3407,yes,no,cellular,dec,2822,10,no
21,services,married,tertiary,2801,no,no,cellular,feb,1192,7,yes
40,blue-collar,divorced,primary,3811,yes,no,cellular,apr,2612,11,no
19,admin.,divorced,unknown,-78,yes,no,unknown,jul,2235,13,no
83,services,divorced,secondary,783,no,no,telephone,apr,410,9,yes
54,management,single,secondary,7022,yes,yes,telephone,nov,412,10,no
65,management,single,primary,-1534,yes,no,cellular,nov,1144,10,no
68,blue-collar,single,unknown,3271,no,no,unknown,jan,1031,12,no
28,admin.,single,secondary,4231,yes,yes,telephone,oct,1306,3,no
82,management,divorced,tertiary,2728,yes,no,unknown,aug,1714,1,no
82,management,single,primary,3905,yes,no,unknown,dec,1506,4,no
38,management,divorced,unknown,1401,no,no,telephone,oct,1652,1,no
58,admin.,divorced,tertiary,2752,no,no,telephone,sep,2814,14,no
51,student,divorced,unknown,2023,yes,no,telephone,jul,1458,11,no
35,retired,single,tertiary,-2543,yes,no,telephone,sep,2786,13,no
75,retired,married,tertiary,790,yes,no,telephone,nov,2718,8,no
72,admin.,single,tertiary,-2854,no,yes,cellular,jan,2443,12,no
41,management,married,tertiary,3171,yes,no,cellular,jul,1614,2,no
79,blue-collar,married,unknown,2025,no,yes,cellular,sep,1729,6,no
22,technician,divorced,primary,4069,yes,yes,cellular,may,2707,3,no
37,unknown,married,secondary,-1786,no,no,cellular,jun,1100,14,yes
77,unknown,married,unknown,1677,no,no,unknown,feb,7,3,no
55,unknown,single,primary,1772,no,no,telephone,jan,2065,1,no
36,blue-collar,married,unknown,7033,yes,no,cellular,jul,2563,4,no
64,technician,divorced,tertiary,857,yes,no,unknown,may,2409,5,no
87,admin.,divorced,secondary,-143,no,no,cellular,mar,413,14,no
40,retired,single,primary,1490,no,yes,cellular,may,2244,13,no
35,blue-collar,single,secondary,6025,no,no,cellular,sep,1771,8,no
27,unknown,single,unknown,3802,yes,no,telephone,jan,200,13,no
61,technician,married,tertiary,3228,no,no,cellular,sep,1980,14,no
49,unknown,single,tertiary,747,yes,no,unknown,mar,1425,8,no
83,blue-collar,single,primary,783,yes,no,cellular,may,2726,3,no
28,unknown,single,secondary,5577,no,no,telephone,may,2792,12,no
36,student,single,primary,227,yes,no,cellular,jul,911,7,no
75,services,divorced,unknown,6,yes,no,telephone,sep,238,12,no
47,management,single,unknown,-3301,yes,no,telephone,sep,737,8,no
50,services,single,secondary,-2961,no,no,cellular,mar,2743,14,no
48,management,single,primary,4584,no,yes,unknown,jul,2654,12,no
67,unknown,divorced,unknown,-4272,yes,yes,unknown,nov,42,6,yes
55,student,divorced,tertiary,5909,no,no,unknown,apr,1058,1,no
25,retired,single,secondary,684,yes,no,unknown,oct,1231,8,yes
43,retired,married,secondary,2432,no,no,cellular,oct,2210,7,no
63,admin.,married,secondary,4373,yes,no,telephone,sep,218,9,no
55,services,married,primary,-287,yes,no,telephone,nov,175,4,no
60,student,divorced,tertiary,3077,no,no,cellular,jan,1351,6,no
61,management,divorced,primary,-1466,no,no,cellular,jul,135,12,no
27,management,married,primary,-394,no,no,telephone,feb,324,4,yes
39,blue-collar,married,unknown,2625,no,yes,telephone,jan,2347,7,no
23,retired,single,primary,2566,yes,no,cellular,mar,2624,14,no
61,retired,divorced,primary,2411,no,no,telephone,jun,61,1,no
40,student,married,secondary,5537,no,no,unknown,dec,2593,10,yes
32,unknown,married,primary,1184,yes,no,unknown,dec,993,2,no
67,blue-collar,married,tertiary,5903,no,no,telephone,nov,141,11,no
36,admin.,single,tertiary,1569,yes,yes,cellular,oct,539,3,yes
29,retired,divorced,secondary,3089,no,no,unknown,mar,1125,2,no
23,unknown,married,unknown,3452,no,yes,unknown,oct,1906,1,no
39,technician,single,unknown,-14,yes,no,telephone,oct,1020,5,no
78,services,married,tertiary,1989,yes,no,telephone,jul,921,5,no
36,admin.,married,secondary,-2667,yes,no,telephone,jul,1477,5,yes
47,unknown,single,tertiary,1703,yes,no,unknown,apr,819,13,no
52,technician,married,secondary,1596,no,yes,telephone,oct,651,1,no
38,technician,divorced,secondary,2906,no,no,cellular,mar,2590,9,no
69,blue-collar,married,tertiary,1053,yes,no,cellular,mar,1218,3,no
64,management,single,tertiary,6398,no,no,cellular,jun,61,4,no
19,student,single,tertiary,-3356,no,no,cellular,sep,2770,12,no
43,admin.,divorced,primary,-1890,yes,no,cellular,jan,622,2,no
74,technician,married,tertiary,-1279,no,no,telephone,dec,1066,13,yes
52,admin.,married,primary,1288,yes,no,telephone,nov,1835,4,no
25,admin.,divorced,secondary,-782,yes,no,telephone,aug,994,12,no
43,management,married,tertiary,-1881,no,no,telephone,mar,256,12,no
44,technician,married,primary,-13,no,no,telephone,dec,707,12,no
37,admin.,divorced,unknown,-2724,yes,no,unknown,jul,2208,3,yes
34,services,divorced,tertiary,2417,yes,no,cellular,nov,1961,14,no
85,retired,divorced,unknown,2259,yes,no,unknown,sep,2453,11,yes
70,admin.,single,secondary,-2153,yes,yes,cellular,jan,1322,7,no
18,retired,married,secondary,3839,yes,no,unknown,apr,2853,12,no
79,blue-collar,married,primary,-2336,no,no,telephone,dec,965,14,yes
40,unknown,married,unknown,-111,yes,no,unknown,nov,2483,10,no
35,services,married,secondary,2032,no,yes,telephone,feb,730,6,yes
64,unknown,divorced,primary,1583,yes,yes,telephone,jan,2344,8,yes
83,services,single,primary,-2976,yes,no,cellular,jun,2181,11,yes
50,blue-collar,married,primary,2647,yes,no,telephone,oct,453,4,no
82,management,married,primary,1267,no,no,cellular,jul,530,8,no
52,unknown,single,tertiary,6705,yes,no,unknown,jun,91,10,no
53,services,single,secondary,3066,yes,no,cellular,sep,2815,10,yes
58,admin.,divorced,tertiary,5518,no,no,unknown,mar,1475,8,no
84,technician,divorced,primary,-1239,yes,yes,unknown,aug,1704,6,no
71,services,single,secondary,-3018,yes,no,unknown,apr,2237,1,no
63,management,divorced,tertiary,5112,yes,no,unknown,oct,1680,12,yes
25,retired,divorced,tertiary,2375,yes,no,cellular,feb,246,14,no
32,management,married,unknown,6519,yes,no,cellular,feb,1668,11,no
22,blue-collar,married,primary,4549,no,no,telephone,jan,2784,11,yes
46,blue-collar,married,secondary,4391,yes,no,unknown,dec,232,11,no
41,student,single,unknown,2676,yes,no,cellular,aug,1675,1,no
19,management,single,tertiary,-998,yes,no,cellular,nov,2707,12,yes
49,blue-collar,married,tertiary,-1431,yes,no,cellular,jan,747,6,no
33,unknown,divorced,unknown,-4274,no,no,telephone,sep,1160,3,no
75,retired,single,unknown,-66,yes,no,unknown,dec,2378,9,yes
48,services,married,tertiary,1371,yes,yes,cellular,may,432,3,no
18,services,divorced,tertiary,1119,no,no,telephone,mar,443,13,no
68,blue-collar,divorced,unknown,1446,yes,no,telephone,oct,1440,10,yes
62,blue-collar,divorced,unknown,-4560,yes,no,cellular,dec,50,9,yes
69,retired,divorced,tertiary,1954,no,no,telephone,nov,1053,10,no
41,admin.,married,unknown,5681,no,yes,unknown,dec,864,3,no
84,blue-collar,married,primary,-828,yes,no,cellular,jun,1924,7,no
49,services,single,secondary,-2616,no,no,cellular,may,1883,10,no
60,technician,divorced,unknown,-3007,no,no,cellular,nov,19,10,no
57,technician,single,secondary,-372,yes,no,cellular,aug,2111,8,no
58,unknown,divorced,unknown,346,yes,no,telephone,dec,1109,1,no
33,technician,married,secondary,1924,no,no,cellular,may,918,7,no
50,retired,married,unknown,3550,yes,yes,unknown,oct,1698,14,no
32,technician,married,secondary,-1313,no,no,unknown,apr,0,9,no
34,unknown,single,unknown,-62,no,no,cellular,apr,2331,10,no
71,services,divorced,secondary,-3205,yes,no,cellular,dec,1782,13,no
72,services,married,secondary,2982,no,no,telephone,dec,72,13,no
76,blue-collar,divorced,unknown,290,no,no,cellular,nov,1513,1,no
59,services,married,unknown,709,no,no,unknown,nov,2595,11,no
36,services,married,tertiary,5029,yes,no,unknown,apr,1387,6,no
25,services,single,primary,1663,no,no,cellular,nov,1535,3,no
62,retired,divorced,tertiary,6108,no,no,telephone,apr,1745,8,no
79,retired,married,secondary,3458,no,no,cellular,may,127,14,no
54,retired,divorced,primary,166,no,no,unknown,sep,1113,8,no
37,retired,divorced,primary,-1759,no,no,cellular,jan,708,3,no
59,unknown,married,unknown,920,no,yes,unknown,mar,2745,12,no
29,technician,married,tertiary,4222,no,no,telephone,oct,47,11,no
78,retired,single,primary,-2524,no,no,cellular,aug,2665,9,no
44,student,divorced,unknown,-328,yes,no,cellular,sep,1583,1,no
59,technician,single,tertiary,-959,no,no,cellular,mar,1660,1,no
65,admin.,single,unknown,187,yes,no,unknown,jul,777,2,no
78,unknown,married,unknown,2486,yes,yes,telephone,may,933,6,no
41,student,married,tertiary,1929,yes,no,telephone,jul,4,13,no
51,blue-collar,married,primary,1873,yes,no,telephone,mar,621,8,yes
44,admin.,single,primary,-2526,yes,yes,telephone,may,327,8,no
22,management,single,unknown,3367,yes,no,telephone,jun,1615,9,no
39,services,divorced,secondary,4174,yes,no,cellular,oct,2131,9,no
29,management,married,tertiary,713,yes,no,telephone,jun,2183,5,yes
70,services,divorced,tertiary,-1121,no,no,telephone,feb,146,13,no
63,services,divorced,tertiary,3670,no,yes,unknown,aug,1514,12,no
25,blue-collar,divorced,tertiary,5134,yes,no,telephone,may,2275,4,no
44,management,single,secondary,2451,no,no,telephone,jun,2832,12,no
19,student,divorced,secondary,-641,yes,no,telephone,may,2404,10,no
50,blue-collar,single,tertiary,-1577,no,no,telephone,nov,899,11,yes
34,blue-collar,married,unknown,2981,no,no,telephone,jul,342,14,no
69,services,single,unknown,-2985,yes,no,unknown,feb,592,9,no
83,management,married,primary,-2512,no,no,telephone,oct,2145,10,no
61,management,single,primary,1989,yes,no,unknown,may,1910,6,no
27,retired,divorced,unknown,5793,no,no,cellular,aug,2767,1,no
69,admin.,divorced,primary,4618,no,no,cellular,nov,1026,11,no
54,services,divorced,unknown,2463,no,no,cellular,jan,2865,13,no
20,services,single,primary,-4450,no,no,unknown,jan,1279,5,no
23,student,married,secondary,-5480,yes,yes,telephone,sep,1671,5,no
83,technician,married,unknown,913,yes,no,unknown,oct,2438,5,no
70,admin.,married,tertiary,6341,yes,no,cellular,nov,13,14,no
43,unknown,divorced,tertiary,-1098,no,no,cellular,jan,729,3,no
18,admin.,single,tertiary,3815,no,no,unknown,jun,1408,3,no
67,services,single,tertiary,2265,no,yes,cellular,may,1733,14,yes
49,services,single,primary,-207,yes,no,cellular,oct,2151,3,no
47,blue-collar,divorced,primary,250,yes,no,unknown,nov,2697,9,no
19,blue-collar,single,tertiary,-3315,no,no,unknown,may,843,12,no
32,admin.,single,secondary,2631,no,no,unknown,mar,673,2,no
35,student,single,secondary,-434,yes,yes,cellular,jul,1974,3,no
56,blue-collar,married,tertiary,3776,yes,no,unknown,feb,2126,14,no
61,unknown,single,primary,769,no,no,cellular,apr,2232,11,no
24,services,married,primary,570,yes,no,cellular,apr,1405,14,no
84,admin.,married,tertiary,-4520,yes,no,unknown,oct,2079,9,no
21,unknown,single,tertiary,2207,yes,no,unknown,may,1132,5,no
65,unknown,divorced,tertiary,2830,no,no,unknown,apr,872,5,no
37,services,single,primary,4925,no,no,unknown,aug,894,6,no
87,unknown,single,tertiary,-966,yes,no,unknown,jan,2774,13,no
47,student,married,tertiary,2142,no,yes,telephone,jun,943,2,no
59,retired,married,unknown,2519,yes,no,cellular,nov,467,12,no
35,technician,divorced,primary,-2174,no,no,cellular,nov,2108,12,no
41,management,single,unknown,-353,no,no,telephone,feb,328,14,no
87,technician,single,unknown,-1923,no,yes,telephone,nov,1899,7,no
77,blue-collar,single,secondary,-1689,yes,yes,unknown,oct,413,2,no
19,student,divorced,unknown,292,yes,no,cellular,nov,25,8,no
65,student,divorced,tertiary,-538,yes,no,unknown,feb,1487,8,no
78,management,married,primary,1352,no,no,cellular,oct,1754,9,yes
63,technician,single,tertiary,3154,yes,no,telephone,jun,903,4,no
47,student,single,secondary,3058,no,no,cellular,oct,1970,13,no
47,services,divorced,primary,3602,yes,no,cellular,mar,1383,3,no
70,admin.,single,secondary,656,yes,no,cellular,may,1883,14,no
81,management,married,tertiary,-42,yes,yes,unknown,jan,1489,10,yes
81,retired,divorced,tertiary,-2047,yes,no,telephone,oct,1619,9,no
58,admin.,married,secondary,3359,yes,no,cellular,nov,404,5,yes
59,retired,single,tertiary,4134,no,no,cellular,mar,488,1,no
68,retired,married,tertiary,4908,yes,no,telephone,oct,193,2,no
52,student,married,unknown,2280,no,no,telephone,nov,1362,9,no
21,management,divorced,tertiary,93,yes,no,telephone,sep,1397,9,no
62,technician,divorced,tertiary,-1642,no,no,unknown,nov,774,8,no
74,management,married,unknown,-2353,yes,no,telephone,mar,2836,14,no
86,technician,divorced,primary,-4092,no,no,telephone,sep,727,2,no
38,student,single,secondary,4279,yes,no,telephone,nov,513,6,no
23,management,single,tertiary,2471,yes,no,unknown,oct,1779,4,no
59,retired,married,secondary,7941,no,no,unknown,oct,909,10,no
57,retired,divorced,unknown,1063,yes,no,cellular,dec,494,10,no
67,student,married,tertiary,1560,yes,no,unknown,nov,2663,14,no
51,technician,married,primary,2413,yes,no,unknown,oct,1095,3,no
65,admin.,single,primary,3075,yes,no,unknown,apr,1972,8,no
75,unknown,single,primary,-491,yes,no,cellular,aug,2192,11,no
33,unknown,single,secondary,1283,no,no,cellular,jun,1667,13,no
25,student,divorced,primary,3559,yes,no,telephone,dec,2298,3,no
72,technician,divorced,primary,5853,yes,yes,cellular,feb,2463,10,no
62,technician,divorced,unknown,-1162,yes,no,telephone,may,2659,10,no
28,blue-collar,divorced,secondary,1946,no,no,unknown,oct,1431,2,no
39,student,single,unknown,1657,no,no,cellular,nov,2431,8,yes
56,unknown,divorced,primary,625,yes,no,telephone,jun,2106,2,no
71,unknown,married,primary,4232,no,yes,cellular,sep,455,12,no
55,blue-collar,single,tertiary,7784,no,no,unknown,mar,1403,14,no
22,technician,married,secondary,2426,yes,no,cellular,dec,778,11,no
72,blue-collar,divorced,unknown,-787,no,no,cellular,jul,921,14,no
76,student,divorced,unknown,-2593,no,no,unknown,mar,1288,1,yes
20,admin.,single,secondary,1194,no,no,telephone,feb,1602,13,no
18,retired,single,tertiary,4042,no,no,cellular,may,2530,3,no
27,admin.,divorced,secondary,819,no,no,unknown,apr,2833,9,no
79,student,single,secondary,2126,yes,no,telephone,may,37,10,no
83,blue-collar,divorced,primary,6872,no,no,telephone,nov,1436,9,no
51,retired,single,tertiary,3215,no,no,cellular,sep,2329,14,no
47,management,divorced,secondary,1559,no,no,cellular,jul,2576,14,no
82,blue-collar,married,primary,-2366,yes,no,telephone,jul,2539,2,no
35,student,married,primary,3653,no,no,unknown,sep,392,5,yes
18,services,single,tertiary,2963,yes,no,cellular,mar,1703,6,no
77,student,divorced,secondary,3712,no,no,telephone,jan,1626,2,no
82,services,single,primary,-2108,no,no,telephone,may,156,8,no
74,student,single,tertiary,1312,yes,no,unknown,aug,2415,5,no
56,services,married,tertiary,3024,no,no,telephone,nov,1668,14,no
87,admin.,single,unknown,-2709,yes,no,unknown,dec,2540,5,no
22,student,divorced,secondary,1770,yes,no,unknown,aug,919,7,no
79,management,married,primary,4441,no,no,cellular,jun,47,7,no
86,services,single,secondary,-397,no,no,unknown,sep,936,11,no
55,admin.,single,tertiary,4366,yes,no,telephone,apr,1172,13,no
37,management,married,tertiary,1477,yes,no,unknown,feb,1122,7,no
32,blue-collar,married,secondary,1671,no,no,telephone,aug,106,6,no
30,blue-collar,divorced,unknown,4156,yes,no,cellular,jun,156,6,no
25,management,single,unknown,-512,yes,no,cellular,apr,1072,12,no
22,unknown,divorced,tertiary,-2220,yes,no,cellular,nov,685,10,no
55,services,married,unknown,656,no,no,unknown,nov,1666,14,no
54,student,married,primary,2319,yes,no,cellular,nov,1533,9,no
25,retired,divorced,unknown,2380,yes,no,unknown,aug,2053,14,no
65,student,divorced,primary,2284,yes,no,unknown,dec,1029,3,no
55,services,married,unknown,-684,yes,no,unknown,jan,926,10,yes
39,admin.,single,primary,2731,no,no,unknown,nov,2424,2,no
80,services,married,tertiary,1106,yes,no,telephone,jan,2742,6,no
66,management,married,tertiary,5675,yes,yes,unknown,apr,2570,14,no
44,management,married,primary,3890,no,no,cellular,jul,1538,10,no
77,blue-collar,divorced,primary,2854,yes,no,unknown,may,291,9,no
86,admin.,divorced,primary,892,yes,no,cellular,jan,1354,12,no
49,unknown,single,primary,403,yes,no,telephone,sep,2484,3,no
61,technician,divorced,unknown,766,no,no,telephone,jun,1878,10,no
85,blue-collar,divorced,unknown,2171,no,no,unknown,mar,2818,1,no
49,services,single,secondary,4140,no,no,telephone,jan,1460,9,no
25,unknown,divorced,unknown,-2706,yes,no,unknown,oct,1011,13,no
46,blue-collar,married,primary,-3,yes,no,unknown,aug,191,5,no
69,student,single,secondary,4890,no,no,cellular,aug,1099,12,no
86,technician,divorced,primary,-197,yes,yes,cellular,oct,1757,14,no
69,student,single,tertiary,-969,yes,yes,cellular,jul,1738,7,no
85,technician,single,secondary,4390,yes,no,telephone,jan,387,13,no
57,admin.,married,secondary,2805,no,no,unknown,dec,1014,13,no
69,retired,married,tertiary,2019,yes,no,unknown,jun,944,5,no
27,unknown,divorced,tertiary,3108,yes,no,telephone,sep,2944,4,no
77,unknown,married,secondary,604,yes,no,telephone,mar,2759,3,no
56,blue-collar,divorced,unknown,1496,yes,no,unknown,jan,2120,14,no
19,admin.,divorced,unknown,1662,no,no,cellular,jun,2570,5,no
29,admin.,divorced,unknown,489,no,no,telephone,jan,68,8,no
69,technician,married,primary,472,no,no,telephone,apr,2201,2,no
23,retired,married,tertiary,-1059,no,yes,unknown,nov,1548,6,no
62,management,divorced,unknown,-1,no,yes,telephone,jun,2640,14,no
55,student,single,primary,171,no,no,telephone,apr,531,1,no
50,admin.,married,tertiary,-3830,no,yes,unknown,jan,2027,1,no
60,services,divorced,primary,3085,yes,no,unknown,mar,1684,2,no
64,unknown,single,tertiary,2147,yes,no,telephone,nov,949,6,yes
74,services,divorced,secondary,5553,yes,no,telephone,jul,2278,3,no
55,unknown,married,primary,-2291,no,no,telephone,jun,1310,9,no
32,unknown,married,primary,-1439,yes,no,unknown,sep,1274,7,no
79,blue-collar,divorced,primary,4018,yes,no,cellular,dec,688,5,no
83,unknown,married,unknown,-1987,yes,no,telephone,jul,116,1,no
31,technician,single,unknown,1266,yes,no,unknown,apr,1613,13,no
57,student,divorced,tertiary,711,yes,no,telephone,sep,1208,7,no
51,unknown,divorced,unknown,5686,yes,no,unknown,feb,1578,7,no
63,student,single,primary,1250,yes,no,cellular,jun,942,14,yes
22,student,married,primary,1239,yes,no,unknown,mar,488,2,no
29,blue-collar,divorced,primary,2012,yes,no,unknown,nov,732,11,yes
29,services,married,secondary,-1016,no,no,cellular,oct,2457,1,no
74,management,married,primary,-30,no,no,cellular,sep,836,14,no
61,technician,single,unknown,-1684,yes,no,telephone,sep,55,4,yes
64,retired,single,tertiary,3212,no,no,cellular,jun,502,11,no
40,unknown,married,primary,3331,yes,no,cellular,feb,599,9,no
30,management,divorced,secondary,-971,no,no,cellular,oct,2930,7,no
24,management,single,unknown,675,yes,yes,telephone,aug,483,10,no
53,student,single,tertiary,1841,yes,no,unknown,jan,1882,4,no
70,unknown,married,primary,-2484,yes,no,unknown,dec,43,10,no
45,unknown,single,secondary,2892,yes,no,telephone,dec,217,14,no
86,unknown,single,unknown,-1600,yes,no,unknown,dec,719,5,no
87,technician,married,tertiary,-3341,yes,yes,cellular,apr,2234,8,no
22,technician,single,tertiary,1562,yes,no,cellular,feb,393,9,no
86,student,married,secondary,3092,no,no,telephone,feb,892,6,no
71,student,divorced,unknown,3913,yes,yes,telephone,oct,676,14,no
59,retired,married,secondary,2689,no,no,unknown,may,1668,12,no
31,services,divorced,primary,-511,yes,no,unknown,oct,1555,4,no
44,services,single,primary,6574,no,no,unknown,sep,2456,12,no
75,technician,divorced,unknown,1576,yes,no,telephone,oct,1491,11,no
51,retired,single,unknown,-1196,no,no,telephone,feb,1674,7,no
81,retired,single,primary,4108,no,yes,cellular,sep,2225,7,yes
36,services,divorced,tertiary,2211,no,yes,telephone,apr,531,7,no
39,technician,single,primary,7089,no,no,telephone,mar,380,3,no
72,services,divorced,primary,5732,no,no,telephone,apr,2820,13,no
26,management,married,unknown,288,no,no,telephone,aug,280,6,no
53,services,married,secondary,-2019,yes,no,telephone,jan,1846,5,no
41,technician,divorced,tertiary,3,yes,no,telephone,feb,294,8,no
56,unknown,married,secondary,-5081,no,no,cellular,feb,2693,13,no
29,management,divorced,tertiary,1499,no,yes,unknown,nov,537,9,no
21,admin.,married,primary,4150,no,yes,telephone,jun,997,12,no
71,blue-collar,married,secondary,1468,no,yes,unknown,mar,2680,4,no
23,blue-collar,single,tertiary,2741,yes,no,cellular,feb,1289,3,no
44,blue-collar,divorced,primary,3562,yes,no,unknown,jan,2908,7,no
33,services,single,secondary,5583,no,no,cellular,nov,1614,2,no
66,admin.,married,tertiary,1864,yes,no,cellular,apr,1284,6,no
48,management,single,secondary,790,no,no,telephone,feb,91,2,no
87,technician,single,secondary,-198,yes,no,telephone,dec,118,8,no
48,management,divorced,secondary,5887,no,yes,telephone,feb,1654,13,no
36,blue-collar,married,secondary,-256,yes,no,cellular,mar,357,9,no
77,management,married,tertiary,6586,no,no,unknown,apr,2021,10,no
75,management,married,secondary,476,yes,no,unknown,oct,2974,10,no
72,student,single,unknown,-941,no,no,unknown,aug,1140,4,no
49,unknown,divorced,secondary,2597,no,no,cellular,aug,1654,10,no
62,admin.,divorced,secondary,2088,no,yes,unknown,sep,1567,8,no
37,management,divorced,tertiary,-3244,no,no,cellular,jul,2251,7,no
20,management,married,tertiary,3354,yes,no,telephone,mar,2242,5,yes
24,management,single,primary,-3756,no,yes,cellular,feb,1632,4,no
56,services,divorced,tertiary,6479,no,no,unknown,mar,2924,14,yes
34,services,single,tertiary,-2576,yes,no,cellular,feb,94,7,no
86,management,divorced,primary,2226,yes,no,telephone,mar,397,5,no
22,retired,divorced,tertiary,2919,no,yes,telephone,jun,1309,2,no
52,admin.,married,unknown,4097,no,yes,unknown,nov,2810,3,no
57,technician,single,secondary,-2619,yes,no,cellular,jun,2850,12,no
56,unknown,single,primary,2862,no,no,telephone,jun,1266,7,no
53,retired,divorced,tertiary,-1596,yes,no,telephone,apr,1120,11,no
21,management,married,primary,2102,no,no,unknown,oct,888,1,yes
64,unknown,married,tertiary,-4023,no,yes,cellular,dec,598,2,no
36,unknown,divorced,unknown,2867,yes,no,cellular,nov,1849,12,no
36,admin.,single,secondary,5061,no,no,telephone,dec,1707,10,yes
60,unknown,single,tertiary,605,yes,no,unknown,aug,1230,10,yes
72,technician,single,unknown,1659,yes,no,cellular,jul,1946,7,no
78,technician,married,secondary,3130,yes,no,unknown,jun,2736,10,no
77,admin.,married,secondary,2352,yes,no,telephone,jul,2547,12,no
71,services,single,tertiary,-3077,yes,no,telephone,dec,2419,5,no
48,retired,married,unknown,-2017,no,no,telephone,aug,983,6,no
76,blue-collar,divorced,secondary,268,no,no,cellular,feb,2945,8,no
81,student,divorced,tertiary,1720,no,no,telephone,jun,974,7,no
73,technician,divorced,secondary,73,yes,no,telephone,mar,719,4,no
18,blue-collar,divorced,primary,1672,yes,no,cellular,oct,1603,3,no
61,retired,divorced,unknown,4225,no,no,unknown,jun,243,13,no
82,unknown,married,primary,388,no,no,telephone,apr,2810,3,no
55,retired,married,secondary,-1689,no,no,unknown,apr,2510,9,no
23,student,single,tertiary,2795,no,no,cellular,oct,769,12,no
43,unknown,single,secondary,4833,no,no,unknown,oct,2581,13,no
66,retired,divorced,primary,2203,yes,no,cellular,mar,674,3,no
74,services,single,primary,92,no,no,unknown,apr,2354,1,no
61,management,married,secondary,910,yes,yes,telephone,dec,1029,11,yes
48,services,married,unknown,54,yes,no,unknown,nov,98,7,no
54,blue-collar,married,secondary,2211,no,no,cellular,jan,1467,6,no
55,student,divorced,secondary,-4503,no,no,telephone,oct,969,9,no
87,technician,divorced,unknown,1669,no,no,unknown,oct,1616,14,no
87,admin.,divorced,tertiary,909,no,no,unknown,sep,61,6,no
49,admin.,single,unknown,3920,no,yes,unknown,jul,290,3,no
37,blue-collar,married,secondary,-2575,no,yes,telephone,jul,1229,5,no
34,technician,married,tertiary,-1818,no,yes,cellular,sep,2893,3,no
47,retired,divorced,tertiary,2389,yes,no,cellular,dec,301,10,yes
29,retired,single,unknown,5046,yes,no,cellular,jun,2321,5,no
23,student,divorced,tertiary,996,yes,no,unknown,nov,2979,14,no
40,blue-collar,divorced,secondary,752,yes,no,cellular,jan,2493,14,yes
41,student,divorced,unknown,-792,yes,yes,cellular,mar,1133,3,no
70,student,single,secondary,1508,yes,no,cellular,dec,1538,14,no
80,student,single,unknown,-1301,yes,no,telephone,jan,1144,7,no
41,student,divorced,tertiary,-2317,no,no,unknown,jan,66,1,no
36,services,divorced,primary,2914,yes,no,unknown,nov,2015,3,no
45,admin.,divorced,tertiary,-1039,no,no,cellular,aug,812,1,no
76,technician,divorced,unknown,3268,no,no,unknown,jan,2727,1,no
40,unknown,divorced,primary,1223,yes,no,unknown,feb,1197,4,no
55,blue-collar,divorced,secondary,4137,yes,no,telephone,aug,38,3,no
50,unknown,divorced,unknown,-1635,yes,yes,telephone,feb,2918,11,no
55,retired,divorced,secondary,3630,yes,yes,telephone,oct,2046,2,no
53,retired,single,tertiary,1423,yes,no,unknown,jan,1494,1,no
86,services,single,tertiary,-2741,no,yes,telephone,jan,1193,4,no
27,blue-collar,divorced,primary,-615,no,no,unknown,jan,1070,3,no
50,admin.,divorced,tertiary,-532,no,no,unknown,mar,535,6,yes
63,technician,married,primary,2500,yes,no,telephone,dec,2402,9,no
39,management,single,tertiary,-1272,yes,no,cellular,oct,215,13,no
52,technician,divorced,tertiary,-2053,no,yes,telephone,mar,1324,2,no
63,unknown,married,secondary,268,no,no,telephone,sep,2407,13,no
73,management,single,secondary,3984,yes,no,unknown,nov,190,6,no
53,admin.,single,tertiary,1748,no,no,cellular,apr,2585,3,yes
67,management,single,unknown,592,yes,no,cellular,may,1866,2,no
51,blue-collar,married,secondary,3039,yes,yes,unknown,apr,1954,2,no
48,services,single,unknown,-1326,no,no,telephone,may,150,10,no
80,retired,married,primary,6409,no,no,unknown,dec,2444,14,no
44,management,married,unknown,6053,no,no,telephone,may,2468,13,no
69,unknown,single,tertiary,75,yes,no,cellular,feb,1214,7,no
33,services,married,primary,1637,no,no,telephone,feb,2377,4,no
47,admin.,married,tertiary,1062,yes,no,telephone,jun,71,8,no
29,blue-collar,divorced,tertiary,-101,no,no,unknown,aug,2176,11,no
30,student,married,primary,3929,yes,no,telephone,may,2659,5,no
40,services,married,unknown,-2735,no,no,cellular,jul,618,12,no
23,blue-collar,married,tertiary,317,no,no,cellular,jul,2562,14,no
61,blue-collar,married,primary,2783,no,yes,cellular,jul,2854,10,no
35,blue-collar,single,unknown,5711,no,no,cellular,jun,1304,14,no
62,retired,married,unknown,5161,no,no,telephone,jul,2702,13,no
86,blue-collar,single,secondary,-575,yes,yes,cellular,mar,618,14,no
82,management,married,unknown,-852,no,no,cellular,mar,1632,4,no
26,unknown,married,secondary,171,yes,no,telephone,oct,922,10,no
61,retired,married,primary,5347,yes,yes,unknown,nov,642,4,no
87,technician,divorced,primary,2471,no,no,cellular,aug,1197,11,no
66,retired,married,tertiary,9310,yes,no,telephone,feb,2957,1,no
62,admin.,married,primary,3106,no,no,cellular,jul,2644,3,no
74,retired,divorced,primary,6054,yes,no,telephone,mar,2908,2,no
52,student,divorced,primary,1076,yes,no,telephone,dec,262,5,no
67,blue-collar,single,tertiary,-964,no,no,cellular,apr,1406,2,no
77,student,married,secondary,8065,no,no,telephone,sep,2927,4,no
59,unknown,divorced,secondary,-2361,no,no,cellular,nov,1664,5,no
39,blue-collar,married,primary,2111,no,no,unknown,jun,2654,7,no
71,blue-collar,divorced,secondary,1673,no,yes,cellular,jun,2733,6,no
21,unknown,single,secondary,-316,no,no,telephone,oct,2390,1,no
65,technician,married,primary,2347,yes,no,telephone,nov,1240,4,no
30,unknown,divorced,unknown,917,no,no,telephone,nov,2590,13,no
19,management,divorced,unknown,-1094,no,yes,telephone,dec,1266,7,no
74,admin.,divorced,secondary,-2268,yes,no,cellular,mar,1363,14,no
74,unknown,married,primary,2570,yes,no,cellular,feb,2633,11,no
58,technician,divorced,tertiary,-857,no,no,unknown,may,2019,8,no
19,retired,divorced,primary,-126,yes,no,unknown,sep,93,12,no
50,management,married,tertiary,-974,no,no,cellular,sep,532,6,no
49,unknown,divorced,primary,-898,no,no,cellular,jul,1386,4,no
71,services,married,unknown,916,no,no,unknown,sep,758,11,no
78,student,single,tertiary,-2152,yes,no,unknown,sep,2570,8,no
51,admin.,single,secondary,450,no,no,cellular,mar,1828,7,no
66,blue-collar,married,tertiary,2937,no,no,telephone,oct,2945,3,yes
51,retired,divorced,unknown,3033,yes,no,cellular,jun,1300,7,no
82,blue-collar,single,primary,-74,yes,no,cellular,jun,397,9,no
82,student,single,unknown,-722,yes,no,telephone,jun,2762,11,no
69,student,married,unknown,4654,yes,no,telephone,sep,1896,10,no
58,management,divorced,secondary,2464,yes,no,telephone,apr,887,1,no
52,blue-collar,married,unknown,2769,yes,no,unknown,sep,1160,3,no
63,admin.,divorced,unknown,4845,no,no,telephone,apr,350,11,no
43,student,married,tertiary,4261,no,yes,telephone,oct,858,12,no
62,technician,married,unknown,3804,yes,no,cellular,aug,2166,3,no
19,student,single,primary,-3620,no,yes,unknown,feb,1877,6,no
37,retired,married,unknown,-267,no,no,unknown,oct,550,6,no
68,services,divorced,secondary,-2460,yes,yes,telephone,mar,2408,8,no
87,retired,divorced,secondary,5112,yes,no,cellular,nov,799,6,no
31,management,single,secondary,346,yes,yes,unknown,may,1288,9,no
20,technician,divorced,unknown,-801,yes,no,unknown,jan,2187,14,no
42,unknown,divorced,secondary,2206,yes,no,cellular,feb,71,6,yes
40,retired,married,tertiary,3095,no,yes,telephone,apr,603,12,no
87,unknown,divorced,tertiary,2670,yes,yes,cellular,aug,1002,8,no
42,blue-collar,divorced,primary,1388,no,yes,cellular,sep,1548,3,no
82,blue-collar,divorced,unknown,4692,yes,no,cellular,sep,2442,5,no
86,admin.,single,primary,404,no,no,telephone,jul,1171,3,no
18,management,divorced,primary,-2871,yes,no,telephone,sep,584,11,no
59,retired,single,secondary,236,yes,no,telephone,nov,1872,4,no
37,retired,divorced,secondary,127,yes,no,unknown,feb,402,2,no
44,services,divorced,tertiary,3138,no,no,cellular,dec,2687,10,no
47,student,divorced,primary,3956,yes,no,cellular,dec,133,6,no
40,blue-collar,married,unknown,-773,yes,yes,cellular,feb,352,12,no
30,admin.,married,primary,-4655,no,no,cellular,apr,1172,3,no
24,student,single,primary,6872,no,no,unknown,feb,2327,7,no
28,services,divorced,tertiary,1918,no,no,cellular,sep,804,12,no
20,admin.,single,secondary,-4399,yes,yes,unknown,aug,2872,11,no
46,services,single,primary,-3209,no,no,cellular,apr,2762,8,no
28,blue-collar,single,tertiary,2008,yes,no,telephone,jun,522,4,no
31,student,single,tertiary,-67,yes,no,unknown,feb,1803,6,no
50,management,married,secondary,4849,yes,no,telephone,apr,986,12,no
59,blue-collar,divorced,secondary,-56,no,no,cellular,feb,1763,8,no
38,management,single,tertiary,1170,yes,no,telephone,apr,2130,11,no
51,management,single,unknown,-300,no,no,telephone,jan,283,11,no
86,retired,married,secondary,996,no,no,cellular,aug,2082,11,no
79,services,divorced,secondary,1555,no,no,cellular,mar,1673,2,no
37,blue-collar,single,primary,5136,yes,no,telephone,mar,2670,2,yes
67,management,married,tertiary,2232,yes,no,cellular,jan,293,9,no
76,technician,divorced,primary,1628,no,yes,telephone,feb,2647,2,no
57,unknown,single,unknown,3478,yes,no,cellular,sep,556,10,no
77,unknown,divorced,tertiary,5064,yes,no,unknown,nov,2964,7,yes
40,technician,divorced,secondary,-2335,yes,no,cellular,jun,1100,4,no
33,admin.,single,primary,-462,yes,no,cellular,sep,1122,11,no
47,blue-collar,married,secondary,1969,no,no,unknown,oct,2865,13,no
33,admin.,single,primary,1393,no,no,cellular,nov,2854,5,no
60,management,divorced,unknown,-322,no,no,cellular,jan,2794,9,no
67,retired,single,secondary,-4082,no,yes,telephone,mar,137,3,yes
80,retired,married,unknown,602,no,yes,unknown,apr,757,3,no
85,technician,divorced,unknown,2448,no,no,cellular,feb,1339,3,no
52,unknown,single,primary,5432,yes,no,unknown,oct,1148,5,no
55,services,divorced,tertiary,1477,no,no,telephone,sep,939,5,no
18,unknown,married,unknown,1419,yes,no,cellular,jan,2891,6,no
44,services,divorced,primary,-796,yes,no,telephone,jun,133,13,no
38,blue-collar,married,unknown,1404,no,yes,unknown,aug,1844,4,no
20,retired,single,tertiary,5,no,no,cellular,dec,2480,6,yes
21,admin.,divorced,unknown,2981,no,no,telephone,aug,464,11,no
73,blue-collar,married,unknown,2678,no,no,cellular,oct,762,3,no
26,student,married,primary,5358,yes,no,unknown,sep,2791,11,no
35,services,married,unknown,2191,no,no,telephone,apr,2182,6,no
61,blue-collar,married,primary,2911,no,yes,unknown,dec,2611,11,no
31,retired,married,unknown,-2438,yes,no,unknown,nov,326,5,no
58,technician,divorced,tertiary,2347,yes,no,telephone,mar,720,2,no
32,blue-collar,single,tertiary,3470,yes,no,telephone,feb,2812,1,yes
43,blue-collar,single,unknown,1722,yes,no,telephone,oct,274,6,no
65,admin.,married,secondary,1276,no,no,cellular,jan,2563,4,yes
75,retired,divorced,secondary,902,no,no,unknown,oct,2244,8,no
46,technician,divorced,tertiary,6009,yes,no,unknown,may,2719,1,yes
59,retired,single,primary,-3159,yes,no,unknown,apr,593,12,no
74,retired,married,primary,4918,yes,no,telephone,dec,2103,4,no
74,blue-collar,single,unknown,2529,yes,no,unknown,may,2770,1,yes
24,management,divorced,tertiary,31,no,yes,telephone,aug,577,3,no
21,blue-collar,single,tertiary,2909,yes,no,cellular,may,2745,8,no
66,services,married,secondary,2555,no,no,unknown,aug,1477,12,no
52,retired,married,unknown,-1368,no,no,telephone,sep,291,2,no
78,admin.,divorced,tertiary,4367,no,no,telephone,jun,1065,7,no
59,student,divorced,secondary,1983,yes,yes,cellular,jan,1866,10,no
77,unknown,married,secondary,-783,yes,no,unknown,jan,464,4,yes
72,management,married,unknown,5721,no,no,telephone,jul,117,3,no
29,retired,married,secondary,3107,yes,yes,cellular,jun,1018,7,no
79,services,divorced,primary,2502,yes,no,telephone,jan,2210,10,no
59,technician,divorced,unknown,4322,no,no,unknown,sep,2754,14,no
24,services,single,primary,1491,no,yes,unknown,jun,2861,8,no
84,technician,single,unknown,3832,yes,no,telephone,aug,2287,1,no
34,admin.,single,tertiary,3660,yes,no,telephone,nov,682,5,yes
73,unknown,married,tertiary,-112,no,no,unknown,jul,1592,6,yes
44,student,divorced,primary,966,yes,no,telephone,jan,2661,11,yes
78,admin.,divorced,unknown,122,yes,no,unknown,jun,999,6,no
24,admin.,married,unknown,5319,yes,no,unknown,may,701,9,yes
82,admin.,divorced,unknown,-2728,no,yes,cellular,oct,1582,5,no
52,unknown,divorced,tertiary,2398,no,no,cellular,mar,2373,4,no
25,student,single,primary,5241,yes,yes,telephone,jun,2974,8,no
49,unknown,married,tertiary,-1994,no,yes,telephone,jun,1491,9,no
30,unknown,divorced,tertiary,1588,yes,no,unknown,sep,583,12,no
54,student,single,primary,4799,yes,no,telephone,mar,2456,14,no
73,management,single,unknown,404,no,no,telephone,jul,664,12,no
25,student,divorced,secondary,1817,no,no,telephone,apr,2484,6,no
73,admin.,married,primary,793,yes,no,unknown,nov,2452,6,no
74,technician,divorced,unknown,-1248,no,no,cellular,dec,2161,5,yes
25,services,divorced,tertiary,352,yes,yes,cellular,feb,1557,9,no
76,admin.,married,primary,-396,yes,no,telephone,oct,1290,13,no
78,blue-collar,divorced,secondary,-2905,yes,yes,unknown,sep,1877,3,no
62,blue-collar,single,primary,5452,yes,no,cellular,dec,2222,8,no
39,unknown,single,secondary,2653,yes,no,cellular,feb,1328,10,yes
30,technician,single,primary,330,yes,no,telephone,apr,1038,12,no
82,unknown,single,primary,71,no,no,unknown,dec,85,12,no
73,student,divorced,unknown,218,yes,no,unknown,jul,1683,4,yes
22,unknown,divorced,secondary,-704,yes,no,telephone,nov,497,2,no
35,student,single,tertiary,315,yes,no,telephone,jul,2309,12,no
60,admin.,married,unknown,-1145,no,no,cellular,may,1909,9,no
60,admin.,divorced,tertiary,3365,no,yes,cellular,may,230,4,no
86,unknown,divorced,primary,-3812,no,no,cellular,oct,1224,3,no
65,management,divorced,unknown,1966,yes,no,unknown,dec,1225,10,no
59,services,divorced,secondary,-1074,yes,no,telephone,jan,184,12,no
41,unknown,single,tertiary,3950,yes,no,telephone,apr,2488,2,yes
26,admin.,single,unknown,920,yes,no,telephone,aug,2672,5,no
37,blue-collar,single,primary,2393,no,no,unknown,may,293,9,no
24,services,single,primary,-343,no,no,unknown,nov,2031,2,no
84,retired,married,unknown,5039,no,no,telephone,jan,600,8,no
58,unknown,single,unknown,-2081,no,no,telephone,jan,2638,14,yes
47,management,married,unknown,-463,no,no,telephone,apr,1116,8,no
68,blue-collar,divorced,unknown,-1352,no,no,unknown,may,1761,4,no
62,blue-collar,divorced,primary,1210,no,no,cellular,sep,964,7,no
74,services,divorced,unknown,1653,no,no,unknown,mar,2164,7,no
21,technician,married,primary,-2136,yes,no,unknown,aug,1174,6,no
58,blue-collar,divorced,unknown,-1554,yes,no,telephone,jun,1870,2,no
18,management,married,tertiary,-1707,no,no,telephone,mar,1786,9,no
39,services,divorced,unknown,-2703,no,no,cellular,oct,306,14,no
41,admin.,single,unknown,-522,yes,no,telephone,mar,1444,2,no
25,retired,married,secondary,6265,yes,no,telephone,may,630,11,no
84,management,married,tertiary,1793,no,no,cellular,dec,2078,2,no
64,technician,single,unknown,-458,no,no,telephone,may,195,2,no
74,blue-collar,married,unknown,648,no,no,cellular,apr,354,4,no
56,admin.,divorced,tertiary,-2964,yes,yes,cellular,jun,1668,11,yes
52,unknown,single,tertiary,-2796,yes,yes,unknown,apr,719,8,no
36,student,divorced,primary,-996,yes,no,telephone,apr,1224,1,no
33,student,divorced,tertiary,-2157,no,no,cellular,apr,1398,2,yes
84,technician,divorced,unknown,3799,yes,no,unknown,oct,737,5,yes
82,management,married,secondary,6695,yes,no,cellular,mar,2831,10,no
57,management,single,primary,3816,no,yes,telephone,feb,1430,12,no
78,admin.,married,primary,-818,no,yes,telephone,aug,1673,10,yes
72,unknown,single,primary,1425,no,yes,telephone,sep,1040,6,no
70,admin.,single,tertiary,2836,yes,no,telephone,jan,1334,7,no
60,student,married,primary,2515,yes,no,cellular,mar,2970,4,no
43,technician,divorced,unknown,5576,no,no,cellular,oct,531,6,no
28,services,single,secondary,-1954,no,yes,telephone,jul,2416,6,no
50,unknown,single,secondary,1820,yes,no,cellular,mar,500,1,yes
83,blue-collar,single,secondary,1251,yes,yes,cellular,nov,2910,10,yes
25,blue-collar,married,tertiary,450,no,no,telephone,jan,1340,3,no
58,admin.,divorced,secondary,-2964,no,no,telephone,jun,2816,12,no
51,unknown,single,unknown,-2685,yes,no,unknown,sep,465,6,no
63,technician,single,unknown,5012,yes,no,cellular,mar,2362,5,no
67,student,single,unknown,3789,yes,no,cellular,sep,477,5,yes
54,unknown,single,unknown,-1798,yes,yes,telephone,jan,810,2,no
59,services,single,unknown,-3662,yes,no,unknown,nov,434,3,no
71,services,single,secondary,1479,yes,no,unknown,jul,2525,13,no
32,admin.,divorced,tertiary,1176,yes,no,unknown,nov,1077,8,no
84,management,divorced,tertiary,-3124,yes,no,cellular,jul,1914,9,yes
53,services,single,tertiary,7157,yes,yes,telephone,feb,1379,7,no
41,unknown,single,unknown,4872,no,no,cellular,nov,1581,10,no
80,blue-collar,divorced,primary,-1623,no,no,unknown,mar,1573,4,yes
77,retired,single,primary,5073,no,no,unknown,nov,2238,7,no
29,admin.,single,unknown,2041,yes,no,telephone,nov,1913,7,no
26,management,married,primary,3428,no,no,cellular,aug,1857,7,no
77,retired,single,secondary,-960,no,no,telephone,feb,1305,11,no
47,technician,divorced,secondary,3134,yes,no,unknown,jan,1759,8,yes
86,unknown,divorced,unknown,7620,yes,no,cellular,dec,1095,1,no
80,admin.,divorced,primary,4705,yes,no,telephone,jul,1815,3,no
25,student,divorced,primary,3470,no,no,unknown,mar,2096,5,no
58,services,married,primary,-3789,yes,no,cellular,feb,2304,9,no
56,student,married,secondary,3791,yes,no,telephone,mar,1277,10,no
20,admin.,married,unknown,2686,no,no,unknown,feb,1915,9,no
41,unknown,divorced,unknown,-882,no,no,cellular,dec,2297,3,no
43,admin.,single,primary,493,yes,no,unknown,nov,2208,11,no
59,unknown,divorced,unknown,1153,no,no,telephone,mar,1233,14,no
68,unknown,single,secondary,2901,no,no,telephone,mar,1994,14,no
28,technician,divorced,primary,-2640,no,yes,telephone,apr,883,2,no
40,retired,married,primary,1547,yes,yes,cellular,oct,421,3,no
46,services,married,secondary,5737,no,no,telephone,jun,2661,4,no
34,unknown,married,secondary,2894,no,no,unknown,mar,2012,11,no
78,technician,divorced,tertiary,-1612,yes,no,telephone,apr,1020,7,no
74,technician,single,primary,2158,no,no,unknown,feb,2999,7,no
25,retired,single,tertiary,2753,yes,no,telephone,mar,39,5,no
35,unknown,married,primary,-4386,yes,yes,telephone,jun,656,9,no
37,retired,single,tertiary,2255,no,yes,telephone,jan,2973,2,no
32,services,single,tertiary,1443,no,no,cellular,mar,1563,3,no
28,student,divorced,tertiary,-2994,no,no,unknown,apr,2552,14,no
66,blue-collar,divorced,secondary,6757,yes,no,unknown,oct,1321,11,no
77,management,married,secondary,2269,no,yes,unknown,dec,1073,14,no
66,unknown,single,secondary,823,yes,no,telephone,dec,1354,10,no
66,technician,divorced,unknown,-1010,no,yes,unknown,oct,392,11,no
18,admin.,married,unknown,1710,no,no,unknown,jul,2254,11,no
24,admin.,divorced,primary,2572,no,no,unknown,may,1189,7,no
57,unknown,single,unknown,5120,no,no,cellular,mar,659,13,no
62,services,divorced,tertiary,1075,no,no,cellular,jun,1911,6,no
22,services,married,tertiary,-2381,yes,no,unknown,oct,2831,2,yes
68,blue-collar,single,tertiary,1178,yes,yes,cellular,jul,467,12,no
81,retired,divorced,primary,1155,yes,yes,unknown,apr,1433,8,no
63,management,single,unknown,5994,yes,no,cellular,may,1094,12,no
69,unknown,single,unknown,2211,yes,no,telephone,may,2283,7,no
70,unknown,married,secondary,2472,no,no,cellular,nov,2996,5,no
69,admin.,single,secondary,-138,yes,no,cellular,may,624,12,no
55,retired,married,unknown,2388,yes,no,unknown,sep,1084,1,yes
69,retired,single,secondary,-953,yes,yes,telephone,nov,2566,2,no
18,services,divorced,secondary,1859,yes,no,unknown,apr,2914,11,no
30,retired,married,tertiary,3621,no,no,unknown,feb,1298,12,no
51,unknown,married,primary,1362,no,no,cellular,dec,1385,14,no
25,technician,married,tertiary,4488,no,no,unknown,jan,1260,14,no
49,technician,divorced,tertiary,5296,no,no,telephone,mar,1235,14,no
49,blue-collar,single,secondary,4581,no,no,cellular,apr,598,10,no
51,services,married,tertiary,1572,yes,no,telephone,jan,2409,4,no
66,technician,single,tertiary,-1212,no,no,telephone,aug,2578,2,no
42,blue-collar,divorced,primary,-1388,no,yes,unknown,apr,2607,9,no
87,technician,single,unknown,2922,no,no,unknown,jan,2659,14,no
20,blue-collar,married,tertiary,2151,yes,no,telephone,feb,2424,1,no
37,services,married,secondary,1237,yes,no,telephone,jul,2012,6,no
79,technician,single,tertiary,-86,yes,no,unknown,oct,2127,1,no
81,unknown,divorced,tertiary,1436,yes,yes,cellular,dec,2027,8,no
80,admin.,divorced,secondary,-2459,yes,no,unknown,jun,401,14,yes
23,services,married,primary,-403,no,yes,unknown,aug,1737,3,no
51,admin.,married,secondary,833,yes,no,cellular,jun,824,2,no
39,retired,divorced,tertiary,3363,no,no,telephone,jun,1301,10,no
23,admin.,divorced,primary,4128,no,no,cellular,jul,2914,13,no
46,management,single,primary,-4042,yes,no,telephone,sep,2192,6,no
20,technician,single,primary,-3050,yes,no,telephone,aug,182,1,no
42,technician,single,secondary,3403,no,no,unknown,oct,381,5,no
58,blue-collar,married,unknown,1688,no,no,cellular,jul,499,3,no
76,student,single,secondary,3159,no,no,telephone,aug,1388,10,yes
24,blue-collar,single,secondary,-342,yes,no,telephone,sep,1539,14,no
48,unknown,single,tertiary,-186,yes,no,unknown,jun,2447,5,no
46,student,single,unknown,-664,no,no,telephone,apr,210,4,no
71,blue-collar,married,primary,-6097,yes,no,unknown,feb,1427,9,no
35,management,single,unknown,-1736,no,no,cellular,jun,490,8,no
79,admin.,single,primary,-1588,yes,no,telephone,may,2728,9,no
36,admin.,married,tertiary,-1195,yes,yes,telephone,mar,1292,8,no
53,services,single,primary,-1324,yes,no,telephone,jul,2101,11,no
74,student,divorced,secondary,-1173,yes,no,telephone,nov,651,11,no
44,services,divorced,secondary,738,yes,no,telephone,aug,978,7,no
70,services,single,primary,2941,no,no,cellular,jan,2020,11,no
18,technician,single,primary,-6650,yes,no,cellular,jun,1568,12,no
85,services,divorced,secondary,-1233,no,yes,unknown,jan,628,1,no
69,technician,divorced,unknown,-1130,yes,no,cellular,nov,1606,6,no
28,unknown,divorced,secondary,-2892,no,yes,telephone,dec,2949,13,no
85,blue-collar,divorced,unknown,4500,yes,no,telephone,dec,949,6,no
77,admin.,married,unknown,-1711,yes,no,cellular,dec,2458,13,no
34,blue-collar,single,primary,2555,yes,no,cellular,jun,2186,1,yes
43,management,divorced,secondary,-819,yes,no,telephone,sep,1302,14,no
83,blue-collar,married,tertiary,4942,yes,no,cellular,feb,2167,8,no
43,admin.,married,secondary,-979,yes,no,unknown,nov,718,5,no
86,retired,married,secondary,-1179,no,no,unknown,feb,2116,3,no
37,blue-collar,divorced,secondary,879,no,no,cellular,may,466,11,no
64,student,single,primary,5590,no,no,telephone,jul,1682,11,no
32,management,married,primary,2767,no,no,unknown,nov,80,1,no
62,retired,single,tertiary,-471,yes,no,unknown,jan,2458,8,no
75,technician,divorced,secondary,1885,yes,no,telephone,oct,2276,11,no
76,technician,divorced,tertiary,-223,yes,no,telephone,mar,1134,3,no
46,student,married,primary,5542,yes,no,unknown,apr,1543,8,no
86,technician,single,unknown,3568,yes,yes,telephone,oct,2164,6,yes
47,student,single,unknown,1284,no,no,telephone,mar,74,13,no
61,unknown,married,secondary,1921,yes,yes,telephone,feb,2130,8,no
79,blue-collar,divorced,unknown,-391,yes,no,cellular,mar,277,7,no
19,admin.,single,primary,1395,yes,no,unknown,feb,861,1,no
66,services,divorced,tertiary,3008,no,no,unknown,apr,183,8,no
71,unknown,divorced,unknown,3877,yes,no,cellular,dec,2012,8,no
47,retired,single,secondary,194,yes,yes,cellular,sep,1421,6,no
38,management,divorced,unknown,-4626,yes,no,cellular,aug,554,14,no
69,student,married,primary,3339,no,yes,unknown,apr,2043,14,no
53,admin.,single,secondary,-364,no,no,unknown,oct,981,6,no
26,blue-collar,divorced,tertiary,3751,yes,no,unknown,aug,2707,3,no
61,technician,married,primary,-2873,yes,no,unknown,jul,1740,14,no
84,admin.,divorced,primary,2301,no,no,unknown,feb,1900,13,no
43,retired,single,tertiary,819,yes,no,cellular,aug,1370,10,no
73,management,divorced,primary,142,yes,no,cellular,oct,2529,3,no
26,technician,married,secondary,5463,no,no,telephone,jun,1865,4,no
21,blue-collar,divorced,tertiary,-645,no,no,telephone,jan,1612,11,no
55,unknown,divorced,unknown,5203,yes,no,cellular,mar,2364,5,no
35,retired,divorced,tertiary,7481,yes,no,telephone,jan,2213,2,no
51,admin.,single,primary,-2134,yes,no,unknown,dec,2093,3,yes
44,blue-collar,married,tertiary,-1154,yes,no,cellular,sep,771,14,no
86,blue-collar,married,secondary,944,no,no,unknown,nov,681,1,no
43,student,divorced,secondary,766,yes,no,telephone,sep,17,1,no
23,blue-collar,married,secondary,4492,yes,no,telephone,mar,918,5,yes
35,management,married,unknown,4486,yes,no,cellular,jun,1498,14,no
78,services,married,tertiary,24,no,no,telephone,sep,1664,2,no
52,admin.,married,primary,-798,yes,no,telephone,may,802,8,no
52,unknown,divorced,tertiary,472,yes,no,unknown,apr,2795,6,no
75,technician,single,secondary,2009,yes,yes,telephone,may,2281,4,no
32,unknown,married,unknown,-1814,yes,no,cellular,oct,103,12,no
76,retired,divorced,secondary,-2126,no,yes,unknown,nov,914,13,no
38,management,single,secondary,-709,yes,no,telephone,sep,1347,2,no
71,unknown,divorced,primary,120,no,no,cellular,may,974,8,no
18,services,single,primary,353,no,no,cellular,aug,334,13,yes
45,services,single,tertiary,-4220,yes,no,telephone,dec,921,6,no
55,unknown,divorced,unknown,201,no,no,unknown,sep,519,8,no
52,blue-collar,married,secondary,-2261,yes,no,cellular,jul,2202,10,no
82,student,divorced,tertiary,1586,no,no,telephone,oct,2072,13,no
41,technician,married,unknown,-2141,yes,no,unknown,may,479,8,no
70,technician,married,unknown,2306,no,no,cellular,jul,1644,5,no
80,management,divorced,tertiary,911,yes,no,telephone,jul,690,7,no
38,unknown,married,unknown,5377,no,no,cellular,feb,1802,4,no
69,services,married,tertiary,2194,no,no,unknown,dec,1944,2,no
42,management,divorced,secondary,847,yes,no,cellular,jul,415,11,no
49,technician,married,secondary,1242,no,no,unknown,feb,1015,11,no
38,management,single,primary,1539,no,no,unknown,sep,103,13,no
41,services,single,tertiary,-272,no,no,cellular,jun,2363,4,no
26,admin.,single,secondary,679,yes,no,unknown,may,1060,13,no
71,management,divorced,tertiary,-32,no,no,unknown,jun,486,12,no
29,student,divorced,tertiary,389,no,no,unknown,dec,2170,14,no
69,admin.,married,secondary,108,no,no,cellular,may,925,4,no
68,unknown,divorced,tertiary,353,no,yes,telephone,jun,169,5,no
79,services,married,primary,1263,no,no,unknown,apr,1520,6,no
58,unknown,married,secondary,2941,yes,no,cellular,apr,702,6,no
28,services,divorced,tertiary,3957,no,no,telephone,jan,1487,14,no
38,technician,single,tertiary,-370,yes,no,unknown,nov,504,13,no
72,student,married,unknown,-2571,no,no,telephone,may,595,1,no
36,admin.,single,primary,3576,yes,no,unknown,jun,1734,14,no
74,admin.,single,tertiary,7431,yes,no,telephone,sep,1623,13,yes
68,technician,single,primary,2861,no,no,unknown,jan,2633,6,no
62,admin.,married,secondary,446,no,yes,cellular,nov,2093,7,yes
24,blue-collar,single,primary,2006,yes,yes,cellular,apr,1523,8,no
57,admin.,married,secondary,1817,yes,yes,telephone,nov,1919,13,no
33,blue-collar,divorced,primary,1276,yes,no,telephone,mar,2145,7,no
87,unknown,divorced,tertiary,-1133,yes,no,unknown,may,1891,12,no
42,retired,married,primary,4149,no,no,telephone,nov,1129,12,no
48,services,single,tertiary,-838,no,no,telephone,jan,2308,8,no
79,unknown,divorced,tertiary,4074,yes,no,unknown,apr,2960,10,no
20,management,single,secondary,2895,no,no,telephone,dec,870,12,no
75,blue-collar,single,unknown,5351,no,no,unknown,jun,1135,2,no
37,services,divorced,primary,3398,no,no,unknown,jul,812,3,no
23,technician,divorced,unknown,-5122,yes,no,unknown,may,67,5,no
31,unknown,single,tertiary,-2561,no,no,unknown,jun,1097,4,no
56,technician,divorced,secondary,1564,no,no,unknown,jun,2568,8,no
33,unknown,divorced,primary,6076,no,no,telephone,jan,1773,5,no
76,retired,single,unknown,272,no,yes,telephone,jul,2754,11,no
23,blue-collar,single,unknown,-2468,yes,no,telephone,mar,1583,7,no
56,services,married,primary,3609,no,no,telephone,may,1547,14,no
20,services,divorced,secondary,5957,yes,no,telephone,jun,1662,13,no
50,management,single,tertiary,-844,yes,yes,unknown,mar,104,2,no
69,retired,married,secondary,-104,yes,no,telephone,jan,2391,4,yes
80,student,married,tertiary,5961,yes,no,telephone,oct,906,4,no
77,services,married,tertiary,-2193,yes,no,telephone,jul,366,4,no
69,admin.,single,secondary,-1606,yes,no,unknown,may,1507,1,no
77,services,married,tertiary,-1647,yes,no,cellular,feb,2506,5,no
53,retired,single,primary,1854,no,no,unknown,oct,584,2,no
80,management,divorced,tertiary,588,yes,no,unknown,mar,531,3,no
30,retired,divorced,secondary,-303,no,no,telephone,jun,1585,5,no
50,blue-collar,divorced,primary,3837,yes,no,unknown,sep,2754,10,no
30,unknown,divorced,primary,3683,yes,no,telephone,dec,1562,3,no
28,retired,married,primary,5436,yes,no,unknown,may,461,5,no
34,technician,divorced,unknown,1548,no,no,unknown,dec,112,12,no
69,management,divorced,unknown,3550,yes,no,unknown,may,2054,12,no
59,blue-collar,married,unknown,-1818,yes,no,telephone,dec,339,12,no
57,technician,single,unknown,3404,yes,no,telephone,may,2188,14,no
56,management,single,primary,3541,no,yes,telephone,jul,1223,8,no
47,blue-collar,single,primary,-828,yes,no,cellular,dec,2651,3,no
62,retired,married,unknown,3078,yes,no,unknown,feb,2417,3,no
29,admin.,married,secondary,2070,no,no,cellular,jul,702,1,no
31,blue-collar,divorced,unknown,2681,yes,no,cellular,jul,1624,6,no
39,blue-collar,single,primary,4044,no,no,unknown,may,427,10,yes
54,retired,married,secondary,1882,no,no,unknown,may,2006,2,no
62,admin.,married,primary,4637,yes,no,unknown,aug,161,14,no
60,technician,single,tertiary,-1729,no,no,cellular,jan,489,4,no
27,retired,married,tertiary,-1025,no,yes,unknown,mar,1951,9,no
78,blue-collar,single,primary,941,no,no,unknown,jun,957,14,no
69,admin.,divorced,unknown,-765,no,no,telephone,aug,890,13,no
37,unknown,married,primary,2119,no,no,telephone,sep,2788,8,no
29,student,married,primary,450,yes,no,cellular,feb,1357,12,no
37,technician,single,tertiary,559,no,no,telephone,aug,2220,10,no
86,technician,divorced,unknown,477,yes,no,unknown,apr,899,5,no
87,technician,married,secondary,2063,yes,no,telephone,oct,2684,11,no
47,student,divorced,tertiary,1379,yes,no,unknown,aug,2592,4,no
22,admin.,married,unknown,2423,no,no,cellular,dec,1854,3,yes
42,unknown,single,primary,306,no,no,cellular,feb,1418,10,no
52,services,married,unknown,-3773,yes,yes,telephone,oct,663,13,no
85,admin.,divorced,tertiary,3467,no,no,telephone,feb,1018,13,no
82,retired,single,primary,-789,yes,no,cellular,aug,2337,14,no
66,services,single,tertiary,2181,yes,yes,cellular,sep,1082,9,no
56,technician,divorced,primary,1390,no,yes,telephone,aug,1569,9,no
53,admin.,married,primary,7589,yes,no,cellular,oct,1251,10,no
58,management,single,primary,-6111,yes,no,telephone,aug,1105,6,no
24,technician,married,unknown,-446,no,no,cellular,dec,2458,7,no
36,technician,single,secondary,2445,yes,no,cellular,mar,2340,13,no
58,services,married,secondary,-3096,no,no,cellular,sep,332,3,no
69,services,single,secondary,1271,yes,yes,cellular,feb,1734,9,no
47,unknown,married,unknown,-3302,no,no,telephone,apr,1716,10,yes
85,technician,married,tertiary,1366,no,yes,unknown,aug,1197,14,no
70,admin.,married,unknown,1496,no,yes,unknown,aug,1783,13,no
50,student,single,secondary,3381,yes,yes,unknown,dec,1052,8,no
86,services,divorced,tertiary,2152,no,no,unknown,sep,518,2,no
78,blue-collar,married,primary,-1322,no,no,unknown,apr,606,4,no
53,management,divorced,tertiary,1549,no,no,telephone,aug,734,14,no
20,management,divorced,tertiary,2279,no,no,cellular,oct,801,1,no
58,services,married,unknown,-1159,yes,no,unknown,sep,879,6,no
76,student,divorced,secondary,4112,no,yes,cellular,jun,1121,3,yes
80,student,married,tertiary,2961,yes,no,telephone,nov,2475,10,no
85,retired,single,tertiary,-3174,no,no,cellular,aug,2549,5,no
23,management,married,tertiary,1444,yes,no,telephone,aug,1281,12,no
77,management,divorced,unknown,-1504,no,no,cellular,jun,2303,11,no
46,unknown,single,secondary,-4174,yes,no,telephone,nov,996,6,yes
24,management,married,primary,-223,yes,no,telephone,apr,891,7,no
48,retired,single,unknown,326,no,no,unknown,dec,2060,8,no
62,retired,single,tertiary,7335,yes,no,unknown,nov,2979,10,no
61,student,married,primary,-147,no,no,telephone,jul,2637,12,no
23,technician,single,unknown,1487,no,no,cellular,may,2456,11,no
25,admin.,divorced,unknown,2227,yes,no,unknown,sep,1829,3,no
22,blue-collar,divorced,primary,350,yes,no,unknown,feb,2401,1,yes
23,admin.,divorced,unknown,2129,yes,no,telephone,feb,1788,1,no
23,retired,divorced,tertiary,-642,yes,no,cellular,may,910,1,yes
31,unknown,divorced,primary,-1719,yes,yes,cellular,mar,1512,4,no
28,technician,married,primary,-280,yes,no,unknown,aug,1066,12,no
71,admin.,divorced,primary,-2235,no,no,unknown,nov,1184,14,no
55,retired,divorced,secondary,3026,yes,yes,cellular,jun,2458,11,no
57,unknown,single,unknown,1132,yes,no,cellular,may,1021,9,no
70,blue-collar,divorced,tertiary,-48,yes,no,telephone,mar,440,10,no
59,admin.,divorced,secondary,2946,no,yes,unknown,aug,576,7,no
29,services,single,unknown,-356,no,no,unknown,dec,1972,4,no
80,unknown,single,unknown,-7075,yes,no,unknown,aug,1124,5,yes
18,admin.,single,unknown,-197,no,yes,unknown,jul,1385,4,no
39,retired,single,primary,3428,yes,no,telephone,feb,1498,14,yes
47,retired,divorced,unknown,4105,yes,no,cellular,dec,2665,1,no
32,blue-collar,divorced,primary,-2138,no,no,unknown,sep,1335,2,no
47,student,single,unknown,-354,yes,no,telephone,aug,2228,4,no
29,blue-collar,divorced,secondary,3333,no,no,cellular,aug,2580,1,yes
48,blue-collar,single,primary,-2884,yes,no,cellular,jan,1875,14,no
25,management,divorced,primary,420,no,no,telephone,mar,2525,12,no
57,student,divorced,tertiary,2160,no,no,telephone,sep,2663,7,no
57,admin.,married,secondary,5209,no,no,unknown,dec,238,1,no
86,blue-collar,married,tertiary,-9,no,no,cellular,may,2624,2,no
29,student,divorced,secondary,-2660,no,no,telephone,jan,904,6,no
37,student,married,primary,-913,no,no,cellular,aug,2833,8,no
61,student,married,secondary,7979,yes,no,cellular,may,795,4,yes
57,student,married,secondary,2153,no,no,unknown,aug,408,9,no
59,technician,divorced,secondary,4693,no,no,unknown,dec,2808,2,no
77,admin.,single,secondary,1245,no,no,unknown,nov,1505,5,yes
52,technician,divorced,secondary,-949,yes,no,cellular,dec,1501,2,no
48,blue-collar,divorced,tertiary,-1716,no,no,telephone,jan,2130,2,yes
42,management,single,secondary,-23,no,no,unknown,oct,2573,13,no
19,unknown,divorced,tertiary,3297,yes,no,telephone,aug,1422,8,no
45,unknown,married,primary,-2388,yes,no,telephone,feb,2999,4,no
42,admin.,single,unknown,3301,no,no,telephone,jan,2238,12,no
68,technician,single,unknown,-1968,yes,no,unknown,jun,1781,12,no
67,technician,married,primary,426,yes,no,cellular,feb,1298,7,no
36,student,single,unknown,1108,yes,no,unknown,may,2747,8,no
31,admin.,married,tertiary,2967,no,no,unknown,jun,380,9,no
65,management,married,unknown,450,no,no,telephone,apr,2792,5,no
64,blue-collar,married,primary,2741,no,no,cellular,oct,1580,3,no
38,student,divorced,tertiary,389,no,no,unknown,may,658,1,no
21,retired,single,unknown,2354,no,no,cellular,feb,183,3,yes
52,services,single,secondary,1203,yes,no,telephone,may,1663,9,no
64,blue-collar,divorced,secondary,1814,yes,no,cellular,jan,2503,1,no
32,student,married,unknown,1774,no,no,unknown,nov,1732,9,no
53,unknown,divorced,secondary,983,no,yes,cellular,jun,150,11,no
81,student,married,unknown,4528,no,no,unknown,sep,1732,6,no
67,management,married,secondary,2927,no,no,telephone,feb,2786,7,no
77,admin.,divorced,secondary,1747,yes,no,telephone,apr,651,2,yes
19,retired,married,primary,-256,yes,no,unknown,jun,641,11,no
83,retired,married,unknown,8039,yes,no,cellular,apr,2472,10,no
84,technician,married,primary,5578,no,no,cellular,jan,1954,13,no
64,admin.,married,tertiary,-1521,yes,no,unknown,feb,929,1,yes
58,services,single,secondary,2968,yes,no,cellular,nov,2521,1,no
30,student,divorced,primary,4770,no,no,cellular,mar,1757,5,no
64,blue-collar,married,primary,2669,no,no,telephone,mar,2705,7,no
61,retired,married,primary,1265,no,no,unknown,sep,2706,10,no
75,unknown,divorced,tertiary,-433,no,no,telephone,may,1408,5,no
31,retired,divorced,primary,2612,yes,no,unknown,jan,143,13,no
21,student,single,primary,-1247,no,yes,telephone,apr,242,5,no
50,student,married,unknown,229,yes,no,cellular,apr,1224,2,yes
29,admin.,divorced,tertiary,-172,yes,no,cellular,aug,1795,5,no
79,services,single,primary,2727,yes,no,cellular,oct,2688,3,no
29,management,divorced,primary,5108,yes,no,unknown,feb,1611,9,no
31,technician,single,tertiary,-54,no,yes,cellular,aug,2418,13,no
29,management,divorced,secondary,218,yes,no,telephone,apr,478,11,no
79,technician,single,primary,4912,no,no,telephone,apr,2183,3,no
24,retired,divorced,unknown,-204,yes,no,unknown,apr,767,13,no
51,blue-collar,single,secondary,-6606,yes,yes,telephone,may,2429,1,no
82,student,single,unknown,6487,no,no,telephone,dec,2563,4,no
39,student,single,tertiary,4111,no,no,cellular,aug,1931,8,no
42,student,married,secondary,3546,yes,yes,telephone,nov,1610,13,no
65,services,married,unknown,2342,no,no,cellular,aug,449,14,no
25,retired,married,secondary,1070,yes,no,telephone,apr,1191,8,no
57,services,single,tertiary,-3936,no,no,cellular,nov,1350,14,no
67,services,divorced,secondary,685,no,no,telephone,aug,2337,2,no
46,retired,married,primary,621,yes,no,unknown,sep,2243,3,no
43,blue-collar,single,secondary,921,yes,no,cellular,nov,1900,3,no
28,student,single,primary,2902,yes,no,unknown,may,806,7,no
32,admin.,single,secondary,5511,no,no,cellular,sep,796,14,no
38,technician,divorced,secondary,1073,no,no,cellular,jan,2170,1,no
83,admin.,married,tertiary,709,no,no,unknown,sep,1866,8,no
28,blue-collar,married,unknown,5498,no,no,cellular,sep,2746,13,yes
77,admin.,married,primary,-938,yes,no,unknown,dec,1093,6,no
41,blue-collar,married,tertiary,1197,yes,no,telephone,jun,2324,5,no
59,services,single,secondary,1364,yes,no,telephone,oct,2355,6,no
73,blue-collar,married,primary,-936,no,yes,cellular,may,1121,8,no
52,technician,single,secondary,331,yes,no,telephone,jan,1721,12,no
85,blue-collar,married,tertiary,366,yes,no,telephone,jan,2501,3,no
25,services,divorced,tertiary,3457,yes,yes,unknown,jun,60,11,no
63,admin.,married,unknown,473,no,no,unknown,sep,1077,6,no
51,admin.,married,unknown,551,no,no,unknown,aug,863,1,no
54,unknown,divorced,tertiary,2611,yes,no,unknown,aug,2018,9,no
46,student,single,primary,-77,no,no,cellular,dec,2158,11,no
76,unknown,divorced,secondary,-1258,no,no,unknown,nov,2069,7,yes
53,services,divorced,tertiary,8716,no,no,unknown,jul,975,5,no
76,unknown,single,secondary,1137,no,no,unknown,may,2902,5,no
46,management,divorced,primary,1923,yes,no,telephone,dec,656,2,no
20,blue-collar,married,secondary,539,yes,no,telephone,jan,1605,9,no
55,student,married,primary,-2919,no,no,cellular,mar,2400,10,no
87,unknown,married,unknown,-157,yes,no,telephone,may,2110,8,no
57,services,divorced,secondary,-1832,yes,no,unknown,may,2936,11,no
84,unknown,divorced,tertiary,2816,no,no,cellular,feb,2074,6,no
23,student,married,primary,2457,yes,no,unknown,mar,155,13,no
64,technician,single,secondary,2916,no,no,telephone,aug,903,7,no
32,services,single,unknown,-1464,no,no,telephone,sep,329,12,no
21,blue-collar,single,secondary,-4305,yes,no,telephone,mar,1373,4,no
50,admin.,divorced,tertiary,-5067,no,no,cellular,oct,483,4,no
63,blue-collar,married,secondary,2410,no,no,cellular,dec,948,7,no
81,retired,married,tertiary,181,no,no,telephone,mar,327,5,yes
56,admin.,divorced,unknown,-2290,no,no,telephone,oct,1532,5,yes
83,retired,single,primary,2827,no,no,unknown,aug,418,12,no
58,management,single,primary,3723,no,no,unknown,oct,1016,9,no
57,student,single,unknown,1120,no,no,unknown,sep,39,8,no
32,unknown,married,tertiary,-346,no,no,cellular,mar,2847,13,no
58,technician,single,secondary,660,no,no,unknown,dec,771,6,no
86,student,single,tertiary,4562,no,no,telephone,aug,63,9,no
55,technician,married,secondary,4245,no,no,cellular,jan,900,3,no
61,management,married,secondary,649,no,yes,cellular,mar,688,6,no
38,admin.,divorced,unknown,1665,yes,no,unknown,aug,1388,2,no
81,retired,divorced,secondary,14019,yes,no,telephone,jun,925,1,no
49,management,married,tertiary,7205,yes,no,unknown,sep,742,12,yes
45,management,married,unknown,1415,yes,no,cellular,oct,562,10,yes
57,admin.,married,tertiary,5293,yes,no,unknown,may,879,4,no
65,management,divorced,secondary,2365,no,no,telephone,oct,2518,13,no
78,retired,married,unknown,5441,no,no,telephone,mar,167,10,no
56,admin.,married,secondary,-708,yes,no,telephone,feb,1591,10,no
42,technician,married,secondary,3367,yes,no,telephone,jan,2753,7,no
39,blue-collar,single,tertiary,4159,no,no,unknown,jan,1682,1,yes
32,technician,single,secondary,1242,yes,no,unknown,oct,350,3,no
36,student,married,secondary,110,no,no,cellular,sep,259,12,no
28,admin.,married,secondary,1939,no,no,cellular,feb,674,3,yes
72,blue-collar,divorced,primary,-2489,no,no,telephone,may,272,13,no
40,management,divorced,primary,206,no,no,telephone,mar,792,5,yes
85,admin.,married,tertiary,-233,no,no,unknown,may,2455,1,no
53,technician,divorced,unknown,3702,no,no,unknown,sep,2545,1,yes
25,admin.,single,primary,2751,no,no,telephone,apr,2167,4,no
86,admin.,single,secondary,3117,no,no,telephone,sep,1400,12,no
64,retired,divorced,primary,4607,yes,no,cellular,apr,117,3,no
31,technician,married,primary,-1818,yes,no,unknown,jan,1018,4,no
70,management,divorced,primary,5841,yes,no,cellular,dec,2488,6,no
21,services,divorced,unknown,3874,no,no,unknown,oct,935,13,no
23,unknown,single,unknown,-2535,no,yes,telephone,aug,1265,11,no
36,admin.,married,unknown,3491,no,no,unknown,aug,1546,6,no
66,services,single,primary,2903,yes,no,cellular,aug,1949,4,no
60,blue-collar,divorced,unknown,2467,yes,no,unknown,jan,310,8,no
40,technician,divorced,tertiary,-1289,yes,yes,cellular,jul,1510,8,no
84,technician,married,secondary,1285,yes,no,unknown,nov,2755,6,no
68,admin.,divorced,primary,3179,no,no,telephone,jun,291,10,yes
65,blue-collar,divorced,primary,1438,no,no,unknown,aug,1195,3,no
20,unknown,divorced,tertiary,-2369,no,no,unknown,feb,532,13,no
73,technician,divorced,unknown,321,yes,no,cellular,sep,1063,4,no
27,blue-collar,divorced,primary,2328,no,no,telephone,apr,984,1,no
61,blue-collar,single,tertiary,824,yes,no,unknown,dec,1932,10,no
37,services,married,primary,6604,yes,no,cellular,oct,760,1,no
85,student,single,primary,3445,no,yes,cellular,apr,709,10,no
85,retired,single,primary,3336,no,no,unknown,dec,1919,3,no
59,services,married,unknown,1851,yes,yes,cellular,oct,1811,8,no
52,blue-collar,single,secondary,122,yes,no,telephone,jun,892,2,no
65,blue-collar,single,tertiary,6107,no,no,unknown,dec,2348,3,no
79,blue-collar,married,primary,323,yes,no,cellular,oct,25,6,no
86,services,divorced,tertiary,1568,yes,no,unknown,mar,2200,4,no
82,admin.,single,tertiary,1135,yes,no,unknown,feb,1547,12,no
57,blue-collar,married,secondary,-2498,yes,no,cellular,aug,1474,1,no
26,management,single,tertiary,2615,yes,no,unknown,dec,2098,13,no
34,management,single,primary,4107,yes,no,telephone,jun,1083,14,no
44,services,married,secondary,-227,yes,no,telephone,sep,1028,9,no
84,retired,married,tertiary,551,no,no,cellular,sep,1768,8,no
41,admin.,single,primary,-919,no,no,telephone,feb,878,10,no
56,retired,married,secondary,6405,yes,no,cellular,aug,2270,6,no
70,retired,divorced,secondary,2592,no,no,unknown,jun,217,10,no
74,management,married,primary,5069,yes,yes,telephone,jun,833,3,no
34,admin.,divorced,primary,228,yes,no,unknown,jun,1162,13,no
46,blue-collar,divorced,primary,2942,no,no,cellular,jul,399,10,no
80,admin.,single,secondary,-2994,yes,yes,telephone,mar,2336,7,no
85,services,single,unknown,-293,no,no,cellular,feb,1960,2,yes
58,management,divorced,tertiary,7078,yes,no,cellular,apr,2508,1,no
73,management,divorced,unknown,2537,yes,no,telephone,nov,502,5,yes
53,services,married,tertiary,474,yes,no,unknown,dec,992,14,yes
62,retired,divorced,primary,-3757,no,no,unknown,may,1104,4,yes
86,student,single,secondary,1906,yes,no,unknown,feb,2276,3,no
71,management,married,secondary,220,yes,no,unknown,jul,608,14,no
71,services,married,tertiary,3773,no,yes,cellular,oct,2785,12,no
75,student,single,tertiary,-2670,no,yes,cellular,jul,1372,9,no
18,blue-collar,married,unknown,3891,yes,no,cellular,apr,90,12,no
77,unknown,divorced,tertiary,130,yes,no,unknown,may,1828,10,no
60,services,married,tertiary,-1504,yes,no,unknown,jul,1033,12,no
56,unknown,divorced,secondary,1917,yes,no,cellular,feb,1321,12,no
83,admin.,married,primary,6488,yes,no,telephone,jul,2065,10,no
67,admin.,divorced,secondary,3422,no,no,cellular,feb,398,9,no
59,management,divorced,tertiary,2266,no,no,cellular,oct,871,3,no
85,management,single,unknown,-106,yes,no,telephone,jun,164,5,no
57,unknown,divorced,tertiary,5368,yes,no,cellular,jul,2068,4,no
58,blue-collar,married,primary,2373,yes,no,unknown,sep,782,9,no
25,services,married,primary,-4129,no,yes,cellular,oct,2490,6,no
18,admin.,single,unknown,3532,yes,yes,unknown,feb,621,1,no
45,student,divorced,unknown,2070,yes,yes,cellular,dec,2051,9,no
18,student,married,secondary,1056,no,no,unknown,dec,2258,6,no
57,management,single,secondary,4870,no,no,cellular,mar,1681,7,yes
71,services,divorced,primary,-676,yes,no,telephone,aug,858,2,yes
41,retired,single,unknown,-87,no,no,cellular,mar,2081,10,no
21,retired,married,unknown,889,yes,no,unknown,nov,1078,1,yes
79,unknown,married,tertiary,2539,no,no,cellular,oct,1062,6,no
65,unknown,single,unknown,-325,yes,yes,cellular,sep,1182,9,no
23,technician,married,primary,-1406,no,no,unknown,dec,725,2,no
80,services,married,unknown,810,yes,no,cellular,may,2107,10,yes
49,services,married,unknown,-34,no,no,unknown,mar,1786,1,yes
57,unknown,divorced,tertiary,5991,yes,no,unknown,aug,1466,10,no
74,technician,single,tertiary,-4390,yes,no,unknown,nov,1291,8,no
34,services,married,tertiary,3836,no,yes,cellular,dec,599,5,no
31,retired,divorced,secondary,-4367,yes,no,unknown,may,2790,7,no
83,admin.,single,secondary,1129,yes,no,unknown,jan,534,3,no
25,technician,married,tertiary,-1682,no,no,cellular,jan,2534,7,no
53,admin.,single,secondary,-2998,yes,no,telephone,dec,937,13,no
36,blue-collar,divorced,unknown,5045,yes,no,cellular,dec,2905,5,no
30,unknown,married,unknown,3381,yes,no,cellular,dec,1288,14,no
80,technician,divorced,tertiary,1514,no,no,cellular,jun,2316,11,no
46,retired,divorced,tertiary,1705,no,no,unknown,may,1093,12,no
86,management,married,primary,-801,no,no,unknown,oct,1633,12,no
71,blue-collar,married,secondary,49,yes,no,cellular,jun,1761,14,no
63,blue-collar,single,unknown,-592,no,no,cellular,sep,1253,2,no
58,retired,married,tertiary,-132,yes,no,cellular,jun,2156,3,no
28,student,divorced,primary,745,yes,no,cellular,oct,242,14,no
57,management,divorced,secondary,5065,no,yes,cellular,jun,2251,12,no
85,admin.,divorced,tertiary,3000,yes,no,telephone,oct,286,6,no
20,blue-collar,single,unknown,2209,no,no,unknown,mar,1189,2,no
76,technician,married,tertiary,-1441,no,no,unknown,may,2622,3,no
47,blue-collar,single,secondary,2591,yes,yes,unknown,sep,1376,4,no
48,services,divorced,primary,-5633,no,no,unknown,jan,2576,5,no
66,retired,divorced,primary,-602,no,no,unknown,mar,2858,2,no
71,unknown,married,tertiary,-2116,no,no,cellular,may,2417,13,no
29,services,single,primary,296,yes,yes,telephone,feb,1861,13,no
67,blue-collar,single,tertiary,533,yes,no,cellular,nov,693,13,yes
86,unknown,single,unknown,121,no,yes,telephone,jan,1806,1,no
34,unknown,divorced,tertiary,1285,yes,no,unknown,nov,2574,7,no
19,student,married,secondary,1756,yes,no,unknown,jan,1739,2,no
35,admin.,married,primary,5085,yes,no,cellular,mar,2321,9,no
36,services,married,unknown,-932,yes,no,unknown,oct,160,5,no
51,retired,divorced,primary,-998,no,no,telephone,jun,1115,2,no
20,student,divorced,primary,1032,yes,no,telephone,aug,303,14,no
58,management,divorced,tertiary,2184,yes,no,cellular,aug,1813,5,no
35,admin.,single,primary,1441,yes,no,cellular,jan,828,11,no
57,unknown,divorced,unknown,6449,no,no,unknown,feb,563,12,no
39,unknown,married,unknown,3706,yes,no,cellular,dec,2499,4,no
81,services,divorced,primary,5180,no,no,cellular,may,508,7,no
51,unknown,divorced,secondary,2601,yes,no,cellular,may,1379,5,no
86,technician,single,unknown,1569,no,yes,unknown,mar,277,1,no
78,technician,single,tertiary,-5756,no,no,cellular,nov,2022,4,no
69,services,married,primary,1463,no,no,cellular,oct,1267,4,no
39,student,married,tertiary,408,no,no,cellular,aug,515,10,no
76,admin.,married,tertiary,481,yes,no,cellular,nov,1436,14,no
32,management,single,tertiary,4080,no,no,telephone,sep,1466,14,no
74,services,single,unknown,-2407,no,no,unknown,aug,2874,9,no
32,services,divorced,tertiary,4352,no,yes,cellular,dec,2451,5,yes
54,blue-collar,married,unknown,3066,yes,yes,unknown,feb,2004,4,no
23,blue-collar,married,tertiary,1918,yes,no,cellular,nov,2893,2,yes
57,management,divorced,primary,3564,no,no,cellular,sep,1215,10,no
28,unknown,married,tertiary,-3744,yes,no,cellular,jun,109,10,no
77,retired,divorced,secondary,2338,no,no,unknown,oct,775,9,no
38,unknown,divorced,secondary,-2897,yes,no,telephone,jan,1016,7,no
87,blue-collar,married,tertiary,2248,yes,no,unknown,feb,985,4,no
34,student,single,tertiary,-2116,no,no,cellular,dec,926,10,no
70,management,married,secondary,-992,no,no,telephone,nov,1787,13,no
23,admin.,single,primary,-34,no,no,telephone,may,1289,12,no
57,unknown,married,primary,439,no,no,telephone,sep,2299,6,no
85,admin.,divorced,secondary,1763,yes,no,telephone,may,2275,11,no
33,blue-collar,divorced,tertiary,3209,no,no,cellular,jun,1795,13,no
23,retired,married,primary,7944,yes,no,cellular,sep,158,8,no
60,student,single,unknown,-677,no,no,unknown,mar,2492,2,yes
69,unknown,single,unknown,1568,no,no,unknown,oct,2799,13,no
36,blue-collar,divorced,tertiary,957,yes,no,unknown,may,1224,6,no
36,technician,married,tertiary,-1782,yes,no,unknown,aug,2562,4,no
59,retired,married,tertiary,-4308,yes,no,telephone,aug,1164,10,no
56,technician,married,primary,-1475,yes,no,unknown,oct,217,10,yes
36,technician,single,secondary,-379,no,yes,unknown,jan,1226,5,no
18,management,married,unknown,117,yes,no,unknown,jan,1010,7,no
45,management,divorced,unknown,-2819,no,no,cellular,aug,1200,8,no
18,unknown,married,secondary,332,no,no,cellular,nov,1522,6,no
74,blue-collar,single,secondary,686,yes,no,telephone,oct,573,7,no
41,unknown,divorced,primary,-1342,no,no,cellular,jul,1716,9,no
23,student,single,primary,3297,no,no,telephone,may,168,5,yes
67,unknown,single,primary,-3608,no,no,cellular,apr,1923,2,no
69,admin.,single,secondary,1961,no,no,cellular,jul,1386,9,no
86,retired,married,tertiary,541,no,no,cellular,mar,1509,2,no
71,management,single,secondary,1424,no,no,unknown,apr,944,8,no
49,unknown,divorced,primary,2348,yes,no,telephone,aug,2390,5,no
43,unknown,divorced,unknown,2007,no,no,telephone,nov,1438,5,no
65,unknown,single,tertiary,-4295,yes,no,unknown,sep,2827,12,no
30,services,divorced,unknown,469,yes,no,unknown,aug,275,14,no
57,unknown,married,unknown,2493,no,yes,unknown,oct,1198,8,no
40,retired,divorced,unknown,2587,no,no,unknown,nov,1736,5,no
83,management,single,secondary,-1046,no,no,cellular,jun,1711,13,no
30,student,single,tertiary,-1841,no,no,cellular,sep,2607,12,no
57,blue-collar,married,unknown,2786,no,yes,telephone,feb,2598,6,no
37,admin.,single,unknown,2556,yes,no,telephone,jul,704,11,no
37,student,single,primary,-1833,yes,no,unknown,jun,2373,5,no
66,services,divorced,unknown,-2411,no,yes,cellular,apr,1580,12,no
67,blue-collar,single,tertiary,39,no,yes,unknown,jun,781,10,no
76,technician,divorced,primary,-1038,yes,no,unknown,oct,2685,14,no
78,blue-collar,divorced,unknown,1482,no,no,unknown,jan,104,12,no
79,student,divorced,unknown,4896,no,no,telephone,nov,699,6,no
77,retired,single,tertiary,-2387,yes,no,cellular,jul,1875,3,yes
26,services,single,secondary,709,yes,no,unknown,may,1575,9,no
74,student,single,unknown,-1081,yes,yes,cellular,aug,1235,4,no
80,admin.,divorced,tertiary,3188,no,yes,cellular,nov,389,10,no
24,management,divorced,tertiary,3369,no,no,unknown,sep,62,3,no
74,student,married,primary,-1474,no,no,telephone,nov,2919,4,no
50,admin.,married,primary,4122,no,no,unknown,jan,41,5,no
43,retired,single,secondary,3378,no,no,unknown,may,1571,11,no
48,retired,single,unknown,573,no,no,unknown,mar,2723,2,no
49,retired,divorced,tertiary,3127,no,no,telephone,dec,2826,13,no
86,admin.,single,primary,-2792,no,yes,unknown,aug,273,14,no
79,technician,single,unknown,6375,yes,yes,cellular,feb,105,5,no
28,technician,single,unknown,1188,no,yes,unknown,oct,2454,14,yes
81,management,divorced,primary,4556,yes,no,unknown,jul,721,1,no
50,admin.,married,primary,-648,no,yes,telephone,mar,2221,11,yes
78,student,married,secondary,-3403,yes,no,unknown,aug,19,7,no
69,retired,married,secondary,2337,yes,yes,unknown,may,1694,10,no
67,student,married,unknown,-1050,yes,no,telephone,aug,1355,13,no
22,technician,married,tertiary,-747,yes,no,telephone,jul,2397,3,no
45,student,married,secondary,1693,yes,no,unknown,jan,779,7,no
80,retired,married,tertiary,3360,no,no,unknown,jul,1850,3,no
41,student,divorced,tertiary,2020,yes,no,unknown,feb,409,14,no
67,services,single,tertiary,3977,yes,no,unknown,aug,1575,2,no
43,technician,divorced,tertiary,456,yes,no,unknown,feb,1469,4,yes
27,management,divorced,primary,4829,no,yes,telephone,jun,176,2,no
47,technician,married,unknown,3323,no,no,unknown,nov,1901,10,no
65,admin.,divorced,secondary,-2023,no,no,telephone,jul,439,9,no
82,admin.,single,unknown,2798,no,no,cellular,feb,228,1,no
62,admin.,divorced,tertiary,1090,yes,yes,unknown,mar,2114,2,no
50,technician,married,tertiary,-1218,yes,no,telephone,jan,225,1,no
26,management,divorced,secondary,2619,no,yes,unknown,jan,2066,13,no
78,services,single,unknown,2193,no,no,telephone,nov,1701,3,no
85,technician,married,secondary,2870,no,no,telephone,oct,2050,6,no
54,retired,single,secondary,-2076,yes,no,cellular,dec,1105,7,no
53,management,single,primary,-5140,no,no,telephone,jun,2060,1,no
75,services,single,primary,32,no,no,telephone,oct,2493,12,no
55,retired,divorced,tertiary,210,yes,yes,cellular,apr,1680,13,no
27,technician,single,secondary,2323,yes,no,cellular,oct,2565,11,yes
65,management,married,secondary,-6579,no,no,telephone,nov,2116,13,no
31,retired,single,tertiary,2759,no,no,unknown,jun,41,9,no
32,retired,single,primary,3280,no,no,cellular,may,1405,3,no
35,management,single,unknown,3459,yes,yes,telephone,may,569,9,no
59,unknown,divorced,tertiary,3335,yes,no,cellular,aug,1226,12,no
30,unknown,divorced,unknown,-2076,no,no,telephone,may,1729,11,no
40,services,single,secondary,-1454,no,yes,telephone,jan,108,3,no
76,admin.,married,secondary,431,yes,no,unknown,apr,1666,3,no
79,technician,single,tertiary,562,no,no,unknown,jun,2279,4,no
40,technician,divorced,primary,-1658,no,no,telephone,apr,2944,6,no
80,technician,single,primary,1496,no,no,telephone,feb,1113,5,no
41,blue-collar,divorced,tertiary,2308,yes,yes,unknown,jun,941,1,no
70,unknown,married,primary,1981,no,no,telephone,dec,2686,10,no
20,retired,divorced,unknown,1455,yes,no,unknown,oct,2283,9,no
29,unknown,married,secondary,2169,no,no,telephone,oct,1006,5,no
40,management,divorced,tertiary,388,no,no,cellular,sep,1819,3,no
50,management,married,unknown,2591,no,no,cellular,apr,1519,2,no
56,retired,single,primary,2257,no,no,telephone,jun,2521,7,yes
85,student,single,primary,-1085,yes,no,cellular,dec,2460,4,no
21,admin.,single,primary,6288,yes,no,telephone,nov,1024,12,no
43,services,single,secondary,5400,no,yes,unknown,dec,2783,1,no
46,student,married,tertiary,3086,no,no,telephone,sep,2851,7,no
40,admin.,divorced,unknown,4331,yes,no,telephone,may,2504,1,no
52,blue-collar,single,secondary,2033,no,no,telephone,aug,2837,14,no
33,student,divorced,unknown,205,yes,no,telephone,jul,2386,14,no
48,management,married,unknown,4324,yes,no,unknown,may,2409,14,no
23,blue-collar,single,secondary,2000,yes,no,cellular,jun,719,5,no
28,admin.,married,secondary,3204,yes,no,telephone,jul,2132,8,yes
23,retired,divorced,unknown,5535,yes,no,telephone,oct,177,10,yes
60,services,single,primary,-3107,yes,no,unknown,sep,2555,1,no
30,unknown,married,tertiary,2525,no,no,unknown,jan,996,11,no
78,management,single,tertiary,-1281,no,no,cellular,sep,519,1,no
46,retired,married,secondary,783,yes,no,unknown,jan,621,7,yes
35,retired,single,primary,-900,no,yes,cellular,may,362,3,no
57,retired,single,tertiary,4525,no,yes,unknown,dec,2483,13,no
21,admin.,divorced,tertiary,2570,yes,no,telephone,feb,2845,8,no
55,student,single,secondary,1431,no,yes,unknown,jul,2915,9,yes
56,admin.,married,tertiary,-3072,no,no,cellular,aug,372,9,no
47,student,single,tertiary,-227,no,no,unknown,may,217,13,no
70,retired,single,primary,-61,yes,no,unknown,dec,1134,6,no
78,services,married,secondary,2116,yes,no,unknown,jun,2125,9,no
68,management,single,secondary,60,yes,no,telephone,oct,1954,5,no
75,admin.,divorced,secondary,370,yes,no,unknown,oct,2149,1,no
47,admin.,divorced,primary,-5562,yes,no,unknown,jun,935,4,no
45,student,married,unknown,3860,yes,no,unknown,mar,203,3,no
21,management,divorced,primary,-2053,no,no,cellular,feb,1411,1,no
53,retired,married,unknown,-698,no,no,cellular,jun,2227,6,no
84,management,married,primary,2715,yes,no,telephone,may,638,9,no
79,retired,divorced,tertiary,3698,yes,no,telephone,oct,2952,13,no
26,management,married,primary,1293,yes,no,unknown,feb,2280,1,no
31,student,divorced,primary,2265,yes,no,cellular,jun,725,13,no
80,unknown,married,unknown,3912,yes,no,cellular,feb,2893,4,no
42,management,single,primary,-6081,no,no,cellular,oct,1319,6,no
58,services,single,tertiary,3703,yes,no,telephone,feb,2331,8,no
59,admin.,single,tertiary,-4811,yes,no,cellular,aug,888,4,no
47,unknown,married,primary,331,no,no,unknown,jan,822,4,no
49,blue-collar,divorced,unknown,2403,yes,no,telephone,may,2214,5,no
76,admin.,single,unknown,-1498,no,no,unknown,oct,1766,1,no
57,unknown,divorced,primary,665,yes,no,unknown,dec,2069,8,no
86,admin.,married,primary,-7673,no,yes,unknown,nov,2645,5,no
20,student,married,unknown,-2423,no,yes,telephone,jul,1432,5,no
26,technician,single,primary,-1037,yes,no,telephone,sep,392,12,no
52,management,single,secondary,-1568,yes,no,cellular,aug,1135,1,no
65,unknown,divorced,unknown,780,no,no,cellular,jul,270,14,no
85,student,single,secondary,6024,yes,no,telephone,feb,2432,13,no
83,admin.,divorced,unknown,3589,yes,no,unknown,jun,2521,7,yes
83,student,single,tertiary,3698,no,no,telephone,may,307,10,no
49,services,single,unknown,2493,yes,no,telephone,jun,2108,7,no
66,student,married,unknown,-2788,no,no,cellular,may,2712,12,yes
37,blue-collar,single,primary,4525,yes,yes,cellular,mar,2094,2,no
83,unknown,single,primary,2262,no,no,cellular,feb,1243,2,no
77,management,married,primary,2671,no,yes,unknown,may,1976,9,no
70,unknown,single,unknown,3470,no,no,telephone,apr,1716,9,yes
65,student,single,tertiary,2636,yes,no,cellular,sep,2779,14,no
31,retired,divorced,primary,2239,yes,no,telephone,jul,1787,7,no
67,technician,divorced,secondary,-1081,yes,no,cellular,oct,2227,8,no
66,services,single,unknown,-1652,yes,no,cellular,nov,2412,11,yes
39,technician,married,tertiary,-1632,no,yes,telephone,sep,156,6,no
87,unknown,married,tertiary,-6939,no,yes,cellular,dec,383,13,no
42,management,single,secondary,-215,no,no,cellular,dec,1393,3,no
63,unknown,married,secondary,2724,yes,yes,telephone,nov,578,2,no
86,blue-collar,single,unknown,4351,no,no,cellular,nov,329,5,no
74,management,single,tertiary,-824,no,no,cellular,may,1566,9,no
72,management,married,tertiary,923,no,no,unknown,may,1119,6,yes
66,technician,single,unknown,-208,no,no,telephone,oct,1981,7,no
22,unknown,single,secondary,1849,no,no,cellular,jan,2337,1,no
20,technician,single,unknown,-2611,no,yes,cellular,nov,495,7,no
68,student,married,unknown,-259,yes,no,cellular,may,546,14,no
19,technician,married,unknown,-1017,yes,no,telephone,dec,805,6,no
65,technician,single,secondary,3010,no,no,cellular,jul,579,4,no
70,admin.,married,primary,-3551,yes,no,unknown,nov,1022,1,no
33,student,single,unknown,2283,no,no,telephone,nov,623,14,no
39,student,married,secondary,3828,yes,no,telephone,feb,2400,5,no
77,student,single,primary,-2817,no,no,unknown,feb,911,3,no
51,retired,single,primary,-511,no,yes,unknown,nov,1150,13,no
65,technician,married,unknown,-1112,yes,no,unknown,dec,67,1,no
41,management,married,secondary,5771,no,no,unknown,jan,2799,10,yes
28,student,divorced,tertiary,5146,no,no,telephone,mar,2603,5,no
31,admin.,single,unknown,3930,no,no,telephone,jul,983,12,no
34,retired,single,tertiary,2502,no,no,telephone,oct,1846,6,no
39,management,divorced,tertiary,3846,no,no,cellular,sep,418,6,no
67,technician,single,secondary,3042,yes,no,telephone,aug,1212,5,no
48,admin.,divorced,unknown,5857,yes,no,telephone,jul,302,13,no
52,blue-collar,single,unknown,1517,yes,no,telephone,jun,1284,13,no
38,services,single,primary,-5520,no,no,cellular,jun,2108,10,no
59,blue-collar,single,secondary,19,yes,no,unknown,feb,262,12,no
85,unknown,single,tertiary,2926,no,no,cellular,oct,2073,13,no
75,blue-collar,married,secondary,487,no,no,telephone,jul,1324,2,no
84,unknown,married,unknown,4734,no,no,cellular,jul,2170,7,no
48,student,married,unknown,-943,no,yes,telephone,aug,2886,9,no
25,technician,divorced,secondary,3921,yes,no,unknown,oct,1170,10,no
36,blue-collar,divorced,primary,-2698,yes,no,cellular,sep,1089,12,no
34,services,married,secondary,2340,no,yes,unknown,jan,1102,3,no
54,admin.,divorced,tertiary,-868,no,no,unknown,may,2267,1,no
26,blue-collar,married,secondary,-2344,yes,no,telephone,feb,18,6,no
47,retired,single,tertiary,1237,no,yes,cellular,jan,2015,7,no
59,retired,married,tertiary,-2003,yes,no,telephone,aug,1115,3,no
47,retired,divorced,primary,3558,yes,no,unknown,aug,835,12,no
56,management,married,primary,391,no,no,cellular,jul,221,3,no
53,admin.,married,tertiary,1661,yes,no,unknown,oct,592,2,no
26,blue-collar,divorced,tertiary,1249,yes,yes,telephone,mar,1764,6,no
31,unknown,married,unknown,2979,yes,yes,telephone,sep,2361,4,no
63,retired,married,primary,-547,yes,no,cellular,nov,230,6,no
49,blue-collar,married,secondary,4535,yes,no,unknown,dec,394,7,no
42,services,single,secondary,7124,yes,no,unknown,feb,2654,12,no
56,management,single,tertiary,-1702,no,yes,telephone,jan,2689,2,no
50,services,single,tertiary,5864,no,no,unknown,mar,1572,7,no
61,services,divorced,tertiary,-143,yes,yes,cellular,dec,1699,2,no
68,technician,married,secondary,-14,no,no,cellular,oct,2474,2,no
25,technician,single,primary,3770,yes,no,unknown,nov,1744,2,no
19,admin.,single,primary,-1696,yes,no,telephone,may,1741,14,no
64,retired,divorced,primary,3078,no,no,unknown,sep,12,1,no
80,student,single,tertiary,2943,yes,yes,telephone,may,1844,5,no
67,retired,divorced,secondary,1197,yes,no,unknown,apr,1980,5,no
25,services,divorced,secondary,1089,yes,no,telephone,dec,2276,4,no
78,services,single,tertiary,-100,yes,no,telephone,apr,2764,14,no
55,management,divorced,secondary,3425,yes,no,telephone,jun,320,14,no
18,student,married,secondary,313,yes,no,cellular,jan,896,5,no
84,services,married,primary,4515,yes,no,cellular,feb,415,9,yes
20,blue-collar,single,primary,4604,yes,yes,cellular,dec,368,1,no
84,unknown,married,primary,-2675,yes,yes,telephone,dec,2725,3,no
70,retired,married,primary,-2304,yes,no,unknown,oct,2636,14,yes
70,blue-collar,single,tertiary,879,no,no,unknown,jul,452,6,no
80,blue-collar,single,tertiary,-1234,no,no,unknown,sep,2114,14,no
62,management,divorced,unknown,-529,no,no,unknown,mar,2793,4,no
25,retired,single,primary,-888,yes,no,cellular,jan,196,12,yes
53,retired,divorced,unknown,6794,yes,no,cellular,feb,328,6,no
29,retired,divorced,tertiary,4606,no,no,unknown,jun,2019,2,no
29,services,divorced,primary,-959,yes,no,telephone,jun,1896,8,no
24,student,single,tertiary,-4002,no,no,telephone,jul,2904,9,no
52,management,divorced,tertiary,-197,no,no,cellular,dec,2429,9,no
64,unknown,married,primary,-2191,yes,no,unknown,jan,1879,5,no
41,services,married,unknown,3384,yes,no,unknown,jul,2199,4,no
67,management,married,tertiary,1566,yes,no,telephone,feb,2793,2,no
81,blue-collar,divorced,secondary,-214,no,yes,cellular,jun,2346,3,no
40,admin.,divorced,secondary,1160,yes,yes,unknown,feb,359,1,no
18,admin.,married,unknown,-1834,no,no,unknown,jun,1087,8,yes
67,services,married,tertiary,745,no,no,unknown,mar,1427,7,no
60,admin.,single,primary,5968,no,no,cellular,apr,2772,9,no
22,admin.,single,tertiary,-524,no,no,telephone,sep,316,2,yes
76,admin.,single,unknown,1677,no,no,unknown,jun,1605,2,no
60,services,divorced,unknown,-795,yes,no,cellular,may,2080,10,no
21,admin.,single,tertiary,-841,no,no,cellular,feb,600,8,no
64,student,divorced,tertiary,3719,yes,no,cellular,nov,1345,14,no
58,unknown,married,tertiary,-2070,no,no,telephone,nov,2719,14,no
19,student,married,secondary,886,no,yes,cellular,dec,1355,14,no
55,student,divorced,tertiary,-1061,yes,no,telephone,apr,2501,5,no
53,retired,married,unknown,5245,no,no,telephone,may,27,8,no
21,retired,married,unknown,-541,yes,no,telephone,apr,1855,2,no
43,technician,single,tertiary,-2161,no,no,unknown,mar,2236,14,no
67,blue-collar,divorced,secondary,946,no,no,cellular,aug,1252,7,no
58,technician,divorced,primary,957,no,no,telephone,jun,2253,14,no
47,services,single,primary,4465,yes,no,cellular,jun,2490,7,no
59,student,divorced,primary,-137,no,no,cellular,apr,2791,13,no
49,unknown,married,tertiary,2583,yes,no,unknown,nov,2344,7,no
23,management,single,secondary,-1405,yes,no,telephone,feb,307,3,no
21,blue-collar,married,unknown,4441,no,yes,telephone,jan,1573,4,no
62,admin.,single,tertiary,3869,yes,no,cellular,jan,883,2,no
45,management,divorced,unknown,2952,no,no,telephone,apr,733,10,yes
71,retired,married,unknown,3733,no,no,cellular,nov,1147,11,no
25,student,divorced,primary,2122,no,no,unknown,jun,2172,3,yes
75,admin.,married,secondary,1719,yes,no,unknown,may,372,1,yes
68,management,single,primary,-1817,no,no,cellular,jun,2492,12,no
75,student,single,tertiary,-482,yes,no,telephone,may,850,3,no
72,unknown,divorced,unknown,3761,no,no,telephone,dec,545,2,no
21,services,married,unknown,3655,yes,no,telephone,sep,260,5,no
29,technician,divorced,tertiary,3886,no,no,unknown,apr,416,14,no
30,retired,married,primary,195,yes,yes,cellular,nov,126,11,no
25,unknown,single,tertiary,6097,yes,no,telephone,nov,2290,3,no
69,services,single,secondary,920,no,no,cellular,jun,2640,6,no
85,technician,divorced,tertiary,2685,no,no,cellular,feb,2584,14,no
75,blue-collar,single,primary,9176,yes,no,telephone,apr,209,13,no
49,services,married,primary,-39,yes,no,unknown,sep,916,6,no
81,services,divorced,tertiary,3412,no,no,telephone,aug,1406,10,no
69,blue-collar,divorced,secondary,-2834,yes,no,unknown,oct,1776,6,no
67,unknown,divorced,primary,362,yes,no,unknown,apr,1063,4,yes
33,student,single,secondary,3067,no,no,cellular,mar,349,13,no
74,management,single,tertiary,-332,yes,no,cellular,feb,1674,5,no
29,technician,divorced,tertiary,1507,yes,no,cellular,feb,2336,1,no
58,retired,divorced,primary,2033,no,no,telephone,jun,2795,9,no
39,services,divorced,tertiary,1849,yes,no,telephone,jul,2426,4,no
67,admin.,divorced,primary,-4775,no,no,unknown,jun,1235,6,no
70,retired,divorced,unknown,7679,no,no,unknown,sep,503,2,no
58,unknown,married,tertiary,-1705,no,no,telephone,may,2834,11,no
55,blue-collar,divorced,tertiary,-854,no,no,unknown,nov,2245,14,yes
18,unknown,divorced,unknown,-3145,no,no,telephone,jul,2299,4,no
76,management,single,tertiary,-1482,yes,no,unknown,aug,1159,9,no
65,student,divorced,tertiary,1201,yes,yes,unknown,sep,630,5,no
18,unknown,single,primary,4155,no,yes,telephone,may,1562,7,no
55,student,divorced,primary,-404,no,no,unknown,nov,2925,7,no
56,student,single,tertiary,1681,no,no,telephone,nov,2725,6,no
19,unknown,single,unknown,2197,no,no,unknown,apr,1411,3,no
47,admin.,divorced,tertiary,-1863,yes,no,telephone,jun,2583,13,no
22,blue-collar,divorced,unknown,-3918,no,no,cellular,mar,2156,7,no
29,unknown,married,secondary,-1417,no,no,cellular,mar,1288,1,no
76,management,divorced,primary,5002,yes,yes,cellular,feb,93,14,no
43,services,married,tertiary,-991,no,no,telephone,dec,2513,6,yes
26,blue-collar,single,tertiary,-816,no,no,cellular,jun,485,3,no
52,blue-collar,single,primary,2185,no,no,cellular,jun,787,7,no
55,admin.,married,unknown,2997,yes,no,telephone,mar,2586,8,yes
44,unknown,divorced,unknown,-1997,no,yes,unknown,may,427,2,no
25,admin.,married,tertiary,3265,no,no,unknown,nov,45,5,yes
81,management,married,unknown,2570,yes,no,unknown,nov,1144,8,no
22,technician,married,tertiary,-430,no,no,telephone,feb,2144,8,no
43,retired,married,primary,-4058,no,no,cellular,dec,1480,10,no
64,retired,single,tertiary,3408,yes,no,telephone,oct,1022,2,no
79,technician,divorced,secondary,2160,yes,no,cellular,apr,1661,10,no
66,blue-collar,married,unknown,1684,yes,no,unknown,dec,1437,10,no
58,unknown,single,unknown,-2713,no,no,unknown,mar,543,12,no
48,management,married,tertiary,7524,no,yes,cellular,dec,497,3,no
75,blue-collar,single,primary,-1675,no,no,unknown,aug,1423,5,yes
50,retired,married,unknown,-375,no,no,telephone,sep,1850,4,no
59,services,married,primary,3883,no,no,telephone,aug,558,13,no
47,admin.,married,unknown,1433,no,no,cellular,dec,595,13,no
72,retired,single,unknown,1720,yes,no,unknown,oct,1100,14,no
21,retired,single,secondary,-2194,no,no,cellular,apr,226,10,no
33,services,divorced,secondary,-2409,no,no,telephone,dec,1768,4,no
77,student,married,primary,2262,no,no,cellular,sep,712,6,no
24,admin.,married,secondary,49,no,no,cellular,jan,1080,13,no
60,admin.,single,primary,6522,yes,no,telephone,sep,1357,14,no
60,management,single,secondary,-2073,yes,no,unknown,apr,23,8,no
27,retired,married,secondary,88,yes,no,telephone,mar,1895,11,no
36,technician,divorced,unknown,1761,yes,no,cellular,feb,2034,10,no
39,blue-collar,divorced,secondary,-11,yes,no,cellular,apr,1444,5,no
50,admin.,single,primary,-984,yes,no,cellular,apr,1508,14,no
55,student,divorced,primary,1454,no,no,cellular,aug,1573,2,no
34,retired,married,secondary,6917,no,no,telephone,mar,405,4,no
40,student,divorced,secondary,-559,yes,no,cellular,oct,227,13,no
62,management,divorced,secondary,-3266,yes,no,telephone,sep,251,13,no
80,technician,divorced,secondary,2807,no,no,unknown,mar,1549,9,no
68,management,married,unknown,248,yes,no,cellular,oct,1158,9,no
81,admin.,divorced,primary,-1613,no,no,unknown,jun,857,9,no
53,management,married,secondary,3017,no,no,cellular,sep,2818,12,no
20,student,divorced,secondary,2601,yes,no,cellular,jan,1320,11,no
43,blue-collar,divorced,unknown,-627,no,no,cellular,aug,1099,12,yes
87,unknown,single,tertiary,-3375,no,no,telephone,apr,705,6,no
60,admin.,divorced,secondary,3865,no,no,telephone,oct,2934,2,no
37,blue-collar,married,primary,-619,yes,no,telephone,feb,2354,6,no
77,retired,married,secondary,2040,yes,no,unknown,jun,2169,6,no
44,blue-collar,divorced,unknown,928,yes,no,telephone,aug,51,10,yes
39,unknown,single,tertiary,2727,yes,yes,unknown,feb,2922,9,no
18,admin.,divorced,unknown,1972,yes,yes,unknown,may,1344,13,no
27,management,single,secondary,4998,yes,yes,telephone,jun,2571,1,yes
48,blue-collar,single,secondary,3173,yes,no,telephone,oct,1166,14,no
58,blue-collar,divorced,primary,-4177,yes,yes,cellular,apr,2443,2,no
30,admin.,divorced,tertiary,345,yes,no,cellular,aug,977,2,yes
48,blue-collar,married,unknown,1751,yes,no,unknown,jan,527,7,no
46,admin.,divorced,tertiary,230,no,no,telephone,may,2000,2,no
56,blue-collar,married,secondary,4679,yes,no,cellular,sep,939,7,no
81,student,single,tertiary,2650,yes,yes,telephone,apr,749,6,no
49,management,divorced,unknown,-3944,yes,no,cellular,jul,2039,10,no
67,blue-collar,single,tertiary,346,yes,no,telephone,feb,1617,4,no
60,admin.,divorced,unknown,1451,yes,no,unknown,aug,991,10,yes
76,blue-collar,divorced,secondary,-852,no,no,unknown,jan,2456,12,no
84,technician,divorced,tertiary,3293,no,yes,cellular,jun,1747,13,no
73,management,divorced,primary,2940,no,no,telephone,oct,2418,5,no
33,unknown,divorced,primary,2473,no,no,cellular,aug,285,11,no
36,admin.,divorced,primary,3434,no,no,telephone,apr,1387,2,yes
34,management,divorced,primary,5139,yes,no,telephone,aug,1472,5,no
70,management,married,secondary,3712,no,yes,telephone,nov,497,10,yes
87,admin.,married,unknown,3654,no,no,cellular,apr,2231,2,no
21,blue-collar,single,primary,1346,no,no,cellular,mar,2926,6,no
86,admin.,married,secondary,-225,no,yes,unknown,feb,2310,6,no
62,services,divorced,tertiary,7128,no,no,telephone,jan,729,5,no
50,unknown,married,secondary,2559,yes,no,unknown,jun,1157,1,no
70,admin.,married,tertiary,-1301,yes,yes,unknown,nov,247,6,no
51,student,single,unknown,1182,no,no,telephone,sep,2178,13,no
42,retired,single,secondary,421,no,no,telephone,dec,2801,7,no
57,blue-collar,single,primary,3717,no,no,unknown,aug,1678,10,no
50,services,married,secondary,523,yes,no,cellular,sep,2561,12,no
56,blue-collar,divorced,secondary,-2915,no,no,unknown,sep,1025,13,no
75,unknown,single,unknown,3039,yes,no,unknown,apr,1246,11,no
68,student,married,tertiary,-95,yes,no,cellular,jul,191,1,no
72,blue-collar,divorced,tertiary,-5059,no,no,unknown,jun,2705,3,no
54,services,married,tertiary,3937,no,no,unknown,may,158,1,no
87,unknown,married,secondary,-2274,yes,no,telephone,nov,1614,6,no
69,services,married,secondary,-1369,yes,no,unknown,feb,462,6,no
39,services,married,primary,1625,yes,no,cellular,mar,2217,12,no
71,blue-collar,married,secondary,1793,yes,no,cellular,nov,2385,10,no
43,services,married,tertiary,-120,yes,no,unknown,jan,189,6,no
42,student,single,primary,2422,no,yes,telephone,feb,329,8,no
49,admin.,divorced,tertiary,3746,no,no,unknown,jul,2850,1,no
66,services,single,tertiary,-1177,yes,yes,cellular,apr,1410,1,yes
37,technician,divorced,primary,1603,yes,no,telephone,sep,1984,3,no
55,services,married,primary,1765,yes,no,cellular,feb,293,7,no
76,retired,divorced,secondary,4749,yes,no,telephone,nov,2863,1,no
84,technician,single,tertiary,1990,yes,no,cellular,aug,2111,7,no
40,unknown,single,primary,-3768,no,no,cellular,jan,2816,10,no
55,blue-collar,married,primary,7854,no,no,unknown,dec,231,12,no
80,student,divorced,secondary,1695,no,no,telephone,jan,2799,1,no
72,blue-collar,married,primary,2095,yes,no,cellular,mar,1869,9,no
64,technician,single,tertiary,1078,no,yes,unknown,feb,1038,14,yes
25,blue-collar,single,secondary,2140,no,no,telephone,jul,2007,8,no
74,unknown,single,tertiary,2566,no,no,cellular,aug,2269,11,no
63,technician,divorced,secondary,3536,no,no,telephone,dec,532,10,no
52,student,single,tertiary,939,yes,no,cellular,feb,2041,10,no
25,services,divorced,secondary,-5319,no,no,telephone,aug,662,9,no
67,management,married,unknown,137,no,no,cellular,sep,1862,1,no
64,services,married,primary,764,yes,no,unknown,feb,2897,8,no
36,retired,single,secondary,-563,yes,no,telephone,feb,972,11,no
40,retired,married,unknown,-1682,no,no,cellular,nov,353,14,yes
85,services,divorced,unknown,13,no,yes,telephone,aug,1505,5,no
62,retired,single,primary,3752,no,no,unknown,may,2429,2,no
54,admin.,single,secondary,2235,no,no,telephone,oct,734,14,no
48,unknown,divorced,primary,-2437,no,no,telephone,dec,2115,13,no
55,unknown,married,tertiary,-3557,no,no,cellular,jun,1388,6,no
75,admin.,single,tertiary,-3594,no,no,unknown,feb,635,7,no
21,admin.,single,tertiary,2029,no,no,cellular,jun,1491,1,no
26,services,single,unknown,-2879,yes,no,unknown,nov,2625,8,no
32,student,single,primary,1097,yes,yes,unknown,jan,2791,12,no
35,student,single,primary,3163,no,no,cellular,dec,210,10,no
27,retired,divorced,unknown,2443,yes,no,cellular,jan,2848,13,no
47,management,single,primary,362,no,no,unknown,sep,1661,7,no
18,unknown,divorced,unknown,5684,yes,yes,cellular,aug,1005,1,no
42,blue-collar,divorced,tertiary,-384,no,no,telephone,sep,472,7,yes
19,unknown,single,tertiary,1700,yes,no,cellular,aug,2148,12,no
24,retired,single,secondary,248,no,no,cellular,dec,1665,12,no
64,retired,single,tertiary,768,yes,no,cellular,oct,2732,5,yes
48,student,married,primary,3620,yes,no,telephone,may,1718,8,no
86,retired,single,primary,3131,yes,no,telephone,feb,1196,14,no
58,student,divorced,primary,-3764,no,no,cellular,nov,2,14,no
45,student,divorced,primary,-1561,yes,no,cellular,jul,564,8,no
69,services,single,unknown,3634,yes,yes,unknown,aug,2384,13,no
76,blue-collar,single,secondary,-2350,no,yes,unknown,may,17,9,yes
31,services,married,primary,-1526,yes,no,unknown,apr,549,8,no
56,unknown,single,secondary,2279,yes,yes,telephone,jul,2314,3,no
37,unknown,single,tertiary,4037,yes,no,telephone,jan,322,12,no
87,student,single,secondary,3685,yes,no,cellular,jun,2357,14,no
49,retired,divorced,unknown,-3197,no,no,unknown,oct,2320,9,no
23,unknown,single,primary,553,no,no,cellular,jan,2534,13,yes
76,blue-collar,single,primary,249,no,no,cellular,jun,497,7,no
80,services,single,unknown,-368,yes,no,cellular,mar,242,12,no
44,technician,married,tertiary,-3097,no,no,cellular,oct,2922,4,no
50,blue-collar,divorced,primary,5143,no,no,unknown,mar,980,14,no
68,technician,single,tertiary,994,no,no,telephone,jun,2712,13,no
20,blue-collar,single,primary,-1420,no,no,telephone,jan,253,14,no
79,blue-collar,divorced,tertiary,2318,no,no,cellular,feb,263,7,no
18,technician,married,tertiary,838,yes,no,cellular,jul,1646,9,no
30,admin.,single,primary,3662,yes,no,unknown,jul,1651,7,no
40,blue-collar,single,unknown,-62,yes,no,telephone,apr,1556,14,no
62,services,married,unknown,96,yes,no,cellular,aug,1802,3,yes
72,student,married,secondary,1391,yes,no,telephone,mar,284,12,no
30,unknown,divorced,unknown,3251,no,no,unknown,jun,249,1,no
41,blue-collar,single,tertiary,-1420,no,no,cellular,dec,1671,2,no
73,services,married,secondary,-2592,no,no,cellular,feb,2775,5,no
41,admin.,divorced,unknown,2760,yes,no,cellular,oct,2767,9,no
43,unknown,married,secondary,2121,no,no,telephone,feb,936,5,no
47,blue-collar,single,secondary,1477,yes,no,cellular,feb,852,1,no
61,unknown,single,tertiary,1569,no,yes,telephone,apr,212,8,no
74,management,single,primary,1423,no,no,unknown,mar,2294,14,no
82,retired,married,unknown,5117,yes,no,cellular,sep,2877,10,no
76,retired,divorced,unknown,1926,no,no,cellular,jul,562,8,no
35,technician,divorced,unknown,795,yes,no,telephone,jun,622,2,yes
44,blue-collar,married,unknown,-1561,no,yes,telephone,sep,233,2,no
62,technician,divorced,primary,266,no,no,unknown,jul,1098,10,no
45,services,divorced,tertiary,2898,yes,no,unknown,oct,2082,14,no
56,blue-collar,single,tertiary,3421,no,no,unknown,may,1523,7,no
41,student,married,unknown,-2749,yes,no,cellular,nov,2273,13,no
64,technician,single,secondary,3828,yes,no,unknown,sep,798,4,no
60,retired,married,tertiary,1008,no,no,unknown,aug,2318,8,no
25,management,divorced,primary,7935,yes,no,unknown,nov,2577,11,no
87,admin.,divorced,tertiary,4753,yes,no,telephone,mar,142,13,no
25,unknown,divorced,primary,828,yes,no,unknown,jul,1577,14,no
46,retired,divorced,primary,-1937,no,no,unknown,nov,2475,11,no
77,unknown,single,secondary,-1560,yes,no,unknown,dec,1756,7,yes
20,admin.,married,tertiary,-175,no,yes,cellular,jan,1013,11,no
38,student,divorced,secondary,6346,no,no,telephone,apr,2074,11,no
67,student,single,tertiary,445,no,no,telephone,dec,2216,1,no
65,retired,divorced,tertiary,1913,yes,no,cellular,sep,2842,14,no
80,technician,married,secondary,901,yes,yes,cellular,aug,2576,12,no
66,student,married,tertiary,751,yes,no,telephone,dec,2260,14,no
59,retired,married,secondary,125,no,yes,cellular,dec,774,14,no
31,unknown,married,unknown,5389,no,no,telephone,dec,565,7,no
79,admin.,divorced,primary,3715,yes,no,cellular,oct,231,9,no
46,student,married,tertiary,-2703,no,no,unknown,feb,2268,1,no
30,blue-collar,single,unknown,-3338,yes,no,cellular,may,1078,6,no
26,services,single,primary,3570,yes,no,unknown,aug,1681,6,no
86,management,married,unknown,4313,no,no,cellular,may,559,10,no
25,management,married,tertiary,-1289,yes,no,telephone,feb,2690,8,no
31,admin.,single,tertiary,95,no,yes,cellular,aug,2431,13,no
79,blue-collar,single,primary,4384,yes,no,cellular,apr,2851,13,no
65,admin.,single,tertiary,3096,yes,no,cellular,sep,1756,5,yes
63,management,single,primary,1320,yes,no,cellular,aug,2824,12,no
25,unknown,single,secondary,2918,yes,no,unknown,dec,1344,8,no
40,technician,married,unknown,625,yes,no,cellular,dec,1910,12,no
72,admin.,married,primary,192,yes,no,telephone,jun,2282,13,no
57,blue-collar,divorced,primary,4316,yes,no,telephone,nov,2178,2,no
21,blue-collar,married,primary,-527,no,yes,unknown,nov,2202,6,yes
61,student,single,secondary,21,yes,no,telephone,may,1206,10,no
21,technician,single,tertiary,6090,no,no,cellular,mar,2274,12,no
19,services,married,unknown,-1070,no,no,telephone,apr,2492,10,no
34,technician,married,primary,6002,yes,no,unknown,sep,875,7,no
42,blue-collar,divorced,tertiary,1833,no,no,cellular,aug,73,10,no
56,blue-collar,divorced,primary,1353,no,yes,cellular,may,2708,12,no
58,retired,single,secondary,2799,no,no,telephone,jan,1459,4,no
79,technician,divorced,secondary,3688,yes,no,unknown,jun,165,12,no
42,blue-collar,single,secondary,5155,no,no,unknown,sep,2618,12,no
39,blue-collar,divorced,tertiary,711,no,no,telephone,sep,185,14,no
38,technician,divorced,primary,2586,no,no,cellular,feb,2839,4,no
49,retired,single,unknown,89,yes,no,cellular,may,1975,4,no
50,admin.,divorced,unknown,-193,yes,no,cellular,jan,2563,3,no
33,unknown,single,secondary,1679,no,yes,unknown,may,617,11,no
69,retired,divorced,unknown,3397,no,yes,telephone,apr,47,14,no
55,unknown,married,tertiary,-1242,yes,no,telephone,dec,842,6,no
69,services,divorced,unknown,-3135,no,no,cellular,apr,2028,12,no
19,services,single,unknown,-1525,yes,no,cellular,apr,1972,8,no
59,admin.,divorced,unknown,-6,no,no,telephone,oct,1798,7,no
79,student,divorced,tertiary,4938,no,no,unknown,feb,1806,6,no
71,admin.,divorced,secondary,-1025,no,no,cellular,sep,23,7,yes
39,technician,divorced,primary,2726,yes,no,telephone,dec,1389,4,no
27,technician,divorced,primary,4511,no,no,unknown,jan,876,2,no
82,student,divorced,tertiary,-822,no,no,unknown,nov,2660,10,no
29,student,single,unknown,5143,no,no,telephone,may,180,12,no
48,blue-collar,married,tertiary,2949,no,no,unknown,sep,797,12,no
71,services,single,primary,-1376,yes,no,telephone,aug,1604,8,no
57,technician,divorced,tertiary,232,no,no,unknown,may,2583,8,no
37,management,divorced,secondary,-885,no,no,unknown,feb,1994,7,no
76,management,divorced,primary,609,no,no,unknown,feb,590,6,no
31,unknown,single,tertiary,2442,yes,no,unknown,jul,2130,8,no
83,admin.,single,secondary,-498,yes,no,cellular,oct,2466,11,yes
26,retired,single,unknown,2359,no,no,cellular,jun,310,5,no
19,retired,divorced,unknown,1822,no,no,cellular,jun,2099,3,no
48,services,divorced,unknown,-1650,no,no,unknown,jul,1525,8,no
47,management,single,unknown,2372,yes,no,telephone,apr,2208,5,no
56,retired,divorced,secondary,4336,yes,yes,cellular,dec,1177,4,no
53,admin.,divorced,tertiary,658,yes,no,unknown,jul,1036,10,yes
37,unknown,married,primary,3389,no,no,unknown,aug,1548,12,no
41,unknown,divorced,tertiary,-1536,yes,no,unknown,dec,2846,2,no
43,technician,single,secondary,5642,no,no,cellular,dec,2519,3,no
87,technician,single,secondary,3029,no,no,cellular,nov,1620,7,no
85,admin.,divorced,unknown,3306,yes,no,cellular,jan,2837,9,no
56,services,single,secondary,-517,yes,no,unknown,jan,1551,8,no
36,retired,divorced,secondary,3314,no,no,telephone,nov,159,9,no
54,retired,divorced,tertiary,2496,no,no,cellular,feb,2464,12,no
46,services,married,tertiary,3418,yes,no,telephone,apr,815,5,no
19,management,single,unknown,4981,yes,no,telephone,jun,1544,5,no
43,student,divorced,primary,-22,no,no,telephone,may,2767,14,no
42,technician,married,unknown,4980,no,no,cellular,dec,2110,12,no
57,management,divorced,tertiary,3480,no,no,unknown,feb,1892,10,no
73,blue-collar,single,secondary,-1936,yes,no,cellular,jun,2499,2,no
75,technician,married,tertiary,5980,yes,no,cellular,may,2139,9,no
87,blue-collar,single,primary,-118,yes,no,unknown,mar,1248,13,no
81,blue-collar,divorced,tertiary,1943,yes,no,cellular,jul,1252,11,no
28,admin.,divorced,primary,2064,no,no,unknown,jun,1538,5,no
46,student,single,secondary,-1297,no,no,cellular,aug,366,11,no
28,admin.,married,unknown,3807,yes,no,unknown,nov,2173,9,no
47,blue-collar,divorced,tertiary,159,yes,no,cellular,jun,1150,1,no
73,blue-collar,divorced,tertiary,-2184,yes,no,cellular,apr,1091,3,no
58,student,married,primary,-907,no,no,cellular,dec,158,8,no
68,retired,married,unknown,-3689,yes,yes,cellular,jul,578,9,yes
79,admin.,married,secondary,-2344,no,no,cellular,aug,405,12,no
83,retired,married,tertiary,4160,yes,yes,cellular,jul,2613,1,no
23,management,single,unknown,-2900,no,no,cellular,apr,1678,2,no
39,blue-collar,single,unknown,2350,no,no,unknown,sep,798,1,no
86,services,married,tertiary,-242,no,no,cellular,aug,1465,8,no
46,admin.,divorced,tertiary,4415,no,no,telephone,oct,2530,4,no
71,blue-collar,single,unknown,1331,no,yes,telephone,sep,1080,12,no
52,student,single,secondary,-1982,no,no,unknown,jul,2221,4,no
50,services,married,unknown,3026,yes,no,cellular,jan,1834,11,yes
38,technician,married,tertiary,316,yes,no,telephone,jul,2266,4,no
60,unknown,married,tertiary,3263,yes,no,unknown,sep,1828,7,yes
21,student,single,unknown,2296,no,no,telephone,jun,2957,12,no
85,admin.,divorced,secondary,-1570,no,no,cellular,jan,2106,4,no
72,unknown,single,unknown,1022,yes,no,unknown,oct,994,6,no
32,admin.,single,tertiary,-213,no,no,telephone,jul,1119,1,yes
60,management,married,tertiary,661,no,no,telephone,may,2407,1,no
83,retired,married,unknown,998,yes,no,unknown,jan,2112,12,no
23,blue-collar,single,secondary,-3079,no,no,unknown,jul,696,3,no
31,unknown,married,tertiary,2218,yes,no,unknown,feb,2411,14,no
54,student,single,tertiary,456,yes,no,unknown,may,1496,9,no
85,management,married,primary,-2192,yes,no,cellular,aug,2841,9,no
23,management,divorced,unknown,-1876,no,no,telephone,apr,2214,7,no
18,management,married,secondary,-3486,yes,yes,telephone,may,320,13,no
47,management,married,tertiary,6839,yes,no,cellular,sep,263,6,no
67,technician,divorced,secondary,1286,yes,yes,unknown,mar,2190,7,no
64,services,married,unknown,2417,yes,no,cellular,jun,1653,1,no
20,blue-collar,divorced,unknown,5409,no,no,unknown,mar,359,4,no
48,student,single,primary,9023,yes,no,cellular,aug,618,3,no
50,admin.,married,unknown,-611,no,no,unknown,nov,1222,1,no
52,technician,divorced,tertiary,-83,no,no,cellular,feb,2965,9,no
18,retired,divorced,unknown,-1440,no,no,telephone,jul,1370,10,no
49,blue-collar,married,unknown,954,yes,no,telephone,apr,2559,8,no
20,student,divorced,primary,-3685,yes,no,telephone,oct,193,7,no
50,services,married,unknown,5040,no,no,telephone,aug,1956,7,no
73,student,divorced,primary,2781,no,no,unknown,aug,1301,13,no
20,student,single,secondary,802,yes,no,cellular,mar,1093,1,yes
82,management,divorced,unknown,-2711,yes,no,telephone,feb,811,3,no
58,admin.,married,primary,5413,no,no,telephone,oct,2600,6,no
67,management,divorced,secondary,147,no,yes,unknown,aug,957,13,no
51,technician,married,unknown,6248,yes,no,unknown,apr,2982,7,no
76,services,single,tertiary,547,yes,no,cellular,apr,1658,12,no
37,unknown,married,unknown,1595,yes,yes,unknown,aug,2213,8,no
28,unknown,married,unknown,-2105,no,no,unknown,sep,2029,14,no
51,services,single,primary,4771,no,no,unknown,feb,448,13,no
59,services,single,tertiary,-3293,yes,no,unknown,jul,2634,12,no
77,unknown,single,primary,3567,no,no,unknown,jun,1905,5,no
52,management,divorced,primary,5259,yes,no,unknown,dec,2189,6,no
24,admin.,divorced,unknown,-3263,yes,yes,telephone,mar,1723,9,no
77,unknown,single,secondary,4004,no,no,unknown,jun,2329,12,no
75,retired,married,secondary,5426,yes,no,cellular,aug,1317,4,no
56,unknown,married,unknown,2609,yes,no,cellular,nov,2277,10,no
21,student,married,tertiary,3044,yes,no,telephone,nov,2851,14,no
82,services,married,tertiary,2475,yes,no,unknown,feb,279,13,no
64,management,divorced,tertiary,1588,yes,no,cellular,aug,85,4,no
81,unknown,divorced,unknown,-1469,yes,no,telephone,feb,1088,11,no
26,unknown,married,secondary,1248,yes,no,telephone,nov,110,8,yes
42,unknown,single,primary,552,yes,no,cellular,feb,1684,7,no
34,retired,single,unknown,6658,no,no,telephone,jun,2858,12,no
70,retired,single,primary,1212,yes,no,telephone,nov,1209,14,no
40,services,divorced,unknown,1311,yes,no,unknown,aug,1938,13,yes
79,blue-collar,married,tertiary,1929,no,no,telephone,mar,2477,8,no
47,technician,single,primary,2663,yes,yes,telephone,feb,193,6,no
43,services,single,secondary,-770,yes,no,cellular,dec,1568,4,no
61,management,divorced,secondary,4063,yes,yes,unknown,aug,1749,12,no
72,technician,married,tertiary,1174,no,no,unknown,oct,178,1,no
45,unknown,married,tertiary,3457,yes,no,telephone,jul,2305,10,no
18,blue-collar,married,secondary,-1127,no,no,unknown,may,505,6,no
81,retired,single,tertiary,1019,no,no,telephone,feb,1147,5,no
47,management,married,primary,5564,yes,no,unknown,oct,2387,14,no
25,management,divorced,primary,6973,yes,no,telephone,dec,2174,6,no
62,student,married,primary,3277,yes,no,cellular,jun,2604,12,yes
68,student,divorced,secondary,-1729,no,no,cellular,apr,2174,7,no
43,management,married,tertiary,-3754,yes,no,telephone,may,2989,8,no
29,retired,divorced,primary,3275,no,no,cellular,sep,1106,10,yes
79,retired,married,primary,6951,yes,no,unknown,nov,2308,1,no
78,admin.,divorced,unknown,318,yes,no,unknown,apr,952,11,no
63,student,divorced,tertiary,875,yes,no,telephone,feb,2320,9,no
36,retired,married,secondary,2178,no,no,unknown,jan,2845,6,no
55,technician,married,secondary,8453,no,no,unknown,feb,1029,13,no
60,services,single,tertiary,1941,yes,no,unknown,nov,1220,10,no
78,services,divorced,primary,1989,yes,no,cellular,mar,2068,3,no
80,retired,divorced,primary,368,no,no,unknown,aug,2092,1,yes
70,services,single,unknown,1719,yes,yes,telephone,aug,1367,6,no
64,student,divorced,unknown,4589,no,no,cellular,may,256,1,no
35,retired,married,unknown,-388,yes,no,unknown,may,2344,14,no
26,admin.,single,unknown,4103,no,no,cellular,jan,2293,6,no
74,unknown,single,primary,4224,yes,yes,unknown,oct,83,7,no
25,management,divorced,primary,-792,no,no,cellular,apr,178,7,no
53,retired,single,unknown,3662,yes,no,cellular,mar,1847,12,no
54,blue-collar,single,unknown,7184,yes,no,unknown,mar,67,9,no
32,technician,married,secondary,-1992,yes,no,unknown,sep,884,3,no
36,unknown,divorced,tertiary,1012,yes,yes,unknown,mar,2867,6,no
86,services,married,primary,2148,yes,no,cellular,dec,1828,8,no
69,management,divorced,primary,2508,yes,no,cellular,nov,2726,1,no
46,management,married,secondary,-1235,no,no,telephone,dec,2667,4,no
69,blue-collar,married,primary,-2083,yes,no,telephone,may,869,4,no
20,unknown,divorced,tertiary,-646,yes,no,telephone,oct,1890,4,no
30,blue-collar,married,secondary,1699,yes,no,telephone,nov,941,12,no
82,student,married,secondary,106,yes,no,unknown,jun,1571,12,no
73,admin.,single,primary,3854,no,no,cellular,mar,1023,12,no
26,technician,single,unknown,4804,yes,no,unknown,jan,945,14,no
32,technician,single,tertiary,-989,no,no,unknown,jul,1944,14,no
49,blue-collar,married,primary,2349,no,no,unknown,aug,2787,8,no
45,management,married,unknown,1695,no,no,cellular,aug,2334,13,no
54,technician,single,unknown,8542,no,no,telephone,jan,311,6,no
76,blue-collar,married,secondary,231,yes,no,telephone,oct,835,7,no
71,unknown,married,secondary,2565,yes,no,telephone,oct,571,12,no
70,technician,divorced,primary,7003,no,no,telephone,feb,1505,13,no
23,admin.,single,unknown,-4160,no,no,cellular,apr,2731,8,no
49,technician,divorced,tertiary,5555,yes,no,telephone,may,675,8,no
70,management,divorced,secondary,-310,no,no,telephone,nov,2237,8,no
67,unknown,married,primary,-2651,yes,no,unknown,feb,32,9,no
67,technician,divorced,primary,2296,no,no,unknown,apr,13,3,no
73,retired,married,secondary,1987,no,no,telephone,may,2530,4,no
39,management,single,secondary,3150,no,yes,unknown,aug,1268,7,no
75,services,single,secondary,3531,yes,yes,telephone,sep,1997,12,no
73,student,married,secondary,1125,no,yes,telephone,jan,2343,12,no
33,admin.,single,unknown,6346,no,no,telephone,jan,87,4,no
30,admin.,divorced,secondary,5327,no,no,cellular,nov,2897,6,no
40,student,divorced,secondary,2690,no,no,cellular,jun,2747,2,no
85,blue-collar,single,unknown,2433,yes,no,telephone,oct,2386,3,no
57,management,married,secondary,4747,yes,no,unknown,oct,2713,8,no
83,student,married,tertiary,1557,no,yes,unknown,jul,1170,1,no
44,unknown,married,tertiary,-2005,yes,no,telephone,oct,971,2,no
64,blue-collar,divorced,unknown,1143,no,no,telephone,feb,2483,11,no
87,unknown,married,primary,493,yes,no,cellular,aug,2676,7,no
41,blue-collar,single,tertiary,1829,no,no,cellular,sep,2531,9,yes
69,retired,married,tertiary,-1867,no,no,unknown,sep,1000,10,no
47,blue-collar,divorced,tertiary,-1500,yes,no,telephone,oct,684,5,no
81,blue-collar,single,unknown,4670,no,no,telephone,dec,776,6,no
71,services,single,secondary,1658,no,no,telephone,nov,2788,6,no
69,student,divorced,unknown,666,yes,no,unknown,jan,1175,13,no
32,unknown,single,tertiary,261,yes,no,telephone,aug,1087,5,no
84,retired,single,secondary,1029,yes,no,telephone,jun,1159,8,no
39,management,single,tertiary,1941,no,no,telephone,mar,751,5,no
46,management,divorced,unknown,-3161,yes,no,telephone,may,1222,3,yes
48,unknown,single,primary,355,no,no,unknown,dec,2811,1,no
67,admin.,single,tertiary,2028,no,no,telephone,dec,1056,6,no
72,technician,single,primary,1062,no,no,telephone,jul,2092,7,no
83,services,divorced,primary,-3402,no,no,unknown,jun,657,1,no
28,student,divorced,primary,1546,no,no,telephone,feb,2545,13,no
76,blue-collar,divorced,primary,1378,yes,no,unknown,sep,1535,11,no
26,blue-collar,married,tertiary,-464,no,yes,cellular,dec,1336,14,no
55,blue-collar,married,unknown,-1110,yes,no,cellular,nov,2087,10,no
81,technician,married,tertiary,2040,yes,no,unknown,dec,1755,2,no
71,management,single,unknown,1789,no,no,cellular,sep,876,10,yes
85,services,divorced,secondary,2784,yes,no,cellular,mar,2920,3,no
20,management,divorced,unknown,7312,yes,no,cellular,jun,2035,2,yes
55,blue-collar,divorced,primary,3096,no,no,cellular,jan,2030,6,no
23,management,single,tertiary,-543,no,yes,unknown,sep,2186,10,no
67,technician,single,primary,5007,no,no,cellular,mar,2626,2,no
30,management,married,tertiary,781,yes,no,telephone,sep,470,9,no
31,management,married,secondary,792,yes,no,cellular,jul,2760,9,no
38,management,single,tertiary,-1038,no,no,telephone,jul,425,11,no
78,technician,married,secondary,3095,yes,yes,telephone,jan,1785,10,no
41,blue-collar,married,primary,651,yes,no,unknown,nov,1521,8,no
78,retired,single,tertiary,3970,yes,no,cellular,dec,2953,10,no
59,student,single,tertiary,3155,yes,no,cellular,dec,2992,9,no
28,unknown,divorced,unknown,-844,no,no,cellular,mar,2422,14,no
34,technician,single,unknown,-1148,yes,no,telephone,feb,2364,1,no
69,admin.,divorced,tertiary,2211,yes,no,unknown,dec,903,3,no
77,blue-collar,single,tertiary,5004,no,yes,cellular,mar,2221,13,yes
32,blue-collar,divorced,tertiary,4492,no,yes,unknown,oct,1645,11,no
52,management,married,unknown,5791,yes,no,telephone,jun,2897,5,no
49,retired,single,secondary,1997,yes,no,cellular,dec,1504,9,no
50,blue-collar,single,secondary,4085,yes,no,unknown,dec,2950,4,no
41,management,divorced,secondary,4734,yes,no,unknown,jan,1125,11,no
79,admin.,single,secondary,7181,no,no,unknown,feb,1340,7,no
78,retired,divorced,tertiary,2714,no,no,telephone,feb,1585,4,no
43,management,single,primary,515,no,no,unknown,oct,1983,12,no
50,admin.,divorced,tertiary,4830,yes,no,unknown,dec,2394,3,no
80,unknown,single,unknown,-2108,no,no,telephone,jul,1449,10,no
75,retired,single,primary,4632,yes,no,telephone,jan,1798,9,no
53,technician,married,primary,5367,no,no,cellular,jul,2006,10,no
60,services,married,unknown,4458,no,no,unknown,mar,2729,4,no
76,student,single,secondary,-1016,yes,yes,cellular,sep,316,10,no
52,retired,divorced,unknown,2243,yes,no,unknown,mar,1794,13,no
78,management,divorced,tertiary,4672,yes,no,cellular,aug,2578,6,no
65,admin.,married,unknown,3097,yes,no,cellular,jul,1191,14,no
45,student,single,secondary,1729,yes,yes,telephone,jun,2848,2,no
18,admin.,married,unknown,2227,yes,no,telephone,nov,2260,12,no
74,management,married,unknown,10251,no,no,telephone,sep,2860,14,no
55,services,divorced,primary,-1151,yes,no,telephone,sep,636,11,no
58,technician,divorced,primary,-1930,yes,no,cellular,jan,2209,8,no
31,technician,married,secondary,-1017,yes,no,telephone,apr,1643,13,no
78,services,single,secondary,7585,no,no,unknown,may,2931,8,no
72,blue-collar,divorced,primary,3641,no,yes,telephone,jul,2471,13,no
23,technician,single,unknown,59,no,no,telephone,apr,2001,14,no
78,management,divorced,unknown,7863,yes,no,telephone,oct,2676,11,no
47,unknown,married,secondary,-1565,yes,no,unknown,dec,2332,6,no
70,management,single,unknown,-41,no,no,telephone,feb,543,8,no
85,technician,single,unknown,-1688,yes,no,telephone,dec,1311,14,no
83,admin.,divorced,secondary,1814,no,no,telephone,mar,2646,13,no
78,retired,divorced,primary,2926,yes,no,cellular,jul,62,5,yes
28,management,divorced,primary,2021,no,no,cellular,apr,1872,4,no
57,technician,single,unknown,4958,yes,no,unknown,aug,1517,10,no
33,management,single,secondary,487,no,yes,unknown,jul,602,7,no
74,services,single,tertiary,805,no,no,telephone,jun,1099,13,no
67,blue-collar,single,primary,2451,no,no,unknown,dec,38,4,no
43,admin.,single,primary,6747,yes,no,unknown,dec,407,2,no
27,retired,divorced,primary,2898,no,no,unknown,dec,1105,6,no
80,blue-collar,married,tertiary,793,yes,yes,unknown,jul,377,7,no
53,services,married,primary,3846,yes,no,telephone,nov,1282,11,no
67,unknown,married,unknown,1001,yes,no,cellular,apr,2099,13,no
65,unknown,single,primary,2314,no,no,telephone,mar,759,7,no
63,unknown,single,primary,1101,yes,no,telephone,jan,993,7,no
32,unknown,married,unknown,-1833,no,no,telephone,dec,14,2,no
29,admin.,divorced,tertiary,-229,yes,no,unknown,apr,359,13,no
46,services,divorced,primary,5871,no,yes,telephone,sep,1377,2,no
83,management,single,primary,2431,no,no,telephone,apr,2355,10,no
74,technician,divorced,secondary,2005,no,no,telephone,dec,2789,3,no
81,unknown,married,secondary,1672,yes,no,unknown,nov,1458,12,no
43,student,married,primary,764,no,no,cellular,dec,2828,5,no
43,unknown,single,secondary,1700,no,no,telephone,dec,1900,6,no
66,blue-collar,divorced,secondary,520,no,no,cellular,may,1468,4,no
21,admin.,divorced,primary,2281,yes,no,unknown,aug,1060,8,no
84,technician,divorced,secondary,-1385,yes,no,telephone,jan,2708,8,no
74,technician,married,unknown,3500,no,no,cellular,feb,563,5,no
71,blue-collar,single,secondary,1352,yes,no,telephone,aug,274,4,no
72,student,married,primary,-2032,yes,no,unknown,jun,2474,10,yes
73,admin.,married,unknown,739,no,no,telephone,dec,2545,6,no
55,blue-collar,single,primary,453,no,no,cellular,apr,2605,8,no
40,management,divorced,tertiary,4361,yes,no,cellular,jan,1674,8,no
86,admin.,married,primary,1072,no,no,telephone,oct,776,9,no
29,student,divorced,secondary,-664,yes,yes,telephone,jul,208,14,no
82,blue-collar,single,tertiary,-4043,yes,no,unknown,jul,1774,2,no
69,admin.,married,secondary,-95,yes,no,unknown,feb,192,8,no
75,technician,divorced,tertiary,4832,yes,no,cellular,feb,708,8,no
49,admin.,single,secondary,2830,yes,no,unknown,may,78,9,no
69,admin.,married,secondary,-897,no,yes,telephone,sep,2950,3,no
66,technician,divorced,secondary,1041,no,no,unknown,sep,976,8,no
77,retired,married,primary,1762,no,no,unknown,nov,1588,1,no
39,technician,divorced,primary,5932,yes,no,telephone,jan,1626,11,no
69,technician,married,tertiary,1554,yes,no,telephone,dec,1695,13,no
32,services,divorced,secondary,52,no,no,cellular,dec,2335,2,no
86,blue-collar,divorced,unknown,2512,no,no,telephone,apr,1939,7,no
53,technician,divorced,unknown,3309,yes,no,telephone,feb,1797,13,no
81,unknown,divorced,tertiary,3665,no,no,cellular,jan,2818,5,yes
26,management,married,tertiary,3610,yes,yes,telephone,may,1492,2,no
42,retired,married,unknown,7523,yes,yes,cellular,feb,715,12,no
57,services,divorced,primary,-1858,no,no,unknown,jun,721,7,no
86,admin.,divorced,primary,1159,no,no,cellular,aug,2952,4,no
35,technician,single,unknown,1489,no,no,cellular,mar,1819,10,no
50,student,divorced,unknown,-2073,no,yes,unknown,oct,2670,9,no
28,technician,divorced,secondary,-1602,no,yes,telephone,mar,2925,7,no
72,technician,married,tertiary,799,yes,no,cellular,jun,1936,5,no
51,unknown,single,tertiary,500,yes,no,telephone,feb,2816,1,no
34,technician,divorced,secondary,79,no,no,unknown,sep,2880,1,no
59,technician,divorced,secondary,-3504,yes,no,telephone,sep,1180,8,no
66,unknown,single,unknown,-1620,no,no,telephone,jan,1135,10,no
73,unknown,single,unknown,-82,yes,no,unknown,feb,1461,8,no
41,blue-collar,married,unknown,820,no,yes,unknown,feb,1893,4,no
37,unknown,single,tertiary,2309,no,no,telephone,sep,1251,8,no
66,services,divorced,primary,756,yes,no,telephone,jan,1698,14,no
58,unknown,married,tertiary,-385,no,no,telephone,may,1698,2,no
32,technician,single,secondary,2480,yes,no,telephone,sep,1671,14,yes
58,management,divorced,unknown,2200,no,no,cellular,dec,1232,6,no
59,blue-collar,married,unknown,-1121,no,no,cellular,jan,963,8,no
29,services,divorced,unknown,6974,no,no,cellular,sep,666,1,no
87,services,married,tertiary,-4908,yes,no,cellular,feb,2200,9,no
19,technician,divorced,secondary,3335,no,no,telephone,apr,609,3,no
63,student,married,secondary,4021,no,no,unknown,may,447,9,yes
60,admin.,divorced,tertiary,4384,no,no,unknown,aug,2487,9,no
40,technician,married,tertiary,2391,yes,no,cellular,feb,2614,13,no
55,retired,married,secondary,-2355,yes,no,telephone,feb,1502,4,no
38,blue-collar,divorced,unknown,6946,no,no,telephone,feb,1916,11,no
84,admin.,single,tertiary,-2338,yes,no,telephone,mar,384,2,no
49,retired,single,secondary,-1529,no,yes,cellular,jan,347,11,no
59,student,divorced,secondary,-38,yes,no,unknown,mar,1643,8,no
42,student,single,primary,-2078,no,no,cellular,mar,1309,1,no
32,retired,married,tertiary,-2055,yes,no,cellular,aug,2050,4,no
29,management,divorced,secondary,-1022,yes,no,unknown,jul,2508,1,no
70,admin.,married,unknown,-3992,yes,no,telephone,jan,524,5,no
85,unknown,single,primary,1770,yes,no,telephone,oct,327,1,no
19,services,divorced,tertiary,214,no,no,unknown,jul,2964,1,no
27,blue-collar,single,primary,746,no,no,cellular,dec,569,12,no
67,management,divorced,tertiary,2230,yes,yes,unknown,aug,482,7,no
33,retired,single,tertiary,1082,no,no,cellular,jul,1995,13,no
74,management,married,secondary,-389,no,no,unknown,oct,1557,10,no
71,blue-collar,married,unknown,2712,yes,no,telephone,jan,1748,12,no
29,retired,divorced,unknown,668,no,no,telephone,jan,92,5,no
24,technician,divorced,primary,-837,yes,no,telephone,jan,2900,3,no
37,student,single,secondary,1024,yes,no,telephone,dec,2460,7,no
27,unknown,divorced,tertiary,4984,yes,no,cellular,sep,2899,8,no
24,technician,married,secondary,-171,no,no,unknown,aug,348,4,no
83,admin.,married,secondary,3253,no,no,telephone,jan,462,3,no
31,admin.,married,primary,-1341,no,no,telephone,mar,2133,8,no
56,management,divorced,secondary,1490,yes,yes,cellular,oct,439,4,no
35,technician,divorced,primary,2190,no,no,unknown,jan,902,5,no
31,retired,divorced,unknown,-1008,no,no,unknown,feb,1234,13,no
37,blue-collar,married,primary,432,no,no,telephone,aug,1527,12,no
35,unknown,married,primary,-1228,no,yes,cellular,apr,629,3,yes
49,student,divorced,secondary,-970,no,yes,cellular,aug,2310,4,no
60,management,married,secondary,1374,yes,no,unknown,apr,264,9,no
84,retired,married,primary,5915,yes,no,telephone,feb,2867,8,no
67,retired,married,tertiary,2580,no,no,cellular,jun,2882,4,no
23,admin.,married,tertiary,1508,no,no,unknown,apr,506,4,no
30,retired,single,tertiary,5392,no,no,unknown,jul,2052,13,no
41,student,divorced,primary,-2243,no,no,telephone,feb,2519,1,no
59,admin.,married,primary,5200,yes,no,cellular,nov,788,2,yes
33,admin.,single,tertiary,394,no,no,unknown,nov,656,13,no
56,technician,single,unknown,2233,yes,no,unknown,jul,2547,5,no
70,technician,married,tertiary,3349,no,no,unknown,mar,177,10,no
19,management,single,tertiary,2808,no,no,cellular,jul,2748,11,no
83,unknown,divorced,secondary,449,yes,no,telephone,jun,2531,1,no
67,retired,married,primary,3793,no,no,telephone,feb,2070,11,no
48,blue-collar,single,secondary,325,no,no,cellular,aug,929,1,no
33,services,divorced,primary,311,yes,no,cellular,oct,2161,4,no
81,blue-collar,single,secondary,1330,yes,no,unknown,mar,2463,14,no
40,student,divorced,secondary,2882,yes,yes,cellular,aug,1053,1,yes
78,technician,single,primary,-1319,no,no,unknown,sep,2673,11,no
80,management,divorced,unknown,-1006,yes,no,unknown,feb,2293,5,yes
43,technician,divorced,secondary,-3365,no,no,telephone,jul,1866,2,no
20,unknown,single,tertiary,690,no,yes,telephone,feb,1242,13,no
25,admin.,divorced,tertiary,4431,no,yes,telephone,sep,1050,3,no
61,technician,single,unknown,10479,no,no,telephone,aug,103,9,yes
85,student,married,tertiary,2165,no,no,cellular,sep,427,7,no
74,technician,divorced,secondary,6083,no,no,cellular,oct,1350,8,no
74,services,divorced,unknown,1578,no,no,unknown,mar,524,6,no
80,management,married,unknown,1782,yes,no,telephone,jun,168,7,no
68,management,married,tertiary,1134,yes,yes,unknown,jan,1883,13,yes
32,admin.,married,primary,1360,no,no,cellular,aug,367,4,no
48,student,married,tertiary,1376,no,no,cellular,feb,1474,10,yes
42,services,divorced,unknown,570,no,no,telephone,jul,1667,12,no
32,blue-collar,divorced,secondary,6447,yes,no,unknown,jul,2012,14,no
53,management,married,unknown,3028,yes,no,cellular,oct,1673,7,no
41,blue-collar,divorced,secondary,-510,no,no,telephone,jul,216,4,no
76,blue-collar,married,tertiary,3277,no,no,cellular,may,2935,5,no
50,unknown,married,unknown,4280,yes,no,cellular,oct,781,5,no
61,services,divorced,secondary,-1964,yes,no,cellular,jan,462,12,no
61,technician,single,unknown,4391,yes,no,unknown,feb,565,10,no
28,student,married,unknown,4015,yes,no,unknown,sep,834,10,no
25,student,single,tertiary,2537,yes,yes,unknown,jan,2772,13,no
51,technician,single,primary,5922,no,no,cellular,jun,2216,11,no
68,technician,single,primary,4310,no,no,telephone,aug,745,13,no
62,unknown,single,secondary,356,no,no,cellular,aug,729,6,no
68,unknown,divorced,primary,1902,no,no,cellular,aug,149,8,no
77,admin.,single,secondary,5475,no,no,unknown,apr,27,6,no
87,technician,single,unknown,216,yes,no,unknown,oct,308,6,no
73,retired,married,unknown,432,yes,no,cellular,may,2875,7,no
72,blue-collar,single,unknown,2344,yes,yes,telephone,apr,1575,2,no
61,technician,single,tertiary,935,no,no,unknown,jun,1109,3,no
87,retired,married,secondary,8487,no,yes,unknown,jan,66,11,no
74,management,divorced,secondary,5382,yes,no,cellular,jan,2969,8,no
22,technician,divorced,secondary,7690,yes,no,telephone,nov,816,10,no
22,blue-collar,married,secondary,4996,yes,no,cellular,jun,1325,2,no
83,admin.,single,primary,2159,no,no,telephone,may,1749,10,no
83,unknown,divorced,primary,-4011,no,no,unknown,jul,2371,5,no
73,blue-collar,single,tertiary,2540,no,no,telephone,jul,277,3,yes
72,services,married,tertiary,-1595,yes,no,unknown,jun,1230,13,no
57,management,married,tertiary,-2846,yes,no,cellular,mar,1485,8,no
64,unknown,married,primary,4832,no,yes,unknown,may,1062,9,no
42,admin.,married,primary,-1563,no,no,unknown,mar,2364,12,yes
61,admin.,single,unknown,-490,yes,no,telephone,feb,192,14,no
28,student,married,secondary,169,yes,no,telephone,dec,2311,11,no
56,management,married,secondary,1910,no,no,cellular,jun,374,1,no
22,blue-collar,married,secondary,1328,yes,no,unknown,feb,600,7,no
33,blue-collar,divorced,primary,3596,yes,no,cellular,aug,246,10,no
43,technician,single,unknown,3119,yes,no,cellular,oct,561,12,no
62,student,married,unknown,-2905,yes,no,telephone,sep,1840,13,no
46,services,single,tertiary,5795,no,no,cellular,sep,2567,6,no
47,services,single,unknown,-1716,yes,no,unknown,dec,2609,13,no
71,unknown,married,unknown,-1345,yes,no,telephone,oct,2187,9,no
69,technician,divorced,tertiary,6405,no,no,telephone,apr,2013,8,no
35,management,single,secondary,1249,yes,no,unknown,feb,1151,10,no
32,retired,married,primary,4627,yes,no,telephone,aug,375,10,no
37,management,single,primary,3459,no,no,unknown,jul,2440,13,yes
28,blue-collar,divorced,secondary,2710,no,no,telephone,oct,2221,3,no
30,management,married,unknown,-541,yes,no,unknown,jan,189,5,no
83,student,divorced,secondary,865,yes,no,telephone,dec,820,6,no
84,technician,married,secondary,6120,yes,no,unknown,aug,568,10,no
54,student,married,unknown,-513,no,yes,telephone,nov,2089,8,no
28,blue-collar,divorced,tertiary,1609,no,no,telephone,mar,1854,4,no
86,admin.,married,unknown,2860,no,no,unknown,jun,894,7,no
54,management,divorced,tertiary,304,no,no,unknown,jan,1787,8,no
34,retired,single,tertiary,-530,no,no,cellular,oct,2895,14,no
43,unknown,married,tertiary,905,no,no,telephone,dec,1909,8,no
44,student,divorced,tertiary,845,yes,yes,cellular,jan,1549,13,yes
57,management,single,unknown,-2798,yes,no,unknown,jan,2123,14,no
42,admin.,divorced,tertiary,2177,yes,no,unknown,feb,1794,11,no
18,admin.,married,primary,5124,no,no,telephone,apr,1110,4,no
37,student,divorced,primary,-7972,no,no,unknown,may,1990,6,no
78,blue-collar,married,primary,1915,yes,yes,telephone,may,766,5,no
79,retired,divorced,secondary,-7005,yes,no,unknown,mar,1065,13,no
46,unknown,married,secondary,5536,yes,no,cellular,jun,1869,9,no
73,blue-collar,married,primary,-255,yes,no,telephone,jul,1186,12,yes
36,student,single,tertiary,1430,no,no,cellular,may,2898,1,no
38,blue-collar,single,unknown,-1433,no,no,unknown,may,252,4,yes
39,retired,single,unknown,6933,no,no,cellular,oct,1295,2,no
76,admin.,divorced,unknown,7234,no,no,cellular,aug,1517,6,no
85,retired,single,unknown,-1712,no,no,cellular,apr,194,14,no
84,services,divorced,unknown,-2038,yes,no,cellular,sep,1210,10,no
43,services,single,tertiary,3747,no,no,telephone,mar,2314,3,no
67,unknown,married,secondary,3812,no,no,telephone,oct,2282,11,no
50,unknown,single,unknown,313,no,no,cellular,jul,1245,9,no
77,retired,divorced,tertiary,-1560,yes,no,unknown,jun,620,12,yes
78,management,single,tertiary,5605,yes,no,telephone,jun,624,8,no
78,admin.,single,unknown,643,yes,no,unknown,feb,589,4,no
87,student,married,primary,480,yes,no,telephone,apr,252,9,no
34,technician,single,primary,1732,no,yes,unknown,feb,1940,14,no
86,unknown,married,tertiary,-2751,yes,no,cellular,mar,2634,7,no
33,services,divorced,tertiary,-374,no,no,telephone,apr,838,5,yes
27,technician,married,tertiary,-1438,yes,yes,cellular,sep,2837,12,no
71,blue-collar,married,primary,-4174,no,no,telephone,sep,2866,8,no
57,management,single,tertiary,-1029,yes,yes,cellular,dec,2223,2,yes
71,management,married,secondary,1221,no,no,unknown,feb,481,2,no
59,services,single,unknown,-864,yes,yes,unknown,jan,964,11,no
47,blue-collar,single,primary,968,yes,no,telephone,jun,1115,6,no
72,technician,married,primary,-1627,yes,no,telephone,mar,2029,4,no
62,management,married,tertiary,3071,no,no,cellular,apr,244,2,no
51,blue-collar,married,primary,4122,no,no,telephone,nov,1053,9,no
54,blue-collar,divorced,secondary,3213,yes,no,telephone,jan,2806,11,no
50,blue-collar,divorced,tertiary,1804,yes,no,unknown,mar,544,2,no
30,student,single,secondary,3655,no,no,telephone,mar,15,14,no
43,unknown,divorced,primary,-362,no,no,telephone,may,2441,2,no
26,admin.,married,primary,-859,no,no,cellular,oct,1659,14,yes
69,services,married,primary,1164,no,no,unknown,aug,2236,9,no
66,blue-collar,married,primary,-159,no,no,unknown,jun,2849,12,no
63,retired,single,unknown,5208,no,yes,cellular,jan,2607,2,no
38,management,divorced,secondary,7035,no,no,telephone,nov,994,11,no
86,management,married,unknown,8750,no,no,cellular,jan,2635,3,no
70,management,divorced,secondary,3972,no,no,unknown,feb,2657,13,no
59,services,married,secondary,2404,no,no,unknown,mar,2318,3,yes
61,student,divorced,primary,-4105,no,no,cellular,may,42,4,no
82,unknown,married,primary,223,no,no,telephone,oct,2034,10,no
18,student,married,primary,-676,yes,no,cellular,nov,193,3,no
85,technician,single,unknown,-471,yes,no,cellular,jan,145,12,no
51,unknown,divorced,unknown,5185,no,no,telephone,jul,1275,3,no
20,services,married,unknown,5460,yes,no,telephone,sep,429,3,yes
42,management,divorced,secondary,215,no,no,cellular,jul,1287,13,no
20,technician,single,secondary,-321,yes,no,unknown,may,785,10,no
60,services,divorced,primary,781,no,no,telephone,may,919,1,no
86,student,divorced,unknown,-3725,no,no,unknown,mar,229,9,no
62,management,married,unknown,5006,yes,yes,unknown,jul,21,11,yes
59,services,married,primary,3716,yes,no,telephone,mar,621,4,no
22,services,married,primary,-2063,no,no,cellular,dec,812,1,no
37,services,single,secondary,-2009,no,no,telephone,may,489,12,no
36,blue-collar,single,unknown,6056,yes,yes,telephone,jul,884,5,no
48,blue-collar,married,primary,3771,no,no,unknown,aug,2970,8,no
75,management,married,secondary,6598,no,no,unknown,feb,2903,10,no
49,unknown,single,unknown,-698,no,yes,cellular,oct,2399,5,yes
29,admin.,single,secondary,6515,no,no,cellular,mar,4,1,no
25,blue-collar,divorced,secondary,-1160,no,no,telephone,jul,171,8,no
25,unknown,divorced,unknown,1943,yes,no,cellular,jun,1937,11,no
81,unknown,married,primary,-3351,yes,no,telephone,apr,169,11,no
33,technician,married,primary,97,no,no,cellular,jan,2952,9,yes
40,technician,single,primary,2053,yes,no,cellular,apr,2188,3,no
53,technician,single,unknown,380,yes,no,telephone,jul,1763,11,no
56,management,single,primary,3310,yes,no,telephone,oct,724,2,no
75,admin.,married,tertiary,-735,no,no,unknown,may,512,14,no
78,admin.,divorced,primary,1545,yes,no,unknown,jan,2715,1,no
33,retired,single,tertiary,611,no,no,unknown,dec,881,2,yes
80,admin.,married,secondary,577,no,yes,unknown,mar,2881,2,no
46,management,married,secondary,3795,yes,no,cellular,jun,1601,2,no
31,management,married,primary,-418,yes,no,telephone,aug,2133,14,no
54,retired,single,tertiary,1021,yes,no,cellular,jan,2701,9,no
29,student,married,unknown,176,yes,no,unknown,aug,938,10,no
42,blue-collar,single,tertiary,6005,no,yes,unknown,dec,2694,6,yes
27,services,single,tertiary,1397,yes,no,telephone,sep,2515,10,no
70,services,married,tertiary,1419,no,no,unknown,oct,1107,1,no
34,retired,single,unknown,703,yes,no,cellular,feb,921,8,no
83,management,divorced,secondary,2676,yes,no,cellular,jun,2657,9,no
40,admin.,single,unknown,286,yes,no,telephone,dec,1585,6,no
28,technician,married,primary,160,no,no,unknown,jul,2042,9,yes
68,student,married,tertiary,162,no,yes,cellular,nov,183,3,yes
52,management,single,unknown,1611,yes,no,cellular,sep,856,8,yes
28,blue-collar,single,primary,4458,yes,no,telephone,aug,1503,1,no
44,unknown,divorced,primary,528,yes,no,telephone,jul,858,3,yes
33,retired,divorced,secondary,-2249,yes,no,unknown,apr,838,9,no
65,unknown,divorced,tertiary,-2750,no,no,unknown,sep,1674,14,no
44,student,single,unknown,9544,yes,no,unknown,oct,2320,5,no
24,technician,single,secondary,-890,no,no,unknown,jun,1737,5,no
19,admin.,divorced,unknown,6730,no,no,unknown,jul,1848,10,no
85,admin.,single,secondary,739,yes,no,unknown,aug,817,1,no
35,blue-collar,single,tertiary,-1280,no,no,telephone,oct,1442,10,yes
75,student,married,primary,1183,yes,no,cellular,jul,1828,6,no
