LIMIT_BAL,SEX,EDUCATION,MARRIAGE,AGE,PAY_0,BILL_AMT1,PAY_AMT1,default_payment_next_month
390000,1,2,1,45,-1,37256.0,3916.0,0
490000,1,1,2,24,3,129819.0,2847.0,0
430000,2,1,1,48,5,55348.0,9260.0,0
290000,1,3,2,50,7,-107.0,2899.0,0
240000,1,1,1,46,-2,-9359.0,10113.0,0
260000,2,1,2,37,6,-75934.0,0.0,1
10000,1,4,3,38,1,149181.0,0.0,0
450000,1,3,3,65,8,-13778.0,1433.0,0
280000,2,3,1,58,6,52671.0,9880.0,0
310000,1,2,2,43,8,34305.0,107.0,1
140000,1,1,3,29,3,14889.0,7565.0,0
450000,2,3,2,26,3,52101.0,0.0,1
80000,2,1,1,44,-1,81143.0,0.0,0
460000,2,4,2,55,8,44052.0,9192.0,0
190000,2,1,1,43,2,-43133.0,3707.0,0
380000,1,3,1,53,8,125554.0,17527.0,0
40000,1,1,1,24,0,108457.0,0.0,1
60000,1,2,2,49,-2,-25680.0,12615.0,0
410000,2,3,2,36,4,39468.0,0.0,1
310000,1,2,1,33,5,34650.0,0.0,0
320000,1,4,1,49,6,-3396.0,3420.0,0
260000,1,3,3,32,4,-671.0,0.0,1
120000,1,1,2,69,1,64988.0,16966.0,0
320000,1,3,1,47,8,90641.0,0.0,0
50000,1,3,3,35,0,99542.0,5958.0,0
150000,2,4,3,46,-2,48525.0,588.0,0
250000,2,3,3,60,5,46945.0,11086.0,0
450000,2,2,3,67,-2,39144.0,0.0,0
490000,2,1,1,31,-1,-93190.0,0.0,0
460000,1,4,2,55,3,82167.0,0.0,0
150000,1,2,3,39,7,-68191.0,11329.0,0
450000,2,3,3,62,-2,57645.0,3781.0,0
220000,1,1,2,44,-1,40850.0,5775.0,0
60000,1,1,1,54,8,66155.0,9377.0,1
190000,2,2,3,25,0,94641.0,0.0,0
390000,2,4,3,39,-1,65440.0,0.0,0
230000,1,3,1,43,6,123080.0,0.0,0
160000,2,4,1,21,-2,115540.0,3647.0,0
140000,2,4,1,56,-2,177766.0,0.0,0
290000,1,3,2,21,8,-34687.0,696.0,0
300000,2,4,1,62,0,64648.0,0.0,0
500000,1,1,3,64,0,-7487.0,10962.0,0
290000,2,2,1,51,5,45463.0,5773.0,0
500000,2,3,3,46,-1,-7210.0,438.0,0
210000,1,3,3,48,3,296.0,0.0,1
160000,2,4,2,45,6,76217.0,0.0,0
460000,1,2,2,50,6,85705.0,0.0,1
370000,2,1,1,51,3,-74368.0,0.0,0
500000,1,2,1,22,7,19959.0,0.0,0
310000,1,2,1,46,-1,80771.0,12352.0,0
460000,2,1,3,23,2,55714.0,1930.0,0
370000,1,3,1,38,-2,42519.0,23537.0,0
490000,1,1,3,55,6,85913.0,0.0,0
310000,1,1,1,55,2,43474.0,13431.0,0
290000,1,4,1,48,-1,14535.0,481.0,0
50000,2,3,2,69,5,28247.0,6566.0,0
330000,1,1,1,40,5,68686.0,5036.0,0
100000,1,4,1,69,6,14367.0,0.0,0
150000,2,1,3,57,-1,203256.0,7399.0,0
310000,1,4,3,50,-1,78575.0,13643.0,1
260000,1,1,1,22,8,66495.0,0.0,0
170000,1,4,1,47,2,61048.0,20077.0,0
330000,1,4,3,29,2,60696.0,0.0,0
150000,2,3,2,49,8,16340.0,3953.0,0
300000,1,4,2,34,1,25245.0,14383.0,0
30000,2,2,3,63,-1,54841.0,2155.0,0
370000,2,4,3,42,4,160582.0,1492.0,0
350000,2,2,1,36,6,31.0,0.0,0
90000,1,2,1,24,-2,24580.0,12746.0,0
280000,2,1,1,38,8,68999.0,3615.0,0
10000,1,1,1,28,7,116110.0,11227.0,0
140000,2,4,3,26,6,51542.0,0.0,0
410000,2,2,2,54,3,22128.0,6827.0,0
500000,1,1,3,50,6,102324.0,21763.0,0
430000,1,2,2,32,5,19236.0,0.0,1
340000,2,1,2,44,-1,203960.0,14735.0,0
220000,2,2,2,65,1,83779.0,12150.0,0
120000,1,3,3,41,1,35348.0,16646.0,0
300000,2,2,2,35,8,27190.0,3970.0,0
440000,2,3,3,44,3,106028.0,0.0,0
420000,1,2,2,44,7,59266.0,1416.0,0
310000,1,2,3,69,5,159562.0,0.0,0
30000,2,4,1,44,3,61972.0,2179.0,1
120000,1,3,3,38,3,-18829.0,7048.0,0
220000,1,4,2,41,1,41539.0,0.0,1
180000,2,4,3,61,1,15992.0,0.0,0
20000,1,2,2,58,1,74498.0,18886.0,0
230000,2,2,3,39,-1,19258.0,18964.0,0
400000,1,2,2,42,7,32936.0,4497.0,0
380000,2,1,1,48,-2,44626.0,5216.0,0
450000,2,3,1,30,6,44841.0,5824.0,0
370000,1,4,3,56,2,125991.0,0.0,0
360000,2,1,2,49,7,42879.0,364.0,0
120000,1,4,2,24,8,82765.0,7271.0,0
30000,1,2,3,41,4,68692.0,2037.0,0
90000,2,4,1,40,7,91091.0,9212.0,0
380000,1,3,2,31,8,33117.0,6587.0,0
440000,2,4,1,21,6,92784.0,9428.0,1
180000,1,4,2,66,3,-7114.0,5878.0,0
10000,2,2,2,58,6,-8297.0,11747.0,1
430000,2,3,1,46,1,45181.0,18000.0,1
400000,1,1,3,37,7,37273.0,1094.0,0
250000,1,4,3,51,5,43617.0,0.0,0
230000,2,4,2,38,8,-50787.0,2762.0,0
90000,1,3,2,33,-2,24025.0,14347.0,1
150000,2,3,3,65,5,90197.0,6548.0,0
440000,2,1,1,55,1,-4709.0,7284.0,0
370000,1,2,1,33,8,15620.0,7894.0,0
280000,2,4,3,69,6,130574.0,11078.0,1
470000,1,4,1,62,2,3267.0,2976.0,1
80000,1,4,3,67,0,88582.0,5018.0,0
240000,2,1,3,65,5,68621.0,3099.0,0
360000,2,3,1,30,3,-414.0,9957.0,0
90000,1,1,2,30,3,80227.0,22649.0,0
300000,2,3,2,67,6,34920.0,6451.0,0
170000,1,1,3,32,5,34632.0,9492.0,1
40000,1,4,3,37,3,-79974.0,6236.0,0
250000,2,1,2,29,1,29960.0,6321.0,1
170000,2,4,3,60,1,51513.0,10055.0,1
110000,2,2,3,44,5,81186.0,0.0,1
390000,2,1,1,69,4,21424.0,0.0,1
200000,1,2,3,34,8,139979.0,0.0,0
130000,2,4,2,40,-1,9648.0,0.0,0
340000,2,3,1,51,8,96619.0,8959.0,1
160000,1,1,3,69,1,69618.0,0.0,0
280000,1,3,3,36,-1,-3339.0,11062.0,0
310000,2,2,1,45,7,-3410.0,0.0,0
210000,1,1,3,23,3,-19329.0,7259.0,1
280000,1,3,2,52,5,64506.0,95.0,0
110000,1,4,1,26,-2,42526.0,13117.0,0
200000,2,2,1,63,0,41611.0,14419.0,1
470000,1,1,1,49,1,56520.0,10119.0,0
340000,2,2,3,53,0,-2619.0,1546.0,1
270000,2,3,1,45,4,61508.0,7191.0,1
200000,2,4,1,65,-2,51430.0,13779.0,0
220000,2,4,2,63,-2,-39855.0,3085.0,1
280000,1,2,3,31,2,55310.0,0.0,0
30000,2,2,1,55,-2,87448.0,0.0,1
490000,2,1,1,62,4,-19406.0,6954.0,0
230000,1,4,3,47,5,122622.0,7688.0,0
480000,1,1,2,63,-2,40193.0,4632.0,1
70000,2,2,3,23,5,63426.0,2058.0,1
410000,2,4,3,63,0,47724.0,1948.0,0
500000,1,1,3,48,4,101737.0,3985.0,1
280000,2,1,3,59,6,156752.0,10898.0,0
410000,2,1,1,44,-1,85098.0,3308.0,1
210000,1,2,3,59,3,54179.0,17336.0,1
100000,2,1,2,44,1,7205.0,16419.0,1
270000,2,2,3,54,6,23707.0,0.0,0
160000,1,4,3,48,4,-54353.0,15899.0,0
440000,2,1,3,62,4,-3401.0,12825.0,0
110000,1,2,3,24,-1,96314.0,9736.0,0
330000,2,4,2,58,7,-35872.0,0.0,0
290000,1,4,2,67,3,82071.0,7958.0,0
290000,2,2,2,24,5,168699.0,18159.0,1
30000,1,3,1,48,5,15051.0,1092.0,0
390000,1,4,2,41,4,17486.0,12560.0,0
370000,2,4,2,52,4,45485.0,3828.0,0
430000,1,4,2,52,8,16573.0,0.0,0
190000,2,2,1,40,7,62126.0,6029.0,0
130000,1,1,3,58,-1,114537.0,10204.0,1
400000,1,1,3,66,7,66263.0,7761.0,0
430000,1,4,1,30,1,108629.0,7750.0,0
120000,1,2,3,40,6,33624.0,10488.0,1
30000,2,4,2,44,7,6625.0,9740.0,1
490000,1,4,3,44,-1,-27481.0,3093.0,0
380000,2,1,2,24,7,-73279.0,826.0,0
40000,1,2,2,55,1,97817.0,0.0,0
430000,1,2,2,22,3,46160.0,7449.0,1
420000,1,2,2,43,1,-43880.0,16.0,0
50000,1,1,1,45,2,-38792.0,11005.0,0
80000,1,2,3,52,4,45264.0,0.0,0
430000,1,2,2,43,7,-40279.0,3124.0,0
140000,1,2,1,34,3,90471.0,9347.0,1
70000,1,1,3,25,0,46780.0,5442.0,0
190000,1,1,1,68,0,42516.0,0.0,0
90000,2,2,1,40,-2,-21260.0,1630.0,1
140000,1,3,1,36,5,81150.0,20556.0,0
290000,2,2,1,50,0,28919.0,0.0,1
330000,2,3,3,26,0,-816.0,14267.0,0
270000,2,3,2,54,8,110802.0,8143.0,0
380000,1,2,3,21,5,19340.0,10140.0,0
10000,1,1,2,30,5,69553.0,1360.0,0
390000,1,4,1,42,5,44684.0,8023.0,0
500000,2,3,2,37,4,146959.0,7180.0,0
340000,2,4,1,34,8,26220.0,11393.0,0
30000,2,2,3,27,0,12059.0,0.0,0
450000,1,3,1,27,1,-39111.0,0.0,1
170000,1,1,3,32,6,-11060.0,8684.0,0
70000,1,2,2,29,3,-14408.0,0.0,0
290000,1,2,1,64,3,77374.0,0.0,0
280000,2,4,3,40,4,55719.0,4715.0,1
450000,1,2,1,37,4,9381.0,19273.0,0
80000,1,4,1,33,-1,57175.0,281.0,0
490000,2,4,2,44,8,6507.0,10570.0,0
190000,2,1,1,21,4,7829.0,0.0,0
460000,1,1,1,52,-1,5449.0,13259.0,0
110000,2,4,1,40,6,-16985.0,9812.0,0
90000,1,2,1,64,8,76127.0,0.0,1
250000,2,1,1,22,-1,55494.0,0.0,0
250000,2,4,2,47,4,-6037.0,4241.0,0
140000,1,2,2,40,6,-18842.0,2601.0,1
160000,1,2,2,52,2,-1098.0,5303.0,1
150000,2,1,2,41,8,89428.0,4742.0,0
370000,2,1,3,23,3,150545.0,0.0,0
400000,2,2,3,38,6,81255.0,440.0,1
210000,2,3,3,56,-2,69320.0,2382.0,0
120000,1,4,2,57,1,68715.0,0.0,0
290000,2,2,1,41,3,116231.0,0.0,0
440000,1,1,1,36,4,48480.0,13607.0,0
400000,2,3,3,54,7,100534.0,0.0,0
410000,1,4,2,39,3,6910.0,12629.0,0
430000,1,3,1,31,7,-29899.0,14378.0,0
250000,2,2,3,46,6,41336.0,2601.0,0
180000,1,1,2,67,0,105186.0,13060.0,0
130000,2,4,3,53,3,56275.0,705.0,0
480000,2,2,1,25,1,12712.0,23714.0,0
160000,2,1,1,27,3,36252.0,10206.0,0
420000,2,4,2,30,3,85547.0,2901.0,0
290000,1,3,1,41,-2,34152.0,10583.0,0
110000,1,1,1,44,-1,113055.0,3202.0,0
420000,2,3,3,69,5,73720.0,3391.0,0
380000,1,1,3,34,3,-4068.0,0.0,0
470000,1,2,3,38,-2,100877.0,0.0,1
100000,2,1,2,35,7,-43034.0,20208.0,0
130000,2,1,1,32,1,34645.0,0.0,0
450000,1,2,1,45,8,61263.0,8429.0,1
100000,2,2,3,64,7,-24227.0,0.0,0
70000,2,2,2,61,6,84385.0,7090.0,0
350000,2,2,3,27,3,31919.0,0.0,1
420000,1,3,2,41,-1,72642.0,6008.0,0
360000,2,3,1,67,7,102008.0,3826.0,0
120000,1,1,2,66,0,31747.0,5889.0,0
220000,2,1,2,64,8,82978.0,0.0,1
100000,1,1,2,41,0,29647.0,3173.0,0
180000,2,1,3,33,0,11610.0,5570.0,0
10000,2,1,3,43,8,79720.0,1860.0,1
100000,2,1,1,37,2,43804.0,2566.0,0
30000,2,3,3,62,8,71792.0,1033.0,0
30000,1,3,1,64,4,150269.0,1475.0,0
320000,1,2,2,47,8,-58379.0,11886.0,0
500000,2,2,2,51,-2,36629.0,17522.0,0
250000,2,1,2,59,3,-4144.0,5788.0,0
70000,1,3,3,46,-1,108189.0,0.0,1
60000,2,2,3,50,7,60627.0,4264.0,0
280000,1,1,1,39,7,51392.0,480.0,0
500000,1,4,1,23,0,61163.0,0.0,1
230000,2,2,3,48,6,35840.0,11231.0,0
190000,2,1,3,69,-1,110219.0,2708.0,1
320000,1,1,3,24,8,17981.0,0.0,0
140000,2,4,1,55,1,11795.0,20307.0,0
130000,2,3,3,53,4,114617.0,0.0,0
60000,2,1,3,24,6,-24534.0,4544.0,0
210000,1,4,3,56,4,91532.0,19647.0,0
270000,1,1,1,47,6,-49378.0,6914.0,1
10000,2,1,1,42,2,113043.0,11382.0,0
50000,2,2,1,66,4,40602.0,0.0,1
90000,2,1,2,67,-2,51143.0,20698.0,0
30000,2,1,1,41,7,46258.0,4612.0,0
350000,2,4,2,66,3,113873.0,12252.0,0
160000,1,2,3,63,-1,97395.0,9977.0,0
460000,2,2,1,30,2,54598.0,8510.0,0
10000,1,3,2,35,-2,27025.0,0.0,0
150000,1,4,1,32,-1,55295.0,6384.0,0
80000,1,4,2,30,6,148625.0,0.0,0
390000,2,3,3,46,4,49931.0,0.0,0
10000,2,1,1,59,6,94272.0,13745.0,0
370000,2,1,3,33,5,15703.0,231.0,0
200000,2,1,2,33,6,13039.0,15405.0,0
200000,1,4,1,55,7,87587.0,3681.0,0
340000,1,1,3,52,1,86626.0,3861.0,0
490000,1,2,2,33,7,-15206.0,0.0,0
210000,1,4,3,64,3,56485.0,18659.0,1
380000,2,1,3,26,-2,89023.0,11362.0,0
380000,2,2,1,61,-2,10869.0,1409.0,0
470000,1,3,3,26,-1,83814.0,3198.0,0
390000,1,2,1,64,7,51471.0,0.0,0
310000,2,4,3,44,1,162531.0,4076.0,0
130000,1,1,1,34,4,31475.0,18289.0,1
220000,1,3,3,58,3,19220.0,3005.0,1
210000,1,1,1,35,6,-14540.0,10369.0,0
210000,2,4,2,60,4,68687.0,12602.0,0
420000,2,4,3,28,7,79525.0,7563.0,0
20000,2,3,1,30,-1,118339.0,10107.0,1
260000,2,1,1,36,4,-72175.0,15677.0,0
340000,2,2,2,69,-2,-41545.0,0.0,1
270000,1,1,3,44,8,67657.0,22954.0,0
440000,2,3,3,64,5,57088.0,7226.0,0
120000,2,1,3,29,1,20375.0,4101.0,0
370000,2,2,2,41,7,73882.0,6845.0,0
450000,1,2,2,53,-2,178581.0,166.0,0
20000,1,2,1,45,0,131.0,17925.0,0
370000,1,2,2,52,3,66538.0,11664.0,1
500000,2,1,2,21,2,53618.0,8080.0,0
500000,1,3,2,62,-1,-72593.0,10741.0,1
470000,2,4,3,46,0,-40536.0,0.0,1
460000,1,2,1,21,4,219914.0,0.0,1
350000,1,4,3,31,6,2431.0,8077.0,1
200000,1,3,1,49,0,15288.0,15844.0,0
490000,2,3,3,32,-1,-43991.0,0.0,1
370000,1,4,2,56,0,-56106.0,5085.0,0
480000,2,2,3,58,3,-83599.0,7662.0,0
50000,1,1,2,64,8,-21117.0,13113.0,1
30000,1,3,3,32,0,48074.0,7871.0,1
160000,2,2,3,35,4,203430.0,11646.0,0
110000,1,3,2,59,-1,29387.0,14237.0,0
190000,1,3,2,21,8,-29302.0,14905.0,1
180000,1,2,1,27,4,11063.0,9531.0,0
80000,2,1,3,65,2,25195.0,0.0,0
60000,1,2,1,21,-1,133780.0,12582.0,0
280000,2,2,1,44,-2,93844.0,6020.0,0
470000,1,1,1,28,5,96184.0,15445.0,1
30000,2,2,1,52,7,-55464.0,15942.0,0
60000,2,3,2,37,-1,111752.0,3376.0,0
30000,1,3,1,39,3,-14510.0,0.0,0
430000,1,3,2,54,5,38292.0,12032.0,1
490000,1,1,1,41,2,9441.0,8076.0,0
140000,1,2,3,41,7,46852.0,0.0,0
390000,1,1,1,29,-2,34390.0,15573.0,0
270000,2,1,2,45,2,48885.0,0.0,0
70000,1,3,2,34,6,195936.0,569.0,1
480000,1,1,3,50,7,7174.0,5793.0,0
380000,2,4,1,24,1,-23200.0,3737.0,0
260000,1,1,3,61,-2,21610.0,11509.0,0
380000,1,1,3,39,7,76233.0,0.0,0
290000,1,3,1,48,6,-85576.0,11664.0,0
100000,2,2,2,38,1,121266.0,0.0,0
140000,1,2,2,44,7,-102136.0,12092.0,0
180000,2,4,3,60,3,-6796.0,0.0,0
220000,1,4,3,30,1,83304.0,19687.0,0
490000,2,4,2,60,8,105435.0,0.0,1
140000,2,4,3,26,2,33953.0,0.0,0
50000,1,4,2,38,-2,36447.0,17168.0,0
350000,1,1,1,34,-1,-50562.0,6458.0,0
160000,1,2,3,52,5,-34360.0,10086.0,0
90000,2,4,3,21,4,50861.0,2450.0,0
220000,2,3,2,54,-1,-16816.0,0.0,0
160000,2,4,1,57,8,128170.0,17218.0,0
470000,1,3,3,22,3,135784.0,0.0,0
170000,1,1,1,69,3,31565.0,6947.0,0
500000,1,3,2,34,0,-28662.0,0.0,0
20000,2,1,2,65,-2,148425.0,12710.0,1
200000,2,2,1,55,0,74907.0,8815.0,0
450000,2,4,1,38,5,-33928.0,6962.0,0
90000,2,2,2,26,8,52454.0,1978.0,0
360000,1,1,3,66,5,128972.0,2705.0,0
50000,2,3,2,27,-2,-50091.0,27685.0,1
80000,1,1,3,54,2,-33189.0,4222.0,0
430000,1,2,3,28,8,81724.0,9303.0,0
40000,2,2,2,61,1,95495.0,143.0,0
390000,2,2,1,61,0,-20160.0,13259.0,0
420000,1,4,2,21,-1,-58336.0,1996.0,0
60000,1,2,3,30,5,53450.0,10017.0,1
230000,2,3,1,67,0,184306.0,10629.0,0
30000,2,2,3,34,6,135558.0,12949.0,0
50000,1,4,2,65,-2,28276.0,20666.0,0
310000,2,2,3,47,4,14825.0,15443.0,0
390000,1,1,1,67,2,118741.0,5293.0,0
210000,2,4,1,48,3,73280.0,4991.0,0
80000,2,4,2,48,3,88138.0,12037.0,0
240000,1,2,1,28,2,29358.0,8616.0,1
470000,2,3,1,38,2,-95172.0,0.0,1
440000,1,2,2,25,2,181649.0,6956.0,1
310000,1,3,3,67,-1,-11417.0,8503.0,1
250000,1,2,3,24,5,91645.0,17491.0,0
340000,2,4,2,22,4,69146.0,12423.0,0
70000,1,3,1,44,3,31469.0,6354.0,0
240000,1,4,2,24,1,119553.0,10580.0,0
280000,2,3,1,28,8,33358.0,20124.0,0
420000,1,1,3,60,-1,41611.0,11907.0,0
310000,2,2,1,66,5,35655.0,3942.0,0
240000,2,1,1,55,6,34246.0,8858.0,1
440000,1,3,1,35,6,-96613.0,0.0,0
280000,2,3,2,51,1,35013.0,0.0,1
40000,2,2,2,69,5,-12488.0,0.0,1
450000,2,4,3,32,2,-50597.0,3181.0,0
430000,1,1,2,28,2,94065.0,34.0,0
200000,1,3,1,68,-1,-17211.0,0.0,1
190000,2,4,2,44,6,-1486.0,15771.0,0
280000,1,1,1,22,6,58684.0,2349.0,1
470000,1,1,1,26,6,16450.0,13861.0,0
130000,1,3,2,62,-1,36930.0,25443.0,0
340000,1,4,3,29,6,79848.0,4407.0,0
230000,1,2,1,41,6,9953.0,0.0,0
190000,2,1,2,47,1,5706.0,3798.0,0
280000,1,2,1,56,1,-49894.0,10089.0,0
70000,1,3,3,34,8,-48511.0,6806.0,1
80000,1,2,3,60,6,55851.0,14603.0,0
380000,2,2,2,30,-1,149067.0,10405.0,0
350000,1,1,1,26,6,30043.0,2848.0,0
290000,1,3,2,32,3,56593.0,2883.0,1
230000,2,2,2,38,8,47245.0,12581.0,0
320000,2,2,3,61,5,63639.0,11719.0,0
440000,2,3,3,55,5,66909.0,13393.0,0
250000,2,4,1,28,0,116840.0,0.0,0
70000,2,4,1,56,5,30939.0,9535.0,0
500000,1,2,3,34,1,74754.0,2770.0,0
400000,2,3,1,30,8,-50175.0,13833.0,0
290000,2,4,1,34,-2,-37967.0,6057.0,0
300000,1,1,2,57,-2,78064.0,9520.0,0
500000,2,2,2,68,5,132639.0,15821.0,1
460000,1,1,1,65,8,138814.0,10386.0,1
460000,1,4,1,55,4,100678.0,8805.0,0
300000,1,3,3,55,6,142880.0,11100.0,0
150000,1,3,3,41,1,-61194.0,0.0,0
290000,2,3,2,41,6,-7131.0,5216.0,0
210000,1,4,2,38,6,-28669.0,0.0,0
250000,2,4,1,33,5,-31885.0,0.0,0
300000,1,1,3,67,-1,42895.0,0.0,0
330000,2,4,1,36,0,44105.0,4457.0,1
190000,1,4,3,21,3,143824.0,1956.0,0
180000,1,2,1,67,6,-38409.0,7545.0,1
390000,1,1,1,28,2,-15849.0,17623.0,0
190000,2,3,2,39,5,117391.0,13624.0,0
470000,2,3,2,24,-1,28364.0,20263.0,1
140000,1,4,2,21,0,135853.0,2137.0,1
470000,2,4,1,61,-1,-3571.0,4219.0,1
310000,1,2,1,43,-1,70992.0,0.0,0
330000,2,2,3,54,8,174465.0,9313.0,1
260000,2,2,3,43,8,44431.0,6286.0,0
270000,2,1,2,55,8,11757.0,17461.0,1
260000,2,1,2,32,1,126706.0,39.0,0
240000,1,2,2,35,2,60709.0,2293.0,0
30000,2,1,3,45,7,85767.0,25117.0,0
400000,2,3,3,57,7,66750.0,0.0,0
150000,2,4,3,34,5,-15414.0,2264.0,1
270000,2,2,3,29,2,104110.0,25903.0,1
180000,2,3,3,61,-2,120947.0,488.0,1
80000,1,2,2,49,4,89277.0,7586.0,0
250000,2,3,1,42,5,73940.0,0.0,0
390000,1,4,3,34,1,58793.0,0.0,0
40000,2,2,3,58,-2,47365.0,0.0,0
170000,1,2,1,50,5,13598.0,13862.0,0
280000,2,4,3,58,2,33107.0,0.0,0
230000,1,4,1,41,5,67887.0,19.0,0
90000,2,4,1,35,5,5473.0,0.0,0
220000,1,4,3,68,6,109684.0,8411.0,1
30000,2,4,2,68,-1,-12149.0,15891.0,1
300000,1,4,1,31,0,16221.0,0.0,0
380000,1,1,1,62,3,34455.0,3215.0,0
230000,2,3,1,21,-2,36869.0,13742.0,0
230000,1,4,1,47,3,2335.0,306.0,1
280000,1,3,1,57,1,156611.0,4267.0,0
30000,2,2,2,34,6,-9853.0,0.0,0
500000,1,3,3,67,5,108213.0,6335.0,0
340000,1,2,3,60,7,-3672.0,0.0,0
150000,2,2,2,31,3,36359.0,8227.0,0
430000,2,1,3,38,8,77249.0,0.0,0
80000,2,3,2,51,7,-25202.0,2076.0,1
370000,2,1,1,43,4,-17588.0,14417.0,0
460000,2,3,2,21,-1,69905.0,23485.0,0
340000,1,4,2,24,6,36327.0,7618.0,0
150000,2,4,2,51,8,176934.0,4239.0,0
50000,2,4,1,38,8,59319.0,2573.0,0
170000,2,2,1,56,-2,60293.0,7429.0,1
150000,2,4,3,49,8,-66141.0,5187.0,0
210000,1,2,1,25,-1,71167.0,0.0,0
470000,1,3,2,65,2,163894.0,1698.0,0
330000,2,2,2,27,7,63492.0,12191.0,0
210000,1,2,2,41,1,130632.0,4689.0,0
450000,1,2,3,64,8,91463.0,13514.0,0
430000,2,3,3,64,7,142408.0,18376.0,0
420000,1,2,3,31,8,61784.0,0.0,0
300000,1,2,3,42,5,36771.0,21556.0,0
230000,2,3,2,68,1,81230.0,0.0,0
180000,1,3,1,28,1,47285.0,0.0,0
230000,2,4,1,29,0,92489.0,7184.0,0
170000,1,3,3,26,-1,96595.0,4902.0,0
430000,1,1,2,22,5,108259.0,5342.0,0
50000,2,2,2,57,1,68242.0,13036.0,0
470000,2,2,3,26,8,88181.0,5122.0,0
280000,2,3,2,61,4,-3148.0,14291.0,0
490000,1,1,2,46,-2,-5495.0,2513.0,0
340000,2,3,3,56,6,38845.0,6840.0,1
30000,1,4,2,49,0,3946.0,6090.0,1
200000,1,4,3,33,8,-72458.0,12482.0,0
190000,1,2,3,45,5,23262.0,363.0,1
310000,1,2,1,52,-2,50804.0,2345.0,0
350000,2,1,1,30,-2,81911.0,42.0,0
10000,1,3,1,60,4,-94627.0,3887.0,0
130000,2,2,3,53,8,80846.0,4459.0,0
270000,2,2,3,26,6,118484.0,0.0,0
10000,2,3,3,65,3,62974.0,6916.0,0
430000,1,4,2,57,4,67707.0,2649.0,1
320000,1,4,2,39,-2,68190.0,9860.0,0
250000,1,1,3,31,4,52628.0,15755.0,0
290000,1,1,1,55,2,95765.0,13710.0,0
190000,2,1,2,28,5,153994.0,11640.0,0
390000,1,3,3,21,4,40217.0,0.0,0
20000,2,1,1,21,-1,76423.0,0.0,0
500000,1,4,2,58,3,-45022.0,6152.0,0
310000,1,2,2,32,4,51367.0,0.0,0
450000,1,4,2,43,1,-15265.0,0.0,0
50000,2,1,2,68,1,70644.0,8713.0,0
250000,1,1,2,37,7,79258.0,16727.0,0
20000,2,4,1,53,7,165949.0,19875.0,0
80000,2,3,3,51,-2,-8773.0,1053.0,1
250000,2,3,1,34,2,88142.0,17933.0,0
270000,2,1,1,41,7,76765.0,0.0,0
480000,2,1,2,61,2,42962.0,21709.0,0
70000,2,1,3,30,7,16489.0,0.0,0
80000,1,1,1,30,-2,23075.0,5485.0,0
150000,2,4,1,27,5,19150.0,1403.0,0
110000,1,2,1,44,4,28524.0,8105.0,1
440000,1,2,1,50,0,73575.0,0.0,0
340000,1,4,2,48,5,41325.0,6257.0,1
340000,2,4,3,25,4,-31805.0,6355.0,0
460000,2,1,2,22,2,27413.0,0.0,0
420000,1,2,3,33,6,114261.0,5125.0,0
290000,1,3,3,41,-2,78723.0,6628.0,0
230000,2,4,3,57,5,70712.0,17263.0,1
90000,2,1,3,54,8,56.0,1800.0,0
380000,2,3,3,65,7,109300.0,0.0,0
460000,2,3,3,50,4,83548.0,0.0,0
50000,2,2,2,26,4,-51261.0,11657.0,0
210000,1,4,2,56,5,-28680.0,0.0,0
110000,2,2,1,45,0,31739.0,4667.0,0
120000,1,4,2,44,3,82004.0,4796.0,1
80000,2,1,2,25,-2,10637.0,2033.0,1
290000,1,2,2,56,2,25183.0,23475.0,0
430000,2,3,3,25,5,144816.0,13082.0,0
230000,2,1,3,41,0,-47804.0,14823.0,0
140000,2,4,1,61,1,-6136.0,3835.0,1
440000,1,3,3,45,8,138482.0,0.0,1
130000,2,4,3,58,1,42855.0,10301.0,0
310000,1,3,1,48,5,34671.0,1706.0,0
350000,2,4,1,34,-1,153702.0,6090.0,0
350000,1,1,2,22,3,-13226.0,14751.0,0
210000,1,3,2,58,7,16255.0,3618.0,0
50000,2,2,3,62,7,20388.0,0.0,0
200000,1,1,3,29,-1,62789.0,4090.0,0
350000,1,1,1,30,-2,36352.0,11464.0,0
450000,2,2,2,47,4,14380.0,706.0,0
250000,1,3,1,32,1,22199.0,4998.0,0
60000,1,3,2,40,-2,95881.0,1193.0,1
320000,2,3,2,62,4,117541.0,6178.0,0
20000,1,1,2,47,1,2950.0,7670.0,0
290000,2,3,3,45,4,41168.0,4806.0,0
100000,2,3,1,51,5,98391.0,14729.0,1
350000,2,2,3,40,4,-660.0,0.0,1
220000,1,4,3,44,-2,17360.0,9126.0,0
340000,2,3,1,27,8,48946.0,2357.0,0
60000,2,3,3,64,4,39335.0,20692.0,0
210000,2,3,3,31,2,17098.0,29003.0,0
420000,2,2,2,52,7,112245.0,1779.0,0
150000,1,3,2,54,6,12886.0,5351.0,1
310000,1,3,2,23,0,118560.0,883.0,0
110000,2,1,3,55,5,67291.0,1317.0,1
390000,2,3,3,69,8,-21774.0,0.0,0
460000,1,1,2,55,-1,141537.0,14967.0,1
500000,2,1,2,57,-1,-26849.0,8213.0,1
450000,1,1,2,52,8,128313.0,1057.0,0
130000,1,4,2,33,2,52101.0,0.0,0
150000,2,3,3,23,4,107880.0,8130.0,0
340000,2,2,3,28,-2,66517.0,5175.0,1
260000,1,4,2,21,2,177462.0,3211.0,0
200000,1,4,1,41,2,29794.0,8043.0,0
20000,2,2,3,37,1,46761.0,17565.0,0
90000,1,2,2,30,0,65530.0,0.0,0
470000,2,2,3,62,7,29254.0,5483.0,0
10000,1,2,3,65,-2,-1023.0,4459.0,0
430000,1,2,1,45,3,-28524.0,7761.0,0
70000,2,1,2,57,7,144700.0,12217.0,0
190000,1,2,3,23,0,-960.0,26917.0,0
480000,1,1,2,58,5,81657.0,16184.0,0
90000,2,3,3,39,4,46494.0,715.0,0
130000,2,3,1,21,3,4004.0,0.0,0
10000,1,1,2,32,0,3804.0,0.0,1
240000,2,4,3,32,1,-8155.0,0.0,0
230000,2,4,3,57,1,142644.0,9532.0,1
260000,1,1,1,54,8,15491.0,10573.0,0
90000,1,4,1,55,-1,102473.0,12750.0,0
380000,1,3,2,57,-1,46900.0,637.0,1
180000,1,2,3,45,4,94512.0,0.0,0
210000,1,1,2,44,-1,63175.0,4058.0,0
400000,2,4,1,29,0,93232.0,0.0,0
430000,2,2,1,50,1,64135.0,5573.0,1
30000,1,3,2,44,0,-56824.0,4646.0,0
360000,2,3,3,26,-1,129319.0,9904.0,0
240000,2,2,2,32,8,39442.0,0.0,0
210000,1,2,2,60,1,13376.0,2421.0,0
100000,2,1,3,34,5,49865.0,0.0,0
330000,1,3,2,56,4,128510.0,21116.0,0
250000,1,2,3,69,4,55450.0,3659.0,1
140000,2,2,1,31,-1,38140.0,3406.0,0
10000,1,2,3,46,6,133002.0,6489.0,1
400000,1,4,1,38,6,-10092.0,4743.0,0
490000,1,3,3,23,5,-14719.0,10323.0,0
160000,2,3,1,61,7,6213.0,5341.0,0
310000,2,1,3,59,3,54136.0,3180.0,1
140000,1,3,1,32,7,44262.0,3940.0,0
10000,2,3,3,37,-1,126925.0,6866.0,0
90000,1,4,2,60,8,44607.0,23459.0,1
210000,2,1,3,24,7,101759.0,14835.0,0
180000,2,2,1,60,8,3989.0,0.0,1
10000,2,2,2,31,8,28475.0,7037.0,0
270000,1,1,1,41,-2,39265.0,19546.0,0
100000,1,2,1,65,7,56992.0,8660.0,0
240000,1,1,1,61,-2,56668.0,0.0,0
250000,2,2,1,38,2,68432.0,7080.0,1
250000,1,3,2,45,1,54690.0,24716.0,0
130000,2,1,2,22,-2,-105890.0,0.0,0
390000,1,2,2,68,3,6025.0,698.0,1
140000,2,3,1,68,7,14740.0,631.0,0
190000,2,4,1,37,7,33255.0,606.0,0
340000,1,3,1,34,2,49008.0,3137.0,0
370000,1,2,1,26,-2,94430.0,2024.0,0
230000,2,2,3,36,7,5860.0,9198.0,1
210000,2,4,2,23,2,-89633.0,0.0,0
220000,1,1,1,27,5,36111.0,0.0,0
380000,2,1,1,69,4,59239.0,22863.0,0
450000,2,2,2,40,3,121583.0,9642.0,1
440000,2,2,2,24,2,27574.0,18158.0,1
360000,2,4,2,61,2,20659.0,5388.0,1
30000,2,2,3,55,0,3108.0,12426.0,0
130000,1,3,3,36,5,168016.0,8909.0,0
250000,2,2,1,68,0,170919.0,14979.0,0
160000,1,1,1,48,2,-27973.0,9923.0,1
100000,2,4,2,50,-2,39738.0,16766.0,1
190000,1,2,1,68,3,43033.0,13059.0,0
410000,1,1,2,40,-1,91156.0,7243.0,1
40000,2,4,2,29,5,12842.0,0.0,0
90000,2,3,2,33,8,93773.0,3067.0,0
220000,1,4,1,65,-2,47876.0,6522.0,0
480000,2,1,1,66,0,-7014.0,3813.0,0
120000,1,2,3,36,8,90820.0,92.0,0
410000,2,1,1,45,0,131302.0,10172.0,0
70000,1,4,2,65,3,-11863.0,16233.0,1
100000,2,4,3,42,1,131815.0,20296.0,0
310000,1,1,1,40,5,126394.0,18997.0,0
70000,1,3,1,31,8,96761.0,928.0,0
300000,1,4,1,27,8,102821.0,0.0,0
60000,2,1,1,63,6,99294.0,0.0,0
420000,2,2,1,56,-2,-17020.0,3232.0,0
130000,1,2,1,42,7,90867.0,8760.0,1
430000,2,4,3,28,8,21127.0,0.0,1
250000,2,2,2,24,1,25553.0,7910.0,0
250000,1,2,2,58,2,171709.0,15540.0,0
70000,1,1,3,40,8,34934.0,0.0,0
360000,2,4,1,63,-1,72123.0,0.0,0
330000,2,4,3,29,1,140480.0,17748.0,1
300000,2,1,2,38,8,31483.0,9616.0,0
120000,1,1,2,27,2,91466.0,6580.0,0
330000,1,2,3,38,6,51556.0,2605.0,0
170000,2,2,1,27,7,110925.0,5875.0,0
480000,2,3,3,47,6,-42.0,2964.0,0
110000,2,4,1,32,2,27414.0,10168.0,0
430000,1,1,1,35,-1,-26103.0,9286.0,1
110000,2,4,2,45,6,10855.0,7846.0,0
60000,1,4,2,50,5,86841.0,12745.0,1
140000,2,2,1,27,-2,63672.0,7561.0,1
30000,1,3,3,41,3,29498.0,4130.0,0
190000,2,2,1,38,8,-3470.0,4373.0,0
470000,1,4,3,38,5,89027.0,14324.0,0
260000,1,1,1,58,-2,-44237.0,13275.0,0
440000,2,1,2,67,6,78716.0,6330.0,0
440000,1,2,3,51,1,85164.0,0.0,1
90000,2,4,2,62,3,28993.0,0.0,0
210000,2,3,1,21,7,-1101.0,13178.0,0
170000,2,3,3,48,-1,-43568.0,0.0,0
320000,2,4,3,63,7,41144.0,0.0,0
290000,2,3,2,22,2,44935.0,2331.0,0
330000,2,1,1,58,-2,72063.0,0.0,0
370000,1,2,1,57,-2,-50288.0,2510.0,0
490000,2,1,2,39,1,122894.0,12394.0,0
410000,2,4,2,36,4,108995.0,8921.0,1
270000,2,3,1,69,8,142519.0,8308.0,0
480000,1,3,2,30,8,118095.0,1330.0,0
50000,1,4,2,26,-2,138018.0,12922.0,0
420000,1,4,1,61,7,34434.0,10892.0,0
430000,2,3,1,69,1,63655.0,0.0,0
290000,2,4,2,32,8,46334.0,10029.0,0
120000,1,1,3,58,-1,53654.0,0.0,0
20000,1,3,3,65,0,-82259.0,1836.0,0
140000,2,2,2,61,1,26474.0,10211.0,0
180000,1,4,1,50,0,13903.0,12287.0,0
120000,2,1,2,45,1,-63605.0,0.0,0
30000,2,4,2,34,-1,101806.0,749.0,0
180000,2,1,3,45,-2,31109.0,14520.0,0
340000,1,3,2,22,5,-19189.0,10443.0,1
400000,1,1,2,58,4,102794.0,10572.0,0
140000,1,3,3,21,7,67637.0,24011.0,0
30000,2,2,2,69,2,101241.0,758.0,0
260000,1,2,3,64,-1,80138.0,15548.0,0
430000,2,3,1,24,3,-82718.0,3804.0,0
70000,2,2,3,31,8,90152.0,5568.0,0
40000,1,4,3,55,2,105096.0,12989.0,0
320000,2,1,1,53,1,840.0,10431.0,0
20000,2,1,2,38,1,48086.0,0.0,1
10000,1,1,2,60,8,142976.0,1649.0,1
40000,2,3,2,40,-1,112963.0,5778.0,0
70000,1,2,1,49,5,124080.0,4087.0,0
230000,1,2,3,46,2,35013.0,17988.0,0
420000,1,1,3,62,3,15013.0,18132.0,0
320000,1,3,2,45,3,97429.0,4202.0,1
10000,2,2,1,55,4,19848.0,21878.0,0
390000,2,1,2,33,-1,39294.0,0.0,0
330000,1,4,2,56,2,151333.0,0.0,0
50000,1,2,1,67,5,-44844.0,11811.0,0
70000,1,1,2,22,4,30728.0,5409.0,0
470000,2,1,1,36,-2,-44472.0,416.0,1
400000,1,4,2,34,-2,123170.0,0.0,0
390000,1,3,3,69,-2,80764.0,8647.0,0
390000,1,3,3,55,-1,9266.0,15069.0,0
320000,2,1,3,57,-1,-22988.0,0.0,0
190000,1,2,2,45,-2,-43453.0,19999.0,0
330000,2,3,1,36,2,105506.0,10483.0,0
30000,1,2,3,41,-2,92221.0,415.0,0
10000,1,4,1,39,6,174750.0,4270.0,0
90000,2,2,2,52,8,27909.0,12917.0,0
260000,2,1,3,31,5,24770.0,0.0,0
200000,1,2,2,35,-1,111217.0,0.0,0
40000,2,4,1,37,4,92645.0,0.0,0
120000,1,2,1,48,4,55643.0,16050.0,0
100000,1,4,1,31,-2,56136.0,3892.0,0
480000,1,1,2,47,4,70275.0,15763.0,0
120000,1,2,3,36,1,44884.0,0.0,0
120000,2,4,1,66,4,-24194.0,5532.0,0
380000,1,1,3,45,4,67841.0,16598.0,0
150000,2,3,1,62,1,66879.0,2666.0,1
160000,1,2,3,55,6,32128.0,16877.0,0
450000,2,4,2,56,2,-23309.0,3394.0,0
450000,1,3,2,44,2,98505.0,9578.0,0
280000,2,2,1,64,5,146081.0,0.0,0
420000,2,3,3,47,1,48617.0,2631.0,0
260000,1,1,1,67,4,95434.0,28193.0,0
300000,1,1,3,61,0,19208.0,1107.0,0
300000,1,4,3,65,7,11695.0,11184.0,0
120000,2,1,2,26,1,66975.0,0.0,0
490000,2,2,3,51,5,78332.0,4934.0,0
230000,2,3,3,46,2,15096.0,15952.0,0
230000,1,1,2,30,8,33718.0,4853.0,0
500000,1,2,2,33,5,-64.0,6718.0,1
90000,2,2,3,31,1,81320.0,1035.0,1
180000,2,4,3,54,-2,90220.0,0.0,1
440000,2,3,3,23,-2,52397.0,5240.0,0
390000,2,2,2,37,1,64527.0,2646.0,0
400000,1,3,2,63,5,147424.0,7976.0,0
280000,2,1,2,56,8,108631.0,0.0,0
120000,2,4,3,27,5,-8668.0,4392.0,0
50000,1,3,1,22,6,146898.0,0.0,0
380000,2,4,3,32,0,-30919.0,0.0,0
470000,2,2,2,50,3,7204.0,6456.0,1
470000,1,1,3,69,2,136616.0,9550.0,0
220000,1,4,2,54,0,88220.0,6294.0,0
490000,2,4,3,48,0,-95543.0,0.0,0
350000,1,4,1,60,-1,41852.0,3963.0,0
390000,1,2,1,48,-1,-35673.0,19821.0,1
450000,1,2,3,49,4,59997.0,13720.0,1
100000,2,2,2,38,6,66552.0,0.0,0
100000,2,3,2,45,5,-26167.0,7209.0,0
240000,1,3,3,48,-2,-12289.0,3467.0,0
350000,2,2,2,47,3,81933.0,4022.0,0
400000,2,2,3,27,7,94217.0,399.0,0
150000,1,4,1,61,5,80155.0,1631.0,0
220000,1,4,3,62,3,56072.0,4158.0,0
280000,2,4,3,31,7,170299.0,6138.0,0
280000,2,1,3,66,0,74573.0,730.0,0
210000,1,4,2,21,-2,98586.0,10290.0,0
430000,2,1,2,51,1,68352.0,16877.0,0
420000,2,1,2,42,4,55195.0,7458.0,0
410000,1,2,1,47,2,30827.0,12772.0,1
320000,2,1,3,28,8,124163.0,0.0,0
70000,2,3,1,65,0,-54204.0,11705.0,0
30000,2,4,3,58,8,78666.0,11490.0,0
190000,2,1,1,45,-2,201369.0,657.0,1
340000,1,3,2,23,-2,100471.0,994.0,0
160000,2,4,2,43,0,102664.0,6517.0,1
210000,2,2,1,47,8,116568.0,0.0,0
250000,2,4,3,25,4,67599.0,2891.0,0
30000,2,4,1,63,6,126651.0,2474.0,0
380000,1,3,1,39,2,24710.0,7128.0,1
240000,1,2,3,60,-1,-83017.0,7633.0,1
280000,2,2,3,36,6,41322.0,8059.0,0
430000,1,2,2,66,3,23418.0,0.0,0
270000,2,4,2,69,4,13413.0,2851.0,0
210000,1,3,2,25,3,70541.0,1459.0,1
250000,1,1,3,38,-2,64301.0,13626.0,0
110000,1,1,3,57,6,54963.0,3791.0,1
360000,2,3,3,34,-1,87281.0,16385.0,0
380000,2,2,1,45,-2,29022.0,8470.0,0
210000,2,4,2,66,0,-6684.0,0.0,0
120000,2,1,3,46,1,148674.0,12093.0,1
390000,2,2,3,37,5,-35681.0,9462.0,0
270000,2,1,2,30,6,-35993.0,0.0,1
160000,1,2,2,48,1,101004.0,0.0,1
300000,2,4,1,56,5,-20158.0,236.0,0
180000,2,1,1,27,3,-996.0,23498.0,0
460000,2,4,2,39,1,-17916.0,0.0,1
160000,1,4,2,49,-2,72482.0,0.0,0
230000,2,3,3,32,6,30580.0,4825.0,0
270000,1,4,1,32,3,17236.0,1069.0,1
230000,2,3,2,52,2,81095.0,0.0,0
450000,2,1,3,69,-1,-25317.0,15068.0,0
490000,1,3,2,53,6,41318.0,3413.0,1
30000,1,4,2,51,8,18314.0,316.0,0
390000,2,2,2,40,2,74532.0,0.0,0
340000,2,2,2,67,7,155996.0,0.0,0
250000,1,2,2,63,8,11260.0,0.0,0
440000,1,3,1,32,6,-49561.0,0.0,0
250000,2,1,1,34,1,72756.0,0.0,0
60000,2,2,2,28,8,24218.0,5503.0,0
320000,1,4,3,57,5,24788.0,1142.0,0
200000,2,3,3,22,-2,76292.0,0.0,0
90000,1,3,2,30,2,8193.0,7031.0,0
420000,2,1,3,43,-1,-25093.0,2610.0,0
260000,2,4,1,38,2,49499.0,8322.0,0
330000,1,2,3,56,1,29830.0,0.0,0
330000,1,4,3,60,8,102878.0,7345.0,0
480000,2,4,2,46,5,60272.0,7687.0,0
70000,1,1,2,37,4,106721.0,0.0,1
180000,2,1,2,28,1,-29722.0,11215.0,0
120000,2,3,2,62,0,19731.0,0.0,0
60000,1,4,1,51,6,1987.0,12324.0,0
100000,1,1,1,68,6,61035.0,622.0,0
50000,2,4,1,23,6,-11578.0,11721.0,0
200000,2,2,3,53,7,142278.0,4091.0,0
430000,2,4,1,44,5,73498.0,14649.0,0
300000,1,1,1,37,8,213220.0,2439.0,0
30000,1,4,2,57,3,5864.0,11360.0,0
400000,2,1,2,36,0,56501.0,0.0,0
60000,2,2,1,23,-2,21546.0,694.0,0
450000,1,2,2,41,8,82677.0,0.0,0
430000,1,3,3,59,7,67892.0,0.0,0
120000,1,4,3,26,0,120833.0,14449.0,1
370000,1,1,3,64,3,67376.0,9500.0,0
110000,2,4,3,50,3,25458.0,12480.0,1
390000,1,2,1,33,6,93065.0,9504.0,0
250000,2,2,3,40,8,91872.0,3544.0,0
290000,1,2,2,44,-2,65830.0,1920.0,0
370000,2,4,2,44,4,11455.0,1602.0,0
430000,1,1,1,30,7,68062.0,0.0,0
430000,1,3,1,58,7,-33107.0,13771.0,0
410000,2,4,3,33,4,30747.0,14025.0,0
70000,1,1,3,49,2,-76543.0,7751.0,0
270000,1,3,3,64,5,160053.0,7504.0,0
80000,2,1,3,54,7,19905.0,8121.0,1
130000,2,4,3,26,1,-445.0,137.0,0
370000,1,4,2,46,2,-62259.0,0.0,0
490000,1,3,2,62,2,-12124.0,11495.0,0
500000,1,3,3,64,-2,-46301.0,6561.0,0
320000,2,4,2,69,0,167574.0,0.0,0
240000,2,3,1,28,2,59449.0,0.0,0
50000,1,4,3,36,0,55552.0,11748.0,0
360000,2,4,3,43,0,-34906.0,5218.0,0
410000,2,1,2,31,5,-46408.0,13938.0,0
200000,1,2,1,56,8,107307.0,0.0,0
200000,1,4,2,27,-1,70298.0,9477.0,0
30000,2,4,1,60,2,79651.0,9716.0,1
370000,2,1,2,26,0,90215.0,14562.0,0
330000,2,4,1,59,3,27282.0,0.0,0
90000,2,1,3,42,7,94607.0,0.0,0
400000,1,1,2,35,5,53846.0,0.0,0
410000,2,1,2,69,7,135639.0,9250.0,0
270000,2,4,2,56,8,95203.0,0.0,1
340000,1,2,2,67,7,101152.0,8281.0,0
210000,1,3,1,53,7,27319.0,0.0,0
430000,2,2,2,66,3,116467.0,0.0,0
170000,1,2,3,63,4,-21867.0,6021.0,0
170000,2,2,3,32,6,-40488.0,0.0,0
450000,2,4,1,34,-1,139928.0,12628.0,0
60000,1,4,2,39,-1,77130.0,0.0,0
420000,2,1,1,27,5,30156.0,0.0,0
340000,1,1,2,26,7,91659.0,8587.0,1
420000,1,3,1,54,6,68360.0,0.0,0
130000,2,3,2,30,7,-17017.0,9762.0,0
300000,1,1,2,30,0,86230.0,3691.0,1
490000,2,3,2,39,-2,74057.0,12826.0,0
180000,2,3,1,53,7,54076.0,16453.0,0
120000,1,3,3,51,-2,123586.0,0.0,0
440000,1,4,2,58,2,95335.0,5642.0,1
410000,2,2,2,43,4,6453.0,2929.0,0
40000,1,4,2,40,8,53358.0,0.0,0
480000,2,1,1,63,2,148702.0,12159.0,1
70000,1,3,1,52,8,26990.0,17205.0,0
220000,2,2,2,28,4,107292.0,2418.0,0
140000,1,1,1,45,-1,68557.0,2995.0,0
20000,1,1,1,62,-2,-5327.0,8056.0,0
390000,2,2,3,52,4,12412.0,5971.0,0
230000,2,3,1,42,0,42467.0,0.0,1
380000,2,4,1,61,-2,25110.0,0.0,1
360000,1,2,1,34,4,44243.0,0.0,0
70000,1,1,1,24,7,113706.0,3052.0,0
330000,2,4,2,28,7,74411.0,9468.0,0
190000,2,1,1,43,5,-19286.0,0.0,0
10000,1,3,1,52,3,193293.0,13675.0,1
30000,2,4,1,35,0,-99954.0,7963.0,0
350000,2,4,3,38,4,169562.0,5421.0,0
50000,1,4,1,29,-2,-290.0,12926.0,0
100000,1,3,2,48,8,71153.0,1673.0,0
10000,2,1,3,40,-1,9490.0,3202.0,0
230000,2,2,3,34,-1,122251.0,3923.0,0
180000,2,3,3,68,8,-290.0,0.0,1
380000,2,1,3,69,6,135599.0,0.0,1
250000,2,2,3,42,3,125622.0,0.0,0
280000,2,1,1,32,-1,16609.0,0.0,0
460000,1,2,2,51,2,22110.0,7043.0,0
390000,2,2,1,29,8,-2666.0,5700.0,0
290000,2,1,2,67,1,63030.0,0.0,0
50000,2,3,3,65,0,-21123.0,18185.0,1
440000,1,1,3,29,7,31860.0,18191.0,1
430000,1,2,1,52,-2,-15956.0,7810.0,0
260000,2,4,2,61,0,78865.0,14643.0,0
340000,1,2,1,69,8,89561.0,12797.0,0
130000,2,3,3,25,-1,22043.0,13968.0,0
120000,2,3,1,25,-1,33973.0,18627.0,0
170000,2,1,3,28,3,85603.0,0.0,1
80000,1,1,3,59,1,115864.0,0.0,0
260000,2,3,3,65,2,-40166.0,9424.0,0
130000,2,4,2,29,3,-69501.0,10576.0,0
410000,1,1,2,23,6,100512.0,0.0,0
160000,1,2,2,52,6,28629.0,0.0,0
380000,2,4,1,32,3,88808.0,0.0,0
270000,1,4,1,56,3,42847.0,17201.0,0
260000,2,3,1,63,5,68689.0,15073.0,0
80000,1,2,2,33,4,-118189.0,2719.0,0
140000,1,1,1,35,0,47636.0,9344.0,1
380000,1,2,3,36,4,5316.0,1822.0,0
70000,1,2,1,43,7,-45896.0,1439.0,0
10000,1,1,2,22,0,54923.0,15579.0,0
250000,2,1,3,62,2,124168.0,0.0,0
420000,2,1,1,43,4,148255.0,18779.0,0
260000,1,1,3,65,2,-60260.0,6392.0,1
410000,1,4,3,27,0,1636.0,0.0,0
360000,2,1,2,28,7,141641.0,0.0,0
440000,2,4,2,57,2,6088.0,14616.0,0
350000,2,1,1,36,-1,81756.0,15592.0,0
90000,2,4,2,46,5,27371.0,0.0,0
330000,1,1,1,54,4,39977.0,0.0,1
70000,2,4,2,57,4,50997.0,5198.0,0
210000,1,2,3,47,3,60837.0,11407.0,0
10000,1,1,1,49,4,131709.0,12611.0,0
60000,1,3,1,37,8,19498.0,6268.0,0
310000,1,2,3,23,4,-16695.0,2468.0,0
400000,2,1,1,27,-2,76475.0,4110.0,1
360000,2,2,1,48,8,35794.0,10588.0,1
330000,2,2,2,62,2,30638.0,5355.0,0
420000,2,4,1,40,0,68894.0,10884.0,1
320000,2,3,1,47,7,88069.0,5268.0,0
200000,1,2,3,43,0,124694.0,8256.0,0
330000,2,3,1,41,0,24634.0,18941.0,0
460000,1,3,2,42,6,87441.0,0.0,0
490000,1,2,1,59,2,62506.0,1633.0,1
270000,1,4,2,22,3,28613.0,14747.0,0
40000,2,3,1,23,2,-21547.0,13538.0,0
290000,2,4,2,55,-2,14514.0,0.0,0
220000,2,3,1,44,7,-64736.0,4905.0,0
50000,2,3,2,57,-2,23330.0,20465.0,0
500000,2,4,3,45,2,94248.0,7701.0,1
200000,2,2,2,56,2,89157.0,5181.0,0
70000,1,4,2,31,0,18605.0,4642.0,1
310000,1,3,1,44,-2,79808.0,6176.0,0
70000,2,2,2,65,3,-21349.0,0.0,1
420000,2,1,2,57,3,109865.0,10977.0,0
40000,2,1,3,52,5,78060.0,0.0,0
30000,2,4,3,24,8,14306.0,6165.0,0
220000,2,2,1,63,7,113510.0,9976.0,0
160000,1,1,2,58,6,4254.0,6619.0,0
20000,1,4,2,53,-2,31289.0,7511.0,1
150000,1,1,1,26,1,-35541.0,10962.0,0
110000,2,4,3,43,3,66800.0,2992.0,1
70000,1,1,3,62,2,91056.0,4570.0,0
50000,1,2,1,22,4,67300.0,249.0,1
320000,1,4,2,40,5,134623.0,0.0,0
320000,2,2,3,62,6,-28144.0,1298.0,0
500000,2,1,2,45,0,-12873.0,5579.0,0
370000,1,3,3,37,7,58927.0,6445.0,0
380000,2,1,2,32,2,101188.0,10553.0,0
230000,2,3,2,31,5,142019.0,7112.0,0
180000,2,2,1,44,2,-131430.0,0.0,0
120000,2,4,2,60,0,10583.0,6712.0,1
310000,2,1,1,44,8,4696.0,13012.0,0
30000,2,1,1,50,2,141725.0,0.0,1
220000,1,3,1,57,1,-27479.0,2365.0,1
490000,1,3,2,52,-2,29021.0,6060.0,0
440000,1,4,2,52,7,122822.0,0.0,0
100000,1,3,3,62,3,23417.0,15717.0,0
480000,1,2,1,35,8,52283.0,15353.0,1
80000,2,1,1,56,6,55385.0,1297.0,0
380000,2,1,1,57,3,-15902.0,0.0,0
460000,2,2,3,30,8,76398.0,0.0,0
150000,1,4,1,41,4,39483.0,10555.0,0
290000,1,4,3,31,2,73807.0,2672.0,0
300000,1,1,1,54,-2,79938.0,19126.0,1
410000,1,4,3,21,2,36413.0,6715.0,0
170000,2,4,2,37,0,37748.0,0.0,0
200000,2,3,1,30,3,141285.0,13048.0,0
130000,2,2,1,45,0,21482.0,9684.0,0
310000,1,3,3,21,-1,147925.0,0.0,0
400000,2,1,2,48,3,60270.0,6775.0,1
140000,2,4,2,64,1,32883.0,15123.0,0
480000,2,3,3,27,0,107013.0,837.0,1
490000,2,3,3,59,0,135449.0,1355.0,0
400000,2,1,2,39,5,-65998.0,11698.0,0
190000,2,2,1,61,1,124638.0,1726.0,0
110000,2,4,2,25,-2,47200.0,0.0,0
130000,2,2,2,33,-1,23258.0,0.0,0
490000,2,1,3,64,8,211970.0,3218.0,1
70000,1,1,2,39,0,67851.0,11526.0,0
420000,1,3,2,21,3,89197.0,5049.0,1
200000,1,3,3,69,-2,42871.0,16492.0,0
70000,2,3,1,29,7,75157.0,9184.0,1
30000,2,2,2,26,4,117167.0,20475.0,0
180000,1,4,1,26,5,127642.0,0.0,0
180000,1,1,3,52,-1,78728.0,0.0,1
400000,2,2,2,37,4,41783.0,10428.0,1
110000,2,1,3,61,2,117851.0,3517.0,0
230000,1,4,2,47,3,225453.0,1166.0,0
310000,2,1,2,35,0,108428.0,5064.0,0
160000,1,2,2,66,3,-70527.0,9479.0,0
290000,1,4,2,23,-2,73926.0,11194.0,0
420000,1,3,1,55,2,54721.0,6892.0,0
450000,2,1,1,63,8,69714.0,11595.0,0
120000,1,2,3,38,-2,1459.0,10049.0,0
210000,1,1,1,26,2,61319.0,14052.0,0
120000,2,1,3,55,-2,83258.0,4740.0,1
130000,1,4,3,39,4,62751.0,3258.0,0
410000,2,4,2,22,8,-44814.0,9697.0,0
230000,1,3,1,64,6,393.0,0.0,0
230000,2,2,1,26,4,47651.0,20618.0,0
200000,2,4,3,53,-2,60058.0,530.0,0
140000,1,1,3,51,8,54927.0,5124.0,0
450000,1,1,2,51,4,137186.0,0.0,0
260000,1,4,2,21,-2,51439.0,0.0,0
10000,2,2,3,60,1,14990.0,15101.0,0
320000,1,2,1,59,0,208592.0,10939.0,0
170000,1,3,2,22,0,68320.0,13304.0,0
130000,1,1,1,53,0,132854.0,0.0,0
430000,1,3,2,47,-1,75218.0,0.0,0
160000,2,1,1,65,2,96559.0,18140.0,1
120000,2,4,2,28,3,34669.0,4811.0,1
350000,2,2,1,62,2,90793.0,0.0,1
310000,2,1,1,25,0,28593.0,8783.0,1
240000,1,3,3,45,0,88827.0,2658.0,0
270000,1,1,2,65,1,57188.0,0.0,1
180000,2,4,1,21,0,4077.0,4837.0,1
50000,1,3,1,37,5,120586.0,3236.0,0
480000,1,2,1,33,8,142395.0,2022.0,0
190000,2,4,1,53,8,-32419.0,3394.0,0
270000,2,1,3,33,3,17597.0,0.0,0
230000,1,4,2,34,4,-21756.0,7228.0,0
60000,2,4,3,63,8,42024.0,19106.0,1
340000,1,3,3,24,-1,15812.0,0.0,0
470000,1,3,1,21,0,34101.0,6044.0,0
120000,1,3,2,60,4,110926.0,1707.0,0
110000,1,2,3,33,4,105864.0,4838.0,0
270000,2,2,1,32,0,62939.0,3085.0,1
380000,2,1,3,50,-2,51815.0,13620.0,0
450000,2,3,3,67,1,43527.0,2883.0,0
300000,2,2,2,36,7,105714.0,8096.0,0
160000,2,2,2,24,8,177109.0,9019.0,0
350000,1,2,2,61,3,6753.0,3537.0,0
220000,2,3,1,61,-1,126083.0,2722.0,0
20000,1,1,3,67,8,107739.0,2544.0,0
280000,2,1,3,59,3,24904.0,0.0,0
80000,1,4,1,41,8,46805.0,0.0,0
180000,1,1,2,48,4,73484.0,21585.0,1
500000,2,1,1,26,8,-54429.0,0.0,1
220000,2,4,3,42,5,-50944.0,53.0,0
240000,1,3,3,23,5,-23263.0,9858.0,0
370000,2,2,3,25,-1,71666.0,943.0,0
310000,2,2,2,66,4,63499.0,8492.0,1
320000,1,4,1,23,-1,116468.0,2522.0,0
460000,1,3,2,56,4,59663.0,17141.0,0
130000,1,1,2,55,-1,150599.0,0.0,0
260000,1,4,2,43,4,7766.0,3694.0,0
180000,1,2,3,27,-1,112632.0,10142.0,0
160000,1,4,1,53,3,53515.0,12373.0,1
390000,1,2,2,57,7,144866.0,8082.0,0
150000,1,3,2,50,7,71554.0,10928.0,0
80000,1,2,3,62,4,-70933.0,5417.0,0
20000,1,2,3,53,-2,89160.0,10929.0,0
370000,2,2,1,23,1,-93535.0,20424.0,0
110000,2,1,1,30,-1,96045.0,59.0,1
420000,1,2,3,28,0,-18296.0,9511.0,0
310000,2,2,2,30,2,72021.0,501.0,0
120000,2,3,1,37,-2,16008.0,0.0,0
210000,1,2,1,62,-2,40808.0,0.0,0
460000,2,4,3,29,-2,127970.0,8816.0,1
240000,1,4,2,54,-1,46502.0,6648.0,0
260000,1,4,3,22,-2,68172.0,5470.0,0
100000,2,3,2,46,5,5339.0,17284.0,0
430000,1,3,3,56,3,39607.0,14036.0,0
220000,2,4,1,51,8,6689.0,1633.0,0
90000,2,4,3,43,5,101250.0,0.0,0
310000,2,4,2,24,0,141079.0,0.0,0
320000,1,1,1,23,-1,-50019.0,4116.0,1
100000,2,2,1,52,5,86492.0,8093.0,0
320000,2,1,1,47,5,37337.0,4875.0,1
40000,1,3,3,67,1,83026.0,9874.0,0
250000,2,2,1,51,6,30726.0,21347.0,0
10000,1,2,2,34,5,27778.0,14834.0,0
60000,1,1,2,24,2,175292.0,882.0,1
40000,2,4,3,60,4,80277.0,0.0,0
330000,2,1,1,22,4,66557.0,1167.0,0
210000,2,4,2,66,-1,-2113.0,0.0,0
220000,1,3,3,45,8,118151.0,0.0,1
300000,2,3,3,28,6,84256.0,7802.0,0
420000,1,4,1,35,1,144276.0,3534.0,1
170000,2,2,2,38,-1,151727.0,809.0,0
320000,1,1,3,65,-1,95750.0,12823.0,0
460000,2,1,2,34,5,-74038.0,15961.0,0
480000,2,1,2,53,-2,133315.0,13488.0,0
380000,1,3,2,25,3,72448.0,7894.0,0
380000,1,4,1,28,1,-49448.0,2680.0,0
120000,2,3,3,66,-1,44153.0,18482.0,0
30000,1,4,1,55,-2,47418.0,3047.0,0
10000,2,4,3,23,-2,90351.0,16213.0,1
320000,1,3,2,55,4,9887.0,10590.0,0
220000,2,2,2,34,3,109379.0,4665.0,0
430000,1,2,1,53,5,91515.0,25783.0,1
100000,2,3,1,53,6,17809.0,13016.0,0
220000,1,1,1,47,-2,-77401.0,0.0,0
460000,2,4,1,55,-2,111781.0,0.0,0
170000,2,2,1,33,3,87567.0,14204.0,1
70000,1,3,2,57,0,-7073.0,10662.0,0
370000,2,4,3,46,6,-28619.0,14623.0,0
320000,2,4,2,63,5,76518.0,17404.0,0
10000,1,2,1,60,5,70829.0,0.0,0
90000,2,4,3,38,-2,107002.0,875.0,0
30000,1,4,2,50,-1,-13067.0,0.0,0
120000,2,4,3,33,-2,12758.0,11516.0,1
480000,2,4,2,47,3,72938.0,9413.0,0
490000,2,1,1,46,6,26569.0,9892.0,0
380000,2,1,2,55,-1,109771.0,0.0,0
20000,1,3,3,30,-1,2321.0,1554.0,1
130000,2,4,3,50,3,73720.0,0.0,1
320000,2,4,3,37,1,75172.0,1137.0,0
400000,1,3,1,29,0,12603.0,16429.0,0
500000,2,2,2,30,4,59309.0,9185.0,1
280000,2,3,3,50,5,38794.0,5366.0,0
70000,2,3,2,44,3,-7091.0,10278.0,1
220000,1,1,2,21,-1,111183.0,14941.0,0
440000,1,2,2,47,0,126405.0,0.0,0
110000,1,4,3,50,2,131102.0,0.0,0
340000,1,4,2,23,3,-58661.0,9281.0,0
90000,1,4,1,68,5,42193.0,16385.0,0
180000,2,2,1,50,1,127009.0,8824.0,0
120000,1,4,1,59,6,37292.0,12448.0,0
90000,1,2,3,52,4,49514.0,8205.0,1
80000,2,3,1,23,7,6501.0,0.0,0
300000,2,4,1,21,-2,112980.0,19768.0,0
100000,2,1,3,64,-2,-14135.0,11651.0,1
280000,2,1,1,62,4,15542.0,0.0,0
300000,1,2,1,22,3,97871.0,0.0,0
130000,2,4,1,29,-2,44227.0,1164.0,1
110000,2,1,1,44,4,76616.0,10143.0,0
360000,1,4,2,61,7,128757.0,6781.0,0
460000,1,1,1,25,1,73960.0,875.0,0
250000,1,1,1,43,0,73524.0,12448.0,0
210000,2,1,1,26,6,129913.0,6116.0,1
430000,2,2,1,69,4,88589.0,0.0,0
400000,2,2,2,47,6,99252.0,20803.0,0
450000,2,2,3,33,2,10023.0,4673.0,0
30000,1,1,1,32,8,-52457.0,12468.0,1
300000,1,4,1,38,5,26091.0,4824.0,0
170000,1,4,2,26,2,-90240.0,0.0,0
190000,1,4,2,65,4,96485.0,0.0,0
160000,2,1,3,47,8,102428.0,6604.0,0
460000,1,1,1,43,0,122950.0,0.0,0
330000,1,4,3,68,7,120084.0,2220.0,0
480000,1,4,1,44,5,56358.0,10898.0,0
110000,2,4,1,63,1,119348.0,5037.0,1
270000,2,2,1,37,0,-48019.0,7601.0,0
230000,2,1,3,37,8,207708.0,0.0,0
120000,1,1,2,61,7,4567.0,1500.0,0
50000,1,4,2,35,1,78556.0,6396.0,0
210000,1,2,3,62,1,-39140.0,6844.0,0
90000,2,4,3,37,7,59656.0,9665.0,0
220000,1,3,3,48,7,107871.0,4193.0,1
260000,1,3,1,22,0,82772.0,0.0,0
110000,2,4,3,48,-1,-348.0,13762.0,0
10000,1,1,3,67,4,125601.0,8961.0,0
150000,1,4,3,68,7,11525.0,20786.0,0
240000,2,3,3,26,1,-26909.0,3132.0,0
110000,2,3,2,66,2,149288.0,0.0,0
340000,2,4,3,67,8,39483.0,8576.0,0
160000,1,3,1,61,2,-57164.0,12145.0,1
370000,1,3,3,58,1,153051.0,13091.0,0
500000,2,4,1,65,-1,-14232.0,0.0,0
420000,2,2,2,38,4,88098.0,14855.0,0
500000,1,1,2,43,0,-34968.0,3163.0,0
470000,2,4,3,26,-2,-29177.0,15388.0,0
220000,2,2,1,47,-1,31173.0,3096.0,0
140000,1,3,1,59,3,130804.0,0.0,0
500000,1,3,2,58,7,5579.0,15214.0,0
290000,1,3,3,62,4,-54884.0,0.0,0
200000,2,3,1,55,-2,-5260.0,0.0,1
370000,1,2,1,59,4,101808.0,7898.0,0
80000,1,3,2,61,8,158544.0,0.0,0
210000,2,2,1,56,8,107015.0,0.0,1
360000,2,2,1,28,1,-71329.0,11909.0,0
390000,2,4,1,62,3,45861.0,9061.0,0
420000,1,3,3,28,-2,-73545.0,12364.0,0
330000,1,2,3,65,-1,23437.0,7057.0,1
380000,2,3,3,55,7,74829.0,14140.0,0
250000,1,4,2,22,-2,130217.0,1599.0,0
170000,1,4,1,46,1,226.0,0.0,0
70000,1,4,3,61,-1,59565.0,3161.0,0
220000,1,4,2,67,7,95106.0,12332.0,0
280000,2,2,1,65,-2,9828.0,2813.0,0
480000,2,3,3,47,3,20076.0,22399.0,0
460000,1,1,2,65,8,55287.0,0.0,1
60000,2,4,3,24,5,-68117.0,13428.0,0
50000,2,1,3,53,0,64341.0,6394.0,1
360000,1,2,3,66,4,-56440.0,7324.0,0
90000,1,2,3,22,6,88124.0,0.0,1
100000,2,1,3,47,6,116633.0,8035.0,1
430000,2,1,3,62,1,-67823.0,4434.0,0
330000,2,1,1,38,2,47068.0,0.0,1
280000,2,1,2,49,4,6127.0,7179.0,0
420000,1,2,3,47,-2,41841.0,7209.0,0
270000,2,2,2,51,-2,38979.0,604.0,0
470000,2,3,3,60,2,33883.0,7883.0,0
340000,2,2,1,44,8,-24962.0,0.0,0
40000,1,4,1,37,6,108161.0,20458.0,0
460000,2,2,2,35,0,-7129.0,0.0,1
60000,2,3,2,33,8,4984.0,9760.0,0
110000,1,4,1,30,6,68627.0,12741.0,0
470000,2,2,2,42,7,134621.0,0.0,1
370000,2,1,2,22,1,66230.0,8406.0,1
350000,1,1,2,67,-1,25284.0,8770.0,0
380000,2,3,3,57,0,21999.0,19872.0,0
390000,1,2,3,43,-2,89725.0,12159.0,1
470000,2,2,1,40,0,64631.0,12449.0,0
320000,1,3,3,61,0,13915.0,5648.0,1
390000,2,1,2,62,-1,-7863.0,0.0,0
90000,2,4,3,45,8,69143.0,3134.0,0
310000,1,3,1,62,4,-26265.0,0.0,0
190000,2,2,2,36,1,153173.0,11747.0,0
290000,1,3,1,53,-1,80560.0,13926.0,0
270000,2,3,1,63,0,62956.0,7538.0,0
420000,1,3,2,58,1,-24659.0,0.0,0
150000,2,1,3,55,6,68781.0,13760.0,1
470000,1,2,3,28,7,56235.0,0.0,0
440000,2,2,1,55,3,118564.0,6334.0,0
110000,2,4,1,39,3,-52817.0,0.0,0
100000,2,4,3,60,8,91875.0,13220.0,0
120000,2,3,3,62,3,-10814.0,12401.0,0
500000,2,3,3,37,6,44900.0,13099.0,0
30000,2,1,1,39,-2,30005.0,0.0,0
290000,2,4,3,61,4,-77979.0,4996.0,0
60000,2,4,3,50,7,27.0,0.0,0
170000,2,2,3,24,1,88433.0,13532.0,0
70000,1,3,2,66,-1,67937.0,1976.0,1
430000,2,4,3,59,8,-22669.0,5386.0,0
400000,1,4,3,29,6,54938.0,0.0,0
500000,1,4,2,52,2,-39724.0,5144.0,0
310000,1,2,3,56,3,137245.0,1668.0,0
360000,2,2,3,31,-2,4370.0,12869.0,0
480000,2,4,3,60,0,69828.0,8874.0,0
230000,1,3,3,64,4,-10972.0,0.0,0
340000,2,1,1,45,5,47765.0,7623.0,0
490000,2,4,2,54,-2,-44717.0,0.0,0
60000,1,2,2,59,0,104595.0,20275.0,0
70000,1,4,1,45,2,36406.0,4352.0,1
10000,2,3,3,60,7,8796.0,0.0,1
150000,2,3,1,59,4,69161.0,10426.0,0
460000,2,4,3,44,6,106733.0,0.0,0
360000,1,1,2,41,-1,45425.0,12245.0,0
440000,1,3,3,23,5,51112.0,14831.0,0
240000,1,1,2,28,8,189227.0,0.0,0
10000,2,4,3,39,6,41548.0,4140.0,0
250000,1,4,1,50,3,154825.0,0.0,0
500000,2,2,1,61,-2,29891.0,0.0,0
310000,2,1,1,23,0,-34064.0,17302.0,0
90000,2,3,1,24,3,-57001.0,0.0,0
130000,1,3,3,49,-1,-4604.0,332.0,1
50000,1,1,3,43,5,4277.0,0.0,0
380000,2,3,3,31,0,44152.0,1725.0,0
350000,2,3,3,35,7,26788.0,14706.0,0
460000,2,3,3,42,3,11804.0,10476.0,0
390000,2,2,2,27,0,45709.0,0.0,0
360000,1,3,2,28,-1,-23133.0,14639.0,1
190000,2,1,1,56,1,-6650.0,0.0,0
30000,1,2,2,69,6,136110.0,4161.0,0
430000,2,3,2,52,-1,13340.0,0.0,1
10000,2,4,3,55,8,-7755.0,0.0,0
150000,1,4,1,28,6,136885.0,7871.0,0
280000,1,1,3,57,4,15092.0,8449.0,0
160000,2,1,1,28,4,119324.0,15049.0,0
480000,1,2,3,25,4,195871.0,18004.0,1
300000,1,4,1,22,0,-35997.0,13068.0,1
150000,1,3,2,68,-2,42756.0,0.0,0
240000,2,1,3,68,-2,-22606.0,5137.0,0
290000,1,1,1,64,6,43504.0,5893.0,0
430000,1,2,3,43,3,77541.0,0.0,1
190000,2,1,1,62,4,-17995.0,4243.0,1
40000,2,2,1,50,-2,11063.0,0.0,0
170000,2,3,2,28,2,121314.0,10885.0,0
30000,2,2,1,57,8,105352.0,2185.0,0
190000,2,4,2,42,5,131306.0,2066.0,0
440000,2,2,3,33,1,-54446.0,0.0,0
250000,1,1,2,68,6,112646.0,8398.0,1
240000,1,2,2,59,5,22079.0,0.0,0
30000,1,1,1,45,4,138937.0,8886.0,0
410000,2,4,1,66,0,80138.0,8810.0,0
180000,2,4,1,36,3,133347.0,7654.0,0
190000,1,4,1,54,1,67960.0,6006.0,1
10000,1,3,1,43,4,52363.0,5524.0,0
110000,2,2,3,54,6,39867.0,5714.0,0
270000,1,3,3,30,6,72347.0,0.0,0
280000,2,1,2,54,3,-11687.0,0.0,0
110000,2,4,3,30,-2,34497.0,0.0,0
10000,1,1,1,59,-2,66332.0,5365.0,0
280000,2,1,1,27,-2,70073.0,3229.0,0
350000,1,3,1,25,5,76036.0,4081.0,0
100000,2,1,1,25,6,81835.0,14032.0,0
210000,2,2,3,44,1,120326.0,2089.0,1
330000,2,2,3,66,4,53624.0,0.0,1
10000,1,3,1,27,1,93514.0,13521.0,0
440000,2,3,3,64,-1,20336.0,7330.0,1
330000,1,3,3,39,6,159936.0,2294.0,1
420000,1,3,1,48,2,10301.0,16986.0,0
380000,2,4,3,60,0,55856.0,12055.0,0
50000,1,1,3,53,0,100651.0,17553.0,0
360000,1,4,2,26,0,7179.0,17132.0,0
100000,2,2,3,47,2,86115.0,6755.0,0
360000,1,1,1,30,0,38862.0,0.0,1
290000,1,1,3,69,3,10419.0,8230.0,0
210000,1,2,2,30,-2,-26570.0,16695.0,1
460000,2,1,1,42,8,34448.0,12554.0,0
460000,1,2,1,66,0,90353.0,11572.0,1
120000,1,2,2,49,-1,20371.0,0.0,0
100000,2,1,3,45,0,28781.0,0.0,1
350000,1,3,1,69,8,96712.0,13388.0,0
130000,2,4,3,33,0,40363.0,266.0,0
130000,1,3,1,24,6,136437.0,0.0,0
50000,2,4,1,21,0,-7137.0,0.0,0
500000,1,1,2,41,6,43797.0,18881.0,0
40000,2,2,2,35,1,31636.0,5589.0,0
90000,1,2,1,47,4,-15203.0,13411.0,0
70000,2,2,2,55,1,64042.0,0.0,0
400000,1,4,2,32,4,-25878.0,11039.0,0
230000,1,4,3,43,8,51741.0,238.0,1
320000,2,3,2,52,3,71856.0,8540.0,0
170000,1,4,3,38,7,30942.0,10676.0,0
360000,2,1,1,42,-1,99443.0,0.0,0
360000,2,1,1,39,8,-60.0,0.0,1
340000,2,1,3,30,7,5252.0,218.0,0
330000,1,2,3,61,5,38629.0,3274.0,0
60000,1,4,3,58,3,51889.0,6365.0,0
320000,1,2,3,58,-1,-47387.0,2567.0,0
130000,2,1,1,65,1,54192.0,0.0,0
320000,1,2,1,51,8,-78503.0,0.0,0
80000,2,2,1,49,8,-13470.0,6813.0,0
110000,2,3,3,34,5,178855.0,1414.0,0
280000,1,3,1,54,1,67945.0,4705.0,1
210000,1,2,1,21,1,66171.0,931.0,0
30000,2,2,1,32,4,123386.0,7466.0,0
310000,2,1,2,47,0,50368.0,4859.0,0
60000,1,1,3,44,-2,56185.0,0.0,0
280000,2,3,3,39,2,36163.0,0.0,1
420000,2,1,2,47,7,161767.0,5746.0,0
130000,1,1,1,68,7,98522.0,0.0,0
270000,1,2,3,26,-2,42279.0,3411.0,0
20000,2,1,3,35,5,76303.0,7328.0,0
390000,2,4,2,26,6,138613.0,27797.0,0
10000,1,3,1,39,7,107459.0,5731.0,0
10000,2,3,2,29,5,60225.0,0.0,0
30000,1,4,1,49,0,90986.0,0.0,0
460000,1,2,1,44,0,103343.0,12701.0,0
260000,1,4,1,52,0,41872.0,0.0,1
240000,1,2,3,38,0,38112.0,7658.0,0
260000,2,4,2,47,-2,20352.0,0.0,0
110000,2,3,3,27,-1,83352.0,10791.0,0
280000,1,4,3,41,3,111350.0,3152.0,0
160000,1,1,2,47,-2,-627.0,6448.0,0
50000,1,3,1,44,7,101344.0,11194.0,0
170000,2,4,2,22,7,105529.0,0.0,0
100000,1,2,1,26,6,151630.0,15759.0,1
440000,1,4,2,48,2,7978.0,5213.0,0
210000,2,3,1,39,-1,107334.0,2689.0,0
350000,1,4,1,56,6,57976.0,5375.0,1
70000,2,2,2,28,1,-24458.0,6011.0,0
190000,2,2,3,50,3,47202.0,140.0,0
30000,1,1,2,24,6,70588.0,0.0,0
250000,2,4,2,66,6,127142.0,0.0,0
100000,2,2,2,29,3,142264.0,5786.0,0
160000,2,4,2,66,1,106070.0,10697.0,0
300000,2,3,2,38,6,39318.0,11866.0,0
150000,2,1,2,69,4,10039.0,8255.0,0
30000,1,1,2,23,5,56579.0,0.0,0
90000,1,2,3,65,7,79622.0,18501.0,0
440000,1,2,2,55,1,25433.0,4392.0,0
140000,1,3,2,54,2,12668.0,7546.0,0
60000,2,3,1,34,5,51776.0,0.0,0
290000,2,3,3,38,2,107813.0,0.0,0
240000,1,3,1,37,6,178536.0,14968.0,0
20000,2,1,1,59,8,51478.0,26.0,0
230000,1,1,2,67,0,-18467.0,5975.0,0
450000,1,4,2,68,5,-24004.0,0.0,0
10000,2,3,1,63,-1,102445.0,12160.0,0
100000,1,1,1,53,5,86210.0,5595.0,0
270000,1,3,1,21,4,-40161.0,14422.0,1
450000,2,1,1,65,8,26646.0,4312.0,0
460000,1,4,2,52,6,23561.0,15445.0,1
450000,1,4,3,57,4,42212.0,3283.0,0
410000,2,4,1,30,5,57802.0,9301.0,0
50000,1,4,1,48,-2,81682.0,0.0,0
450000,2,1,3,46,2,45741.0,0.0,0
220000,2,4,2,28,3,-40007.0,9981.0,0
50000,1,3,1,36,7,34033.0,1146.0,0
280000,1,4,2,58,8,50780.0,1148.0,0
370000,2,4,2,53,5,152847.0,12161.0,0
350000,1,2,1,46,-2,23013.0,13726.0,0
300000,1,3,3,30,8,58667.0,0.0,1
90000,2,4,3,51,3,66201.0,0.0,0
370000,2,3,3,67,3,35600.0,0.0,1
200000,1,3,2,68,8,206911.0,0.0,1
130000,1,4,1,22,1,-65782.0,0.0,0
340000,2,4,2,35,1,34015.0,19368.0,0
390000,1,2,1,51,1,55549.0,0.0,0
450000,1,1,2,27,1,49457.0,7464.0,1
130000,2,4,2,40,8,-11576.0,0.0,1
480000,2,3,2,23,0,-44305.0,7993.0,0
220000,1,3,1,26,5,93983.0,16860.0,0
340000,1,4,1,55,5,66216.0,0.0,0
280000,2,3,2,52,-1,-5794.0,14645.0,0
210000,1,2,1,62,2,48749.0,3031.0,0
310000,2,1,1,52,7,60642.0,0.0,0
10000,2,1,2,66,5,99778.0,1891.0,0
430000,1,4,2,54,2,26038.0,0.0,0
270000,2,3,2,31,2,-27456.0,0.0,1
500000,2,2,2,62,6,59165.0,7114.0,0
210000,1,1,2,52,8,-31865.0,1466.0,0
260000,2,2,1,32,8,65031.0,0.0,0
320000,2,2,2,68,4,61211.0,0.0,1
290000,2,3,2,64,8,49782.0,0.0,0
100000,1,4,1,25,-2,69752.0,22322.0,0
270000,2,1,2,57,-2,65006.0,1968.0,0
300000,1,1,3,60,0,-30079.0,11146.0,1
230000,2,2,1,44,5,108990.0,7903.0,0
370000,2,1,3,60,-2,69623.0,8525.0,0
160000,1,3,3,69,2,83076.0,15893.0,1
330000,1,3,1,38,8,78786.0,11219.0,1
370000,1,1,3,57,0,-2564.0,9207.0,1
200000,2,4,2,50,7,45776.0,14895.0,0
150000,2,4,2,36,-2,128884.0,5936.0,0
150000,1,4,1,38,1,60076.0,18249.0,0
200000,1,4,2,60,1,60300.0,4155.0,0
470000,2,2,2,60,8,32119.0,3800.0,0
230000,2,4,2,26,1,57483.0,0.0,0
80000,2,1,2,42,4,61270.0,0.0,1
470000,2,1,2,32,2,44739.0,0.0,0
250000,1,1,1,47,2,-23562.0,0.0,0
250000,2,3,2,24,2,-8784.0,1866.0,0
410000,1,2,3,52,4,88490.0,574.0,1
450000,2,1,1,60,0,20835.0,9302.0,0
60000,1,2,2,63,5,-78895.0,1001.0,1
400000,1,4,3,24,8,58917.0,10372.0,1
240000,1,2,1,52,6,10933.0,1801.0,0
390000,1,1,2,54,-1,36097.0,667.0,0
400000,2,3,2,27,8,40694.0,12552.0,0
210000,1,3,2,26,2,129812.0,0.0,0
130000,1,2,1,68,3,121199.0,10429.0,1
350000,2,4,1,21,0,36593.0,4994.0,0
140000,2,2,2,32,1,-31947.0,1860.0,0
390000,1,3,2,39,5,128745.0,7255.0,0
340000,1,3,3,61,5,-26750.0,1818.0,0
450000,1,1,3,21,2,77302.0,25544.0,0
80000,1,3,1,62,-1,56152.0,1522.0,0
390000,1,4,2,21,1,215225.0,12272.0,0
370000,1,4,3,50,8,45945.0,3756.0,0
230000,1,3,2,69,6,116210.0,0.0,0
50000,1,3,2,56,7,-11323.0,6578.0,1
370000,2,2,3,52,2,66124.0,17176.0,0
400000,2,3,3,65,0,8732.0,0.0,0
240000,2,2,3,50,2,85007.0,9174.0,0
10000,1,4,3,47,0,28402.0,0.0,0
160000,2,1,3,35,-1,69705.0,0.0,1
430000,2,4,2,32,7,68531.0,8955.0,1
260000,1,4,2,33,-2,43543.0,12821.0,0
20000,2,3,1,27,-2,110080.0,6729.0,0
340000,2,2,2,30,8,24790.0,11190.0,0
60000,1,2,2,30,7,24616.0,0.0,0
170000,1,3,1,24,6,86041.0,11913.0,0
480000,1,2,2,57,5,82188.0,5176.0,0
200000,1,3,3,36,5,77513.0,0.0,0
130000,1,1,1,34,-1,84732.0,13595.0,0
90000,1,2,1,21,7,-5359.0,0.0,0
230000,2,3,2,31,4,29136.0,0.0,0
290000,2,2,1,58,5,-5308.0,16057.0,0
360000,2,3,1,45,7,-12372.0,304.0,0
110000,1,3,3,46,3,199010.0,5737.0,0
460000,2,3,3,69,6,41403.0,2239.0,0
460000,2,3,3,69,7,-38340.0,0.0,1
490000,2,1,1,64,2,6252.0,7943.0,0
50000,1,4,2,63,-2,-13448.0,4832.0,0
320000,2,3,1,69,5,10473.0,0.0,1
100000,1,1,3,29,2,-39326.0,16045.0,0
40000,1,2,3,56,3,104671.0,3502.0,0
130000,1,2,3,44,5,105337.0,0.0,0
320000,1,4,1,41,1,116972.0,0.0,0
30000,2,4,2,47,8,80555.0,0.0,1
380000,1,2,1,26,8,125641.0,4182.0,0
180000,1,4,2,65,1,103895.0,588.0,0
80000,1,1,1,29,4,-36738.0,11383.0,0
500000,2,2,2,42,2,15407.0,10872.0,0
30000,2,4,2,22,6,43335.0,2891.0,0
300000,1,2,2,67,5,71032.0,9577.0,0
460000,2,1,1,45,5,88717.0,0.0,1
20000,1,1,2,49,0,-79759.0,14785.0,0
310000,1,4,1,49,-2,31200.0,15558.0,1
90000,1,3,3,53,3,43008.0,652.0,1
60000,1,4,1,23,-2,38841.0,0.0,0
340000,1,3,2,28,3,116053.0,7524.0,1
480000,1,1,1,26,8,-63699.0,2789.0,1
460000,1,2,3,23,8,79820.0,4414.0,1
230000,2,4,1,44,8,28008.0,0.0,0
220000,2,3,2,46,-1,139982.0,7975.0,0
420000,2,3,3,59,5,-51081.0,0.0,0
440000,1,1,3,61,-2,181968.0,1432.0,0
300000,2,4,3,38,4,70248.0,11973.0,0
490000,1,4,2,51,-2,144023.0,0.0,1
440000,2,4,3,31,3,73231.0,3542.0,0
30000,1,3,1,25,4,125519.0,3741.0,0
320000,2,1,2,31,5,84029.0,6572.0,0
30000,1,3,3,61,0,-2482.0,6247.0,0
100000,1,2,3,62,2,130221.0,11869.0,0
100000,1,2,3,65,1,123210.0,5158.0,0
130000,1,3,2,49,2,30137.0,6143.0,0
140000,2,4,3,64,8,158428.0,3644.0,0
200000,2,2,1,52,6,95176.0,18319.0,0
290000,1,1,1,56,8,86466.0,10943.0,0
350000,1,3,2,53,8,80782.0,14863.0,0
290000,1,2,2,56,3,44615.0,10263.0,0
20000,2,1,1,65,6,171988.0,14638.0,0
270000,1,1,2,63,0,114399.0,96.0,0
80000,1,3,2,48,3,282.0,12713.0,0
220000,1,2,2,44,-1,-32417.0,8198.0,0
370000,1,3,1,49,3,-66249.0,10504.0,1
100000,2,1,3,38,-1,14057.0,0.0,0
60000,2,1,2,40,-2,42361.0,9275.0,0
410000,2,3,2,31,7,63895.0,18322.0,1
210000,2,2,2,40,8,39492.0,3601.0,0
430000,2,4,2,57,0,-40559.0,14111.0,0
480000,2,1,2,26,8,108378.0,1223.0,1
320000,1,2,2,33,2,-20298.0,4562.0,0
400000,2,2,1,35,6,-57209.0,0.0,1
420000,1,1,1,25,8,37759.0,0.0,0
470000,2,4,3,23,0,27015.0,6844.0,0
110000,2,4,2,39,4,23516.0,3857.0,1
180000,1,4,2,34,7,87352.0,12161.0,0
210000,2,2,1,30,4,147472.0,0.0,1
450000,1,3,1,48,2,-1498.0,11450.0,1
40000,1,2,3,46,1,89949.0,1949.0,0
300000,2,3,2,60,5,-43377.0,12382.0,0
120000,1,1,3,66,1,6430.0,6242.0,1
140000,2,4,1,37,5,79036.0,2143.0,1
490000,2,1,3,41,0,51387.0,16170.0,0
300000,1,1,3,59,-2,-115645.0,11669.0,0
390000,1,2,1,66,6,71870.0,15176.0,0
290000,2,1,1,66,5,54413.0,7261.0,0
230000,1,1,1,49,4,-22584.0,9631.0,0
350000,1,3,1,32,7,16850.0,14379.0,0
290000,1,4,2,46,3,71877.0,0.0,1
450000,2,2,2,30,4,23155.0,8483.0,1
430000,1,3,3,21,3,19978.0,17413.0,0
100000,2,1,2,44,1,72384.0,5925.0,0
320000,1,3,3,37,1,34826.0,0.0,0
20000,1,1,2,62,8,-13422.0,0.0,0
240000,1,2,3,28,1,96308.0,8288.0,0
270000,1,3,1,52,8,22518.0,4538.0,0
210000,2,1,2,64,6,-7494.0,10355.0,0
260000,1,2,1,30,-1,114999.0,4477.0,1
40000,1,3,1,46,-1,84523.0,0.0,0
290000,1,3,1,54,5,31968.0,15052.0,1
190000,2,3,3,32,7,47097.0,16662.0,0
470000,1,1,2,57,5,7479.0,15195.0,0
370000,2,1,1,28,1,92571.0,1473.0,0
160000,1,2,3,29,7,63599.0,10009.0,1
60000,1,1,3,57,5,-64877.0,13340.0,1
120000,1,4,2,36,0,53382.0,5506.0,0
110000,2,4,3,55,-1,44469.0,0.0,0
110000,2,4,2,37,2,83961.0,5698.0,1
440000,1,1,1,21,2,25668.0,9753.0,1
320000,2,1,3,44,7,52104.0,14523.0,0
90000,2,1,3,35,1,-12608.0,14290.0,0
410000,2,2,2,56,-1,72556.0,9474.0,0
420000,2,3,3,30,0,45323.0,1306.0,0
430000,1,2,2,62,3,161639.0,4878.0,0
170000,1,4,1,56,2,31340.0,0.0,0
460000,1,2,2,50,-1,139776.0,0.0,0
50000,1,4,2,65,0,-39251.0,0.0,0
80000,2,3,3,54,4,58333.0,12138.0,0
100000,2,1,2,64,6,50994.0,0.0,0
260000,2,3,1,66,5,-11594.0,10977.0,0
170000,1,1,2,45,-1,87029.0,13816.0,0
460000,2,2,1,51,6,126972.0,1001.0,1
50000,1,4,2,61,7,82734.0,0.0,0
470000,2,1,1,29,4,-43982.0,4458.0,1
410000,2,3,3,69,4,95768.0,14962.0,0
90000,2,1,2,47,1,135938.0,7077.0,0
460000,1,4,3,61,-1,70276.0,0.0,0
70000,2,3,3,59,4,134584.0,6292.0,1
10000,1,1,2,50,0,-18533.0,0.0,0
220000,2,2,3,23,3,29070.0,0.0,0
380000,2,2,1,55,2,41790.0,17714.0,0
70000,1,1,3,31,1,10097.0,5146.0,0
220000,1,1,1,25,1,38193.0,759.0,1
130000,1,3,3,62,2,-42615.0,2368.0,0
410000,2,2,2,34,1,64600.0,0.0,0
280000,2,3,2,67,4,20232.0,0.0,0
270000,2,4,3,39,5,77220.0,15766.0,0
370000,2,2,3,31,7,40622.0,1929.0,0
350000,2,4,3,65,-1,145081.0,4199.0,0
310000,2,4,1,32,1,36116.0,9846.0,0
340000,2,3,2,31,4,113208.0,5136.0,0
250000,2,3,1,30,8,124159.0,0.0,0
160000,1,2,2,22,4,74788.0,12107.0,1
480000,1,4,3,38,5,9880.0,14503.0,1
230000,1,4,1,37,7,178.0,23056.0,0
450000,2,2,1,69,8,74165.0,4332.0,0
470000,2,4,3,42,3,26611.0,8569.0,0
40000,2,3,3,67,1,96379.0,7546.0,1
400000,2,4,3,33,-1,114776.0,0.0,0
270000,1,3,1,64,-1,-38581.0,0.0,1
10000,1,3,3,45,3,21377.0,9751.0,1
290000,2,1,2,64,7,47966.0,17414.0,0
10000,2,2,2,65,1,45105.0,6105.0,0
310000,1,1,3,36,-1,10364.0,0.0,0
330000,1,4,3,27,4,7138.0,7659.0,1
60000,2,1,2,33,-1,-45043.0,13788.0,0
10000,1,2,2,41,4,-5820.0,5846.0,0
300000,2,3,1,41,-1,87138.0,11458.0,1
330000,1,4,3,22,3,54360.0,4645.0,0
70000,2,4,1,48,7,91997.0,6950.0,1
140000,2,4,3,57,1,119508.0,5501.0,0
380000,2,1,1,33,0,83045.0,7902.0,0
40000,2,4,1,53,2,31638.0,4478.0,0
440000,2,2,1,54,-1,49841.0,6248.0,1
40000,2,1,3,65,-1,171775.0,9942.0,0
150000,1,2,2,67,6,-44136.0,5774.0,0
390000,2,3,1,22,2,70111.0,10062.0,0
40000,1,1,2,49,2,120488.0,11889.0,0
500000,2,2,3,67,5,63629.0,2090.0,0
480000,2,2,2,54,0,10529.0,14976.0,1
260000,2,3,2,61,2,34605.0,9563.0,0
110000,1,1,3,53,6,46700.0,17136.0,0
290000,2,3,3,37,-2,5027.0,0.0,0
500000,2,2,1,53,3,62295.0,965.0,0
420000,1,4,1,48,4,43519.0,4083.0,1
120000,1,1,1,26,-1,119647.0,2314.0,0
470000,1,3,3,61,7,117360.0,4847.0,0
480000,1,2,3,56,-2,33266.0,0.0,0
390000,2,1,2,62,7,28534.0,2393.0,1
30000,1,4,2,22,5,73849.0,5809.0,1
470000,1,2,1,30,7,118604.0,4275.0,0
230000,1,1,1,44,1,78975.0,2627.0,1
90000,1,1,1,28,-1,28542.0,3680.0,1
480000,2,4,3,41,3,-5269.0,7539.0,0
120000,1,2,2,52,5,79704.0,11248.0,0
460000,2,2,1,22,8,41730.0,12611.0,0
470000,1,1,1,67,3,38228.0,0.0,0
230000,1,4,3,46,4,41789.0,10883.0,1
60000,1,3,1,49,5,65719.0,10848.0,1
100000,1,3,3,48,3,91680.0,2988.0,0
450000,1,4,1,30,8,63493.0,3252.0,0
320000,2,1,1,35,-1,175988.0,0.0,0
60000,1,3,3,28,5,116612.0,0.0,0
60000,2,1,2,41,7,60621.0,13111.0,0
370000,2,3,2,51,0,28377.0,7845.0,0
120000,2,4,1,47,0,33737.0,4866.0,0
330000,1,4,3,25,-2,-25762.0,17445.0,0
420000,1,3,2,34,0,-72322.0,7755.0,0
340000,1,1,3,32,2,145808.0,8874.0,1
30000,2,2,2,50,3,62160.0,4096.0,0
190000,1,2,1,36,7,-11548.0,2165.0,0
490000,1,1,3,27,7,71457.0,14984.0,1
320000,2,4,2,66,7,-19965.0,15988.0,0
340000,2,3,1,21,5,110970.0,0.0,0
420000,1,1,2,32,0,75181.0,5944.0,0
350000,2,3,2,64,4,61890.0,6769.0,1
460000,1,1,3,32,6,163504.0,0.0,0
450000,2,3,3,51,6,26556.0,18209.0,1
10000,1,4,1,36,0,-24107.0,0.0,0
260000,2,3,3,37,6,39659.0,815.0,1
160000,2,1,2,28,0,58443.0,2768.0,0
180000,2,4,2,30,7,41912.0,10033.0,1
140000,1,4,3,69,2,20994.0,9737.0,0
220000,2,4,3,63,8,114895.0,8921.0,0
80000,1,3,3,68,5,108374.0,0.0,1
500000,2,3,1,59,5,103393.0,0.0,0
470000,2,3,3,25,4,80108.0,2149.0,0
50000,2,4,2,61,6,142123.0,5862.0,0
400000,1,1,2,67,0,-3720.0,1952.0,0
40000,2,1,2,61,2,100255.0,0.0,0
470000,2,1,3,59,3,73740.0,10288.0,0
80000,2,3,1,27,-1,58022.0,0.0,0
40000,2,2,1,41,-2,64021.0,0.0,0
280000,2,4,3,23,7,-41151.0,2090.0,1
320000,1,4,3,63,-1,42106.0,1230.0,0
300000,2,4,1,21,3,11538.0,6273.0,0
100000,2,4,3,57,6,19612.0,0.0,1
190000,1,4,2,23,3,-20561.0,3854.0,0
300000,2,2,3,53,6,-55076.0,0.0,0
480000,1,1,2,29,1,34947.0,0.0,0
180000,1,4,3,47,8,115969.0,0.0,0
40000,2,2,1,22,3,40207.0,16113.0,0
440000,2,4,2,50,-1,100191.0,7894.0,0
320000,1,1,2,53,6,-11147.0,8096.0,1
320000,1,3,3,23,-2,59759.0,15709.0,0
350000,1,1,1,63,-2,57364.0,7669.0,1
370000,1,3,1,56,-1,77674.0,5885.0,1
490000,1,2,3,34,-1,43653.0,24103.0,0
500000,2,3,3,54,-2,33440.0,9082.0,0
360000,1,1,3,31,7,-79002.0,708.0,0
340000,2,2,3,49,1,61387.0,3462.0,0
390000,1,4,1,41,-2,-6727.0,16063.0,0
100000,1,4,1,50,4,192862.0,10583.0,0
140000,2,4,1,23,5,99288.0,6959.0,1
90000,2,4,3,40,-1,183962.0,14247.0,0
450000,1,3,1,21,4,24842.0,12608.0,0
250000,1,3,2,27,0,59567.0,8934.0,0
410000,1,2,2,38,8,67005.0,8243.0,0
300000,1,3,3,60,3,-14768.0,3192.0,0
310000,1,4,1,38,4,69440.0,1688.0,0
330000,2,4,3,24,7,27026.0,13195.0,1
100000,2,2,1,39,-2,93818.0,16119.0,0
230000,1,2,1,55,6,102964.0,16491.0,0
110000,1,3,2,47,0,-47773.0,4537.0,1
450000,2,2,2,51,4,124116.0,0.0,0
400000,1,1,1,61,4,188549.0,0.0,0
480000,1,3,2,44,8,15967.0,0.0,0
20000,2,2,2,28,-2,120180.0,2980.0,1
40000,2,4,2,43,4,11331.0,7387.0,0
450000,2,1,1,52,8,212998.0,4351.0,0
470000,2,4,3,22,4,62565.0,4694.0,1
250000,1,2,2,31,1,-88703.0,0.0,0
460000,1,2,3,26,8,145290.0,6906.0,0
400000,1,1,3,29,1,92622.0,0.0,1
110000,1,3,3,69,2,127039.0,0.0,0
480000,2,1,3,64,4,-43680.0,2340.0,0
80000,2,3,3,39,2,101596.0,5263.0,0
420000,1,3,1,22,1,64794.0,0.0,0
320000,2,1,1,42,8,-56777.0,931.0,1
400000,2,4,3,23,8,14515.0,5829.0,0
170000,1,3,3,34,7,-51255.0,13365.0,0
110000,1,3,2,52,8,57435.0,11570.0,0
30000,1,3,3,67,6,46600.0,6542.0,0
500000,2,4,1,50,-1,57202.0,9963.0,0
260000,1,3,3,33,8,71201.0,1543.0,0
480000,1,1,3,34,4,60613.0,7963.0,1
370000,2,4,3,30,5,63064.0,12040.0,0
360000,1,2,3,54,1,22590.0,12107.0,0
340000,1,4,2,69,-2,-23612.0,0.0,0
490000,1,3,2,57,1,166782.0,15489.0,0
60000,2,2,1,43,3,-26093.0,15693.0,1
310000,2,1,2,50,5,81223.0,19008.0,0
230000,1,4,3,26,-1,-21331.0,3860.0,0
150000,1,4,2,22,8,99829.0,0.0,0
270000,1,2,2,34,-2,1837.0,14310.0,0
290000,2,2,1,38,1,80772.0,18805.0,0
300000,1,3,1,28,8,133324.0,8444.0,0
310000,2,3,2,62,6,-65959.0,2511.0,1
480000,1,3,1,67,5,3020.0,1240.0,1
10000,2,4,2,41,7,155041.0,3375.0,0
260000,1,4,2,52,6,39802.0,19174.0,0
30000,1,1,3,30,-2,141903.0,7846.0,0
240000,2,3,3,23,6,22680.0,9905.0,0
390000,2,3,3,29,6,48453.0,2825.0,1
50000,1,4,2,66,8,7211.0,0.0,0
490000,2,2,1,21,0,60108.0,28907.0,0
280000,2,2,3,23,2,142935.0,0.0,1
270000,1,1,2,43,2,89866.0,10641.0,1
10000,2,4,3,46,-2,170117.0,10120.0,0
80000,1,3,3,52,6,128934.0,13683.0,0
120000,2,2,1,34,5,165844.0,13843.0,0
490000,1,3,2,33,7,39307.0,10137.0,0
70000,2,3,3,39,5,87805.0,8469.0,0
160000,2,4,1,61,1,99793.0,15907.0,0
300000,1,3,3,58,0,88245.0,21696.0,0
90000,1,1,2,64,7,21875.0,0.0,0
20000,1,4,1,53,4,74616.0,0.0,0
240000,1,2,2,43,1,-26167.0,10440.0,1
450000,1,2,2,63,0,42651.0,10933.0,0
90000,1,2,2,36,1,105269.0,10416.0,0
190000,1,1,1,33,1,49350.0,0.0,1
120000,1,1,1,61,6,-46171.0,4907.0,0
200000,1,4,3,61,2,60461.0,3927.0,0
420000,1,1,1,39,8,-6338.0,2100.0,0
500000,2,1,3,29,0,-4123.0,13288.0,0
230000,1,2,1,25,6,31209.0,9850.0,0
300000,2,3,2,69,5,86351.0,4665.0,0
350000,1,2,2,40,7,-2161.0,9482.0,0
370000,2,3,1,30,-1,-54677.0,5129.0,0
300000,1,1,2,26,-1,-39197.0,14248.0,0
340000,2,3,1,39,6,-54373.0,3832.0,0
380000,2,2,2,51,3,59903.0,9693.0,0
380000,2,2,3,47,3,11444.0,0.0,0
380000,1,1,2,69,6,85385.0,3570.0,0
100000,1,1,2,56,-1,-19346.0,0.0,0
360000,2,4,2,45,6,85547.0,7273.0,1
350000,1,1,3,29,6,-95680.0,2302.0,0
150000,2,3,3,61,1,-6046.0,0.0,0
340000,1,1,1,34,-1,34771.0,0.0,0
110000,1,4,2,33,3,25556.0,22440.0,1
120000,1,1,3,27,8,97168.0,6978.0,1
500000,1,2,1,60,1,41633.0,3988.0,1
470000,1,2,3,61,6,93947.0,20038.0,0
400000,1,1,1,35,4,80493.0,0.0,0
270000,1,1,2,62,4,-45368.0,0.0,0
240000,2,2,3,67,-2,11474.0,4699.0,0
30000,2,2,3,47,1,126329.0,2124.0,0
330000,1,3,2,26,3,60759.0,9286.0,1
160000,2,3,2,57,0,78808.0,20650.0,0
360000,1,2,2,57,3,90494.0,0.0,0
240000,1,1,2,31,5,64322.0,0.0,1
280000,1,4,2,36,8,30677.0,3056.0,0
360000,2,3,3,67,2,66963.0,0.0,0
250000,2,4,3,34,-2,113220.0,4859.0,0
200000,2,1,1,52,6,72604.0,9836.0,0
80000,1,1,1,33,1,72874.0,13301.0,0
320000,1,3,1,35,4,28251.0,2370.0,0
120000,1,1,2,58,2,-6488.0,1922.0,0
260000,1,3,3,56,7,90668.0,3775.0,0
430000,2,4,3,44,2,31530.0,9530.0,1
150000,2,2,1,22,3,-50575.0,1051.0,1
80000,2,1,1,42,5,27362.0,13780.0,0
250000,2,4,2,52,4,36310.0,898.0,0
190000,1,2,3,43,-1,141573.0,13984.0,0
190000,2,3,3,41,5,39372.0,0.0,1
330000,2,1,2,33,6,80322.0,10619.0,0
460000,1,2,3,33,8,199988.0,0.0,0
260000,2,4,3,53,3,-7689.0,4408.0,1
490000,1,4,1,67,6,12357.0,12227.0,1
320000,2,1,2,30,-2,105157.0,8.0,0
320000,2,2,2,51,6,44070.0,19867.0,1
270000,1,3,1,69,6,-829.0,8952.0,0
20000,2,3,2,27,0,47008.0,7851.0,1
450000,1,2,2,58,-2,-37448.0,18805.0,0
60000,1,3,2,64,1,60278.0,19137.0,1
470000,2,4,3,51,6,-41899.0,8560.0,0
140000,2,2,1,57,4,62412.0,12038.0,0
230000,2,2,3,47,7,122303.0,2565.0,0
110000,2,1,1,63,4,-60733.0,5883.0,0
100000,2,3,3,49,2,45052.0,0.0,0
410000,1,1,2,47,0,-26706.0,8792.0,0
330000,2,1,1,30,1,-4460.0,17432.0,0
10000,2,2,1,47,5,106452.0,8161.0,0
130000,2,3,3,51,5,128051.0,12326.0,0
160000,2,2,1,22,7,136344.0,707.0,0
140000,1,4,3,46,5,-42083.0,0.0,0
270000,1,3,3,35,4,139437.0,0.0,0
20000,2,1,2,23,8,85484.0,0.0,1
480000,2,1,2,21,3,-8782.0,2734.0,0
410000,2,2,1,21,1,69013.0,912.0,0
170000,1,4,2,24,6,80895.0,0.0,0
330000,2,2,1,61,4,86740.0,5873.0,1
300000,2,4,2,22,3,174705.0,0.0,0
170000,2,4,1,65,4,63246.0,14225.0,0
200000,2,2,3,43,4,-23166.0,10869.0,0
270000,2,4,3,58,0,115280.0,8685.0,0
360000,1,3,1,24,2,38725.0,11877.0,0
240000,1,1,2,69,8,78118.0,0.0,1
430000,2,4,2,26,5,159628.0,0.0,0
160000,1,1,1,67,8,25331.0,0.0,0
100000,2,4,2,61,7,30857.0,2479.0,1
360000,2,1,1,53,6,13670.0,9502.0,0
250000,1,1,1,67,8,108693.0,0.0,0
270000,1,2,1,65,1,-2641.0,4698.0,1
210000,2,1,2,60,1,-44019.0,14112.0,0
140000,2,4,1,24,7,28468.0,0.0,0
360000,1,3,1,46,4,20809.0,6396.0,0
250000,2,3,2,59,-1,49492.0,6504.0,0
380000,1,1,3,65,8,79876.0,4075.0,0
170000,2,4,2,23,0,13585.0,6216.0,0
180000,1,3,2,40,-1,44293.0,3097.0,0
160000,2,3,2,66,7,63352.0,0.0,1
330000,1,4,2,69,7,50801.0,7587.0,0
40000,2,2,3,44,6,67918.0,0.0,0
410000,2,4,1,65,5,55628.0,10732.0,0
150000,1,1,1,63,-1,146112.0,7311.0,0
340000,2,1,1,39,4,80764.0,7246.0,0
260000,2,2,3,53,0,-42482.0,10341.0,0
310000,2,4,3,67,8,-57881.0,18259.0,0
210000,2,3,3,53,5,-73331.0,0.0,0
390000,2,3,1,68,8,20317.0,6752.0,0
50000,1,2,1,44,6,71526.0,13754.0,1
350000,1,4,2,66,8,-5784.0,21750.0,0
310000,1,2,2,22,3,44692.0,0.0,0
350000,1,1,2,46,5,-36567.0,2224.0,0
100000,2,1,2,43,-1,-60657.0,18987.0,0
440000,2,2,2,34,8,82159.0,1476.0,0
450000,2,1,1,28,-1,28326.0,0.0,0
320000,2,4,3,59,5,-46847.0,24074.0,0
150000,2,1,1,50,3,-35458.0,0.0,0
150000,2,4,2,68,7,92883.0,9593.0,0
100000,1,3,2,67,4,86896.0,0.0,0
150000,2,2,1,41,7,-14016.0,0.0,1
350000,2,3,2,40,6,-33438.0,10653.0,0
230000,2,1,2,58,4,-5398.0,7443.0,0
480000,1,3,3,54,0,95208.0,5576.0,1
40000,2,2,2,56,4,98241.0,9208.0,1
280000,2,1,3,34,7,-79650.0,0.0,1
200000,1,3,1,54,-2,37803.0,7546.0,0
150000,1,4,1,59,6,-65444.0,4664.0,1
190000,2,1,3,59,4,30121.0,11988.0,0
420000,2,4,3,44,-2,-7882.0,0.0,0
100000,2,3,2,40,1,48521.0,6875.0,1
310000,1,2,1,64,1,61460.0,12942.0,0
270000,2,3,3,52,-2,28527.0,12294.0,0
410000,2,2,2,28,6,68282.0,0.0,1
10000,2,1,2,35,5,33046.0,1661.0,0
350000,2,3,1,47,2,-73722.0,12755.0,0
470000,2,1,3,56,7,-4331.0,14568.0,0
160000,1,3,2,69,-1,-9154.0,19355.0,0
90000,2,3,3,24,0,27.0,2000.0,1
370000,2,2,2,56,6,127644.0,6063.0,0
290000,1,1,1,36,5,23607.0,18138.0,0
230000,2,4,1,56,2,-1796.0,3719.0,0
280000,1,4,2,49,-1,-1468.0,15586.0,1
390000,2,4,3,60,8,67988.0,511.0,0
290000,1,2,1,63,-1,120457.0,6164.0,0
90000,1,1,1,69,6,6486.0,6185.0,0
200000,2,2,2,38,-2,46407.0,7540.0,0
460000,2,2,3,24,2,9519.0,0.0,1
290000,2,2,3,42,-1,-21855.0,7145.0,0
390000,2,4,1,39,4,-95575.0,0.0,0
420000,1,1,2,63,4,-3547.0,5553.0,0
160000,1,1,2,60,3,-2683.0,0.0,0
120000,1,3,3,59,-1,128337.0,5297.0,1
60000,2,1,3,34,8,103131.0,5793.0,0
440000,2,2,3,42,2,32781.0,11569.0,0
430000,1,1,1,32,7,79018.0,15471.0,0
410000,1,4,2,38,1,57211.0,0.0,0
250000,2,3,2,69,7,-24445.0,3845.0,1
460000,2,2,2,36,1,-35694.0,0.0,0
20000,2,3,2,50,6,179201.0,20432.0,1
260000,2,1,2,45,6,78201.0,19286.0,0
210000,2,1,3,54,2,119920.0,1559.0,0
450000,1,4,1,60,5,109647.0,4444.0,0
70000,1,2,1,40,0,139987.0,785.0,0
410000,2,1,2,28,6,61738.0,757.0,0
490000,2,3,2,62,3,11344.0,11776.0,0
430000,1,3,3,44,-2,81729.0,6203.0,0
350000,2,1,2,28,3,107358.0,0.0,0
310000,1,4,2,22,6,29167.0,6460.0,0
70000,2,3,3,45,8,65932.0,19243.0,0
350000,2,1,2,42,5,-37709.0,5174.0,0
270000,1,3,3,35,8,-6936.0,9728.0,0
60000,1,2,1,37,-2,12211.0,20908.0,0
330000,1,1,2,33,4,-58801.0,7965.0,1
20000,2,2,3,27,5,138499.0,18910.0,1
150000,2,3,3,46,-2,68518.0,3329.0,0
430000,1,1,2,60,-1,118547.0,7712.0,0
180000,1,4,1,23,2,25505.0,4563.0,0
410000,1,2,3,37,-2,1930.0,9063.0,1
70000,1,3,1,26,-2,-20455.0,730.0,0
80000,1,2,1,66,1,66460.0,0.0,0
110000,2,2,3,64,-2,-35031.0,4068.0,0
130000,2,4,2,46,7,38714.0,9546.0,0
110000,1,1,3,58,0,88697.0,4055.0,0
120000,1,2,1,21,-1,140687.0,0.0,0
90000,1,4,3,45,7,29008.0,6560.0,0
320000,2,1,1,41,4,102472.0,801.0,0
340000,1,4,3,40,-1,45974.0,20035.0,0
320000,1,3,2,24,0,75326.0,7202.0,1
330000,2,3,1,41,6,66686.0,7241.0,0
80000,2,4,2,43,0,-22817.0,16352.0,0
210000,2,4,1,64,2,-43250.0,13560.0,0
220000,1,2,2,48,0,74088.0,4901.0,0
250000,1,4,3,43,-1,23924.0,9830.0,0
230000,2,3,2,24,8,61720.0,8741.0,0
190000,1,3,1,25,-1,99458.0,5628.0,0
340000,1,4,1,49,-1,137807.0,1207.0,0
210000,1,4,3,27,2,-29544.0,0.0,1
450000,1,4,2,40,4,90816.0,11519.0,0
270000,2,2,1,50,-1,11677.0,8736.0,1
370000,2,4,1,33,6,14760.0,11200.0,1
20000,1,4,2,42,3,115144.0,0.0,0
420000,1,1,1,35,0,55558.0,0.0,0
80000,2,4,3,25,7,15870.0,0.0,0
80000,2,3,1,39,-1,97238.0,7416.0,0
200000,1,3,2,54,3,7918.0,0.0,0
160000,2,3,2,44,5,153153.0,4758.0,0
350000,1,4,2,36,-1,61407.0,4307.0,1
270000,2,2,2,26,-1,50895.0,19413.0,0
470000,1,4,1,51,6,101016.0,0.0,0
190000,1,2,3,56,1,93145.0,2487.0,0
370000,1,3,2,61,1,98577.0,5909.0,0
420000,1,4,3,25,4,30341.0,17287.0,1
30000,1,3,3,36,1,-20565.0,4638.0,0
240000,2,4,2,25,0,29708.0,11313.0,0
10000,1,3,3,58,-1,106006.0,3138.0,0
380000,2,1,3,56,6,41586.0,3503.0,1
390000,1,1,2,48,5,95627.0,0.0,1
210000,2,3,2,49,3,61967.0,0.0,0
80000,2,3,3,23,-2,27348.0,0.0,0
70000,1,2,3,67,1,103586.0,9365.0,0
20000,2,2,1,31,-1,72270.0,0.0,0
180000,1,4,2,60,-1,71835.0,1128.0,1
440000,1,3,1,25,1,-1957.0,5899.0,1
380000,2,3,2,32,5,29539.0,0.0,0
420000,1,1,3,65,0,49012.0,0.0,0
420000,2,3,3,33,-2,45590.0,0.0,0
300000,1,2,2,60,0,-3679.0,5307.0,0
10000,1,3,3,50,3,65751.0,3586.0,0
410000,2,2,2,68,0,37154.0,0.0,0
180000,2,1,2,63,0,-1775.0,850.0,1
20000,2,1,2,66,7,95735.0,10458.0,0
240000,1,2,2,23,3,50433.0,7156.0,0
210000,1,1,2,35,0,-92905.0,8513.0,0
340000,1,2,1,55,0,-92469.0,6803.0,0
240000,1,4,1,44,-2,6230.0,0.0,0
100000,2,3,1,26,0,57106.0,12879.0,0
230000,1,4,2,69,3,55804.0,9245.0,1
470000,1,3,1,36,5,-40107.0,2244.0,0
10000,1,2,1,63,6,87907.0,0.0,0
100000,2,4,1,26,2,34599.0,0.0,0
410000,2,2,3,57,7,9431.0,0.0,0
190000,1,4,3,43,2,55254.0,5237.0,1
270000,1,3,3,36,2,41173.0,17004.0,0
310000,1,1,3,50,7,103606.0,13083.0,0
110000,1,2,1,40,-1,45628.0,0.0,0
310000,1,2,1,21,-2,99670.0,2743.0,0
420000,2,3,1,42,-2,68213.0,6503.0,1
290000,1,1,1,59,8,60118.0,0.0,0
210000,1,1,2,56,8,-8755.0,13589.0,0
80000,2,4,3,22,3,78705.0,0.0,1
10000,2,1,3,65,7,-33600.0,9630.0,0
480000,2,1,1,62,1,51184.0,3385.0,0
260000,1,3,2,69,2,184767.0,9914.0,1
490000,1,2,3,24,5,-12140.0,14125.0,0
60000,2,2,1,45,0,153264.0,4567.0,0
120000,2,3,1,69,8,156258.0,10661.0,0
470000,1,4,3,26,4,63976.0,0.0,0
300000,2,3,1,24,1,73544.0,0.0,0
160000,2,2,2,38,-2,12707.0,946.0,1
160000,2,1,1,58,4,122002.0,15342.0,0
470000,2,3,1,69,-1,35457.0,15108.0,0
350000,2,2,1,63,-1,152967.0,13033.0,0
140000,1,1,2,22,-1,191885.0,3213.0,0
80000,1,4,2,44,2,53168.0,4355.0,0
30000,1,3,2,67,0,-15157.0,0.0,0
450000,1,3,2,47,7,39763.0,0.0,0
20000,2,2,1,27,4,76807.0,5342.0,1
180000,1,1,3,52,4,-26296.0,0.0,0
60000,1,1,1,49,2,-21035.0,8569.0,0
410000,1,1,2,52,2,-27839.0,0.0,0
290000,2,4,2,40,-1,63802.0,9264.0,0
10000,1,1,1,60,2,-49316.0,0.0,0
410000,2,4,3,38,-1,78616.0,12765.0,0
450000,1,4,1,41,2,67824.0,14478.0,0
300000,1,4,2,67,3,-45127.0,6726.0,1
470000,2,4,1,62,1,102.0,11982.0,0
170000,2,1,3,53,-2,33302.0,4827.0,0
390000,2,3,3,25,-1,27441.0,7211.0,0
170000,1,2,1,37,6,179863.0,16957.0,1
330000,2,2,3,27,5,139270.0,0.0,0
110000,1,3,2,23,5,-5997.0,4522.0,0
10000,1,2,2,62,6,20410.0,5236.0,0
310000,1,2,2,50,2,4968.0,15214.0,0
150000,2,3,1,64,2,37758.0,3586.0,0
320000,1,4,1,31,-1,-12586.0,12941.0,0
270000,1,4,1,57,0,-13042.0,0.0,0
280000,1,3,1,30,5,48808.0,5796.0,0
110000,2,1,3,24,3,62829.0,26224.0,1
350000,1,3,1,34,2,103635.0,12454.0,0
30000,2,2,3,56,1,-30940.0,8405.0,0
480000,1,1,3,48,6,-37647.0,11993.0,0
330000,1,3,3,32,2,-17448.0,0.0,0
330000,2,4,3,65,0,9828.0,0.0,1
60000,1,2,1,63,7,100434.0,19096.0,1
90000,1,4,1,21,2,56675.0,0.0,0
290000,1,4,1,36,5,102284.0,13504.0,0
180000,1,4,2,69,4,144464.0,0.0,0
470000,2,3,1,46,-2,-31396.0,6499.0,0
290000,1,2,2,62,1,40970.0,3695.0,0
200000,1,4,2,35,-1,103260.0,0.0,0
430000,2,3,2,35,-1,-19536.0,21666.0,0
120000,1,3,2,39,-2,152678.0,0.0,0
50000,2,4,1,55,-1,68154.0,0.0,0
50000,2,2,1,32,5,172290.0,0.0,0
130000,2,4,3,64,2,36913.0,10314.0,0
310000,1,1,1,59,6,58985.0,1939.0,0
200000,1,1,1,48,4,71826.0,2332.0,0
470000,1,1,2,36,1,132882.0,4137.0,0
170000,1,3,3,44,8,1607.0,0.0,0
320000,1,1,1,43,2,48983.0,9667.0,1
320000,2,1,1,63,4,-85524.0,3388.0,0
110000,1,4,1,30,7,65945.0,7787.0,1
340000,1,3,2,28,4,-86759.0,3176.0,0
390000,2,3,3,60,-2,47963.0,9203.0,1
220000,2,1,3,24,2,101805.0,19401.0,0
240000,2,3,1,62,8,45589.0,14263.0,0
400000,2,4,3,54,1,35885.0,0.0,1
330000,1,4,3,47,-2,69219.0,10369.0,0
210000,1,2,3,53,2,-11344.0,5012.0,0
470000,2,4,1,62,4,-37019.0,0.0,0
150000,1,3,1,31,-1,53055.0,20093.0,0
340000,1,3,3,32,2,73355.0,6419.0,0
310000,1,1,1,50,-2,60265.0,6874.0,0
350000,1,3,2,23,7,27757.0,0.0,0
460000,1,2,1,21,1,37959.0,0.0,0
420000,2,1,2,38,4,73876.0,6115.0,0
290000,1,4,2,56,0,98236.0,9827.0,0
300000,1,3,2,56,5,106688.0,3130.0,0
160000,2,2,2,58,2,122322.0,5121.0,0
470000,2,1,1,24,0,-14487.0,0.0,0
10000,1,2,2,42,-1,18191.0,1461.0,0
250000,1,1,3,34,8,28053.0,0.0,0
400000,2,4,1,59,8,14758.0,6668.0,0
210000,2,3,1,41,4,58650.0,3256.0,0
290000,2,1,1,45,8,-85344.0,0.0,0
440000,2,1,2,24,7,-34135.0,0.0,0
210000,1,1,3,49,7,-25347.0,0.0,0
330000,2,4,2,26,-1,104811.0,0.0,0
140000,1,1,2,50,-1,496.0,16825.0,1
10000,1,3,1,35,0,17871.0,7399.0,0
10000,2,1,2,32,-1,56337.0,11110.0,0
160000,2,4,3,23,4,4573.0,8190.0,0
200000,2,3,1,54,4,99632.0,0.0,0
200000,2,4,2,54,7,-81533.0,9795.0,1
390000,1,2,3,28,0,147498.0,17404.0,0
370000,1,3,1,45,4,66298.0,16143.0,1
230000,2,3,2,39,5,-24294.0,27197.0,1
20000,2,4,1,66,2,57605.0,11470.0,0
60000,1,1,2,31,7,68269.0,4291.0,0
390000,1,1,1,64,-1,74442.0,18963.0,0
490000,1,3,1,44,4,9696.0,2045.0,0
470000,2,3,3,67,8,38304.0,6988.0,0
100000,2,3,1,44,3,65999.0,8505.0,0
230000,2,2,3,44,5,-30911.0,1726.0,1
270000,2,3,1,63,-2,33580.0,5240.0,0
270000,2,2,1,63,5,62826.0,4574.0,0
150000,1,3,3,64,6,162005.0,5038.0,0
280000,1,1,1,25,5,64087.0,0.0,0
240000,1,4,3,64,8,52555.0,7306.0,0
180000,1,4,2,31,7,96352.0,0.0,1
130000,2,3,3,63,0,116193.0,0.0,0
330000,2,4,2,45,0,20506.0,7079.0,0
200000,1,2,3,48,7,51324.0,10716.0,0
270000,1,2,2,54,1,205776.0,22177.0,0
250000,2,1,1,22,4,-1742.0,1375.0,0
310000,1,4,2,49,0,42566.0,2070.0,0
230000,1,1,1,49,-1,77760.0,4926.0,0
160000,1,1,1,32,6,-964.0,0.0,0
380000,2,2,2,43,5,8784.0,0.0,0
80000,1,1,3,24,0,99090.0,0.0,0
110000,1,3,2,60,8,-29356.0,787.0,1
420000,2,3,3,22,-1,150736.0,0.0,1
160000,2,1,3,63,4,36111.0,11697.0,0
190000,2,1,1,47,1,-71742.0,0.0,0
30000,2,4,1,67,1,90030.0,15627.0,0
230000,1,4,1,38,3,65431.0,0.0,0
340000,1,1,1,28,-1,154307.0,7723.0,0
370000,2,1,2,64,1,-19473.0,990.0,0
220000,1,1,2,37,3,146497.0,0.0,0
410000,2,4,2,65,0,3863.0,3618.0,0
300000,1,4,2,24,2,26624.0,5028.0,1
390000,2,1,2,35,-1,-12776.0,3532.0,1
410000,2,3,2,26,7,5417.0,2843.0,0
180000,1,2,3,40,7,67366.0,0.0,0
270000,1,4,1,42,3,-81221.0,5225.0,0
50000,2,1,3,32,3,79582.0,2748.0,1
40000,1,1,3,28,6,64078.0,6926.0,1
280000,2,4,2,37,5,114335.0,7340.0,1
110000,1,2,2,21,2,-1603.0,1957.0,0
370000,1,3,2,57,6,-21758.0,2545.0,0
410000,1,2,1,68,-1,-23227.0,9869.0,0
290000,1,1,2,21,6,49769.0,19508.0,0
70000,2,2,1,63,6,151497.0,0.0,1
80000,1,3,2,68,0,89722.0,10894.0,0
200000,2,4,1,29,-1,69043.0,787.0,1
80000,1,1,1,50,-1,46628.0,1696.0,0
390000,1,3,3,39,2,24402.0,15727.0,0
230000,2,2,3,60,7,110715.0,1003.0,0
380000,2,1,1,33,7,185123.0,5859.0,0
220000,2,2,2,30,2,25439.0,5469.0,0
290000,2,3,1,52,4,53741.0,13871.0,0
180000,1,2,1,34,3,-1815.0,1939.0,1
60000,2,2,3,59,0,125915.0,11235.0,1
370000,2,3,3,30,8,134664.0,28413.0,0
500000,1,1,2,26,-1,41267.0,5622.0,0
430000,2,1,1,49,-1,43131.0,9861.0,0
120000,1,3,2,23,-2,49156.0,6854.0,0
240000,1,3,2,26,6,124799.0,0.0,0
400000,2,1,1,48,-2,18848.0,0.0,1
480000,2,2,2,61,7,53749.0,6468.0,0
240000,2,2,2,41,5,54583.0,7917.0,0
500000,2,2,3,25,0,-149361.0,14975.0,0
290000,1,2,3,36,3,1713.0,25090.0,0
330000,1,2,1,52,3,66646.0,10100.0,0
290000,2,4,2,45,5,135458.0,6935.0,0
220000,1,3,3,65,8,87138.0,3015.0,0
370000,2,1,1,38,6,70188.0,0.0,0
400000,1,3,1,64,2,-32575.0,4512.0,0
180000,1,2,2,49,7,32664.0,0.0,0
50000,2,4,1,39,0,149973.0,11780.0,0
10000,1,3,3,38,1,51549.0,7626.0,1
160000,1,2,2,45,7,-11748.0,11017.0,0
440000,2,2,3,68,0,215316.0,0.0,1
430000,2,3,2,57,0,56514.0,7914.0,0
50000,2,4,1,24,3,81864.0,0.0,0
210000,2,2,2,32,0,58453.0,11783.0,1
380000,1,2,1,25,4,134241.0,0.0,0
480000,1,1,2,58,4,-21375.0,12130.0,0
370000,2,2,3,67,1,35295.0,5771.0,0
490000,2,4,3,48,5,76094.0,8537.0,0
70000,2,1,3,32,-1,73037.0,28227.0,0
380000,2,2,2,35,-1,87654.0,0.0,0
460000,2,4,1,21,2,47512.0,3727.0,0
440000,2,1,2,68,3,45379.0,5446.0,0
400000,2,3,2,60,3,39534.0,13730.0,0
60000,1,4,1,66,7,111.0,11089.0,0
360000,2,3,2,24,0,33572.0,17255.0,0
260000,1,2,3,25,0,11532.0,12626.0,0
380000,2,4,3,48,3,36471.0,0.0,0
460000,2,1,2,60,-1,97714.0,8170.0,0
100000,1,2,1,39,-1,37642.0,16735.0,0
240000,1,2,1,56,1,62183.0,0.0,0
100000,2,1,3,48,8,45060.0,3800.0,0
350000,1,2,3,41,0,-10026.0,0.0,0
320000,1,3,3,64,0,-3234.0,8236.0,0
40000,2,1,1,61,7,104641.0,8840.0,0
190000,1,2,3,23,7,2558.0,0.0,0
480000,1,2,1,48,7,54176.0,0.0,1
300000,1,3,3,58,8,86431.0,12087.0,1
160000,2,4,2,68,2,96024.0,4550.0,0
260000,2,1,2,30,-2,43969.0,2311.0,0
350000,1,1,2,66,7,152609.0,6640.0,0
40000,2,2,1,35,8,40191.0,0.0,0
410000,1,1,3,35,7,29828.0,15082.0,0
150000,1,4,2,64,0,115764.0,0.0,0
100000,2,1,3,56,3,70742.0,3513.0,1
10000,1,1,2,51,2,82120.0,18168.0,0
160000,1,2,3,35,6,22762.0,10611.0,0
40000,2,3,1,34,-1,12216.0,0.0,0
90000,1,3,2,42,5,34115.0,3312.0,0
420000,2,2,2,68,4,10034.0,1644.0,0
180000,2,2,1,23,0,-46976.0,0.0,0
420000,2,1,1,48,3,37375.0,0.0,0
440000,2,4,2,67,1,1860.0,2816.0,0
100000,1,1,1,41,-1,181586.0,0.0,1
10000,2,1,1,29,0,91393.0,9075.0,0
470000,1,4,1,69,3,74530.0,0.0,0
60000,1,1,3,52,6,-73074.0,8775.0,0
400000,1,4,1,48,5,80023.0,23000.0,0
420000,1,4,3,65,8,-3674.0,1518.0,0
500000,1,1,3,66,-2,166100.0,24658.0,0
240000,1,2,3,52,5,25295.0,0.0,1
440000,2,1,2,60,1,124430.0,9508.0,1
50000,2,1,3,65,3,-9666.0,10295.0,1
20000,2,1,1,64,0,141904.0,0.0,0
340000,1,1,1,68,1,-7599.0,0.0,0
190000,2,4,3,26,6,23615.0,0.0,1
350000,2,2,1,51,-1,56358.0,0.0,1
150000,2,4,3,61,5,133704.0,14979.0,0
360000,1,1,3,62,1,65385.0,0.0,1
310000,1,3,1,55,8,31315.0,1054.0,0
50000,2,4,3,66,6,212853.0,4614.0,1
90000,1,1,1,25,2,-36084.0,9680.0,0
270000,2,1,1,62,4,169907.0,0.0,0
490000,1,1,3,61,2,-2655.0,0.0,0
340000,1,2,1,57,4,81728.0,6634.0,0
370000,1,1,2,30,6,77110.0,7432.0,0
80000,2,1,3,37,2,78348.0,25312.0,0
100000,2,1,3,30,7,26104.0,0.0,0
130000,2,1,3,33,4,151915.0,16037.0,1
250000,2,1,3,50,3,33790.0,1882.0,0
70000,1,2,1,54,1,-4496.0,0.0,1
360000,1,2,3,46,2,-25897.0,10320.0,0
330000,2,1,1,35,1,53369.0,5880.0,0
490000,2,2,2,29,-1,36757.0,0.0,1
50000,2,2,3,24,1,86332.0,11023.0,0
120000,1,4,1,66,5,12485.0,1690.0,0
80000,1,1,1,25,3,206598.0,11422.0,0
400000,2,3,3,49,1,12890.0,2233.0,0
340000,1,2,1,49,-2,10920.0,770.0,1
10000,2,1,2,61,0,96645.0,0.0,0
470000,2,2,2,49,0,57639.0,5310.0,0
250000,2,3,1,39,-2,51455.0,2692.0,0
410000,2,4,3,24,0,108782.0,8730.0,0
60000,2,2,3,57,5,-10395.0,0.0,0
450000,2,2,3,64,3,174995.0,766.0,1
110000,1,3,1,34,6,-20636.0,15195.0,0
150000,2,4,2,48,6,20606.0,4943.0,0
10000,1,1,3,30,0,59263.0,12911.0,0
480000,2,2,1,38,8,93396.0,9401.0,0
130000,1,1,3,23,-2,-20552.0,2327.0,0
50000,1,3,3,26,-1,-76212.0,14405.0,0
160000,1,4,1,44,6,116390.0,7995.0,1
60000,1,3,1,56,-1,-1843.0,0.0,0
490000,2,4,3,41,-1,41615.0,7806.0,0
270000,2,2,1,51,6,-15355.0,5246.0,0
120000,1,2,1,23,8,43579.0,1379.0,0
150000,1,3,1,28,1,5541.0,13724.0,0
380000,1,4,2,64,7,901.0,12568.0,0
310000,2,2,1,43,3,98057.0,4549.0,1
470000,1,4,2,33,1,42674.0,6560.0,1
170000,1,4,3,27,4,50610.0,10361.0,0
290000,1,2,3,43,-1,18076.0,0.0,1
30000,2,2,1,53,1,79658.0,2874.0,1
300000,1,4,1,30,-1,93897.0,19393.0,0
370000,1,4,2,64,7,-13787.0,1516.0,0
410000,1,2,1,43,4,11315.0,9679.0,0
390000,1,2,3,58,0,141445.0,7617.0,0
250000,2,3,3,49,7,54322.0,14580.0,0
360000,2,1,1,65,5,67135.0,9907.0,1
360000,1,3,2,65,-1,152385.0,0.0,0
220000,1,2,1,59,-2,87422.0,15024.0,1
240000,2,4,2,49,-1,28280.0,0.0,0
40000,2,3,1,65,0,39173.0,3357.0,1
70000,2,1,3,65,3,-15547.0,0.0,0
170000,1,2,1,38,-1,15764.0,9981.0,0
10000,1,1,2,60,7,38224.0,26913.0,1
200000,1,3,2,61,5,-7828.0,12037.0,1
470000,2,3,1,37,6,58867.0,10502.0,0
150000,2,4,1,65,-1,120803.0,0.0,0
270000,2,2,2,52,5,-70708.0,4420.0,0
30000,2,1,2,52,5,143114.0,0.0,0
150000,1,4,2,21,8,118815.0,0.0,0
460000,1,1,3,23,5,-24659.0,7699.0,1
30000,1,2,3,26,5,9274.0,0.0,0
310000,2,2,2,36,1,34964.0,1821.0,1
20000,2,2,2,52,-1,-16852.0,0.0,1
370000,1,3,1,35,1,96482.0,0.0,0
300000,2,1,2,43,7,50389.0,8033.0,0
250000,2,3,2,32,2,81195.0,4910.0,0
20000,2,3,1,56,7,-10466.0,0.0,0
60000,2,4,1,59,1,101911.0,3537.0,0
150000,2,2,1,64,8,-67162.0,9049.0,0
370000,2,1,2,43,-2,-20260.0,4051.0,0
50000,2,4,3,50,6,-2185.0,5402.0,1
190000,2,4,3,49,8,106753.0,221.0,0
250000,2,4,3,31,7,127649.0,0.0,0
20000,2,2,1,54,3,12753.0,0.0,0
450000,2,4,3,30,8,48320.0,6563.0,0
340000,2,1,2,46,2,4049.0,13278.0,1
160000,2,4,3,21,2,-111796.0,1733.0,0
390000,2,2,1,55,2,95799.0,18933.0,0
10000,1,4,2,36,-2,65340.0,6713.0,0
50000,2,2,2,29,4,78357.0,12330.0,0
160000,2,4,2,32,7,168684.0,3336.0,0
130000,2,4,1,31,0,-34324.0,5386.0,0
310000,2,3,1,68,5,3957.0,7873.0,0
450000,1,1,1,24,4,-24656.0,0.0,0
160000,2,2,2,63,4,95382.0,6882.0,0
80000,1,4,3,60,6,38894.0,16922.0,1
240000,2,1,2,57,-1,-19722.0,3401.0,0
80000,1,3,1,46,4,-14382.0,11175.0,0
340000,2,4,1,63,3,110974.0,0.0,0
490000,1,1,1,28,-2,12077.0,10589.0,0
430000,1,2,2,39,-2,44599.0,12602.0,1
110000,1,1,1,66,-1,50916.0,12990.0,0
130000,2,4,1,32,1,118356.0,20670.0,0
280000,2,4,2,65,0,-943.0,6794.0,0
150000,1,4,1,59,8,49399.0,15427.0,1
110000,1,2,2,53,6,-96576.0,0.0,1
100000,2,4,1,33,6,-42413.0,14089.0,0
190000,1,1,1,51,4,111909.0,0.0,0
210000,2,2,1,68,8,155289.0,0.0,0
280000,2,3,2,54,-1,123792.0,19167.0,0
160000,1,1,2,66,2,10617.0,6263.0,1
500000,2,2,3,44,-2,28457.0,9555.0,0
360000,2,4,2,38,8,27608.0,0.0,0
80000,2,3,2,59,5,7050.0,15199.0,1
110000,1,3,3,46,5,60532.0,5925.0,0
380000,1,3,2,58,8,83336.0,7875.0,1
10000,1,4,1,46,8,58804.0,15509.0,0
480000,2,4,3,25,7,-12521.0,13681.0,0
490000,1,1,1,50,5,95035.0,8377.0,0
200000,1,3,3,68,1,-47275.0,0.0,1
380000,2,2,3,47,-2,71661.0,9810.0,0
350000,1,4,1,44,-2,27408.0,0.0,0
330000,1,4,3,58,0,17032.0,12621.0,0
390000,2,1,1,21,8,153421.0,3929.0,0
120000,2,2,3,38,-2,76102.0,0.0,0
80000,1,1,1,39,5,166477.0,0.0,0
480000,2,3,1,67,2,149183.0,2600.0,1
100000,2,4,1,62,4,30006.0,1136.0,0
300000,1,1,1,25,4,84157.0,5743.0,0
420000,1,1,1,42,4,-34189.0,0.0,0
360000,2,4,1,40,-1,75529.0,330.0,0
160000,2,1,3,46,7,97946.0,7411.0,0
400000,2,2,1,61,6,83141.0,0.0,0
490000,2,3,1,47,0,89928.0,0.0,0
180000,1,2,1,24,4,13280.0,5854.0,1
290000,1,4,2,38,5,50896.0,9140.0,0
30000,2,1,3,32,1,203518.0,0.0,0
220000,1,1,1,55,8,160277.0,3525.0,1
150000,1,2,2,38,8,111244.0,6279.0,0
220000,2,1,3,30,2,88097.0,6112.0,0
20000,1,2,3,64,0,116831.0,0.0,0
160000,2,3,2,62,0,-72.0,12775.0,0
330000,2,2,1,24,2,70865.0,3646.0,0
150000,1,2,1,51,6,15814.0,7504.0,0
270000,2,1,3,30,1,6254.0,6885.0,0
100000,1,2,2,55,-2,60722.0,18614.0,1
180000,2,3,1,59,2,96626.0,7918.0,0
290000,2,1,1,29,1,86350.0,2264.0,0
120000,1,2,2,68,2,-36344.0,0.0,0
480000,2,3,1,69,7,-50893.0,0.0,0
390000,2,4,3,58,-2,33333.0,5125.0,0
440000,1,3,3,62,3,-8527.0,3578.0,0
270000,2,4,3,28,-2,109693.0,1740.0,1
330000,1,3,2,66,-1,29076.0,12057.0,1
390000,1,1,1,27,7,-28827.0,10042.0,0
390000,1,4,2,51,8,-600.0,0.0,0
170000,2,1,2,25,6,49543.0,0.0,1
50000,1,4,3,26,-1,50204.0,0.0,0
320000,2,4,3,50,6,76360.0,0.0,0
460000,1,3,2,39,0,96130.0,15314.0,0
230000,2,2,3,44,8,103087.0,6076.0,0
360000,2,3,1,56,-2,104033.0,0.0,1
420000,2,4,3,57,6,-36569.0,3040.0,0
120000,1,2,1,58,8,119369.0,12668.0,0
30000,2,4,3,48,-1,66702.0,12631.0,0
140000,1,4,1,50,-1,132041.0,4793.0,1
80000,1,3,2,34,0,82986.0,538.0,0
150000,2,1,1,21,8,20883.0,10838.0,0
80000,2,1,3,32,-2,72334.0,12526.0,0
450000,2,1,1,32,8,-86280.0,1070.0,0
350000,2,2,3,60,5,12757.0,0.0,1
230000,1,1,2,44,3,41090.0,8961.0,0
370000,1,4,1,29,5,16376.0,12211.0,0
30000,2,3,1,50,7,26783.0,9928.0,0
310000,2,1,3,48,7,49115.0,10880.0,0
130000,1,1,2,30,8,13391.0,0.0,1
180000,2,2,3,69,-2,-83819.0,6380.0,0
250000,1,2,3,59,0,46968.0,3519.0,0
500000,2,1,2,32,5,64123.0,8770.0,0
220000,2,2,2,32,7,-38946.0,0.0,0
10000,1,2,2,45,3,-30494.0,11104.0,0
340000,1,3,2,50,5,-102112.0,3570.0,1
320000,1,1,3,51,1,-51904.0,3728.0,1
490000,2,1,2,27,3,-31667.0,0.0,0
110000,2,2,3,31,4,53828.0,1107.0,0
40000,2,1,3,27,8,13770.0,0.0,0
140000,2,3,1,56,7,74491.0,0.0,0
210000,1,2,2,51,7,158700.0,11681.0,0
390000,2,1,1,60,0,-10339.0,10933.0,0
150000,2,2,3,58,3,76271.0,9981.0,0
460000,1,3,3,29,1,71213.0,0.0,1
470000,2,1,3,65,-1,17380.0,0.0,0
130000,1,3,3,53,6,110406.0,7820.0,0
460000,1,2,1,67,3,144050.0,8809.0,1
320000,1,4,1,37,8,105453.0,11668.0,1
200000,2,3,3,46,-2,-126586.0,8195.0,1
450000,2,2,3,58,3,8577.0,13830.0,0
70000,2,1,2,30,1,65586.0,14632.0,0
400000,2,2,1,27,1,45968.0,8767.0,0
240000,2,3,1,29,2,-11348.0,4229.0,1
360000,2,2,1,46,7,9381.0,4880.0,0
370000,1,1,2,41,5,127071.0,12233.0,0
450000,2,3,1,49,6,82657.0,2428.0,0
210000,2,4,2,40,5,57125.0,0.0,0
180000,1,3,2,63,-1,30319.0,1284.0,0
110000,2,4,1,36,2,-50820.0,0.0,1
180000,2,3,2,61,2,23362.0,968.0,0
160000,1,4,1,49,-1,82947.0,10727.0,0
390000,2,3,2,38,5,130475.0,0.0,1
20000,1,2,2,63,8,36467.0,15700.0,0
370000,2,4,3,56,2,223330.0,9589.0,0
310000,2,4,2,29,3,47141.0,17219.0,0
240000,1,1,2,32,-2,-20058.0,10282.0,0
100000,1,4,3,41,-1,187165.0,13252.0,0
70000,1,4,3,32,1,74594.0,19589.0,0
500000,2,3,2,66,2,48644.0,0.0,0
240000,2,2,2,23,5,64291.0,11537.0,0
180000,2,4,2,22,8,89141.0,9055.0,0
90000,1,4,1,43,6,-22127.0,9754.0,0
370000,1,4,1,38,4,-38321.0,13048.0,1
490000,1,3,1,32,8,141523.0,23550.0,0
460000,2,1,3,24,1,47995.0,8159.0,0
410000,1,4,1,46,-2,57870.0,0.0,0
80000,2,2,3,46,3,123830.0,629.0,0
430000,1,4,1,21,4,91485.0,8078.0,0
180000,1,4,1,48,3,-1782.0,2453.0,0
60000,1,3,1,39,-1,77281.0,11210.0,0
380000,1,2,2,23,6,-443.0,0.0,1
480000,1,4,1,51,6,-1798.0,7178.0,0
250000,2,1,2,23,2,13707.0,261.0,0
160000,2,4,3,25,4,39824.0,0.0,0
410000,2,1,1,48,8,8526.0,17806.0,0
50000,2,2,1,37,0,88537.0,1803.0,0
330000,2,2,2,66,-1,-32151.0,938.0,0
50000,1,2,1,31,0,55643.0,10446.0,0
60000,2,2,1,59,0,88910.0,4987.0,0
260000,2,2,1,37,8,111738.0,9647.0,1
330000,2,2,3,66,-2,-69799.0,17489.0,0
90000,2,2,1,32,6,79676.0,2712.0,0
390000,1,2,3,23,0,104324.0,0.0,0
140000,2,4,1,62,1,57675.0,7081.0,0
250000,1,3,2,53,6,16563.0,13871.0,1
240000,2,2,1,42,1,107256.0,6972.0,0
320000,2,4,3,42,1,83285.0,0.0,0
400000,2,1,2,57,0,163337.0,7551.0,1
380000,2,4,2,65,2,97475.0,2133.0,0
470000,1,3,3,30,-2,74105.0,7291.0,1
200000,2,1,2,22,-1,39348.0,3789.0,0
390000,2,1,1,67,0,121471.0,12949.0,0
210000,2,4,2,38,3,60621.0,0.0,0
150000,2,4,3,68,6,84175.0,0.0,0
170000,1,1,2,52,6,56446.0,4571.0,0
260000,1,3,2,30,0,25804.0,1521.0,0
130000,1,1,1,55,8,137583.0,21319.0,0
450000,2,3,2,34,2,140267.0,13439.0,1
350000,1,2,1,35,6,5963.0,14500.0,0
440000,1,2,3,50,-1,147152.0,6271.0,0
80000,2,2,2,22,0,91203.0,9503.0,0
210000,2,4,1,55,1,10933.0,8878.0,0
350000,2,2,3,44,5,-77961.0,7355.0,0
170000,2,1,2,37,-2,-4544.0,3753.0,1
10000,2,2,1,46,5,73283.0,2357.0,0
450000,2,1,1,28,-1,74364.0,19393.0,1
340000,1,4,2,69,6,13611.0,8967.0,0
330000,2,2,3,50,-1,19161.0,0.0,0
70000,1,3,2,65,5,-25716.0,0.0,0
270000,2,2,3,30,-2,84508.0,4167.0,0
380000,1,2,1,51,3,73067.0,0.0,0
210000,1,2,3,50,0,94679.0,16601.0,0
370000,1,4,1,35,6,187237.0,0.0,1
130000,2,1,1,60,3,-13102.0,0.0,0
220000,2,2,3,21,5,107558.0,7118.0,1
430000,2,3,3,30,4,41387.0,15992.0,0
120000,2,4,3,53,0,-28515.0,5707.0,1
500000,2,3,1,47,4,18947.0,6716.0,1
210000,1,3,2,46,8,-41368.0,2023.0,0
330000,2,1,3,36,1,7548.0,11361.0,1
110000,2,1,2,25,-2,53515.0,0.0,1
50000,1,4,1,21,0,70180.0,13301.0,0
490000,1,4,2,51,2,-48680.0,7840.0,0
420000,1,4,2,56,6,146156.0,2121.0,0
450000,1,1,1,57,6,33980.0,4246.0,0
60000,2,4,1,46,3,-11300.0,0.0,0
350000,2,4,1,27,-2,129913.0,5099.0,0
100000,2,2,2,57,3,98217.0,4536.0,0
30000,2,4,3,49,0,7171.0,8271.0,0
450000,1,1,3,31,1,13547.0,534.0,0
380000,2,2,3,46,-1,31824.0,3457.0,0
130000,2,2,3,61,3,97687.0,8529.0,0
400000,1,3,1,31,4,64317.0,0.0,0
180000,1,1,1,46,3,217480.0,9765.0,0
450000,1,1,2,62,8,55970.0,0.0,0
100000,1,2,3,51,3,157066.0,0.0,0
440000,2,1,3,31,8,784.0,12328.0,0
350000,2,3,3,52,-2,4046.0,3892.0,0
140000,1,2,1,56,3,61168.0,9951.0,0
480000,2,4,3,45,2,181560.0,5103.0,1
440000,1,3,3,28,-1,11099.0,11752.0,0
200000,2,2,2,27,0,92028.0,15063.0,0
190000,2,3,3,44,5,53066.0,2756.0,0
220000,2,2,3,56,0,96166.0,0.0,0
170000,2,3,3,62,8,4389.0,9483.0,0
80000,1,4,2,41,7,17493.0,0.0,0
340000,1,1,2,51,-1,12829.0,10543.0,1
240000,1,1,1,54,7,161954.0,4110.0,1
330000,1,2,3,42,5,9638.0,11014.0,0
270000,2,4,1,48,5,-50635.0,145.0,0
410000,2,2,1,28,4,62475.0,20745.0,0
490000,1,3,1,44,2,-35478.0,0.0,1
90000,2,2,1,46,-1,52359.0,4908.0,0
310000,1,2,3,41,-1,158068.0,13491.0,0
110000,2,1,3,51,3,-48299.0,11821.0,0
210000,1,4,2,62,4,2292.0,2329.0,1
340000,1,1,2,61,-1,-17295.0,0.0,1
250000,1,1,1,43,1,71254.0,9086.0,0
40000,1,1,2,25,3,34442.0,6809.0,0
300000,2,2,2,41,2,-3619.0,9918.0,1
120000,2,4,2,36,-1,27404.0,0.0,0
40000,1,3,2,55,1,61420.0,2934.0,0
50000,2,3,1,52,1,-61289.0,4614.0,0
190000,1,3,3,55,4,3745.0,0.0,0
450000,1,2,1,21,3,15113.0,23996.0,0
380000,2,3,1,61,4,175811.0,7335.0,0
40000,2,4,2,26,3,46636.0,774.0,0
270000,1,3,1,22,8,81852.0,0.0,1
140000,1,4,1,40,8,-3231.0,0.0,1
350000,1,3,2,26,4,58438.0,0.0,1
100000,2,3,3,40,3,-29343.0,5883.0,0
90000,2,3,2,25,3,39984.0,11142.0,0
300000,1,4,1,35,6,120835.0,4399.0,0
250000,2,4,2,58,8,108013.0,12599.0,0
430000,1,4,2,63,2,60282.0,4191.0,0
60000,2,3,1,30,-2,11114.0,3670.0,0
500000,1,4,1,42,1,38704.0,6899.0,0
320000,1,1,3,66,-2,30730.0,0.0,0
200000,2,1,2,36,3,52114.0,2457.0,0
420000,1,2,1,23,6,2777.0,9894.0,0
110000,2,3,2,36,7,74358.0,0.0,1
430000,1,4,3,54,-1,14729.0,0.0,0
370000,2,3,2,35,8,191390.0,0.0,0
210000,1,4,1,35,-2,103635.0,2404.0,0
70000,1,3,1,65,2,125422.0,3750.0,0
380000,1,4,2,36,4,74622.0,0.0,0
340000,1,1,1,27,2,41177.0,8494.0,0
480000,2,3,2,43,1,74669.0,3302.0,0
120000,2,3,2,36,7,62824.0,7746.0,0
440000,1,1,2,29,6,77135.0,5345.0,0
330000,2,2,3,67,8,24225.0,4605.0,0
340000,2,3,2,55,2,94871.0,2178.0,0
110000,1,1,3,22,2,71126.0,16713.0,0
60000,2,3,2,63,-1,125787.0,1138.0,0
380000,2,2,2,55,-2,47899.0,7512.0,0
500000,1,4,3,40,7,-19569.0,8002.0,0
170000,2,4,2,31,4,83425.0,0.0,0
200000,1,4,3,40,6,102711.0,1801.0,0
370000,2,2,3,25,3,-104767.0,873.0,0
350000,2,2,1,33,1,-850.0,10361.0,0
40000,1,4,2,45,7,68212.0,0.0,0
360000,1,3,1,31,3,33189.0,0.0,0
360000,1,3,2,36,4,72923.0,0.0,1
430000,2,1,1,30,7,2286.0,5350.0,0
450000,2,1,2,41,3,45382.0,4116.0,0
170000,2,1,1,62,1,109801.0,9053.0,0
240000,2,1,3,52,7,-22202.0,15982.0,0
330000,2,4,2,41,7,84331.0,1163.0,1
130000,2,1,1,44,3,108959.0,17844.0,0
420000,2,4,3,31,2,14593.0,13829.0,0
100000,2,1,3,62,7,139460.0,4817.0,1
40000,1,1,2,44,2,83416.0,6852.0,1
420000,2,4,3,21,4,868.0,0.0,0
20000,1,4,3,36,6,66720.0,0.0,0
170000,1,2,3,43,4,-59939.0,7277.0,0
330000,2,4,2,22,2,-30772.0,0.0,0
260000,2,1,1,63,2,57244.0,0.0,0
130000,1,4,2,53,3,81454.0,1938.0,0
380000,2,3,3,56,2,121390.0,0.0,0
20000,2,3,2,32,5,-7844.0,7067.0,0
440000,1,2,2,54,-2,143380.0,1067.0,0
280000,1,2,3,21,-1,-31922.0,0.0,0
150000,1,4,2,48,3,15756.0,0.0,0
140000,2,4,1,57,3,96353.0,11809.0,0
320000,2,2,2,67,5,98146.0,0.0,0
150000,2,4,3,65,2,83000.0,10125.0,0
310000,2,1,1,46,8,34277.0,0.0,0
140000,1,4,1,51,5,27096.0,9866.0,0
240000,2,1,1,26,1,90122.0,10495.0,0
450000,2,4,3,53,4,76306.0,0.0,0
220000,1,3,2,57,3,17321.0,2984.0,0
100000,2,4,3,28,4,41022.0,0.0,0
250000,1,4,3,69,1,13840.0,25585.0,1
110000,1,4,1,34,1,-14613.0,4823.0,0
400000,1,4,1,63,0,89134.0,17675.0,1
400000,2,2,1,67,6,-28631.0,2755.0,0
420000,2,4,3,31,4,96379.0,9439.0,0
310000,2,1,2,30,0,-45281.0,22648.0,0
90000,1,2,2,64,6,93701.0,12786.0,0
170000,2,3,2,41,-2,10412.0,0.0,0
260000,2,1,3,58,3,-7770.0,1274.0,1
320000,1,3,1,42,4,83398.0,10452.0,0
230000,1,3,3,21,0,60215.0,0.0,1
300000,1,2,1,33,3,21804.0,10215.0,0
420000,2,1,1,65,-1,17908.0,5698.0,0
30000,1,3,1,47,-1,67770.0,0.0,0
110000,1,3,2,24,5,-46376.0,3225.0,0
40000,1,3,2,41,3,134970.0,7943.0,1
410000,2,4,3,41,-2,68130.0,9179.0,0
190000,1,2,3,28,-1,75136.0,0.0,0
470000,1,3,3,25,5,123388.0,0.0,0
340000,1,1,2,29,8,191456.0,0.0,0
440000,2,3,1,57,-2,96240.0,10502.0,1
280000,1,4,3,28,1,-16659.0,0.0,0
330000,1,2,1,44,6,9100.0,7139.0,0
280000,2,2,1,56,8,-66968.0,0.0,0
240000,2,3,3,26,0,-15016.0,0.0,1
310000,2,1,1,38,8,76107.0,0.0,0
430000,1,2,3,57,0,55710.0,12410.0,0
500000,2,4,1,63,4,78384.0,11591.0,0
450000,2,3,2,42,7,60749.0,14563.0,1
480000,1,2,2,24,7,33736.0,0.0,0
100000,1,1,3,48,1,93533.0,13157.0,1
420000,2,3,2,48,8,-18246.0,3520.0,1
250000,2,1,1,43,6,113083.0,16755.0,0
180000,1,4,1,27,7,99611.0,3470.0,1
20000,2,1,2,66,4,41952.0,11113.0,0
290000,1,2,3,65,7,34154.0,19167.0,0
80000,2,1,1,35,2,92530.0,553.0,0
310000,1,4,2,28,1,54534.0,7344.0,1
290000,1,2,3,56,6,31665.0,14050.0,0
270000,1,1,3,23,1,68446.0,13115.0,0
320000,2,3,2,62,4,98601.0,435.0,0
70000,2,4,1,31,7,-43.0,94.0,0
70000,2,4,3,57,8,72553.0,0.0,0
450000,2,1,1,45,4,18167.0,0.0,1
30000,2,3,1,24,-2,49255.0,6193.0,0
160000,1,2,3,65,7,-5929.0,7956.0,0
480000,1,2,3,45,7,32595.0,15075.0,0
300000,2,4,1,36,-1,70505.0,6675.0,0
30000,1,3,2,49,6,111039.0,12765.0,1
140000,2,1,3,23,5,44293.0,6883.0,1
120000,2,1,2,60,4,111062.0,14302.0,0
330000,2,4,2,61,3,37814.0,0.0,1
290000,1,1,3,43,7,58329.0,0.0,0
130000,2,3,2,21,-2,58664.0,10907.0,0
290000,1,1,2,53,3,35135.0,0.0,0
90000,1,2,3,68,8,38140.0,9093.0,0
30000,2,1,2,36,-2,93523.0,0.0,0
430000,2,2,2,36,2,-10181.0,7874.0,0
180000,2,2,1,42,-2,98481.0,13585.0,0
390000,1,4,2,22,1,3391.0,0.0,1
260000,2,2,1,50,4,55592.0,21268.0,1
200000,1,3,1,28,2,107856.0,27390.0,0
500000,2,3,2,67,8,5779.0,3433.0,1
420000,2,2,3,40,3,54702.0,10445.0,0
270000,1,1,2,59,-1,71532.0,0.0,0
10000,1,4,2,66,0,70328.0,3927.0,0
350000,2,4,2,47,3,93364.0,10769.0,1
190000,1,1,1,41,0,-13697.0,14769.0,0
90000,1,3,3,38,5,86281.0,0.0,0
340000,2,4,1,65,7,96541.0,0.0,0
240000,2,3,2,25,2,115570.0,1821.0,0
40000,2,4,3,22,8,-64400.0,7390.0,1
110000,2,4,3,32,1,105854.0,5433.0,0
280000,2,1,2,24,4,-1737.0,8340.0,0
390000,1,3,2,36,8,114657.0,11134.0,1
430000,2,1,1,64,8,-572.0,20747.0,1
160000,2,2,1,42,-2,202713.0,0.0,0
440000,1,4,3,51,-2,31055.0,16803.0,0
350000,2,1,1,23,6,35756.0,12190.0,1
340000,1,3,3,47,1,25423.0,1676.0,0
370000,2,2,1,32,-2,34506.0,3661.0,0
480000,2,3,2,35,8,-7834.0,3699.0,0
210000,1,4,1,49,4,89758.0,2078.0,0
320000,2,3,3,24,2,48877.0,7627.0,0
330000,1,2,2,64,7,32056.0,0.0,0
440000,1,2,1,56,7,74886.0,5776.0,0
380000,1,2,3,51,6,19090.0,11212.0,0
200000,2,2,1,59,1,31764.0,5424.0,0
310000,1,1,1,45,2,-19252.0,5439.0,0
240000,1,3,3,29,3,30280.0,0.0,0
180000,1,2,3,39,-1,144388.0,7707.0,0
60000,2,4,3,42,8,91864.0,714.0,1
220000,1,2,2,41,8,70135.0,9081.0,0
230000,2,2,1,45,8,77637.0,0.0,0
30000,1,4,3,62,8,70216.0,1531.0,0
130000,2,2,3,52,-1,25410.0,0.0,0
440000,1,3,2,55,4,116727.0,11843.0,0
60000,1,4,2,21,0,-20157.0,4028.0,1
160000,1,4,2,52,0,67612.0,0.0,0
240000,1,2,3,40,-1,153140.0,18268.0,0
480000,2,1,3,69,7,25991.0,10371.0,1
50000,2,3,2,32,6,65076.0,0.0,0
150000,1,1,3,31,0,28346.0,18248.0,0
360000,1,1,3,60,3,96873.0,12249.0,0
500000,1,2,3,39,1,22882.0,0.0,0
290000,2,2,1,36,-1,9971.0,15307.0,0
90000,2,4,2,55,8,30380.0,0.0,0
500000,1,1,2,45,-2,-12163.0,0.0,0
140000,1,3,2,31,5,14789.0,0.0,0
270000,2,4,1,21,-2,-7816.0,21716.0,0
470000,1,1,3,57,-1,67322.0,12352.0,0
50000,2,4,3,40,-1,27461.0,13263.0,0
280000,2,3,3,42,3,20643.0,2447.0,1
50000,1,2,2,46,-2,79919.0,19375.0,0
230000,2,1,3,22,8,-15658.0,0.0,1
120000,2,2,3,26,5,75483.0,5637.0,1
470000,1,2,1,25,8,93729.0,0.0,0
80000,1,1,1,33,5,3435.0,0.0,0
300000,1,2,3,46,2,81407.0,5548.0,0
360000,2,4,2,54,-2,94475.0,7792.0,1
420000,1,2,1,23,6,76721.0,0.0,0
150000,1,3,3,53,8,17088.0,0.0,0
490000,2,2,1,62,1,-52990.0,15517.0,1
430000,1,4,1,42,6,15686.0,0.0,0
130000,2,1,3,27,-1,144116.0,1459.0,0
140000,2,2,3,39,2,24999.0,15139.0,0
490000,2,4,3,68,-2,79125.0,24527.0,0
420000,1,1,2,29,5,32896.0,16633.0,1
270000,2,4,2,58,7,1177.0,15660.0,0
250000,1,1,2,48,-2,26513.0,10499.0,0
360000,1,3,3,51,7,80609.0,0.0,0
70000,2,2,2,59,6,5261.0,6120.0,0
60000,1,3,3,47,6,53225.0,0.0,0
370000,2,2,3,47,4,51383.0,0.0,1
250000,2,4,3,52,8,78157.0,12041.0,0
330000,2,2,2,26,3,19245.0,16962.0,0
430000,2,1,3,36,3,14171.0,17135.0,0
40000,1,2,1,67,3,69675.0,15645.0,0
240000,1,1,2,67,-1,42550.0,9555.0,0
30000,1,2,1,66,0,101514.0,0.0,0
300000,1,3,2,38,5,94650.0,129.0,0
470000,2,4,1,34,6,45617.0,12529.0,0
270000,1,3,2,63,2,146160.0,14531.0,0
90000,2,1,1,25,1,-37148.0,2003.0,0
350000,1,4,1,43,6,22622.0,14829.0,0
310000,2,1,2,45,5,95518.0,8036.0,0
330000,2,1,1,52,7,-78531.0,0.0,1
240000,2,2,3,58,6,59878.0,6299.0,1
500000,2,1,1,37,4,5824.0,13904.0,0
40000,2,4,2,27,2,164623.0,0.0,0
350000,1,2,2,46,-1,20571.0,0.0,0
80000,2,2,1,68,-1,54867.0,9140.0,0
190000,2,1,2,52,-2,33502.0,0.0,0
240000,2,1,2,41,3,33141.0,8957.0,0
420000,2,2,2,59,4,113007.0,0.0,0
220000,2,4,3,31,7,65262.0,464.0,0
140000,2,1,2,66,1,10143.0,0.0,0
390000,1,3,2,30,8,73175.0,6849.0,0
400000,2,4,3,40,3,72828.0,0.0,0
300000,1,2,2,26,7,62730.0,0.0,0
330000,1,2,1,56,-1,77968.0,13194.0,0
300000,1,3,2,24,2,112738.0,0.0,0
260000,1,1,3,43,5,-29886.0,0.0,0
290000,2,1,3,30,4,8617.0,4177.0,1
410000,2,4,3,58,8,-16003.0,5055.0,1
350000,2,2,3,35,-2,49065.0,9034.0,0
500000,1,2,3,47,-1,51866.0,10925.0,0
200000,2,4,3,60,3,61085.0,7559.0,0
10000,2,3,3,25,2,132363.0,11065.0,0
270000,1,1,2,59,5,101668.0,18648.0,1
160000,2,3,2,31,6,91096.0,14424.0,0
280000,1,2,2,42,1,104351.0,11697.0,0
400000,2,2,3,26,-1,65251.0,17092.0,0
220000,2,1,3,62,8,120356.0,23613.0,0
320000,1,1,2,26,4,39435.0,5488.0,1
380000,2,3,2,55,-1,55554.0,10670.0,0
290000,2,3,3,21,5,47634.0,7016.0,0
300000,2,4,1,59,6,-7434.0,2258.0,0
480000,1,1,3,53,3,18401.0,3712.0,0
90000,1,4,2,50,4,-32204.0,5398.0,1
260000,2,2,2,42,-1,100516.0,0.0,0
100000,1,1,2,60,0,57865.0,14241.0,0
260000,2,3,3,59,5,47819.0,2080.0,1
420000,2,2,1,67,8,23139.0,4086.0,0
150000,1,1,1,46,7,29165.0,14232.0,0
280000,2,1,2,60,0,68385.0,13080.0,0
480000,1,3,3,29,-1,99038.0,10639.0,0
300000,1,2,2,36,6,100223.0,0.0,0
390000,2,3,2,56,-1,-16758.0,14039.0,0
160000,2,3,2,62,-2,82966.0,0.0,0
290000,2,4,2,23,3,-28986.0,12723.0,0
250000,1,3,3,61,0,-54929.0,0.0,0
270000,1,2,2,27,6,108277.0,3125.0,0
180000,2,1,3,65,-1,57294.0,6014.0,0
220000,2,3,1,32,5,19029.0,5834.0,0
420000,2,1,3,33,6,47223.0,5534.0,1
250000,2,1,3,58,0,127265.0,10240.0,0
40000,1,4,1,31,-2,135388.0,11147.0,0
410000,1,3,3,34,-2,31909.0,0.0,0
40000,1,3,1,25,8,110575.0,10161.0,0
500000,1,1,1,45,2,89891.0,0.0,0
160000,2,4,1,28,1,58394.0,3355.0,1
480000,2,1,1,57,3,81345.0,665.0,0
160000,1,1,2,26,6,100636.0,0.0,0
250000,2,3,2,21,2,12586.0,0.0,0
120000,1,1,2,69,1,103725.0,12650.0,0
390000,1,4,1,62,2,76981.0,12777.0,0
70000,2,2,2,41,-2,60021.0,11117.0,0
360000,2,4,2,63,3,-8409.0,13222.0,0
490000,1,3,3,69,3,55157.0,16699.0,1
150000,1,1,3,32,7,94386.0,884.0,0
500000,2,2,2,32,4,4501.0,6199.0,0
420000,1,1,2,24,4,142937.0,0.0,0
380000,2,2,1,68,4,75165.0,14975.0,1
120000,2,3,2,37,0,66886.0,9535.0,0
280000,2,3,3,31,7,-49524.0,11859.0,0
90000,2,1,1,54,7,77585.0,0.0,0
220000,1,3,2,49,1,12131.0,0.0,0
50000,2,1,3,42,7,119669.0,12179.0,0
400000,2,4,3,32,1,47742.0,0.0,0
500000,1,2,2,42,7,46246.0,3292.0,0
170000,2,1,3,39,-2,165073.0,5264.0,0
400000,1,4,3,56,6,49458.0,8354.0,1
130000,1,2,1,60,-2,68496.0,11462.0,0
390000,2,2,1,50,7,42823.0,3274.0,0
280000,2,4,3,65,7,58895.0,0.0,0
310000,2,4,1,51,1,24758.0,0.0,0
230000,1,3,3,31,7,50431.0,9640.0,1
130000,2,2,2,53,7,15505.0,3084.0,0
310000,2,4,1,23,-2,58184.0,317.0,0
280000,1,2,3,35,6,18574.0,6450.0,0
180000,2,4,2,41,-2,194827.0,10752.0,0
160000,2,2,1,44,4,51316.0,9138.0,0
170000,2,3,2,51,2,-53705.0,0.0,1
180000,2,3,1,26,8,-39992.0,1121.0,0
400000,1,1,2,48,4,14297.0,6918.0,0
350000,2,1,1,62,4,-60794.0,0.0,0
100000,2,4,3,53,4,90257.0,0.0,0
310000,1,2,3,65,7,-17447.0,13858.0,1
400000,2,1,3,38,0,157881.0,4853.0,0
440000,1,4,2,22,-1,83179.0,7240.0,0
440000,2,1,3,27,6,24357.0,3153.0,0
390000,1,1,1,66,1,-38914.0,4131.0,0
350000,2,1,1,37,6,71034.0,3497.0,0
80000,1,1,2,56,-1,45589.0,0.0,0
300000,1,2,1,57,-2,56348.0,1506.0,0
10000,1,3,2,31,3,107569.0,16546.0,0
270000,1,1,2,42,-2,-2245.0,7324.0,1
470000,1,1,3,21,1,-27855.0,7860.0,0
110000,1,1,1,49,6,55430.0,9520.0,0
340000,1,3,3,54,3,5229.0,15503.0,0
430000,1,1,1,51,2,-3561.0,2251.0,0
300000,1,2,2,59,8,-17283.0,0.0,0
140000,2,2,2,50,6,-65353.0,5466.0,0
300000,1,1,3,52,2,66376.0,0.0,0
390000,2,2,1,43,6,61059.0,17119.0,0
310000,1,4,1,41,7,47868.0,19615.0,0
380000,2,2,3,69,0,-20102.0,9695.0,0
310000,2,4,3,26,4,56052.0,18085.0,0
180000,2,1,3,52,7,-38120.0,1980.0,0
90000,2,4,1,61,3,29423.0,8862.0,0
320000,2,4,2,31,1,23025.0,7847.0,0
20000,2,1,3,40,0,39154.0,3978.0,0
380000,2,1,2,50,0,9965.0,3872.0,0
40000,1,2,3,57,-1,47084.0,8126.0,0
80000,1,4,1,59,1,38720.0,9505.0,0
190000,2,3,1,49,0,38032.0,11549.0,0
30000,1,1,2,66,-2,40161.0,0.0,0
240000,2,3,3,45,8,74977.0,14503.0,1
270000,1,3,2,61,-1,-20959.0,0.0,0
40000,2,1,1,31,4,107457.0,0.0,1
260000,2,1,2,64,0,-56754.0,2638.0,1
480000,2,3,1,49,-1,192887.0,18638.0,0
50000,2,2,2,50,7,-40061.0,18849.0,0
240000,1,3,2,28,-1,8321.0,7786.0,0
420000,2,3,2,55,4,74502.0,7064.0,0
130000,2,4,3,23,3,-13868.0,2826.0,0
30000,1,3,2,24,-1,-9021.0,0.0,0
160000,1,2,3,67,-1,7792.0,0.0,0
40000,2,1,2,61,0,41183.0,2473.0,0
40000,1,2,1,32,6,33141.0,13535.0,0
460000,2,3,2,54,5,-5942.0,8188.0,0
80000,2,4,2,30,5,55897.0,12177.0,0
410000,2,2,2,43,2,46617.0,0.0,0
50000,2,3,3,68,5,73989.0,0.0,0
490000,2,4,2,28,6,43100.0,5223.0,0
390000,1,3,1,34,5,-6826.0,2175.0,0
330000,1,3,1,57,5,172741.0,0.0,0
360000,1,4,1,27,7,138839.0,6135.0,0
130000,1,2,3,43,-1,-102340.0,0.0,1
380000,1,3,3,44,1,-26722.0,5667.0,0
240000,1,4,1,52,6,47654.0,1652.0,0
120000,1,4,3,22,8,92103.0,9419.0,0
150000,2,2,3,46,1,-6354.0,0.0,0
190000,2,3,2,64,0,-64068.0,4491.0,1
220000,1,2,2,57,5,21727.0,10900.0,0
30000,1,2,2,27,6,31696.0,17166.0,0
300000,1,1,1,26,7,112204.0,7737.0,0
30000,2,2,1,36,4,50988.0,8789.0,1
50000,1,4,3,55,-2,54106.0,6597.0,0
60000,2,2,3,63,7,-8710.0,0.0,1
120000,1,1,1,23,4,-100518.0,16256.0,0
360000,1,4,3,65,5,100532.0,6473.0,0
240000,1,1,1,36,0,49187.0,17728.0,1
240000,1,1,2,67,-2,-20460.0,13114.0,0
90000,2,3,3,31,6,70967.0,0.0,0
20000,1,4,2,37,-1,26395.0,5937.0,0
210000,1,4,3,21,1,20787.0,0.0,0
110000,2,2,3,42,1,77989.0,12411.0,0
360000,1,2,3,22,5,-31022.0,5770.0,0
270000,2,1,3,32,0,73469.0,0.0,0
170000,2,1,2,31,-1,-71090.0,6042.0,1
240000,2,2,1,55,5,73414.0,12820.0,0
250000,2,4,1,64,3,2144.0,10030.0,0
420000,2,3,3,22,6,-76015.0,21600.0,0
380000,1,1,3,50,2,9149.0,7668.0,1
460000,1,2,2,62,3,-25327.0,0.0,0
310000,2,1,3,32,5,-24259.0,0.0,1
200000,1,2,3,33,4,26837.0,3994.0,0
370000,2,2,1,23,-1,6929.0,4233.0,0
480000,2,4,3,29,2,27774.0,4414.0,0
240000,1,3,2,60,0,90648.0,11382.0,0
60000,2,2,2,64,7,167422.0,13292.0,0
300000,1,4,1,21,0,114005.0,11583.0,0
160000,1,2,2,42,3,45885.0,12144.0,0
80000,1,3,1,31,-1,-22765.0,8887.0,1
30000,2,2,3,33,8,100607.0,1735.0,0
500000,2,1,1,26,-1,-100428.0,0.0,0
40000,1,2,3,66,3,53851.0,16089.0,0
90000,1,3,2,22,7,92660.0,8763.0,0
150000,2,4,1,36,1,35794.0,0.0,0
360000,1,1,1,27,-2,116109.0,17841.0,0
350000,2,3,3,59,-1,109283.0,0.0,0
90000,2,4,2,58,4,57949.0,0.0,1
210000,1,1,2,42,-2,95664.0,0.0,0
30000,1,1,1,66,0,21939.0,0.0,0
210000,1,4,3,47,3,55049.0,0.0,0
180000,2,1,1,47,1,23447.0,4366.0,0
350000,2,2,3,51,7,105011.0,4746.0,1
150000,1,1,3,45,3,9290.0,8944.0,0
310000,1,3,3,62,0,32586.0,8016.0,0
480000,2,4,2,49,2,71430.0,13745.0,1
460000,2,1,3,56,1,95170.0,5993.0,0
320000,1,2,2,30,-1,54025.0,0.0,1
180000,2,2,2,24,8,-26201.0,1605.0,0
300000,2,3,3,63,6,-7063.0,8986.0,1
470000,2,1,2,29,4,119868.0,6101.0,0
170000,1,1,1,64,4,44406.0,9534.0,0
300000,2,1,3,62,3,58240.0,4496.0,1
70000,2,3,3,41,7,87626.0,2297.0,1
50000,2,1,1,67,1,96856.0,2954.0,0
420000,1,4,2,68,6,-42222.0,0.0,0
350000,2,1,2,27,2,56671.0,0.0,1
210000,2,1,3,49,2,-14131.0,7423.0,0
330000,2,1,3,47,5,84615.0,8461.0,1
500000,2,1,1,29,1,164943.0,0.0,0
340000,1,4,3,51,6,94025.0,11965.0,0
450000,1,4,3,28,0,62997.0,6619.0,0
120000,1,2,3,32,7,32030.0,6949.0,1
500000,2,4,1,59,-1,16644.0,0.0,0
470000,1,2,3,47,1,29082.0,0.0,0
300000,1,4,1,35,5,-13697.0,21217.0,0
400000,1,3,1,28,4,51381.0,11160.0,0
260000,1,1,2,54,4,56334.0,0.0,0
140000,2,3,3,62,7,113512.0,0.0,1
480000,1,3,1,59,-1,150976.0,152.0,0
420000,1,2,3,34,5,32892.0,14160.0,0
10000,1,4,3,61,8,104921.0,11919.0,0
150000,2,1,1,59,2,121811.0,0.0,0
220000,1,2,1,35,7,46268.0,5108.0,1
160000,2,4,3,22,2,-61100.0,8066.0,1
470000,1,1,3,61,7,49499.0,6463.0,1
250000,1,3,1,58,-1,87405.0,7404.0,1
240000,1,3,2,65,5,52702.0,0.0,0
100000,2,3,2,21,0,47212.0,0.0,1
170000,1,3,1,45,8,-3247.0,0.0,1
430000,2,1,3,63,-2,-51555.0,0.0,1
210000,2,2,2,38,3,-25835.0,4807.0,0
430000,2,4,3,39,5,85789.0,3729.0,1
370000,1,4,1,40,0,-59514.0,4431.0,1
380000,1,1,2,66,8,143516.0,11714.0,0
230000,1,2,1,39,1,73698.0,11800.0,0
400000,2,2,2,32,7,23946.0,1430.0,0
300000,1,4,2,42,1,39209.0,0.0,0
210000,1,1,2,64,3,26294.0,5348.0,0
140000,1,4,1,48,5,86090.0,4700.0,0
130000,2,3,1,57,5,88084.0,7167.0,0
260000,2,2,1,25,2,102753.0,0.0,0
500000,1,4,2,46,0,21832.0,2145.0,0
350000,2,2,3,51,-2,-13678.0,11431.0,1
140000,2,1,2,58,0,31270.0,1702.0,0
290000,2,2,1,46,6,92565.0,3996.0,0
120000,2,1,2,65,0,101349.0,2065.0,0
130000,2,4,3,50,-1,-7201.0,120.0,1
420000,2,2,2,50,5,120237.0,6323.0,0
150000,1,1,3,64,4,-56612.0,0.0,1
390000,1,4,2,49,2,90257.0,9476.0,0
450000,1,1,3,28,2,61553.0,0.0,0
490000,1,4,1,36,4,92748.0,14895.0,1
190000,1,2,2,32,1,34179.0,0.0,0
210000,2,4,1,21,6,149805.0,17363.0,0
370000,2,4,2,46,3,108421.0,14453.0,1
290000,2,2,3,39,2,168831.0,1666.0,1
180000,1,2,2,62,0,-41198.0,0.0,0
170000,1,4,3,38,6,73245.0,5666.0,0
90000,2,3,3,33,1,63621.0,1491.0,0
300000,1,2,2,24,-2,-45182.0,10886.0,0
320000,1,2,1,33,-2,92114.0,0.0,0
30000,2,3,2,42,8,109148.0,6446.0,1
140000,2,4,3,45,6,103057.0,0.0,0
320000,2,2,1,38,-2,98534.0,5617.0,0
180000,2,1,3,47,6,6857.0,0.0,1
190000,2,2,1,38,8,9908.0,0.0,0
420000,1,2,1,22,3,20643.0,0.0,0
270000,1,2,2,45,1,97417.0,5492.0,0
420000,1,2,1,27,3,110460.0,5424.0,0
400000,2,3,3,48,2,65002.0,5642.0,0
100000,2,1,2,53,1,91833.0,13554.0,0
460000,1,4,3,23,6,12912.0,12412.0,0
160000,1,2,3,30,-1,68712.0,0.0,0
270000,1,4,3,52,1,-8259.0,0.0,0
470000,2,1,3,48,4,-54787.0,0.0,0
370000,1,3,1,55,8,-52546.0,11511.0,1
320000,1,2,2,62,-1,28646.0,2268.0,0
390000,1,1,2,43,5,-61505.0,7011.0,0
190000,1,3,2,50,7,-10938.0,8879.0,0
60000,2,3,2,24,0,70834.0,5330.0,1
10000,2,4,3,54,7,154743.0,11734.0,0
60000,2,4,2,24,0,62963.0,0.0,0
350000,1,2,1,48,2,15683.0,6584.0,0
500000,1,2,3,61,1,-90911.0,0.0,0
350000,2,1,3,43,1,189940.0,13135.0,1
380000,1,3,3,32,4,50347.0,775.0,0
90000,1,2,2,26,6,15884.0,8878.0,0
180000,1,4,1,65,8,5212.0,0.0,0
460000,2,2,3,24,2,-34603.0,1194.0,0
200000,1,1,2,61,6,19303.0,14638.0,0
480000,2,4,2,34,6,63389.0,0.0,1
110000,2,3,3,27,-2,81647.0,10098.0,0
130000,2,1,3,44,2,52037.0,5407.0,0
500000,1,1,1,26,8,92200.0,10608.0,0
80000,1,4,1,48,4,44933.0,1009.0,0
300000,1,4,3,36,6,6111.0,2522.0,0
320000,1,3,1,28,7,105972.0,6487.0,1
80000,1,4,2,41,2,-21575.0,4990.0,1
60000,1,4,2,43,6,38897.0,6275.0,0
250000,2,3,2,69,6,92585.0,6283.0,0
240000,2,1,2,65,3,8346.0,603.0,0
400000,2,2,2,21,0,75275.0,0.0,0
250000,2,4,2,21,0,68179.0,9030.0,0
410000,1,4,2,22,-2,22442.0,12453.0,0
240000,1,3,2,30,-1,84267.0,16604.0,0
150000,1,4,3,63,0,-38558.0,6850.0,1
40000,2,2,2,52,-1,44886.0,7540.0,0
200000,2,1,3,62,5,17588.0,1067.0,1
420000,1,1,1,30,0,100717.0,13581.0,0
40000,2,1,1,44,3,62463.0,0.0,0
200000,1,3,3,68,4,14510.0,10532.0,0
20000,1,1,2,36,1,-8969.0,0.0,0
60000,1,4,1,27,6,88338.0,3878.0,0
240000,1,2,2,28,6,107097.0,15139.0,0
10000,1,1,1,55,6,178840.0,4733.0,0
350000,1,1,2,29,6,10001.0,691.0,0
200000,2,3,3,63,6,102070.0,0.0,0
250000,2,3,1,26,1,117726.0,4638.0,0
380000,1,3,3,47,3,111132.0,7453.0,0
390000,1,4,2,26,8,581.0,13199.0,0
450000,1,3,3,31,4,-38156.0,13529.0,1
350000,1,4,2,39,-1,-19195.0,15267.0,0
170000,1,1,1,28,2,80344.0,0.0,0
460000,2,2,1,49,8,-61861.0,17118.0,0
330000,1,4,2,34,-2,133862.0,0.0,0
290000,1,3,2,59,3,9726.0,0.0,0
430000,2,3,1,67,6,-6029.0,2081.0,0
120000,2,4,2,62,7,101606.0,8303.0,1
100000,2,1,2,60,3,95370.0,0.0,1
460000,1,2,1,36,2,71049.0,13564.0,0
150000,1,4,2,46,2,76260.0,0.0,1
210000,1,4,2,57,1,85871.0,14082.0,0
270000,1,1,2,55,6,86478.0,0.0,0
290000,2,1,2,39,1,-5265.0,10520.0,0
120000,2,3,1,51,1,-18363.0,13517.0,0
80000,2,3,3,42,4,135456.0,14516.0,0
450000,2,2,3,22,7,77162.0,0.0,1
370000,2,1,1,52,1,77905.0,0.0,0
170000,2,4,3,25,-2,90355.0,6056.0,0
10000,2,2,3,68,5,-1782.0,7753.0,0
460000,2,1,2,57,5,37110.0,6077.0,1
480000,1,2,1,67,2,73453.0,0.0,0
140000,1,4,1,21,2,21359.0,5637.0,0
40000,1,3,3,63,0,110838.0,9924.0,0
290000,2,3,2,63,1,41532.0,9314.0,0
250000,1,1,1,58,4,72774.0,6540.0,1
480000,2,2,2,56,-2,95264.0,17227.0,0
430000,1,3,1,66,-2,147927.0,606.0,0
350000,2,3,2,26,1,156862.0,9207.0,0
40000,1,1,3,29,3,-41433.0,0.0,0
110000,1,4,2,68,8,86877.0,12378.0,0
110000,2,1,1,51,-1,81601.0,0.0,0
300000,1,3,1,33,1,-15425.0,14877.0,1
200000,2,4,1,27,-1,13582.0,13422.0,0
150000,1,1,2,51,1,114057.0,6242.0,0
410000,1,4,2,22,8,-55821.0,7094.0,1
260000,1,3,1,34,8,-18771.0,0.0,0
320000,2,1,3,54,8,153925.0,13910.0,0
280000,2,4,3,45,6,-51998.0,1987.0,0
420000,1,4,2,26,4,106474.0,1912.0,0
430000,1,3,2,36,0,168660.0,15327.0,1
320000,1,3,1,44,2,12454.0,19991.0,0
340000,1,2,3,42,3,52901.0,7531.0,0
50000,2,3,3,27,7,146932.0,6427.0,1
180000,2,1,1,32,-1,58636.0,0.0,0
230000,1,1,1,35,-2,49402.0,1940.0,1
330000,2,4,3,30,7,76798.0,4163.0,0
480000,2,2,2,47,2,144769.0,27298.0,0
430000,2,4,1,25,7,-23076.0,0.0,0
200000,2,2,3,55,4,36964.0,4394.0,1
190000,2,4,3,64,1,-13378.0,0.0,0
420000,1,2,3,46,0,24441.0,6149.0,0
290000,1,2,3,55,5,49735.0,14513.0,1
410000,1,2,1,50,7,3879.0,0.0,0
10000,1,1,1,64,4,106262.0,8268.0,0
250000,1,1,3,47,8,-25114.0,7709.0,0
70000,1,3,1,57,4,-102800.0,14148.0,1
150000,1,1,3,28,7,52026.0,4982.0,0
370000,1,3,1,46,-2,-18339.0,0.0,0
40000,2,2,1,56,8,59282.0,16907.0,1
300000,2,4,1,30,-1,149798.0,5780.0,1
340000,1,1,1,24,8,29418.0,0.0,0
220000,2,4,2,41,6,133944.0,0.0,0
370000,1,4,2,24,-1,55161.0,11856.0,0
40000,1,3,3,57,5,55016.0,22913.0,0
40000,2,2,2,62,3,-4706.0,0.0,0
20000,1,2,1,43,6,36430.0,13979.0,0
110000,2,3,1,22,7,67893.0,0.0,0
150000,2,2,2,23,1,-722.0,2502.0,1
400000,2,1,1,29,6,107987.0,5101.0,0
70000,1,2,3,55,-1,53032.0,0.0,0
250000,2,4,3,64,2,177015.0,12732.0,1
200000,1,1,3,63,1,14635.0,7283.0,1
430000,2,1,3,42,8,-66040.0,18499.0,0
480000,1,4,1,62,8,85932.0,0.0,0
110000,1,4,3,69,-1,208435.0,0.0,0
460000,2,1,2,58,-2,80445.0,8400.0,1
390000,1,1,1,31,1,37459.0,490.0,0
480000,2,3,2,22,2,41344.0,7153.0,0
490000,1,2,1,28,0,14351.0,3219.0,0
400000,2,4,2,64,2,-41962.0,0.0,0
200000,1,3,2,51,6,5714.0,6418.0,0
390000,1,3,2,64,8,36337.0,8489.0,1
370000,1,2,3,69,3,140924.0,14430.0,0
480000,2,4,1,50,7,44134.0,8765.0,0
130000,2,2,2,56,0,157220.0,4680.0,0
230000,1,2,3,53,-1,137757.0,0.0,0
470000,2,3,3,29,4,63951.0,10463.0,0
370000,1,3,3,43,7,111867.0,3690.0,0
390000,2,4,2,30,0,68096.0,13382.0,0
150000,2,4,1,67,-1,77836.0,11387.0,0
460000,1,2,2,37,2,34421.0,2086.0,0
10000,2,2,3,62,-1,107543.0,7904.0,0
430000,1,1,1,36,4,38649.0,9589.0,0
130000,1,3,3,21,5,191146.0,9962.0,0
110000,1,2,1,28,-2,91328.0,22671.0,0
150000,2,3,3,43,2,22758.0,7192.0,0
360000,1,1,3,62,6,-21114.0,4198.0,0
270000,2,2,3,54,3,6435.0,0.0,1
360000,2,2,1,68,2,110377.0,4031.0,0
240000,2,4,2,30,-2,-7220.0,4195.0,0
460000,1,4,2,61,0,-33676.0,2853.0,0
90000,1,2,3,65,3,31009.0,5489.0,0
420000,1,4,2,56,0,55873.0,4536.0,0
410000,1,2,2,36,5,91302.0,9889.0,1
250000,2,3,3,67,-2,120752.0,0.0,0
400000,1,3,2,29,0,84917.0,11049.0,1
170000,1,3,2,45,1,-42660.0,18674.0,0
20000,2,1,2,60,2,48542.0,8043.0,0
210000,1,3,3,49,6,-87998.0,7254.0,0
80000,1,1,1,29,5,121067.0,5922.0,0
320000,1,2,2,37,5,-40192.0,3755.0,0
50000,1,1,1,38,-2,-36218.0,0.0,0
340000,1,1,2,25,5,23939.0,12688.0,0
210000,2,3,2,33,0,62976.0,878.0,0
170000,1,3,3,42,7,14574.0,7667.0,1
30000,2,4,2,66,-1,-45810.0,0.0,0
170000,2,1,1,58,7,103107.0,0.0,0
30000,1,2,1,62,3,68056.0,0.0,1
80000,2,1,1,37,7,78080.0,8152.0,1
360000,1,2,2,24,1,67840.0,9406.0,1
170000,1,3,3,50,4,-19254.0,9171.0,0
90000,2,4,1,37,5,-18987.0,8998.0,0
430000,1,2,1,67,2,98876.0,1765.0,0
330000,1,2,1,58,8,72032.0,780.0,0
220000,2,4,2,28,6,48316.0,7103.0,1
300000,2,4,2,30,-2,15721.0,14033.0,1
260000,2,4,1,35,3,32089.0,1774.0,0
100000,1,1,1,21,-2,86757.0,6967.0,0
220000,1,2,1,49,8,-11433.0,18906.0,1
300000,1,2,2,52,0,136611.0,2518.0,0
500000,1,2,1,38,6,158951.0,0.0,1
210000,1,2,2,30,5,36066.0,7845.0,0
90000,2,2,3,64,6,57418.0,9232.0,0
140000,2,1,1,28,3,124818.0,0.0,0
270000,1,2,2,52,7,138165.0,11443.0,0
460000,2,4,1,36,0,-53800.0,8789.0,1
170000,2,1,2,47,-1,140167.0,2927.0,1
30000,1,1,1,68,0,75660.0,5602.0,0
190000,1,1,3,51,8,104412.0,0.0,0
380000,2,4,2,55,4,78060.0,8272.0,1
30000,2,4,2,38,-1,11451.0,2086.0,0
400000,2,3,1,55,0,69957.0,3102.0,0
210000,2,2,3,50,7,123743.0,11950.0,0
140000,1,2,2,25,1,49702.0,0.0,1
230000,1,3,1,39,0,28197.0,2160.0,0
190000,2,3,1,69,0,16007.0,2679.0,0
340000,2,3,2,56,7,62482.0,5650.0,0
420000,2,1,2,46,2,-14088.0,23950.0,0
400000,1,4,1,59,6,-398.0,4297.0,0
70000,1,1,2,41,8,101002.0,8720.0,0
290000,2,1,2,54,-1,96676.0,0.0,0
390000,2,2,1,65,7,85829.0,9638.0,0
490000,1,1,2,40,6,6442.0,18522.0,0
380000,1,4,2,37,3,73657.0,4226.0,0
180000,1,2,1,25,5,126841.0,14119.0,0
110000,1,4,2,46,5,69676.0,370.0,0
320000,2,4,3,69,1,96885.0,0.0,0
80000,1,4,2,49,3,115559.0,8394.0,0
350000,1,3,3,61,0,24178.0,3407.0,1
380000,2,3,2,63,5,10010.0,7056.0,0
350000,2,3,2,33,1,17860.0,5447.0,1
140000,1,1,1,61,1,-3300.0,7221.0,0
240000,1,2,3,57,2,123602.0,0.0,1
110000,2,2,3,41,8,53910.0,5804.0,0
480000,1,1,1,35,2,154264.0,4936.0,1
10000,2,1,1,25,2,10637.0,18902.0,0
190000,2,3,1,32,4,82469.0,0.0,0
120000,1,3,2,34,7,72998.0,19068.0,0
430000,1,1,2,62,-2,31614.0,327.0,0
470000,2,1,1,30,-1,-47680.0,4049.0,1
470000,2,3,3,32,4,59570.0,16076.0,0
330000,2,2,3,40,4,-18444.0,16482.0,0
470000,2,2,3,30,6,-70987.0,21970.0,0
460000,2,2,1,22,7,-65094.0,15707.0,1
60000,1,4,2,65,6,49354.0,0.0,0
310000,2,4,3,57,6,51789.0,6736.0,0
450000,1,2,1,45,8,117609.0,0.0,0
210000,1,3,2,69,-1,113281.0,1495.0,1
450000,1,4,2,29,-2,39691.0,10024.0,1
280000,2,3,3,47,3,10751.0,0.0,0
270000,2,4,2,61,1,4686.0,11827.0,1
410000,2,3,3,68,7,-59456.0,6178.0,0
350000,1,4,1,40,2,78762.0,1139.0,0
370000,2,2,1,37,4,86995.0,0.0,1
460000,2,4,3,21,5,72795.0,14278.0,0
40000,1,2,3,34,5,68159.0,0.0,0
280000,1,1,3,47,-2,20231.0,13210.0,0
420000,2,3,1,68,0,87771.0,12703.0,0
200000,2,2,1,29,4,79991.0,7081.0,0
460000,1,4,3,62,1,-23020.0,4134.0,0
120000,2,4,1,65,3,38707.0,1092.0,1
200000,2,2,2,29,-1,21419.0,5605.0,0
450000,2,4,3,46,4,55689.0,0.0,1
430000,1,1,2,65,1,25445.0,0.0,1
130000,1,4,1,57,-2,128041.0,16746.0,0
340000,2,4,2,50,4,83797.0,0.0,1
40000,2,2,1,65,3,69299.0,0.0,0
190000,2,3,1,60,-1,9673.0,11345.0,0
130000,1,4,3,61,8,54881.0,3891.0,0
310000,1,1,3,33,2,19010.0,12249.0,0
490000,1,4,2,29,-1,75352.0,14596.0,0
40000,1,4,1,45,1,122046.0,14672.0,0
270000,2,4,3,63,-1,13459.0,0.0,0
190000,1,2,1,67,5,-20541.0,9624.0,0
150000,2,2,3,33,4,84225.0,0.0,0
350000,2,2,1,69,-2,122484.0,0.0,0
230000,2,1,2,31,7,176109.0,1281.0,0
30000,2,1,1,33,-1,-96914.0,6531.0,0
470000,1,4,3,45,6,-30792.0,0.0,0
190000,2,3,1,65,4,-12800.0,0.0,0
50000,1,2,3,48,7,-126054.0,10354.0,0
320000,2,3,2,26,2,65883.0,4716.0,0
180000,1,2,3,34,-1,115061.0,0.0,0
500000,2,1,3,44,-1,57403.0,10493.0,0
190000,1,3,2,64,-2,29596.0,8721.0,0
30000,1,4,1,39,1,24993.0,0.0,0
60000,1,2,3,57,1,75925.0,9745.0,0
10000,2,4,1,33,1,36620.0,5328.0,0
60000,1,3,2,51,0,9680.0,0.0,0
30000,2,3,3,53,6,-25484.0,9177.0,0
150000,1,4,1,57,0,135719.0,4434.0,0
140000,2,4,2,24,-1,991.0,930.0,0
240000,1,4,2,60,-2,-21289.0,20528.0,1
350000,1,4,3,46,2,75906.0,1354.0,0
50000,2,2,2,45,2,116501.0,6815.0,0
120000,2,1,3,23,8,-1929.0,15306.0,0
40000,2,2,2,58,3,41860.0,7170.0,0
10000,1,3,1,41,1,15147.0,0.0,1
460000,2,1,3,31,4,83852.0,3214.0,0
320000,2,2,2,53,-1,20418.0,7724.0,0
60000,1,1,2,27,6,41138.0,3917.0,0
110000,1,3,2,43,-2,135332.0,18249.0,1
480000,2,3,2,58,-1,2791.0,8898.0,0
210000,1,2,2,26,6,42878.0,3002.0,0
140000,1,1,3,61,7,17631.0,5222.0,0
100000,2,1,3,55,6,51622.0,3259.0,1
350000,1,4,1,64,8,96035.0,23884.0,0
140000,1,2,1,42,-1,-13270.0,620.0,1
370000,2,4,2,62,7,71643.0,3260.0,0
190000,1,1,2,43,-1,80329.0,21469.0,0
470000,1,4,2,29,7,53452.0,19637.0,0
30000,2,4,1,28,1,50646.0,4843.0,0
410000,2,3,1,68,6,28113.0,0.0,0
30000,2,2,1,24,5,18407.0,14060.0,0
480000,1,3,3,63,7,-36660.0,0.0,0
420000,1,4,1,46,5,84668.0,7030.0,0
450000,2,3,3,23,-2,37461.0,12671.0,0
380000,2,2,1,29,-2,97592.0,0.0,0
420000,2,4,3,55,7,75158.0,10117.0,1
230000,1,4,2,22,0,189905.0,7447.0,0
120000,2,4,2,68,3,139304.0,8421.0,0
70000,2,1,3,59,2,135663.0,9582.0,1
170000,2,3,2,37,7,103983.0,10865.0,0
260000,1,3,3,30,8,120323.0,3657.0,0
470000,2,4,3,63,8,94659.0,11161.0,1
430000,2,1,1,57,2,34804.0,6108.0,1
420000,1,2,1,57,-1,98981.0,2817.0,1
380000,2,1,1,27,4,56312.0,18759.0,0
470000,2,4,3,34,1,-3890.0,11469.0,0
330000,1,4,1,47,8,35167.0,3758.0,0
380000,2,3,1,62,7,108322.0,0.0,0
420000,2,1,3,65,1,112077.0,2045.0,0
500000,1,2,2,63,8,1250.0,18832.0,0
260000,1,3,2,27,2,-1381.0,20037.0,0
320000,1,2,1,53,5,34724.0,6483.0,0
440000,2,2,1,30,0,41035.0,10289.0,0
130000,2,3,2,66,0,-53646.0,0.0,0
310000,1,3,1,26,2,3247.0,0.0,0
220000,1,3,1,31,6,-47560.0,3678.0,0
290000,2,1,1,26,8,33634.0,12270.0,0
20000,1,2,2,51,8,-29568.0,11191.0,1
40000,1,1,3,61,6,108485.0,17606.0,0
310000,1,1,2,27,5,96943.0,31508.0,0
270000,1,3,2,39,0,-53191.0,10151.0,0
190000,1,4,1,54,3,108919.0,0.0,0
150000,2,4,2,53,0,30424.0,0.0,0
230000,2,1,1,53,6,67513.0,9035.0,0
90000,1,4,3,66,6,-31925.0,5379.0,0
490000,2,4,2,25,3,-21532.0,13303.0,1
430000,1,2,3,43,1,-2096.0,0.0,0
360000,1,4,3,21,7,154382.0,4681.0,1
270000,1,1,2,47,7,57306.0,11137.0,0
290000,2,4,2,47,8,-14828.0,6848.0,0
250000,2,2,1,67,3,52145.0,16210.0,0
280000,2,1,1,68,5,65719.0,3965.0,0
230000,2,4,3,50,8,-8231.0,0.0,0
180000,1,4,3,26,2,-46425.0,879.0,1
150000,1,1,2,62,3,36104.0,19644.0,0
300000,2,4,2,22,-1,88677.0,7793.0,0
320000,1,3,2,43,2,-69837.0,10791.0,0
70000,2,4,1,60,1,63759.0,0.0,1
140000,2,2,2,47,8,60186.0,6650.0,0
20000,1,1,1,68,5,11056.0,19271.0,1
380000,2,4,2,52,-1,-28618.0,0.0,0
290000,2,2,1,67,5,34897.0,8545.0,0
190000,1,2,1,23,6,25397.0,12083.0,0
260000,2,3,2,59,5,-8879.0,6451.0,0
360000,2,4,1,25,5,68615.0,9115.0,1
90000,1,1,1,60,2,76993.0,7845.0,1
360000,2,3,3,46,3,121865.0,8353.0,0
360000,1,4,2,41,2,71660.0,3660.0,0
90000,2,3,1,31,5,-16967.0,6570.0,0
290000,2,2,3,33,2,99306.0,0.0,1
110000,2,3,1,52,1,129050.0,728.0,0
240000,2,3,1,28,3,61147.0,15293.0,0
200000,2,4,1,45,5,48528.0,10048.0,1
400000,1,1,1,68,0,127853.0,0.0,0
190000,2,4,3,69,6,-2505.0,13756.0,1
80000,2,1,2,47,-2,-65976.0,0.0,1
180000,1,2,2,67,-2,-20329.0,11927.0,0
250000,2,3,1,52,4,222073.0,0.0,0
410000,1,1,2,38,0,93906.0,1574.0,0
20000,1,4,3,62,-2,68371.0,6989.0,0
350000,2,4,2,42,1,107928.0,0.0,0
450000,1,1,2,28,0,-82938.0,1538.0,1
190000,1,3,3,58,-2,70146.0,1176.0,0
370000,2,4,3,42,-2,66599.0,3415.0,1
330000,2,2,3,49,-2,45826.0,9698.0,1
350000,2,4,3,22,-2,81329.0,13010.0,1
490000,2,2,1,25,0,-56561.0,1142.0,0
480000,1,4,2,22,-1,4693.0,0.0,0
500000,2,1,2,67,7,-12655.0,8305.0,0
470000,2,4,2,26,6,11488.0,12028.0,0
420000,2,3,2,56,5,136401.0,0.0,1
330000,1,3,2,49,0,135384.0,0.0,0
290000,2,3,3,47,3,-19408.0,9983.0,0
390000,1,3,2,39,2,53965.0,0.0,0
30000,1,1,2,22,7,-104706.0,8125.0,0
100000,2,4,2,22,5,31614.0,0.0,0
190000,2,3,1,44,4,145555.0,0.0,0
380000,2,2,1,23,3,122774.0,0.0,0
490000,2,1,2,66,6,103807.0,1372.0,0
360000,1,4,2,42,2,-39867.0,150.0,1
280000,1,2,3,52,-2,104343.0,7064.0,1
360000,2,4,1,57,-2,35586.0,11120.0,0
480000,1,4,2,48,7,6074.0,0.0,0
30000,1,1,1,25,8,44001.0,0.0,1
220000,2,1,3,40,6,64243.0,5301.0,0
380000,1,2,3,28,-2,116163.0,9343.0,0
170000,1,3,2,29,1,51182.0,3017.0,0
350000,2,1,2,51,8,32956.0,9228.0,0
90000,2,2,1,40,4,9235.0,0.0,0
120000,1,3,2,29,0,-60700.0,0.0,1
290000,1,4,1,39,7,83309.0,3545.0,0
480000,2,2,2,40,5,-88715.0,2409.0,1
370000,2,1,2,42,-1,102425.0,3058.0,0
330000,1,3,3,58,4,24164.0,14653.0,0
390000,2,3,2,49,-1,-50492.0,9117.0,0
380000,1,1,2,23,-1,-2781.0,7245.0,1
330000,1,2,2,22,3,7807.0,822.0,0
370000,2,1,3,58,6,-30582.0,0.0,0
310000,2,2,3,65,-2,70127.0,17336.0,0
70000,2,4,1,23,8,88594.0,8162.0,0
310000,1,2,2,39,-1,67998.0,11626.0,0
280000,1,4,3,30,5,72543.0,7019.0,0
440000,1,1,1,23,7,-19619.0,0.0,0
220000,1,3,1,35,2,13690.0,6313.0,0
180000,1,2,3,65,2,66429.0,408.0,0
270000,1,1,1,29,3,129791.0,0.0,0
450000,1,3,2,62,0,10625.0,15969.0,0
300000,2,4,1,64,0,-125878.0,0.0,0
140000,2,4,3,45,2,94726.0,12597.0,1
320000,1,1,3,63,-1,123914.0,1362.0,0
70000,1,1,2,44,6,-90311.0,0.0,0
440000,2,4,1,36,3,60237.0,884.0,0
340000,2,1,3,40,6,78591.0,13709.0,0
240000,1,3,1,30,-1,-7996.0,11450.0,0
340000,2,4,3,48,-2,-10733.0,11045.0,0
300000,1,2,2,60,6,29454.0,0.0,0
480000,1,4,2,34,1,60822.0,0.0,0
100000,1,1,2,39,6,10626.0,19383.0,0
10000,2,1,1,49,2,48371.0,4414.0,0
130000,1,3,1,68,8,29405.0,8267.0,1
430000,2,4,2,32,2,42624.0,12387.0,1
500000,2,4,3,28,3,13724.0,0.0,1
370000,1,4,3,58,-2,44858.0,176.0,0
30000,2,1,2,68,-2,9831.0,0.0,0
370000,2,1,2,45,2,88536.0,6971.0,0
170000,1,2,2,62,4,108879.0,0.0,0
290000,2,3,3,55,8,-9820.0,8541.0,0
340000,2,4,3,22,6,146088.0,2852.0,0
100000,2,1,1,49,2,66379.0,0.0,1
110000,1,1,2,41,-1,85585.0,0.0,0
430000,1,2,3,37,8,62266.0,695.0,0
50000,1,2,1,58,6,107083.0,10667.0,0
500000,1,3,2,36,8,43893.0,16366.0,0
330000,2,1,3,46,8,6342.0,12074.0,0
200000,2,4,1,24,2,115228.0,0.0,0
150000,2,3,3,58,4,97921.0,6391.0,0
240000,2,2,3,26,3,8022.0,5256.0,1
440000,2,2,3,53,0,7257.0,19419.0,1
230000,1,1,1,21,1,57995.0,2052.0,1
300000,1,1,2,24,-2,115946.0,10243.0,0
70000,2,2,2,27,-1,181624.0,2390.0,1
180000,2,3,2,58,2,37322.0,16092.0,1
360000,1,2,1,30,4,5323.0,9503.0,1
60000,2,2,1,32,8,57261.0,17324.0,0
310000,2,4,3,45,5,74384.0,0.0,0
380000,2,2,1,48,4,34055.0,7925.0,0
300000,2,4,1,49,-2,84906.0,25243.0,0
460000,1,4,2,27,1,159687.0,0.0,0
380000,1,2,3,60,8,-50009.0,2377.0,0
190000,1,1,3,39,6,98774.0,0.0,0
180000,1,4,3,67,0,38424.0,0.0,1
330000,2,4,2,23,2,-23320.0,2586.0,0
80000,2,4,3,43,2,-29537.0,5638.0,0
470000,2,3,3,58,2,48215.0,15879.0,0
320000,2,3,3,62,6,16698.0,0.0,0
360000,2,3,1,66,8,88933.0,0.0,0
50000,2,1,3,32,8,168293.0,2088.0,0
220000,2,4,3,65,7,81650.0,1100.0,1
340000,2,3,2,61,1,150868.0,0.0,0
260000,1,1,1,52,1,-280.0,0.0,0
230000,2,1,2,43,1,-7850.0,3455.0,1
370000,1,1,3,59,7,14765.0,6301.0,0
200000,1,4,1,45,3,54918.0,1306.0,0
70000,1,3,3,22,2,-20300.0,0.0,1
130000,1,2,2,21,1,65999.0,11996.0,0
390000,2,4,3,45,3,47687.0,0.0,0
490000,2,3,2,41,-1,18262.0,8665.0,0
190000,1,3,2,33,4,58550.0,0.0,0
490000,2,4,2,28,1,52283.0,3867.0,1
310000,1,3,3,67,5,95363.0,0.0,0
10000,2,2,2,47,-2,-106865.0,5621.0,1
450000,2,4,3,26,6,-43118.0,0.0,1
10000,2,2,1,56,8,95527.0,0.0,0
410000,1,2,3,67,2,48233.0,2760.0,0
300000,1,1,2,52,5,45591.0,15042.0,0
140000,2,3,3,39,3,39495.0,0.0,0
60000,2,3,1,28,0,17091.0,145.0,1
100000,1,4,1,30,0,-69065.0,9794.0,0
120000,2,3,1,35,0,27936.0,0.0,0
220000,2,3,1,58,2,54937.0,5872.0,0
80000,1,4,2,42,-1,15572.0,12813.0,0
330000,2,3,2,31,3,36927.0,9711.0,0
410000,2,2,2,48,8,3878.0,5081.0,0
40000,2,4,3,26,0,176418.0,0.0,1
360000,1,2,3,21,-1,35897.0,5002.0,0
500000,1,4,2,31,6,19818.0,18600.0,0
490000,1,1,1,34,4,32408.0,6741.0,0
470000,2,2,2,30,0,116034.0,15947.0,0
320000,2,3,1,37,5,134068.0,18059.0,0
70000,2,1,2,47,-2,-43964.0,0.0,0
130000,2,3,2,46,1,87256.0,15171.0,0
30000,2,4,2,62,1,117002.0,13769.0,0
170000,1,2,3,49,3,72824.0,15623.0,0
410000,1,4,1,39,-2,28143.0,6596.0,0
90000,2,4,3,40,-1,40989.0,15664.0,1
30000,1,3,2,64,1,61159.0,2070.0,0
280000,1,4,3,56,5,9904.0,17237.0,1
40000,1,1,3,49,2,31186.0,5305.0,0
180000,1,2,2,57,7,114864.0,14131.0,0
300000,1,3,1,31,2,183773.0,18149.0,1
430000,2,4,1,42,8,64656.0,9592.0,0
80000,1,4,1,53,0,91134.0,11527.0,0
190000,1,3,2,31,8,103462.0,0.0,0
330000,1,1,1,27,1,-32192.0,11130.0,0
400000,1,3,3,58,-2,112404.0,7168.0,0
270000,1,1,3,42,1,78351.0,0.0,0
460000,1,2,1,31,-1,-23799.0,11804.0,0
210000,1,1,2,36,8,77803.0,32316.0,0
160000,1,4,3,59,7,-43778.0,0.0,0
110000,2,4,1,28,8,58339.0,10392.0,1
310000,1,4,1,60,5,114888.0,4016.0,0
40000,1,1,1,25,-1,90776.0,2034.0,1
10000,1,4,1,41,7,1382.0,15980.0,0
440000,2,1,1,63,5,77160.0,1377.0,0
130000,1,4,1,26,4,92764.0,0.0,0
340000,1,1,3,55,4,-14135.0,10577.0,0
60000,2,2,3,39,6,83021.0,0.0,0
240000,1,4,2,66,-2,81056.0,14856.0,1
290000,1,2,1,23,7,-62665.0,10657.0,1
380000,2,2,3,47,-1,16660.0,0.0,0
40000,2,4,2,44,6,28176.0,7384.0,0
320000,1,2,2,63,7,-2128.0,10639.0,0
130000,1,4,3,30,3,5048.0,0.0,0
170000,2,4,2,55,-2,31192.0,6790.0,1
440000,2,3,1,61,4,64229.0,5748.0,0
380000,2,4,1,68,3,119680.0,0.0,0
320000,2,1,2,60,2,118089.0,12478.0,1
330000,1,4,1,63,0,153906.0,4041.0,0
420000,2,3,1,56,2,17403.0,19762.0,0
10000,2,3,2,44,1,241407.0,14459.0,0
440000,2,4,3,35,-1,121668.0,476.0,0
40000,1,4,2,43,4,45734.0,11726.0,0
70000,1,1,1,66,4,-17871.0,16616.0,1
360000,2,3,1,40,4,85570.0,2091.0,0
170000,2,2,2,36,3,-4729.0,0.0,0
440000,2,4,1,40,7,76510.0,15595.0,0
360000,2,3,1,49,6,155651.0,3771.0,1
340000,2,3,2,35,1,62369.0,11286.0,0
210000,2,4,3,65,6,63676.0,6090.0,1
460000,2,2,3,60,8,56304.0,8716.0,0
410000,1,4,1,43,7,68909.0,7008.0,0
410000,2,2,3,61,8,123195.0,7336.0,0
240000,1,3,1,29,2,26064.0,0.0,0
320000,2,1,1,42,5,-27876.0,0.0,0
10000,1,4,3,38,4,100328.0,0.0,0
60000,2,4,1,38,5,-26806.0,6322.0,0
340000,1,2,3,43,3,63888.0,0.0,1
70000,2,3,2,54,4,30096.0,9314.0,0
360000,2,1,2,51,0,-40459.0,0.0,0
70000,1,4,3,36,-1,61141.0,0.0,0
120000,2,2,2,43,-1,67352.0,0.0,1
170000,1,2,1,57,-2,75940.0,0.0,0
10000,2,2,1,66,4,27809.0,0.0,0
310000,2,3,3,65,7,28319.0,8435.0,0
340000,1,3,1,44,1,115951.0,11394.0,0
230000,1,2,3,56,3,53555.0,965.0,0
170000,2,1,3,22,-2,68757.0,3684.0,0
430000,2,3,2,33,3,-31980.0,18411.0,0
20000,1,3,3,56,-1,77496.0,0.0,0
320000,2,4,1,66,8,-7755.0,1879.0,0
260000,1,2,3,66,7,19544.0,2803.0,0
380000,1,1,2,66,6,58071.0,9668.0,0
300000,2,3,3,36,4,156713.0,0.0,0
110000,2,4,3,44,3,15190.0,7991.0,0
180000,1,3,2,34,-2,-584.0,0.0,0
190000,1,3,3,68,1,226617.0,18603.0,1
320000,2,2,2,54,8,83321.0,4342.0,1
490000,2,4,2,25,3,47415.0,5914.0,0
310000,2,3,1,27,-1,61795.0,2320.0,1
430000,2,3,2,48,7,48295.0,30784.0,0
360000,1,2,1,21,0,88864.0,0.0,0
110000,1,3,1,23,4,169489.0,0.0,1
380000,1,3,3,47,0,42521.0,9025.0,0
400000,1,2,1,62,-2,-25873.0,21033.0,0
40000,1,4,1,46,5,112884.0,8001.0,0
200000,1,3,3,22,3,41598.0,516.0,0
380000,2,1,2,30,2,17806.0,25791.0,0
440000,1,2,1,32,8,-177108.0,0.0,1
190000,2,3,3,69,-2,89413.0,0.0,0
500000,2,4,2,49,6,27822.0,4970.0,0
400000,1,3,1,57,-1,59276.0,5397.0,0
70000,1,4,3,23,8,112753.0,14139.0,0
300000,1,1,1,61,7,98378.0,5743.0,1
80000,2,4,3,25,8,49339.0,239.0,0
30000,1,1,1,39,4,45541.0,0.0,0
40000,1,1,1,46,3,28411.0,13815.0,0
340000,1,2,2,24,6,132803.0,5915.0,1
230000,2,2,2,34,1,53613.0,10001.0,0
220000,2,2,1,49,7,11325.0,6292.0,1
250000,2,3,3,24,2,93396.0,24310.0,1
130000,2,3,1,54,7,-16139.0,17129.0,0
370000,1,3,3,29,5,12512.0,12954.0,0
360000,2,2,3,34,5,79721.0,4082.0,1
270000,2,1,2,31,6,93498.0,17322.0,0
40000,2,2,3,58,3,112654.0,0.0,0
100000,1,3,3,59,4,43566.0,17108.0,0
440000,1,3,2,32,-2,19641.0,0.0,0
20000,1,4,2,68,4,52018.0,22895.0,0
190000,1,4,2,28,7,134035.0,12810.0,0
130000,1,3,1,66,-2,87238.0,0.0,0
410000,2,3,2,56,-2,135803.0,11057.0,0
20000,2,4,3,29,-2,17366.0,1100.0,0
320000,1,1,1,46,-2,31550.0,8146.0,0
230000,2,1,3,40,5,136438.0,8362.0,1
350000,1,4,1,39,-2,11830.0,5129.0,0
240000,2,4,3,55,1,62784.0,5954.0,0
310000,2,4,1,66,6,-10630.0,10307.0,0
280000,1,4,1,43,1,24430.0,6861.0,0
120000,2,4,2,36,8,147902.0,0.0,0
210000,2,1,1,48,8,-20437.0,10259.0,0
420000,2,2,2,48,0,72868.0,3802.0,0
140000,1,4,3,25,7,-115.0,8107.0,0
450000,2,2,2,61,7,147573.0,2130.0,0
90000,1,4,1,21,8,125919.0,3737.0,0
90000,2,3,2,53,-1,75176.0,0.0,0
470000,2,2,1,38,7,108651.0,10321.0,0
110000,1,2,1,63,0,-81024.0,0.0,0
310000,1,3,1,55,4,71411.0,0.0,0
440000,2,3,3,64,2,27121.0,7217.0,0
50000,2,1,3,69,5,-17559.0,10883.0,0
220000,2,1,3,21,2,-23336.0,0.0,0
320000,1,3,2,36,1,20698.0,16489.0,0
420000,1,1,1,50,-2,138308.0,11054.0,0
460000,1,1,2,23,-2,-17331.0,17681.0,0
130000,1,4,1,65,-2,61282.0,15726.0,0
250000,2,1,2,30,3,-58958.0,15081.0,0
80000,1,3,1,55,0,187573.0,0.0,0
390000,1,1,3,62,7,106498.0,0.0,0
10000,2,3,3,34,6,-2343.0,15348.0,0
280000,2,1,1,29,2,23109.0,10814.0,0
450000,2,1,3,58,6,169791.0,2911.0,0
450000,1,1,2,38,4,144340.0,1180.0,0
200000,1,1,1,41,1,-29118.0,1629.0,0
360000,1,2,3,57,6,141714.0,16918.0,1
110000,1,1,1,46,1,60132.0,4713.0,0
140000,2,3,1,48,6,84665.0,1918.0,1
500000,2,3,2,53,3,79798.0,0.0,1
100000,1,1,2,58,6,-43016.0,0.0,0
180000,1,1,2,41,3,59385.0,12243.0,0
380000,1,2,3,56,-1,41702.0,1820.0,0
110000,1,3,1,28,3,24669.0,6895.0,0
440000,1,3,2,27,7,81245.0,8791.0,0
90000,2,2,2,22,8,99863.0,10850.0,0
220000,2,4,3,68,8,46025.0,10532.0,1
330000,2,3,1,44,7,-21084.0,14472.0,1
120000,2,4,2,66,7,49595.0,7199.0,1
230000,2,4,1,54,0,151347.0,5605.0,0
240000,1,1,1,49,7,-14051.0,0.0,0
160000,2,3,2,45,4,-69550.0,7355.0,0
370000,2,1,2,36,-2,184285.0,0.0,0
440000,2,3,2,65,5,90608.0,0.0,0
480000,2,2,2,60,6,-562.0,10009.0,0
90000,1,3,1,45,4,11338.0,0.0,0
330000,1,4,2,28,8,-22240.0,6123.0,0
50000,2,3,3,54,3,179664.0,7675.0,0
220000,2,4,3,48,-1,151488.0,4062.0,0
330000,2,3,1,38,-2,11626.0,1475.0,1
230000,1,4,1,44,3,21912.0,22205.0,0
120000,1,2,2,24,4,118486.0,15815.0,0
170000,2,1,2,67,-2,78990.0,0.0,0
120000,1,3,1,50,6,5597.0,7931.0,1
490000,2,1,2,57,6,49839.0,3268.0,0
30000,2,2,2,49,-2,47165.0,6089.0,0
360000,2,4,3,65,4,-68365.0,2268.0,0
360000,2,1,1,48,6,13437.0,830.0,1
440000,2,2,2,49,3,21862.0,1396.0,1
80000,2,4,2,45,2,37389.0,4674.0,0
180000,2,4,1,68,6,-19026.0,0.0,0
80000,1,4,1,44,0,123719.0,0.0,0
240000,1,2,2,65,-2,101859.0,2889.0,0
250000,1,4,1,61,4,12877.0,0.0,0
160000,1,1,3,33,8,139080.0,2887.0,0
240000,2,4,2,41,6,60256.0,5300.0,0
180000,2,4,3,45,-2,79662.0,0.0,0
180000,1,3,3,42,3,95101.0,16528.0,0
370000,1,3,2,22,8,79027.0,10653.0,0
320000,1,3,2,69,5,79421.0,836.0,0
460000,2,3,2,21,0,60007.0,8664.0,0
240000,2,2,3,55,-2,26147.0,9545.0,0
430000,1,2,2,60,3,5026.0,16759.0,0
270000,1,3,3,44,2,-11228.0,17718.0,1
310000,1,1,3,46,3,-47068.0,0.0,0
260000,1,1,1,48,2,128242.0,6767.0,0
130000,2,1,1,31,5,81440.0,13123.0,0
260000,2,3,1,27,6,110964.0,8803.0,0
450000,1,2,3,60,0,126266.0,6686.0,0
130000,2,3,2,27,5,99272.0,4829.0,1
70000,2,1,2,61,2,-36463.0,7660.0,0
190000,1,1,2,64,0,-20123.0,8451.0,0
50000,2,4,1,41,0,73469.0,0.0,0
150000,1,4,2,55,7,77532.0,208.0,0
170000,1,3,2,33,-2,41697.0,17048.0,1
290000,1,4,2,45,3,24309.0,0.0,0
80000,2,1,2,59,3,96027.0,3806.0,0
170000,1,4,1,59,3,128349.0,7125.0,0
230000,1,3,3,58,2,-7305.0,5868.0,0
200000,1,2,1,38,-2,46087.0,14143.0,0
220000,1,2,3,57,3,57649.0,9453.0,0
200000,2,4,1,49,8,39249.0,0.0,0
170000,2,3,3,53,8,47022.0,8654.0,0
200000,2,1,1,58,6,113838.0,0.0,0
160000,2,2,2,42,6,67642.0,1392.0,0
250000,1,4,1,32,7,24937.0,0.0,0
480000,2,3,3,26,3,93446.0,7821.0,1
120000,2,4,2,59,5,44592.0,11837.0,0
40000,2,3,3,28,2,81984.0,8010.0,0
150000,2,1,2,41,2,42653.0,10293.0,1
340000,2,3,2,34,1,-22159.0,23879.0,0
110000,2,3,3,22,-2,30936.0,11493.0,0
260000,1,3,2,49,7,19496.0,0.0,1
90000,2,4,1,40,3,70744.0,12363.0,1
250000,1,3,2,59,2,38612.0,16213.0,0
110000,2,2,1,36,6,-66043.0,0.0,0
380000,2,3,1,61,3,57395.0,1926.0,1
230000,2,2,3,67,4,126867.0,11376.0,0
40000,2,4,3,57,6,5467.0,0.0,1
430000,2,3,2,67,8,78158.0,704.0,0
220000,2,1,1,64,6,74919.0,14544.0,0
50000,1,1,3,41,8,86107.0,13458.0,0
230000,1,1,1,47,-1,135144.0,0.0,0
170000,1,4,2,33,1,126593.0,0.0,0
120000,1,2,1,53,-1,110585.0,13443.0,0
460000,2,2,3,27,-1,18634.0,3637.0,1
340000,2,1,3,61,2,96418.0,2470.0,0
350000,1,3,1,21,0,-27315.0,0.0,0
470000,2,3,3,29,0,39525.0,7536.0,0
120000,1,3,1,62,7,-39100.0,12367.0,1
340000,1,3,3,41,2,-33471.0,2914.0,0
290000,2,4,3,30,7,86985.0,0.0,1
360000,1,2,1,38,-1,-932.0,159.0,0
80000,2,3,3,21,1,-5815.0,8399.0,0
40000,1,2,1,60,2,101409.0,3698.0,0
150000,2,3,2,39,6,-29233.0,15919.0,0
30000,2,2,2,38,4,9849.0,0.0,0
220000,2,1,3,58,0,-21054.0,0.0,0
450000,2,4,3,26,3,-11135.0,891.0,1
260000,1,2,3,66,6,-20916.0,3313.0,0
320000,1,2,1,44,1,77458.0,0.0,0
160000,1,3,1,51,5,23945.0,9170.0,0
470000,1,4,3,56,4,-12017.0,10127.0,0
150000,1,3,3,63,4,44938.0,3302.0,0
260000,2,3,1,33,1,16213.0,10956.0,0
60000,1,2,1,56,8,-55400.0,0.0,1
160000,2,4,2,32,8,-12126.0,0.0,1
420000,2,2,1,32,1,70039.0,5770.0,0
130000,1,2,1,29,4,64894.0,4881.0,0
200000,1,3,2,35,-2,72560.0,0.0,0
160000,2,1,1,29,8,102673.0,2549.0,0
400000,2,3,3,59,7,134663.0,0.0,0
200000,2,2,2,38,8,-29360.0,3821.0,0
170000,2,4,2,30,0,-11251.0,363.0,0
60000,1,1,3,67,1,139.0,5731.0,0
80000,2,3,3,21,0,39453.0,0.0,1
280000,1,3,2,61,7,97994.0,0.0,0
450000,1,4,3,69,7,2002.0,0.0,0
310000,1,3,3,61,8,66763.0,1486.0,0
160000,1,1,2,36,6,84616.0,0.0,0
20000,2,4,1,32,-1,3628.0,10546.0,0
390000,1,1,2,23,0,51397.0,0.0,1
180000,1,4,3,29,4,82230.0,0.0,0
340000,2,4,1,49,6,9994.0,7620.0,0
190000,2,4,2,22,0,168590.0,2230.0,1
320000,2,4,2,63,6,57011.0,21058.0,0
350000,2,2,1,40,6,62593.0,0.0,1
170000,1,2,1,51,6,60390.0,17488.0,0
440000,2,3,3,62,7,58459.0,9602.0,0
250000,1,2,1,69,5,71522.0,0.0,1
270000,2,2,2,26,4,84481.0,11063.0,0
480000,2,3,3,59,2,49491.0,0.0,0
80000,1,2,2,65,1,-32603.0,0.0,0
420000,1,1,3,55,-2,143669.0,0.0,1
310000,2,2,1,21,-2,14299.0,0.0,0
370000,1,2,2,40,7,95936.0,2952.0,0
40000,2,3,2,57,4,-47379.0,1042.0,1
160000,1,4,2,59,0,126426.0,13877.0,0
240000,1,2,1,32,7,143137.0,9498.0,0
220000,2,4,2,39,4,25544.0,0.0,0
390000,1,3,2,38,6,130060.0,11467.0,0
190000,1,1,2,69,3,13423.0,8062.0,0
380000,1,2,2,27,1,100522.0,0.0,0
410000,1,1,3,31,-2,138006.0,12568.0,0
50000,2,4,1,28,7,-38945.0,0.0,0
280000,1,3,2,24,2,97495.0,12402.0,0
50000,1,3,1,60,-1,72304.0,18851.0,0
280000,1,3,1,56,6,-3352.0,22931.0,0
460000,1,2,1,33,0,101086.0,0.0,0
410000,2,4,3,28,-1,35667.0,6964.0,0
90000,1,1,3,53,6,-25210.0,14618.0,1
170000,1,3,3,36,3,220162.0,10694.0,0
400000,1,3,3,30,1,139359.0,4129.0,0
130000,2,2,3,68,2,-15271.0,5617.0,0
70000,1,3,1,41,1,32600.0,21602.0,1
270000,2,1,1,47,6,77685.0,9643.0,0
220000,1,3,3,62,-2,-4981.0,12233.0,0
170000,2,4,3,24,3,57362.0,0.0,0
40000,1,2,1,43,8,18322.0,12185.0,1
110000,1,3,2,24,6,57009.0,14909.0,0
290000,2,1,3,68,-2,85451.0,13352.0,0
330000,2,3,1,61,2,48767.0,0.0,0
80000,1,1,2,68,-2,57564.0,2814.0,0
300000,2,3,2,47,4,41615.0,3495.0,0
150000,1,3,1,41,7,-157.0,1435.0,0
450000,1,2,3,30,1,-14059.0,0.0,1
280000,2,2,3,37,3,15246.0,0.0,0
30000,1,3,2,37,3,20540.0,7361.0,0
480000,2,3,2,38,5,58692.0,1402.0,1
320000,2,2,3,48,2,72105.0,0.0,0
120000,2,3,1,54,-2,101002.0,19191.0,1
210000,2,2,2,31,4,123929.0,12260.0,0
490000,1,2,2,31,-2,23258.0,1367.0,0
240000,1,1,1,55,-2,5976.0,0.0,0
440000,2,1,1,35,-2,19707.0,7594.0,0
230000,2,3,3,36,4,89497.0,15102.0,0
250000,2,1,2,41,4,99995.0,2410.0,1
200000,1,2,2,50,-2,45489.0,18237.0,1
470000,2,2,1,33,3,80474.0,0.0,0
180000,1,1,2,29,0,23537.0,19475.0,0
440000,1,4,2,21,0,161822.0,2541.0,0
240000,1,1,3,21,-1,90989.0,4409.0,0
440000,2,4,3,23,7,115897.0,11371.0,1
20000,1,4,2,42,1,477.0,3035.0,0
340000,1,3,3,41,8,156062.0,6922.0,0
370000,1,1,3,54,1,21201.0,14037.0,0
50000,2,4,3,45,6,149789.0,0.0,1
310000,1,2,2,23,7,46749.0,8259.0,0
490000,2,2,2,47,6,48901.0,7983.0,0
410000,1,4,1,45,8,-19587.0,29020.0,0
180000,1,4,3,38,8,34666.0,19830.0,0
220000,2,1,1,38,1,39992.0,6053.0,1
10000,2,4,1,59,4,-5742.0,0.0,1
340000,1,2,1,61,2,82190.0,10861.0,0
430000,2,2,2,48,5,68407.0,11462.0,0
60000,2,2,3,22,-1,2459.0,22591.0,1
60000,2,2,2,29,6,25502.0,4471.0,1
330000,1,1,2,45,4,69097.0,1891.0,1
300000,1,2,2,33,7,28046.0,4109.0,0
240000,2,3,1,30,3,46274.0,6920.0,0
380000,2,1,3,41,-2,-38458.0,7604.0,0
480000,2,4,2,21,8,63826.0,14113.0,0
330000,2,1,2,60,8,1539.0,744.0,0
130000,2,1,2,47,6,27861.0,7931.0,0
70000,1,1,2,64,8,39437.0,4043.0,0
500000,1,1,3,69,7,90178.0,2973.0,0
10000,1,2,3,33,0,40633.0,302.0,0
70000,1,3,1,58,1,214679.0,12282.0,0
390000,1,1,2,38,8,33027.0,7989.0,0
480000,1,3,3,30,8,-43760.0,13682.0,0
500000,2,1,1,50,2,105004.0,22250.0,1
460000,2,1,2,56,4,50046.0,0.0,0
340000,1,1,2,39,2,-25490.0,3471.0,0
220000,1,2,1,57,5,65006.0,10808.0,0
100000,1,1,3,54,7,26040.0,12459.0,1
70000,2,2,2,64,-2,-13483.0,0.0,0
130000,2,1,1,63,-2,21021.0,2879.0,1
470000,2,4,1,56,1,69356.0,23991.0,0
300000,1,4,1,53,2,-26265.0,0.0,0
230000,1,1,3,32,1,101126.0,8850.0,0
330000,2,2,1,53,7,79246.0,1111.0,0
280000,2,3,2,35,4,-87546.0,5967.0,0
460000,2,1,1,54,3,63252.0,269.0,1
350000,2,1,2,68,1,28835.0,8167.0,0
50000,1,1,1,22,0,69820.0,14678.0,0
260000,1,4,2,33,0,73847.0,1080.0,0
370000,2,2,2,54,3,64442.0,6190.0,0
160000,2,4,1,54,2,13306.0,8085.0,0
280000,1,2,3,26,2,-36993.0,0.0,0
390000,2,4,2,58,2,136635.0,0.0,0
100000,1,3,1,49,4,-10886.0,3492.0,1
10000,1,2,1,48,2,75702.0,15494.0,0
210000,1,4,1,65,4,48194.0,19360.0,0
40000,1,1,3,57,6,2041.0,1974.0,0
390000,1,4,2,41,-1,96708.0,2742.0,0
420000,2,1,3,33,-2,53366.0,5441.0,1
140000,1,4,1,64,3,-11012.0,8877.0,0
40000,2,2,1,33,5,147252.0,7524.0,1
110000,1,2,3,39,-1,138985.0,17118.0,1
10000,1,1,2,69,-1,100591.0,0.0,1
350000,1,1,3,56,6,117674.0,5240.0,0
30000,2,3,2,53,6,132081.0,6327.0,0
200000,2,2,3,58,2,-74892.0,0.0,1
380000,1,4,2,31,2,86750.0,9491.0,0
390000,1,2,3,25,-2,159475.0,0.0,0
280000,2,4,3,51,-2,126872.0,74.0,0
450000,1,1,2,27,8,48627.0,6219.0,0
220000,1,3,1,37,3,88989.0,18079.0,0
490000,2,3,2,44,-1,122024.0,11600.0,0
240000,1,2,3,41,3,107513.0,16290.0,0
350000,2,1,1,59,0,128740.0,3535.0,1
160000,1,3,2,46,-2,-67993.0,8250.0,0
450000,2,1,3,27,4,91708.0,0.0,0
330000,1,4,3,31,4,118137.0,9391.0,0
390000,2,2,2,29,2,78470.0,7851.0,0
220000,2,1,1,69,1,50602.0,11859.0,0
100000,1,1,2,68,6,47148.0,23982.0,0
200000,1,4,2,66,-2,31018.0,0.0,0
480000,1,3,2,29,7,12375.0,1939.0,0
120000,2,4,1,27,-1,-31745.0,41.0,0
100000,2,3,3,43,7,7020.0,0.0,0
10000,2,1,3,59,-1,81841.0,6533.0,1
180000,1,3,2,33,-2,100877.0,0.0,1
300000,2,3,2,53,4,-9216.0,18294.0,0
90000,1,1,3,46,7,86573.0,7143.0,1
470000,1,3,2,55,8,104516.0,20819.0,0
210000,1,1,2,55,2,94328.0,6254.0,0
100000,1,1,1,22,-2,-29475.0,13128.0,1
160000,1,3,3,36,4,4788.0,5540.0,0
60000,1,2,2,35,8,91170.0,3461.0,0
210000,1,1,1,63,4,124266.0,0.0,1
480000,1,4,2,27,-1,57521.0,10979.0,0
220000,1,4,3,66,2,83151.0,7414.0,0
130000,1,2,1,35,-1,-25957.0,21453.0,0
340000,1,3,2,58,2,-32805.0,1954.0,0
210000,2,1,1,61,8,20068.0,0.0,0
30000,1,3,1,29,0,-11572.0,0.0,0
250000,2,1,1,35,3,124791.0,8616.0,0
450000,2,1,1,57,2,16465.0,10496.0,1
70000,1,1,1,34,5,80325.0,0.0,0
70000,2,1,2,60,-2,74276.0,7412.0,0
490000,1,2,3,45,5,75920.0,12401.0,0
250000,2,1,2,31,-2,-6829.0,0.0,0
190000,1,1,3,48,1,-51091.0,25266.0,0
140000,2,3,1,27,8,509.0,7406.0,1
20000,1,3,3,41,3,43762.0,4800.0,0
70000,2,3,1,47,2,-55432.0,14695.0,0
140000,2,3,2,24,5,-56370.0,686.0,0
440000,1,1,3,65,5,81267.0,0.0,0
270000,1,1,2,48,1,69968.0,7460.0,0
310000,2,4,1,51,1,50450.0,0.0,0
170000,2,3,3,56,1,33897.0,4929.0,0
470000,1,1,2,65,4,-73929.0,28434.0,0
300000,2,2,1,26,7,49534.0,7569.0,0
150000,2,4,3,65,7,26250.0,8504.0,0
250000,2,4,2,62,5,45625.0,11213.0,0
350000,1,2,3,36,2,-73876.0,14447.0,0
380000,1,2,2,35,8,126452.0,3998.0,0
130000,2,2,3,41,0,98645.0,9342.0,0
460000,1,1,3,55,3,46714.0,2924.0,0
260000,1,2,1,59,1,27449.0,0.0,0
490000,1,3,3,42,6,-24209.0,10142.0,1
110000,1,1,1,62,6,50899.0,0.0,0
220000,2,3,1,35,7,160082.0,0.0,0
50000,1,1,2,58,1,191677.0,6032.0,0
40000,1,3,2,68,6,30216.0,0.0,0
350000,1,3,3,31,6,25874.0,0.0,1
370000,2,2,3,67,5,115892.0,7752.0,0
50000,2,4,2,29,-2,3335.0,0.0,0
330000,2,3,3,23,-1,16340.0,3681.0,0
70000,2,2,3,57,0,-9077.0,8404.0,0
430000,2,2,3,38,2,-267.0,6622.0,1
370000,1,2,2,32,7,203752.0,4395.0,0
220000,1,3,1,28,2,57480.0,9379.0,1
110000,1,2,1,56,-1,55667.0,0.0,0
270000,2,1,1,24,4,152788.0,0.0,0
140000,2,1,2,37,6,124880.0,4126.0,1
110000,2,1,3,31,-1,32865.0,5963.0,0
460000,2,4,1,40,3,-32901.0,9290.0,0
380000,2,4,3,61,8,55461.0,10629.0,0
430000,1,2,1,69,2,101010.0,8907.0,0
60000,2,4,1,37,3,101823.0,13505.0,0
420000,2,2,3,25,4,70739.0,10514.0,0
420000,1,2,3,66,3,58943.0,2703.0,0
90000,1,4,1,62,5,54253.0,2145.0,0
130000,2,2,2,38,5,102874.0,6428.0,0
500000,2,4,2,52,7,6878.0,0.0,1
160000,1,4,3,55,2,52638.0,1023.0,0
70000,2,2,1,57,5,-46905.0,22022.0,0
230000,2,4,3,58,7,118106.0,16045.0,0
200000,2,3,3,57,-1,16387.0,8667.0,0
400000,1,1,2,24,-2,15449.0,3964.0,0
290000,2,4,1,66,1,-4670.0,105.0,1
30000,1,2,1,54,8,-23564.0,10491.0,0
20000,1,3,3,28,2,19889.0,11676.0,0
90000,1,4,2,23,7,109479.0,13409.0,0
110000,1,3,2,58,2,36958.0,4734.0,0
100000,2,4,3,36,4,103696.0,5823.0,1
40000,1,4,2,43,3,46185.0,11831.0,1
300000,1,3,2,57,7,151259.0,1159.0,0
250000,2,4,3,51,-1,60891.0,8772.0,0
270000,2,4,3,52,1,13803.0,4250.0,1
160000,2,4,1,37,4,35729.0,2078.0,0
150000,1,3,3,30,7,-29486.0,10016.0,0
420000,2,4,3,25,1,117853.0,16444.0,1
70000,2,2,1,60,6,32152.0,0.0,0
350000,1,2,3,30,3,86036.0,0.0,0
470000,2,1,2,56,3,127148.0,6908.0,0
470000,2,4,2,67,4,-13890.0,11450.0,0
310000,1,3,1,69,5,17315.0,0.0,0
190000,1,3,3,33,7,25695.0,6407.0,1
460000,2,4,3,28,7,107850.0,5170.0,0
430000,2,4,1,36,-1,74567.0,1591.0,1
80000,1,4,3,38,5,156884.0,0.0,0
300000,1,1,2,68,2,20925.0,0.0,0
450000,2,4,3,67,-2,-22769.0,0.0,0
210000,1,2,3,36,6,56424.0,3176.0,0
270000,2,4,2,69,-2,-91130.0,0.0,1
430000,2,2,1,50,-1,-9301.0,14645.0,0
30000,2,1,1,23,7,97841.0,16871.0,0
430000,1,2,1,46,1,102147.0,15608.0,0
230000,1,3,3,35,8,-8883.0,1380.0,0
480000,1,3,3,22,1,120528.0,6776.0,0
230000,1,1,1,61,7,17461.0,10504.0,0
180000,1,4,2,64,-2,31595.0,0.0,0
260000,1,4,1,53,1,64183.0,0.0,0
250000,2,4,2,54,-2,-17823.0,3817.0,1
300000,1,3,3,63,1,104013.0,5909.0,0
310000,1,4,2,29,-2,64915.0,2739.0,1
340000,2,4,2,66,4,71976.0,1626.0,0
450000,2,3,2,65,6,-14625.0,11806.0,0
110000,1,1,2,33,6,226860.0,2600.0,0
430000,1,2,1,32,8,110037.0,41.0,0
190000,1,4,1,40,2,79307.0,10431.0,1
280000,1,2,1,46,5,68592.0,16727.0,0
410000,1,2,2,55,8,112550.0,8533.0,1
230000,1,3,3,24,8,-625.0,11418.0,0
180000,1,1,3,39,4,90898.0,10284.0,1
200000,1,3,3,61,5,-27372.0,0.0,1
210000,2,2,3,58,-1,51110.0,14048.0,0
30000,2,4,1,24,-1,221235.0,12132.0,0
460000,1,1,1,50,5,9816.0,501.0,0
290000,1,4,2,52,2,62614.0,2486.0,0
30000,1,4,2,41,7,93363.0,1930.0,0
460000,2,3,1,44,7,190554.0,8555.0,0
320000,2,3,2,38,8,60707.0,359.0,0
230000,2,1,1,33,1,62032.0,11646.0,1
420000,2,4,1,21,1,141250.0,0.0,0
230000,1,4,1,63,3,164860.0,10115.0,0
400000,2,1,3,27,5,70850.0,799.0,0
380000,1,4,2,62,2,66012.0,6418.0,1
240000,1,1,2,27,-1,20022.0,0.0,0
40000,1,2,1,43,5,76323.0,12098.0,1
30000,1,1,3,60,4,9763.0,7238.0,0
220000,2,2,2,34,7,-841.0,1541.0,0
230000,2,3,3,47,7,47936.0,8310.0,0
330000,1,2,2,52,8,-25042.0,10034.0,0
10000,2,2,2,22,-2,143254.0,5524.0,1
310000,1,2,2,38,6,54204.0,8143.0,0
300000,2,4,3,48,-2,-37998.0,6855.0,1
10000,1,2,2,31,7,116417.0,5216.0,0
130000,1,4,3,26,8,55568.0,8242.0,0
430000,2,2,2,60,3,89737.0,369.0,1
110000,2,3,2,32,2,3376.0,1040.0,0
100000,2,2,1,31,-2,-3364.0,17141.0,0
490000,2,2,2,28,5,108221.0,10979.0,0
80000,2,3,1,48,2,88604.0,9212.0,0
130000,2,1,2,45,2,-57800.0,8188.0,0
290000,2,1,1,42,4,85834.0,7995.0,1
190000,1,2,3,51,2,90991.0,6556.0,0
130000,1,2,3,44,8,46783.0,10488.0,0
330000,2,2,2,21,1,62856.0,4249.0,0
110000,2,1,3,21,0,-1035.0,2532.0,0
120000,2,4,3,33,-1,107075.0,9691.0,0
500000,2,4,3,60,7,-24165.0,2240.0,0
170000,1,4,3,66,2,-8536.0,14614.0,0
480000,2,4,3,24,-1,35014.0,16764.0,0
40000,1,1,1,69,-1,50564.0,0.0,1
150000,1,4,2,66,6,-24998.0,0.0,1
110000,2,4,1,34,0,57328.0,6212.0,0
70000,2,2,1,42,1,77438.0,4467.0,0
10000,2,1,2,27,5,33402.0,0.0,1
450000,1,1,1,27,5,64859.0,6322.0,0
410000,2,4,3,27,4,65658.0,10540.0,1
370000,2,3,3,21,2,70460.0,0.0,0
280000,2,3,2,56,8,64220.0,9034.0,1
390000,1,3,1,56,6,132979.0,5618.0,1
320000,1,3,1,23,1,62592.0,13907.0,0
350000,2,2,1,24,6,57659.0,13300.0,0
30000,1,1,2,32,1,42132.0,0.0,0
410000,2,2,3,65,-2,-4218.0,0.0,0
460000,2,3,2,58,-2,43571.0,0.0,0
220000,2,4,1,67,-1,-26198.0,9008.0,0
170000,2,1,3,51,7,45546.0,8144.0,0
310000,2,1,3,69,3,64047.0,0.0,0
250000,1,3,2,28,-2,130632.0,825.0,1
440000,2,2,3,21,1,-73276.0,0.0,0
460000,2,2,2,23,7,65577.0,11805.0,0
70000,2,4,2,29,5,92553.0,0.0,0
420000,1,1,1,67,7,21209.0,9551.0,0
280000,2,1,2,25,7,85536.0,6697.0,0
130000,1,2,2,42,1,-2005.0,11879.0,0
200000,2,3,3,69,0,-21096.0,6021.0,0
10000,2,1,1,31,4,133493.0,4888.0,0
220000,1,3,2,45,2,-57963.0,13633.0,0
410000,1,3,1,51,1,156423.0,2211.0,0
150000,2,4,2,59,1,127973.0,1435.0,0
190000,2,2,2,43,4,85403.0,11613.0,0
440000,1,3,2,60,1,58428.0,9931.0,0
470000,2,2,2,26,3,12624.0,3114.0,0
270000,1,3,3,42,1,9510.0,0.0,1
110000,1,4,3,48,-1,90233.0,0.0,0
60000,1,2,2,49,0,104258.0,0.0,0
100000,2,3,3,43,4,81424.0,0.0,1
430000,1,3,1,26,6,26563.0,22.0,0
360000,1,4,2,52,3,49089.0,895.0,1
390000,2,3,1,48,5,73714.0,431.0,0
300000,2,4,1,23,-1,121929.0,1497.0,0
320000,2,3,3,48,1,177486.0,14395.0,1
150000,1,2,3,30,4,34031.0,2413.0,0
20000,2,3,2,34,4,145429.0,486.0,0
130000,1,2,1,51,8,-17476.0,7233.0,0
280000,2,1,3,56,5,101175.0,2076.0,0
90000,2,4,1,44,2,34715.0,0.0,0
160000,2,2,2,50,-2,62380.0,0.0,0
230000,1,1,2,24,7,185719.0,4484.0,0
150000,2,2,3,48,6,63415.0,5497.0,0
470000,2,1,1,61,6,3028.0,10238.0,0
20000,1,1,1,42,1,55311.0,0.0,1
10000,1,2,2,52,1,93762.0,0.0,0
270000,1,3,3,27,-2,3013.0,5837.0,1
150000,1,1,1,54,0,86090.0,8778.0,1
140000,2,4,3,42,0,54659.0,0.0,0
290000,2,1,3,24,3,100516.0,10122.0,0
260000,2,3,1,49,-1,82753.0,684.0,0
90000,1,4,1,42,-2,1063.0,1705.0,0
130000,2,1,2,34,6,28146.0,7195.0,0
460000,2,4,3,33,3,-12878.0,3158.0,0
470000,1,3,1,30,1,56466.0,0.0,0
180000,2,1,1,54,7,114464.0,7013.0,0
50000,2,4,2,37,1,-2483.0,4462.0,1
490000,1,4,2,27,4,48150.0,23501.0,1
50000,1,2,1,21,-1,79115.0,0.0,0
240000,2,3,3,31,6,14261.0,18395.0,0
440000,2,2,1,68,5,-25725.0,11350.0,0
330000,2,1,2,49,-2,-23071.0,0.0,0
120000,2,3,3,25,7,65294.0,0.0,1
40000,1,3,3,47,2,71734.0,1838.0,0
360000,1,4,2,61,6,2029.0,0.0,0
390000,2,4,2,37,-2,173367.0,13830.0,1
230000,2,4,2,43,2,30976.0,2818.0,0
220000,2,1,2,43,-1,24143.0,14051.0,0
420000,1,3,1,62,7,103071.0,14036.0,1
370000,2,1,2,49,-1,144662.0,6624.0,0
180000,1,3,2,66,1,78712.0,12196.0,0
250000,1,3,1,69,1,10257.0,2215.0,0
240000,2,1,3,29,7,134093.0,0.0,0
100000,1,2,1,27,3,61306.0,14656.0,0
370000,1,1,2,25,-2,295.0,12772.0,0
330000,1,4,1,56,5,-3845.0,5262.0,1
120000,2,2,3,46,1,177843.0,0.0,0
470000,2,3,2,60,0,137682.0,0.0,0
480000,2,2,3,41,7,60321.0,0.0,0
90000,1,1,2,41,-2,2434.0,2715.0,0
30000,1,4,2,37,2,26085.0,5437.0,0
310000,2,4,2,35,-2,-6928.0,4782.0,0
470000,2,2,3,64,6,707.0,33.0,0
180000,1,1,2,25,-2,49161.0,443.0,0
400000,1,2,1,47,2,69993.0,6798.0,0
430000,1,1,1,25,4,-15905.0,0.0,0
430000,1,3,2,26,0,146577.0,14496.0,0
460000,2,4,2,36,-2,87089.0,0.0,0
40000,1,3,2,69,-1,35651.0,0.0,0
270000,1,3,1,68,4,56921.0,0.0,0
350000,2,2,1,59,3,149073.0,3562.0,0
80000,2,1,2,51,1,7365.0,16308.0,0
90000,1,3,2,37,4,84887.0,9120.0,0
20000,1,4,1,35,0,-11537.0,7488.0,0
370000,1,2,1,51,4,80091.0,0.0,0
20000,2,4,1,40,3,666.0,4359.0,0
390000,1,4,3,59,5,60013.0,7866.0,0
380000,2,3,1,44,6,4342.0,7587.0,0
70000,1,3,1,52,5,147345.0,1738.0,0
400000,2,2,1,27,-2,53906.0,9737.0,1
300000,2,1,3,24,8,50054.0,16720.0,0
410000,1,1,1,33,-1,51284.0,3729.0,0
190000,2,2,1,35,3,39299.0,29036.0,1
370000,1,1,2,43,-2,232712.0,21572.0,1
420000,2,2,3,30,-1,72158.0,0.0,0
220000,2,2,1,42,6,41522.0,11750.0,0
30000,2,1,2,50,-1,10522.0,0.0,0
380000,1,3,1,39,-1,54102.0,3520.0,0
10000,2,4,3,49,2,147660.0,5206.0,0
280000,1,2,2,69,8,-63962.0,2821.0,0
440000,2,3,3,65,7,88846.0,6685.0,0
380000,1,4,2,31,7,107998.0,8530.0,0
460000,2,4,2,59,5,-42207.0,0.0,0
370000,2,1,2,52,1,-11507.0,0.0,0
410000,1,3,3,68,1,38411.0,11617.0,0
430000,2,3,2,22,0,-24529.0,14163.0,0
410000,2,2,3,58,7,77667.0,11780.0,1
110000,1,3,2,62,8,-57623.0,8260.0,0
140000,2,2,3,52,1,71371.0,15742.0,1
370000,1,2,3,35,2,57343.0,3133.0,0
180000,1,4,1,56,0,48376.0,7730.0,0
180000,1,4,3,33,5,76039.0,8026.0,0
330000,1,1,3,66,0,22513.0,6471.0,0
440000,2,1,1,60,-2,38774.0,0.0,1
300000,1,2,1,51,4,-2913.0,0.0,0
220000,2,3,3,37,5,58415.0,0.0,0
230000,1,2,2,41,5,-56395.0,8420.0,0
210000,1,2,1,24,7,113391.0,9185.0,0
350000,1,1,3,31,7,-955.0,0.0,0
360000,1,3,3,63,7,-7288.0,13565.0,0
330000,2,1,3,53,0,-22978.0,3623.0,1
230000,1,2,3,37,8,166549.0,5308.0,0
150000,1,1,1,21,5,39010.0,11080.0,1
340000,1,2,2,24,-2,68351.0,0.0,0
190000,1,4,3,24,-2,52057.0,0.0,0
410000,2,2,1,26,3,11279.0,2518.0,1
330000,2,2,3,57,0,95402.0,8832.0,0
30000,2,3,2,25,2,7137.0,0.0,0
480000,2,4,2,33,3,37423.0,0.0,0
270000,1,4,1,65,4,26442.0,0.0,0
220000,2,1,1,47,3,65335.0,3079.0,1
100000,1,2,1,31,1,55550.0,0.0,1
390000,1,4,2,39,-1,39619.0,8020.0,0
270000,2,2,1,26,8,68981.0,15612.0,1
460000,1,3,1,54,-2,99471.0,0.0,0
260000,2,1,3,31,1,-70666.0,10862.0,1
410000,1,3,1,42,4,97633.0,4616.0,0
320000,2,1,1,55,2,88737.0,9982.0,1
230000,1,1,2,60,7,1089.0,9974.0,0
320000,1,1,2,54,3,104455.0,13357.0,1
300000,1,1,3,43,4,118818.0,3943.0,0
460000,1,2,3,29,4,44752.0,8672.0,0
190000,2,4,2,37,-2,75777.0,0.0,0
70000,2,2,2,67,-2,47880.0,5486.0,0
50000,1,1,2,49,-1,104118.0,7143.0,0
150000,2,2,1,33,8,76956.0,14333.0,0
440000,1,3,3,62,-2,50848.0,769.0,1
420000,2,3,2,31,4,18282.0,0.0,0
60000,2,2,1,31,6,58304.0,19181.0,0
170000,2,4,2,50,7,123705.0,0.0,0
310000,1,2,1,56,4,60061.0,7565.0,0
440000,2,4,2,22,1,44038.0,3796.0,0
110000,2,1,3,34,8,-71583.0,0.0,0
210000,2,4,2,30,3,61609.0,7191.0,0
460000,1,1,2,66,0,9313.0,0.0,0
250000,1,3,1,37,0,49188.0,0.0,0
10000,2,1,3,41,4,-21492.0,11063.0,0
430000,1,3,2,55,-2,-26150.0,6014.0,1
290000,1,3,2,29,0,96543.0,9164.0,0
40000,2,3,2,31,0,107317.0,0.0,0
170000,2,1,1,68,2,84711.0,13533.0,0
190000,1,2,1,51,1,83020.0,0.0,0
490000,1,2,2,65,3,32341.0,2960.0,0
180000,1,1,2,60,-1,121097.0,1946.0,0
360000,2,2,3,47,2,-44230.0,16197.0,1
390000,1,4,2,55,4,106695.0,2626.0,0
100000,1,1,2,33,6,60422.0,7775.0,0
350000,2,2,3,57,-2,153217.0,0.0,0
160000,2,2,3,68,0,66719.0,5700.0,0
250000,2,3,2,25,8,-16395.0,1538.0,0
250000,1,2,3,47,0,37371.0,10647.0,1
390000,1,1,2,69,7,160076.0,11063.0,1
120000,1,3,1,33,2,134755.0,5645.0,0
100000,1,4,1,33,1,-51586.0,13662.0,0
380000,1,1,1,43,8,46482.0,0.0,0
30000,2,4,3,59,8,24547.0,10238.0,1
100000,2,1,1,48,4,83904.0,0.0,1
380000,2,1,2,44,5,-6703.0,9060.0,0
430000,1,1,2,36,2,80532.0,0.0,0
30000,2,2,2,33,-1,63658.0,0.0,0
150000,2,1,3,40,2,-28100.0,1531.0,1
320000,2,3,3,21,6,100994.0,0.0,1
300000,2,1,2,35,7,57270.0,3054.0,0
230000,1,4,1,34,-2,15636.0,0.0,0
10000,2,3,3,65,8,2022.0,4402.0,0
30000,2,2,1,54,5,59291.0,0.0,0
100000,1,4,3,27,7,12.0,7922.0,1
290000,1,3,1,27,0,34496.0,4869.0,1
90000,2,1,1,60,1,-48676.0,12851.0,0
40000,1,4,2,63,6,38280.0,0.0,1
310000,1,4,1,58,7,114213.0,913.0,0
110000,2,1,3,53,7,106514.0,1372.0,0
100000,1,1,1,55,-2,106932.0,0.0,0
70000,1,4,3,49,5,3691.0,7756.0,0
250000,2,3,3,51,6,35545.0,0.0,0
30000,2,2,2,26,3,-21398.0,3605.0,0
280000,2,2,1,46,2,63023.0,943.0,1
460000,2,2,2,33,4,5766.0,14411.0,0
430000,1,3,1,33,7,31350.0,6902.0,1
400000,1,1,2,57,2,63341.0,0.0,0
50000,1,3,3,23,8,27645.0,0.0,0
50000,1,1,2,55,-1,84068.0,0.0,0
200000,2,1,1,44,4,57634.0,0.0,0
340000,2,3,3,64,5,106151.0,7450.0,0
420000,1,1,2,44,5,23198.0,0.0,1
150000,1,2,1,65,1,27147.0,0.0,1
350000,2,4,3,60,1,134271.0,0.0,0
30000,1,4,2,39,8,-10722.0,0.0,0
460000,2,3,2,49,8,68740.0,0.0,0
380000,2,1,1,67,8,28678.0,0.0,0
80000,2,4,1,53,6,-48793.0,9662.0,0
240000,1,3,3,63,2,-9570.0,2311.0,1
280000,1,1,2,40,4,89058.0,5216.0,0
330000,2,1,3,34,0,56268.0,11234.0,0
100000,2,4,1,37,5,77088.0,807.0,0
440000,1,2,3,64,-1,109782.0,8979.0,0
400000,1,2,2,67,4,104064.0,6168.0,0
100000,2,4,1,24,0,74302.0,10085.0,0
130000,1,3,3,55,4,-40100.0,20058.0,0
20000,2,1,1,30,-2,58002.0,12080.0,0
180000,1,4,2,43,7,87689.0,0.0,0
100000,2,4,2,24,5,74770.0,0.0,0
230000,1,3,1,29,2,25314.0,11294.0,1
80000,1,2,1,30,4,94957.0,1673.0,0
360000,1,3,3,44,0,17827.0,0.0,0
220000,2,4,2,58,6,48279.0,0.0,0
170000,1,4,3,51,5,41962.0,16802.0,0
330000,1,4,1,35,2,-43210.0,4276.0,0
200000,2,2,1,62,0,60847.0,7721.0,0
170000,1,3,3,26,4,132147.0,0.0,0
90000,2,3,2,26,3,-70043.0,1155.0,0
360000,1,2,2,55,3,46034.0,13539.0,1
500000,1,3,1,37,3,28231.0,8771.0,0
330000,1,3,2,35,4,64759.0,0.0,0
130000,1,3,2,33,0,14269.0,8395.0,1
410000,1,3,3,48,-1,59628.0,0.0,0
460000,2,2,1,61,8,-19958.0,8659.0,0
80000,2,4,1,54,-2,55030.0,1888.0,0
260000,1,2,2,61,1,31512.0,3304.0,1
320000,2,3,2,66,6,-23.0,15593.0,0
440000,2,3,2,66,1,-18183.0,0.0,0
390000,2,4,2,59,-2,174783.0,0.0,0
350000,2,3,1,57,3,133927.0,706.0,1
160000,2,3,2,54,0,42420.0,0.0,0
70000,2,3,1,52,2,46188.0,14901.0,1
150000,1,3,2,28,4,112754.0,0.0,0
490000,2,3,1,34,1,129826.0,3995.0,0
250000,2,4,2,62,6,54957.0,13591.0,0
90000,2,4,3,53,-2,13181.0,0.0,0
230000,2,4,1,44,7,-18481.0,14440.0,0
270000,1,4,3,35,4,53877.0,5985.0,0
450000,1,2,3,58,4,37464.0,0.0,1
500000,1,4,2,41,7,74379.0,4252.0,0
140000,2,2,2,61,2,58560.0,4581.0,0
350000,1,3,3,52,8,59009.0,0.0,0
200000,1,3,1,52,7,11814.0,4708.0,0
340000,2,1,1,24,3,42315.0,0.0,0
90000,2,1,3,47,3,40047.0,4073.0,0
80000,2,1,3,28,6,99399.0,15018.0,0
80000,2,3,2,46,3,-75598.0,6351.0,0
350000,2,3,3,45,-1,184565.0,16507.0,0
270000,1,1,2,41,7,136413.0,12648.0,0
330000,2,4,1,21,7,11151.0,0.0,0
20000,1,3,1,33,0,-34767.0,10538.0,0
250000,2,1,2,48,3,140039.0,13589.0,0
400000,1,4,1,23,8,59951.0,4610.0,0
350000,2,3,2,57,7,149955.0,26875.0,0
10000,1,1,2,65,6,27661.0,0.0,0
270000,1,3,2,24,8,4608.0,10493.0,0
380000,2,3,1,52,5,113592.0,6733.0,0
270000,1,2,3,47,1,18533.0,18072.0,0
40000,1,3,2,42,6,-8072.0,0.0,0
480000,2,4,1,58,1,42434.0,0.0,0
330000,1,1,2,27,6,-155976.0,739.0,0
20000,2,4,2,43,5,1362.0,5878.0,0
330000,2,4,1,26,1,95950.0,19004.0,0
30000,1,4,2,61,1,87425.0,13447.0,1
220000,2,4,3,30,-2,-38860.0,3376.0,0
40000,2,4,3,42,-1,156865.0,1355.0,0
410000,1,4,2,59,6,119064.0,3095.0,1
140000,1,1,2,51,-2,26444.0,10209.0,0
490000,1,3,1,65,4,57187.0,11310.0,0
450000,2,4,2,48,-2,39220.0,2414.0,0
60000,2,2,3,33,-1,102341.0,13086.0,0
260000,2,1,1,59,-2,33316.0,10592.0,0
100000,2,1,3,54,5,91698.0,6768.0,0
220000,1,1,3,24,4,179427.0,0.0,0
30000,1,2,3,62,3,58427.0,9848.0,1
390000,1,3,2,48,1,85440.0,5297.0,1
360000,1,3,3,23,6,52145.0,0.0,0
130000,2,4,2,65,4,105981.0,9023.0,0
30000,1,3,2,65,2,93415.0,3993.0,0
340000,2,1,2,54,5,93129.0,0.0,0
160000,1,1,1,51,5,210966.0,7365.0,0
120000,2,1,3,62,7,92426.0,0.0,0
140000,1,2,2,56,2,-65406.0,12237.0,0
210000,2,4,3,56,1,55614.0,9332.0,0
470000,1,4,3,65,-2,148828.0,2700.0,1
340000,2,2,3,53,6,72863.0,0.0,0
490000,1,4,1,34,1,1931.0,8935.0,0
110000,2,3,3,28,6,16283.0,5607.0,0
300000,2,1,3,39,7,-74258.0,0.0,1
170000,2,4,3,56,7,86309.0,0.0,0
310000,1,2,1,63,-1,-31363.0,9912.0,0
260000,1,1,3,54,-2,2836.0,0.0,0
90000,2,4,2,22,-2,25712.0,22895.0,0
110000,1,2,3,36,2,200183.0,0.0,0
210000,2,2,3,69,-2,77948.0,0.0,0
40000,2,2,3,43,3,-72999.0,9775.0,0
410000,1,3,2,62,0,104475.0,2812.0,0
500000,1,4,1,36,0,31151.0,0.0,0
440000,2,2,2,28,0,96340.0,4134.0,0
100000,1,3,3,39,4,-100060.0,11464.0,0
440000,1,2,1,69,3,84085.0,5865.0,0
300000,1,1,1,47,8,100213.0,0.0,0
380000,1,1,2,65,4,48472.0,11310.0,0
220000,1,4,3,60,-2,41028.0,16773.0,0
410000,1,3,1,56,1,-78615.0,0.0,0
170000,1,3,1,43,3,25030.0,869.0,0
110000,2,1,2,36,3,110109.0,127.0,1
160000,2,4,3,50,3,7808.0,4209.0,0
470000,2,4,1,26,0,157621.0,0.0,0
100000,1,2,2,39,1,71925.0,0.0,0
50000,2,1,3,44,-1,-18334.0,3027.0,0
130000,1,2,1,66,0,-59739.0,8903.0,1
280000,1,3,1,28,5,78474.0,5253.0,1
150000,1,2,2,45,4,-63553.0,12694.0,0
10000,2,2,3,32,-2,45835.0,6464.0,0
110000,1,4,3,46,-1,49958.0,6051.0,0
10000,1,4,3,33,7,-7696.0,6203.0,1
500000,2,2,1,59,7,52822.0,4234.0,1
40000,2,1,1,53,8,-13928.0,9499.0,0
90000,1,4,3,41,8,26756.0,3294.0,0
30000,2,1,3,37,6,89736.0,8677.0,1
290000,1,2,2,29,1,61977.0,650.0,0
270000,2,3,2,68,7,89724.0,0.0,0
370000,2,2,2,27,-1,-26186.0,6398.0,0
330000,2,4,2,28,1,78047.0,1447.0,0
370000,1,2,1,21,3,193492.0,0.0,0
10000,2,3,1,63,2,9737.0,0.0,0
10000,1,1,3,48,-1,71897.0,13247.0,0
90000,1,1,3,48,8,47545.0,0.0,0
400000,2,4,2,69,0,58001.0,7119.0,0
120000,1,4,2,60,0,57325.0,1589.0,1
420000,2,3,3,62,-1,131244.0,3939.0,0
340000,1,3,2,29,6,138001.0,0.0,0
350000,1,3,2,68,7,45176.0,1897.0,1
50000,1,2,3,47,-1,-18319.0,4492.0,0
130000,2,4,2,49,-1,86171.0,10247.0,0
380000,2,1,3,61,5,78299.0,3253.0,0
140000,1,1,3,62,8,81300.0,0.0,0
10000,2,3,3,66,7,90406.0,0.0,0
380000,1,3,3,39,-1,173104.0,5428.0,0
50000,1,3,2,48,2,87233.0,5308.0,1
140000,1,2,1,39,3,44758.0,0.0,1
10000,2,2,1,30,3,131443.0,0.0,1
190000,2,1,1,69,6,57476.0,6635.0,0
460000,2,2,2,48,0,-40291.0,7698.0,0
320000,2,1,2,56,6,25580.0,2650.0,0
350000,1,2,1,23,6,141989.0,6821.0,0
460000,2,3,3,56,0,-31949.0,0.0,0
210000,1,3,1,54,6,-92639.0,0.0,1
280000,2,4,2,36,8,102034.0,11144.0,0
240000,2,2,3,61,8,35590.0,0.0,0
200000,1,2,1,60,7,40712.0,872.0,1
420000,1,1,1,41,-2,84741.0,1462.0,1
460000,2,1,1,54,-2,12685.0,7870.0,0
300000,2,2,2,48,4,-12560.0,0.0,0
490000,2,2,2,28,-2,42827.0,17549.0,0
240000,1,3,1,64,5,85958.0,16419.0,0
360000,1,3,1,30,-1,108801.0,625.0,0
60000,1,4,1,41,5,87697.0,9645.0,0
370000,2,3,3,60,3,-26000.0,0.0,0
10000,1,1,1,37,-2,26233.0,3014.0,0
280000,2,3,3,40,8,1001.0,0.0,0
290000,2,3,2,26,-2,54750.0,0.0,0
360000,1,3,2,51,0,-535.0,0.0,0
500000,1,1,3,38,8,66597.0,9941.0,0
100000,1,3,2,63,-1,58588.0,10890.0,0
80000,1,1,2,54,3,65502.0,12414.0,0
280000,2,3,1,49,1,76103.0,12658.0,1
20000,2,3,3,66,8,-72785.0,10827.0,0
320000,2,3,2,21,3,121972.0,4389.0,1
260000,1,3,1,39,6,114066.0,0.0,0
350000,1,3,3,63,8,16778.0,14620.0,0
200000,2,3,3,69,6,26407.0,10511.0,0
220000,1,1,3,47,8,-19354.0,6689.0,0
390000,1,1,3,57,7,173925.0,12588.0,0
310000,2,4,3,42,1,91230.0,0.0,0
20000,1,2,1,24,1,134246.0,3347.0,1
240000,2,1,3,27,7,162062.0,10382.0,0
90000,2,2,2,58,2,111521.0,0.0,1
360000,1,3,3,67,3,50455.0,11633.0,0
50000,2,1,1,41,0,91730.0,3338.0,0
370000,1,3,2,62,5,72228.0,0.0,0
50000,2,1,2,31,5,158925.0,0.0,0
30000,1,4,2,21,3,115081.0,9582.0,1
410000,1,2,3,46,-2,73420.0,5533.0,0
460000,1,4,2,33,2,62612.0,7168.0,0
390000,1,3,3,42,2,-12172.0,5249.0,1
350000,2,4,2,50,7,-21366.0,6706.0,0
320000,1,3,3,44,6,73020.0,0.0,0
320000,2,3,3,60,-1,108303.0,0.0,1
50000,2,4,3,52,0,68950.0,659.0,0
360000,1,3,1,27,1,-6431.0,0.0,0
350000,1,2,2,47,6,45387.0,16400.0,0
260000,1,1,2,63,-1,32814.0,8609.0,0
480000,1,4,3,30,1,49821.0,0.0,0
350000,2,4,1,24,5,79580.0,3964.0,0
180000,2,2,3,47,-2,19317.0,7678.0,0
440000,1,4,2,54,5,122465.0,6772.0,1
230000,1,2,3,68,-2,25773.0,116.0,0
410000,2,2,3,59,1,-34586.0,9737.0,0
280000,2,3,1,64,5,80835.0,15662.0,0
330000,1,2,2,61,7,97727.0,1060.0,0
190000,2,1,2,69,4,5071.0,0.0,0
220000,1,3,2,66,3,56041.0,0.0,1
130000,1,2,1,23,5,67865.0,12870.0,1
30000,2,3,3,47,0,76450.0,8012.0,0
180000,2,4,1,27,4,93911.0,0.0,1
400000,2,4,2,36,8,191287.0,306.0,1
140000,1,1,1,61,-1,46863.0,4649.0,0
490000,1,3,1,28,0,66627.0,16016.0,0
270000,2,1,3,54,5,40645.0,5402.0,0
410000,2,1,2,65,4,60315.0,8542.0,0
240000,1,1,1,30,0,25845.0,12553.0,0
200000,2,2,1,48,6,47551.0,0.0,0
140000,2,3,3,38,-1,-67587.0,7531.0,0
370000,1,3,1,31,-2,53622.0,0.0,1
10000,1,1,3,49,6,25498.0,0.0,1
170000,2,4,2,35,4,6652.0,18972.0,0
30000,2,3,2,33,-2,67770.0,9069.0,0
380000,2,2,2,63,5,-111214.0,4998.0,0
70000,2,4,3,28,8,37465.0,0.0,0
90000,2,1,1,67,1,84786.0,0.0,1
220000,2,2,1,67,3,135117.0,0.0,0
160000,2,3,1,68,3,158215.0,890.0,1
460000,2,2,3,46,3,19117.0,18672.0,0
250000,1,4,3,31,-1,73603.0,14480.0,0
10000,1,2,3,60,7,-68183.0,11984.0,1
410000,2,3,2,39,6,96664.0,0.0,0
370000,1,4,3,65,-2,29855.0,10733.0,0
180000,2,4,3,68,-1,58621.0,16244.0,0
310000,2,4,1,29,-1,111989.0,0.0,0
160000,2,4,2,60,8,103245.0,0.0,1
410000,1,2,1,60,-1,-90329.0,13637.0,0
360000,1,2,3,31,5,6575.0,0.0,1
350000,2,3,2,40,8,53127.0,10731.0,1
280000,2,1,1,21,5,-44001.0,115.0,0
90000,2,2,1,49,-2,117293.0,14115.0,0
150000,1,3,1,49,4,96808.0,0.0,0
160000,1,1,1,44,3,17224.0,7608.0,0
10000,1,1,1,24,-1,-73733.0,24822.0,0
20000,2,4,2,46,7,103185.0,12068.0,0
170000,1,3,1,46,8,41373.0,5035.0,1
200000,2,2,2,44,4,85054.0,0.0,1
400000,1,4,1,61,-1,49635.0,0.0,0
500000,1,3,3,22,7,-29196.0,0.0,0
410000,2,1,1,58,-2,36646.0,0.0,0
220000,2,1,1,35,3,-39660.0,14482.0,0
110000,1,3,2,65,6,6656.0,934.0,0
400000,1,3,1,22,0,71870.0,5018.0,0
500000,2,1,2,29,-1,-45177.0,8338.0,0
150000,1,1,3,42,8,68635.0,7897.0,0
470000,1,2,3,45,5,-71827.0,7150.0,0
290000,2,3,1,66,1,126204.0,12315.0,0
470000,2,1,3,32,2,-11196.0,8253.0,0
110000,1,3,2,61,6,96654.0,3846.0,0
490000,1,1,1,68,8,-17929.0,12072.0,0
280000,1,2,3,37,7,108804.0,2822.0,0
340000,2,2,3,50,0,-63210.0,12100.0,0
430000,2,2,1,24,5,31612.0,0.0,0
170000,1,2,2,47,1,8987.0,1847.0,1
310000,1,4,3,38,3,-23904.0,0.0,0
100000,2,3,3,54,3,13291.0,0.0,0
290000,2,2,3,53,6,41012.0,22566.0,0
420000,1,3,1,44,-1,7980.0,3527.0,0
290000,1,2,2,57,1,116777.0,8873.0,0
420000,2,4,2,40,8,80625.0,4554.0,0
70000,2,2,3,35,1,134407.0,0.0,1
150000,2,2,1,53,0,-10650.0,17485.0,0
490000,2,1,2,62,5,69064.0,0.0,0
340000,2,4,1,35,0,69714.0,17228.0,0
70000,2,4,3,22,4,58367.0,14814.0,0
230000,1,2,1,63,-1,-78668.0,0.0,0
290000,1,2,1,22,2,27109.0,407.0,0
490000,1,4,1,27,0,-81420.0,13765.0,0
140000,2,4,1,49,-1,-55363.0,9303.0,0
120000,1,4,2,34,2,117691.0,9532.0,1
370000,1,4,3,62,-1,15481.0,13124.0,0
300000,1,3,3,52,7,93246.0,16159.0,0
20000,1,1,2,54,0,29387.0,546.0,0
390000,1,4,1,59,1,113110.0,11498.0,0
310000,1,1,2,45,8,99379.0,0.0,0
110000,1,1,1,23,7,42600.0,15193.0,0
360000,2,2,3,47,-1,37366.0,28977.0,1
190000,1,2,1,22,2,28542.0,0.0,0
480000,1,2,1,48,-2,131072.0,4637.0,0
100000,2,3,2,28,-1,89162.0,0.0,0
10000,2,4,3,40,4,50889.0,57.0,0
470000,1,3,2,33,1,58814.0,0.0,0
180000,2,2,2,43,1,77735.0,284.0,0
230000,1,2,3,29,7,-21285.0,11424.0,0
240000,2,4,2,54,1,17571.0,19901.0,0
280000,2,3,3,50,2,97031.0,15350.0,0
440000,1,3,2,52,-2,86249.0,12347.0,0
380000,1,3,3,57,0,43074.0,2380.0,0
460000,2,3,2,64,-2,-19168.0,9551.0,0
200000,1,3,1,66,4,166848.0,2444.0,0
150000,2,4,2,66,2,52683.0,6896.0,0
100000,2,3,1,57,7,123490.0,0.0,0
250000,2,4,2,67,8,95389.0,1269.0,0
370000,1,3,3,55,8,63343.0,13801.0,0
90000,2,3,3,24,-1,156767.0,0.0,0
300000,2,4,1,50,6,70519.0,0.0,0
450000,2,1,2,52,1,208267.0,0.0,0
160000,2,1,1,35,1,84867.0,0.0,0
380000,2,1,1,57,0,95483.0,6862.0,1
280000,2,2,2,50,5,85668.0,0.0,0
480000,2,1,2,53,1,75020.0,12006.0,0
400000,2,1,2,33,3,104704.0,3045.0,0
380000,2,4,1,36,5,91992.0,1998.0,1
130000,1,4,1,54,7,125414.0,6408.0,1
500000,2,4,1,52,7,757.0,5524.0,0
120000,1,4,2,49,1,29386.0,6244.0,0
380000,2,1,1,46,7,40374.0,3216.0,0
50000,2,1,2,45,7,68962.0,2217.0,1
40000,2,1,3,49,3,194532.0,4014.0,0
160000,1,1,3,49,-1,69008.0,8738.0,0
70000,1,2,3,44,0,55422.0,6704.0,0
90000,2,2,2,36,8,57517.0,16279.0,0
220000,2,2,1,68,0,122359.0,6930.0,0
170000,1,3,2,53,8,82934.0,0.0,0
250000,2,1,1,51,7,-35860.0,6246.0,1
430000,1,2,1,61,4,-57024.0,0.0,0
420000,1,2,3,58,-1,82198.0,14736.0,0
30000,1,4,2,58,8,-48064.0,0.0,0
400000,2,4,1,30,-2,115505.0,4347.0,0
400000,2,2,1,61,4,62732.0,2173.0,0
460000,1,1,2,46,7,24270.0,0.0,1
200000,1,1,1,27,2,128377.0,0.0,0
110000,2,4,2,47,1,154838.0,5473.0,0
40000,2,3,1,29,5,71949.0,27733.0,0
460000,1,4,3,52,0,17987.0,0.0,0
150000,2,4,3,57,8,72988.0,7727.0,0
490000,1,2,2,38,6,30462.0,13359.0,0
430000,2,4,2,31,5,77544.0,0.0,0
260000,1,3,2,37,4,-30085.0,0.0,1
230000,2,2,1,21,1,47682.0,7231.0,0
480000,1,2,2,23,3,18451.0,0.0,0
270000,2,2,3,67,-1,75170.0,0.0,0
390000,1,1,3,24,4,43917.0,6258.0,1
370000,1,4,3,68,1,-43323.0,8951.0,0
290000,1,4,1,54,6,84192.0,5867.0,0
280000,2,1,3,66,2,76890.0,16490.0,0
480000,2,3,1,47,6,51679.0,0.0,0
380000,2,3,2,49,8,60062.0,3508.0,1
480000,1,2,3,39,8,-30435.0,656.0,0
200000,1,1,1,31,1,94893.0,380.0,0
170000,1,4,2,39,3,21978.0,0.0,0
90000,2,4,1,49,-2,1474.0,0.0,0
230000,2,3,2,68,6,26205.0,0.0,0
380000,2,3,3,64,-1,76474.0,9913.0,0
170000,2,3,2,53,2,860.0,11360.0,0
280000,2,4,3,40,3,95998.0,8241.0,0
340000,2,2,1,65,4,102426.0,13593.0,1
410000,1,3,2,25,8,74954.0,3510.0,0
480000,2,1,1,28,5,69500.0,4041.0,0
410000,1,3,2,59,0,75737.0,0.0,0
390000,1,3,2,65,7,113738.0,0.0,0
280000,1,4,1,65,8,126953.0,2476.0,1
110000,2,3,1,60,5,-3569.0,19149.0,0
480000,2,3,3,54,5,154959.0,0.0,0
40000,2,3,3,55,7,53958.0,16028.0,1
220000,1,4,1,38,-1,54008.0,0.0,1
20000,2,4,2,51,0,91529.0,0.0,0
350000,2,3,2,29,-2,-16753.0,1626.0,1
290000,1,2,3,24,4,90478.0,2068.0,0
230000,1,1,2,48,-2,67591.0,3642.0,0
470000,1,4,3,45,6,69412.0,8919.0,0
90000,2,3,3,68,6,14526.0,8188.0,0
380000,1,2,3,44,6,71009.0,0.0,0
130000,1,2,1,42,6,119018.0,2236.0,0
170000,2,2,2,37,3,54911.0,18652.0,0
10000,1,2,2,38,3,58629.0,4938.0,1
230000,2,4,2,36,7,23639.0,0.0,0
10000,2,4,2,28,-2,66668.0,10261.0,0
350000,1,1,1,65,0,-46171.0,4014.0,0
70000,2,4,2,42,7,50088.0,5203.0,0
30000,2,1,2,53,0,99685.0,9489.0,0
190000,2,3,2,22,3,140652.0,0.0,0
240000,1,3,3,53,2,111685.0,8080.0,0
250000,2,4,2,21,3,115903.0,11273.0,0
360000,1,3,3,63,5,-29985.0,2235.0,0
60000,2,3,1,58,2,59681.0,8474.0,1
20000,1,2,1,59,7,42091.0,4251.0,0
20000,2,1,2,53,3,72502.0,13539.0,0
380000,1,3,2,43,0,99975.0,0.0,0
450000,2,3,1,45,4,50251.0,2286.0,0
290000,2,2,3,28,2,60770.0,0.0,0
130000,2,2,3,40,5,20829.0,0.0,0
440000,2,4,2,61,-2,40246.0,0.0,0
130000,1,3,3,59,1,41162.0,4081.0,0
320000,2,4,2,34,6,151459.0,0.0,0
240000,1,2,2,21,8,25097.0,7963.0,0
110000,2,4,3,56,7,99565.0,12475.0,0
130000,2,2,2,23,-2,33002.0,2859.0,0
30000,2,4,1,40,8,26442.0,4582.0,0
300000,1,3,2,59,7,88645.0,9519.0,0
410000,1,1,2,26,0,71930.0,1679.0,0
250000,2,1,2,43,2,76485.0,8133.0,0
320000,1,3,1,37,-1,11100.0,7216.0,0
320000,1,2,3,57,-1,-75394.0,0.0,0
240000,1,2,3,48,2,-3913.0,1936.0,0
90000,1,4,2,59,-1,32272.0,6211.0,0
130000,1,4,1,39,4,68781.0,17424.0,0
350000,1,1,3,49,2,13723.0,9103.0,0
240000,2,2,2,50,-1,56164.0,8482.0,1
160000,1,3,2,50,5,-77373.0,0.0,0
300000,2,2,1,46,1,124383.0,1565.0,0
130000,1,4,1,37,7,-12003.0,8320.0,0
390000,2,3,3,49,0,53898.0,15230.0,0
20000,1,3,1,39,4,36722.0,213.0,0
420000,1,1,2,63,1,521.0,4182.0,1
130000,1,4,1,37,8,132480.0,7286.0,0
450000,1,1,1,40,6,83091.0,3513.0,0
80000,1,1,3,67,5,17674.0,5179.0,0
90000,1,3,2,31,1,124122.0,17441.0,1
100000,2,3,1,22,5,15365.0,12076.0,0
380000,2,3,1,58,6,172468.0,10551.0,0
460000,2,3,1,45,6,62782.0,0.0,0
430000,1,2,1,61,7,74925.0,1134.0,0
130000,2,4,1,33,4,87396.0,2027.0,0
280000,2,4,1,65,-1,-63006.0,4225.0,1
440000,2,1,2,68,0,-48797.0,9350.0,1
80000,1,2,3,54,5,71210.0,11951.0,0
250000,2,4,2,68,8,113522.0,6130.0,0
130000,2,4,1,54,0,104050.0,0.0,0
90000,2,3,2,30,4,82745.0,0.0,0
300000,2,1,3,60,2,105619.0,0.0,0
90000,2,4,3,54,3,-2141.0,1440.0,1
420000,2,3,3,58,1,81937.0,3501.0,0
310000,1,4,2,57,6,23061.0,4751.0,0
440000,2,4,3,57,6,-144232.0,8002.0,0
40000,2,2,1,66,8,-86510.0,6794.0,0
160000,2,3,3,41,1,123793.0,4972.0,1
10000,2,1,1,44,8,126529.0,3294.0,0
70000,1,4,3,41,4,21946.0,14445.0,1
380000,2,4,1,23,5,-31697.0,434.0,0
150000,2,4,1,35,1,74390.0,18422.0,1
240000,1,3,1,49,8,102583.0,16180.0,1
320000,1,1,3,66,8,8.0,13919.0,1
30000,1,4,3,30,3,30412.0,12463.0,0
380000,2,3,3,57,6,44965.0,0.0,0
330000,2,4,2,42,7,40623.0,11428.0,0
270000,2,2,2,27,7,71822.0,0.0,0
320000,2,3,1,55,4,73340.0,10844.0,0
480000,1,2,1,54,-1,-47319.0,4418.0,0
280000,2,3,2,66,1,131175.0,11696.0,1
500000,2,2,1,39,4,23578.0,0.0,0
450000,1,2,3,56,6,9836.0,10230.0,0
480000,2,4,2,39,7,9961.0,0.0,1
260000,1,2,2,37,6,58405.0,19070.0,0
190000,1,4,2,29,-1,8316.0,15649.0,1
30000,2,1,3,62,0,-3950.0,12391.0,1
120000,2,4,1,44,3,84048.0,16587.0,0
40000,2,4,3,43,1,-29850.0,8321.0,0
110000,1,1,1,40,7,94492.0,3498.0,0
190000,2,2,1,23,6,179913.0,6190.0,0
280000,1,1,2,37,8,88933.0,5810.0,1
480000,2,1,1,42,2,114964.0,1860.0,0
350000,2,2,3,36,-2,33034.0,16452.0,0
420000,1,3,3,43,1,105783.0,4239.0,1
370000,2,3,2,51,-2,135868.0,11375.0,0
130000,2,4,3,30,7,26413.0,10460.0,0
270000,2,3,2,33,6,82216.0,4373.0,0
120000,2,3,3,55,3,40011.0,5654.0,0
470000,1,2,3,64,8,-28538.0,3478.0,1
410000,2,2,2,32,4,80940.0,8231.0,1
330000,1,4,3,27,-1,98148.0,1738.0,0
290000,2,4,3,34,2,104361.0,0.0,1
420000,1,4,1,57,4,5785.0,9328.0,0
290000,2,1,1,56,5,113216.0,0.0,0
150000,1,1,3,59,2,119249.0,384.0,0
340000,2,2,3,42,3,89194.0,4249.0,0
220000,1,3,1,58,3,82284.0,3760.0,0
160000,1,2,2,21,7,-48187.0,4298.0,0
490000,2,4,2,59,-2,32569.0,6874.0,1
90000,1,2,1,39,7,44093.0,7501.0,1
360000,2,2,3,67,3,-7272.0,5606.0,0
150000,1,3,1,67,-2,90798.0,10535.0,0
10000,2,4,2,56,3,30235.0,11859.0,0
380000,2,2,3,38,4,56899.0,0.0,0
430000,1,3,3,32,6,108345.0,0.0,0
410000,2,4,3,47,7,91070.0,2308.0,0
480000,1,3,2,50,5,-3987.0,0.0,0
350000,1,2,1,34,0,75937.0,7020.0,1
400000,2,3,2,27,0,90226.0,12816.0,0
400000,1,1,2,31,3,-68796.0,10330.0,0
350000,1,1,1,51,5,62030.0,1262.0,1
310000,2,1,2,25,8,-50839.0,2510.0,0
380000,1,4,1,53,2,47183.0,0.0,1
410000,2,2,2,27,7,134282.0,5236.0,0
120000,2,1,2,32,-2,44714.0,12659.0,0
100000,2,4,2,34,-1,99753.0,3904.0,1
420000,1,4,1,62,6,64973.0,2809.0,0
490000,2,3,2,54,-2,137427.0,5124.0,1
350000,1,4,2,22,0,81896.0,0.0,1
110000,2,1,3,51,6,44381.0,0.0,0
430000,1,1,3,55,-1,91701.0,3099.0,0
250000,1,4,3,24,4,147764.0,4915.0,1
470000,2,1,2,60,7,-9048.0,12754.0,0
10000,2,1,3,55,4,-505.0,10429.0,1
340000,1,4,1,39,5,56503.0,301.0,0
380000,2,2,2,28,1,79407.0,0.0,0
170000,1,4,1,59,4,166306.0,14335.0,0
40000,1,2,1,53,1,19576.0,5851.0,0
300000,1,1,1,24,5,-24204.0,2812.0,1
80000,1,2,3,27,-2,115914.0,9315.0,0
20000,1,4,1,31,3,30603.0,0.0,0
480000,2,1,2,53,0,174088.0,4945.0,0
310000,1,3,1,25,7,105093.0,18261.0,0
120000,1,3,1,36,3,23197.0,3628.0,0
270000,2,4,3,58,8,-11068.0,0.0,0
470000,2,2,2,22,4,-41061.0,0.0,0
250000,2,4,2,66,-2,119260.0,11378.0,1
170000,1,4,2,61,-1,174776.0,16814.0,0
60000,2,2,2,38,1,69058.0,0.0,0
120000,1,2,2,66,2,98827.0,9681.0,0
470000,2,4,1,59,-1,11363.0,0.0,0
200000,1,3,3,28,5,9828.0,11846.0,0
480000,1,1,1,21,4,59371.0,5471.0,0
500000,1,4,2,37,3,74005.0,0.0,0
30000,1,1,1,33,1,69322.0,9855.0,0
230000,2,4,3,68,-2,10788.0,0.0,0
220000,2,2,1,36,6,38397.0,1044.0,0
250000,2,3,1,22,3,-23250.0,4804.0,0
300000,1,4,1,69,5,-29993.0,0.0,0
490000,2,1,1,45,1,17105.0,4313.0,0
440000,2,4,3,44,-1,-20407.0,15789.0,0
10000,2,4,3,65,4,69047.0,0.0,0
420000,2,3,3,52,0,112438.0,0.0,1
130000,1,4,2,34,-1,40289.0,0.0,0
280000,1,2,3,21,-1,67352.0,12536.0,0
500000,2,2,1,69,1,74829.0,16316.0,0
470000,1,4,1,38,5,-77317.0,13239.0,0
260000,2,4,3,28,8,-37033.0,3570.0,0
270000,2,4,1,52,-1,173559.0,445.0,1
410000,2,3,2,26,3,35601.0,14296.0,0
40000,2,2,3,52,1,-46155.0,0.0,0
160000,1,1,1,51,-2,72253.0,1088.0,0
30000,1,1,3,49,7,79013.0,2865.0,1
140000,1,2,2,41,-2,122512.0,22095.0,0
190000,2,1,3,42,6,72487.0,2935.0,0
390000,1,3,3,57,2,91328.0,7782.0,0
420000,1,3,3,62,0,-20521.0,19042.0,0
190000,1,1,1,59,0,14051.0,13292.0,1
490000,1,1,2,54,4,113965.0,0.0,0
30000,2,2,1,30,-2,59965.0,11482.0,0
270000,2,2,1,37,5,27232.0,4081.0,0
280000,1,3,2,27,4,128991.0,3214.0,0
420000,2,1,1,54,8,44473.0,0.0,0
300000,2,2,3,66,-1,104145.0,666.0,0
160000,1,1,2,49,4,112473.0,11050.0,0
110000,1,2,3,63,7,44757.0,0.0,0
360000,2,4,3,61,8,41787.0,5239.0,0
380000,1,4,3,38,-2,102988.0,7810.0,0
190000,1,3,1,40,7,-80699.0,5870.0,0
220000,1,2,1,45,7,21601.0,9717.0,1
80000,1,1,1,49,-2,68386.0,9861.0,1
130000,2,2,2,69,6,69954.0,7715.0,0
230000,2,2,2,26,2,-35436.0,11880.0,0
420000,1,3,2,46,4,-6682.0,17149.0,0
350000,1,4,2,69,7,-26136.0,410.0,0
200000,1,1,3,69,2,126544.0,2679.0,0
210000,2,4,1,61,6,71847.0,540.0,1
10000,2,1,3,48,8,-7663.0,21015.0,0
120000,2,4,3,69,1,26227.0,1483.0,0
230000,2,3,2,41,3,23034.0,8961.0,0
60000,2,3,1,66,4,88393.0,0.0,0
410000,1,4,3,65,2,-9912.0,684.0,0
60000,1,4,3,40,-1,40735.0,12762.0,0
380000,1,3,3,43,4,-20167.0,0.0,0
250000,1,1,1,52,3,112123.0,0.0,0
390000,2,1,3,41,3,3004.0,0.0,0
90000,1,4,2,35,6,38870.0,0.0,0
310000,2,2,2,34,4,23628.0,6442.0,0
50000,1,4,2,24,3,200888.0,9227.0,0
400000,2,2,1,25,2,10370.0,0.0,0
30000,1,2,2,32,-1,129018.0,6405.0,0
130000,1,2,3,21,-1,70283.0,5443.0,1
220000,2,1,1,56,0,90198.0,8983.0,1
280000,2,4,3,41,-2,99402.0,12790.0,1
350000,2,1,1,22,3,87787.0,7813.0,0
80000,2,4,1,28,7,40017.0,6949.0,0
60000,1,2,2,54,6,-19883.0,14729.0,0
200000,1,4,3,37,-1,6311.0,0.0,0
280000,2,3,3,66,1,115744.0,8952.0,0
290000,2,2,2,40,1,88770.0,12766.0,0
270000,1,2,3,60,8,26778.0,9853.0,0
10000,1,4,3,29,-2,5659.0,18102.0,0
200000,2,3,3,33,6,116610.0,4457.0,0
110000,1,1,3,43,1,73184.0,8329.0,1
380000,2,3,3,34,-2,95703.0,12944.0,0
490000,2,1,2,69,7,31741.0,7580.0,0
240000,2,3,1,46,5,34689.0,10890.0,0
290000,2,2,3,41,2,32079.0,15353.0,0
50000,1,1,1,47,7,77814.0,0.0,1
460000,1,1,1,40,8,26848.0,0.0,0
500000,1,1,2,28,4,-19740.0,13517.0,0
180000,2,3,2,64,3,57652.0,6790.0,0
70000,1,1,2,23,6,-25482.0,1290.0,0
160000,1,2,2,21,-2,111938.0,0.0,1
220000,2,2,3,27,-1,-17074.0,4127.0,0
230000,2,1,2,32,-2,47361.0,2997.0,0
210000,2,3,1,34,1,54217.0,6763.0,1
130000,2,1,3,28,-2,51933.0,0.0,0
420000,1,4,3,29,7,142351.0,10513.0,0
300000,1,1,1,60,5,115865.0,12678.0,0
50000,2,1,1,45,5,46419.0,6222.0,0
350000,1,2,3,57,0,136195.0,6054.0,0
300000,2,2,1,60,1,107519.0,0.0,0
430000,2,2,3,58,-2,94406.0,3158.0,0
380000,2,1,1,57,8,85112.0,12829.0,0
300000,1,2,2,22,5,27040.0,15203.0,1
90000,2,2,2,27,7,107033.0,2090.0,0
380000,2,4,3,65,4,46701.0,5586.0,0
190000,2,1,3,31,3,-16928.0,0.0,0
360000,2,2,1,54,8,40168.0,7792.0,0
200000,2,1,2,59,8,76463.0,0.0,0
470000,2,4,2,51,3,122293.0,7727.0,0
450000,2,3,2,24,5,64637.0,14717.0,1
60000,2,1,1,56,1,-19393.0,3441.0,0
60000,1,2,1,47,7,22412.0,3012.0,1
340000,1,1,1,57,8,131396.0,2797.0,1
440000,1,4,3,28,8,-68670.0,8103.0,1
410000,2,3,3,45,4,51311.0,0.0,0
360000,1,2,3,42,5,36814.0,0.0,0
500000,2,2,3,56,4,13100.0,3353.0,0
440000,1,1,3,51,5,72747.0,0.0,0
290000,2,4,3,33,-1,76817.0,4505.0,1
350000,2,4,3,36,1,88642.0,0.0,0
300000,2,1,2,50,7,22644.0,10458.0,0
320000,2,4,2,59,-1,26706.0,4944.0,0
160000,1,3,1,35,5,25949.0,0.0,1
480000,1,3,1,52,4,24379.0,0.0,0
240000,2,2,1,53,1,-11943.0,15484.0,1
210000,2,4,2,26,0,32881.0,0.0,1
90000,2,2,1,38,7,54202.0,13682.0,0
380000,2,4,3,39,-2,-18325.0,0.0,0
170000,1,2,2,52,-1,-3557.0,0.0,0
60000,1,4,1,24,-1,36287.0,11379.0,1
70000,2,3,2,23,5,-9686.0,8496.0,0
200000,1,4,1,27,7,109911.0,8362.0,0
70000,2,1,3,28,4,21178.0,0.0,0
190000,2,1,3,64,3,165142.0,0.0,0
150000,2,1,1,54,4,148812.0,0.0,0
150000,1,1,3,23,0,116540.0,4908.0,0
430000,1,3,3,21,0,140497.0,14094.0,0
160000,2,2,2,60,5,29934.0,0.0,0
290000,2,1,3,32,1,8948.0,2547.0,0
490000,2,4,2,46,2,88306.0,436.0,0
190000,2,4,2,35,1,-8155.0,11181.0,1
260000,2,3,3,65,8,27717.0,5997.0,0
100000,2,2,2,54,4,122784.0,7853.0,1
240000,2,1,3,23,5,18173.0,1979.0,0
110000,2,2,2,37,5,-20189.0,7650.0,0
420000,1,2,1,53,2,14988.0,0.0,1
420000,2,4,1,37,-1,72000.0,14385.0,0
270000,2,1,3,55,0,108158.0,0.0,0
100000,2,4,1,40,-2,70381.0,8145.0,0
240000,1,3,2,43,0,31845.0,6589.0,0
330000,1,4,3,43,-1,19814.0,10367.0,0
260000,1,2,1,38,4,54407.0,1616.0,0
230000,2,3,2,67,4,79189.0,0.0,1
500000,2,2,2,59,1,25420.0,7733.0,0
110000,1,4,2,57,7,20393.0,3202.0,0
200000,1,2,2,32,6,-43562.0,9238.0,0
160000,1,4,3,66,7,7773.0,0.0,1
330000,2,3,3,44,0,-48760.0,0.0,1
410000,2,4,3,33,-1,132217.0,0.0,1
180000,2,3,3,22,-2,-12213.0,0.0,0
70000,2,3,2,61,1,34898.0,0.0,0
210000,1,4,1,36,-2,102673.0,0.0,1
40000,1,3,2,42,-2,113792.0,0.0,0
420000,1,4,2,41,2,19750.0,0.0,0
30000,1,4,2,32,0,-86783.0,0.0,1
340000,1,1,2,55,3,49327.0,7022.0,1
210000,2,2,1,53,0,44238.0,6079.0,0
10000,1,3,3,57,8,45949.0,14480.0,1
350000,2,4,2,60,-2,-20409.0,5630.0,0
470000,1,4,3,36,5,15275.0,0.0,0
490000,2,3,1,30,2,142550.0,0.0,0
270000,1,3,2,26,2,123491.0,8730.0,0
110000,2,2,2,69,5,-21860.0,7503.0,0
100000,2,3,2,44,-1,-10519.0,15973.0,1
490000,1,1,3,26,7,-42078.0,12819.0,0
210000,2,4,1,42,1,-11692.0,6228.0,0
50000,2,2,3,42,-2,42313.0,14667.0,0
200000,1,3,2,52,-2,2321.0,0.0,0
70000,2,1,3,62,5,88109.0,0.0,1
130000,1,1,3,40,5,100472.0,0.0,1
380000,2,3,3,44,-1,48476.0,0.0,0
10000,1,1,1,33,7,29102.0,9834.0,0
460000,2,4,3,68,7,69002.0,7977.0,0
10000,1,2,3,25,4,-16174.0,9061.0,1
430000,1,4,2,23,1,218387.0,23815.0,1
140000,2,3,3,42,6,143692.0,4928.0,1
50000,2,3,2,49,0,61254.0,19257.0,0
360000,1,3,2,43,1,193729.0,5796.0,0
110000,1,3,3,57,7,-7363.0,8149.0,0
20000,1,1,2,66,1,148380.0,9597.0,0
190000,1,1,3,27,5,-100967.0,0.0,0
450000,2,2,1,22,1,47303.0,13445.0,0
30000,2,4,1,56,-2,36968.0,15864.0,0
50000,2,1,2,60,0,77615.0,0.0,1
50000,2,3,2,47,1,14573.0,0.0,0
220000,2,1,3,30,4,10117.0,0.0,0
420000,2,1,2,51,1,75380.0,0.0,1
170000,2,3,2,46,7,47715.0,0.0,1
100000,2,4,3,25,7,3023.0,998.0,0
210000,1,4,1,64,2,-513.0,785.0,0
240000,1,2,1,52,-1,35341.0,11203.0,0
220000,1,2,1,31,7,75608.0,5954.0,0
360000,2,2,3,46,-2,106660.0,12376.0,1
290000,1,4,2,34,-1,155228.0,148.0,0
200000,1,4,1,66,4,-33245.0,16385.0,0
310000,2,1,2,65,4,-40081.0,0.0,0
200000,2,2,2,63,4,67310.0,14712.0,0
340000,2,2,3,49,-1,28489.0,475.0,0
210000,1,1,2,43,7,97721.0,0.0,0
350000,2,1,2,65,6,52520.0,10794.0,0
410000,1,1,2,65,-1,51694.0,15417.0,0
140000,1,3,3,63,7,28878.0,8357.0,0
380000,2,2,1,51,7,76243.0,0.0,1
240000,1,3,3,67,1,95588.0,5508.0,0
500000,1,1,2,38,2,-67988.0,4355.0,0
10000,1,3,1,37,0,-68354.0,0.0,0
500000,2,4,3,51,5,122097.0,0.0,0
400000,1,1,3,22,2,-37036.0,9879.0,1
110000,1,2,2,59,6,-2144.0,0.0,0
300000,2,1,2,69,7,158888.0,13643.0,0
350000,2,4,3,40,1,71982.0,5505.0,1
80000,2,3,3,44,3,92953.0,4419.0,0
260000,1,4,3,52,6,-53973.0,0.0,1
120000,2,3,3,22,3,107428.0,15815.0,1
420000,2,1,2,37,-2,90146.0,4510.0,1
260000,1,1,3,54,4,42509.0,2401.0,0
260000,1,2,1,27,4,35963.0,0.0,0
340000,2,1,1,26,4,53753.0,10885.0,0
240000,1,1,2,30,4,-6321.0,11050.0,0
390000,1,4,2,52,-1,81657.0,6738.0,1
430000,2,1,3,26,8,129680.0,11691.0,1
110000,2,1,1,47,8,191029.0,12428.0,0
370000,1,1,2,38,0,162409.0,4360.0,0
90000,2,3,3,57,3,54193.0,11124.0,0
200000,2,4,2,31,8,118929.0,0.0,1
170000,1,2,3,31,-1,137772.0,7182.0,0
450000,1,4,2,68,8,47219.0,10230.0,0
220000,2,3,1,26,-1,6966.0,5491.0,0
210000,2,4,3,62,0,28141.0,14393.0,0
190000,2,1,2,49,4,86742.0,4686.0,0
110000,2,1,1,45,7,46275.0,0.0,0
10000,1,3,1,66,7,52796.0,6356.0,0
300000,1,1,3,34,4,46333.0,15260.0,0
470000,1,3,1,58,4,-4653.0,0.0,0
130000,1,2,1,49,5,36191.0,15373.0,0
340000,2,4,3,38,7,147950.0,1757.0,0
30000,1,1,3,29,6,-111874.0,4530.0,0
420000,2,4,2,25,8,-12905.0,10971.0,0
120000,2,4,2,39,3,-7100.0,8636.0,1
390000,1,1,3,26,0,5513.0,7378.0,0
200000,1,2,3,61,8,27745.0,1828.0,0
200000,1,1,1,44,1,36567.0,13251.0,0
490000,2,1,1,57,-1,40209.0,15624.0,1
360000,1,4,1,22,5,11314.0,11551.0,0
210000,1,4,2,22,4,61575.0,5158.0,1
80000,2,2,3,54,6,70274.0,9474.0,0
250000,2,3,2,29,2,-16359.0,6272.0,0
220000,2,4,2,45,3,87556.0,0.0,0
100000,2,2,2,45,6,-22896.0,8419.0,0
370000,2,3,1,34,5,122308.0,12015.0,1
430000,1,3,2,24,-1,66389.0,14815.0,0
470000,1,1,2,65,0,190999.0,0.0,0
140000,1,2,1,40,1,45969.0,12576.0,0
390000,1,2,2,29,4,65457.0,0.0,0
350000,2,1,1,49,0,16129.0,0.0,0
240000,1,2,3,21,0,149386.0,0.0,1
160000,1,1,1,34,7,80028.0,14383.0,0
20000,1,4,1,41,5,165825.0,11699.0,0
480000,2,1,2,38,0,-33286.0,18282.0,1
150000,2,4,2,35,6,49819.0,12315.0,0
100000,2,2,1,69,4,-36730.0,1539.0,0
230000,2,3,1,31,4,81872.0,1441.0,0
180000,2,1,1,59,3,10406.0,5594.0,0
270000,1,3,1,36,8,19097.0,10363.0,0
320000,2,4,3,59,1,-14401.0,0.0,0
160000,2,3,3,25,2,50858.0,11689.0,1
60000,2,2,1,37,-1,210910.0,0.0,0
270000,2,3,2,60,3,20442.0,0.0,0
100000,1,1,3,22,-1,63362.0,7272.0,0
450000,2,1,2,64,-1,91517.0,14874.0,0
190000,1,3,1,37,4,-24847.0,2129.0,0
350000,2,3,3,28,-1,-29263.0,9915.0,1
50000,1,3,2,52,0,63661.0,4384.0,0
340000,2,2,1,56,4,59478.0,3273.0,0
90000,2,3,2,28,7,62173.0,0.0,0
30000,1,1,1,43,8,-11104.0,7592.0,0
60000,2,3,1,26,0,69118.0,5077.0,0
490000,2,4,1,27,-1,103753.0,0.0,0
260000,2,1,3,32,2,-75019.0,314.0,1
20000,1,1,1,28,-2,57102.0,7044.0,0
440000,2,1,2,46,8,22271.0,0.0,0
220000,1,3,1,38,-1,45448.0,210.0,1
470000,2,3,3,43,6,78492.0,24970.0,1
460000,1,3,1,43,4,-6333.0,0.0,0
450000,1,2,3,46,4,35904.0,0.0,0
30000,2,1,3,53,6,-36515.0,20129.0,0
500000,1,2,2,66,5,-29465.0,0.0,0
30000,2,2,3,49,4,140670.0,1144.0,0
470000,2,4,2,48,1,54994.0,0.0,1
270000,2,1,1,60,-1,-50453.0,0.0,0
330000,1,2,2,51,5,136078.0,9095.0,0
250000,2,1,3,32,3,-123232.0,16668.0,1
180000,2,2,1,21,2,52898.0,11562.0,0
60000,2,3,3,63,1,-58057.0,12237.0,0
450000,1,1,3,24,7,-3924.0,10459.0,0
490000,1,1,1,47,4,22109.0,9665.0,1
400000,2,4,1,34,-1,172459.0,7567.0,0
230000,1,2,3,49,-2,50404.0,13635.0,0
40000,2,1,2,40,8,-59014.0,0.0,0
70000,1,2,3,58,8,50461.0,5884.0,0
460000,2,4,3,66,1,30533.0,4557.0,0
30000,1,3,2,54,8,44118.0,0.0,1
380000,1,3,3,56,5,53798.0,0.0,0
30000,1,3,2,27,5,11099.0,5130.0,0
340000,1,4,3,61,5,-19558.0,4559.0,0
280000,2,3,2,48,6,33236.0,0.0,0
170000,2,1,2,64,2,74664.0,13972.0,0
50000,2,2,1,27,4,57612.0,1428.0,0
320000,2,4,1,37,5,131450.0,14330.0,0
330000,2,2,1,22,3,93978.0,0.0,1
70000,1,1,2,49,-2,28328.0,16071.0,1
290000,1,4,1,54,7,64800.0,0.0,0
130000,2,3,1,38,-2,5318.0,8734.0,0
130000,2,1,3,54,-2,125469.0,10633.0,0
480000,1,2,2,69,2,48842.0,0.0,1
480000,1,3,1,48,1,12335.0,17588.0,1
500000,2,3,2,37,8,119015.0,6937.0,0
140000,2,3,1,62,7,120794.0,4198.0,1
470000,1,2,2,41,-2,-10646.0,17509.0,0
300000,1,1,3,39,2,132525.0,10778.0,0
220000,1,1,1,26,8,-2523.0,0.0,0
340000,1,3,2,34,4,-10051.0,5164.0,1
260000,2,3,1,65,6,24435.0,8418.0,0
140000,2,4,1,61,1,-22204.0,0.0,0
410000,2,4,3,58,2,63098.0,7274.0,0
30000,1,3,3,27,0,-5155.0,12648.0,0
280000,2,2,1,52,0,58239.0,0.0,1
420000,1,3,2,68,7,83470.0,6659.0,0
450000,1,1,1,52,7,163425.0,12259.0,0
310000,1,2,3,21,1,-6690.0,16209.0,0
470000,2,2,1,39,1,154573.0,0.0,0
150000,2,2,2,59,2,34422.0,11116.0,0
160000,2,2,2,46,4,26134.0,3104.0,0
380000,2,2,2,22,8,147967.0,7558.0,0
230000,1,2,2,53,5,86176.0,0.0,1
440000,2,1,1,46,7,152011.0,4025.0,0
370000,2,3,1,38,6,49118.0,0.0,0
400000,1,2,1,60,4,74360.0,6925.0,0
120000,1,2,1,36,5,-31495.0,19011.0,0
130000,1,2,2,56,0,41567.0,22728.0,1
10000,2,3,2,64,7,26866.0,0.0,0
360000,2,3,1,45,6,109310.0,4354.0,0
340000,2,1,2,43,3,15057.0,10918.0,0
160000,2,3,3,40,4,22808.0,0.0,0
180000,2,2,1,23,2,141551.0,0.0,0
150000,1,1,3,38,8,35614.0,0.0,0
130000,2,2,1,52,-2,27073.0,6108.0,1
80000,2,3,3,63,7,100068.0,846.0,0
410000,2,4,1,40,8,479.0,0.0,0
260000,2,4,2,23,0,12524.0,2487.0,0
350000,2,2,2,28,2,42246.0,0.0,0
30000,2,3,3,28,6,154680.0,7272.0,0
230000,2,1,2,36,4,63403.0,3037.0,0
210000,2,1,3,59,7,142770.0,15873.0,1
430000,2,2,1,62,1,-8666.0,6141.0,0
270000,2,3,2,22,8,101043.0,0.0,0
340000,2,2,1,34,0,29839.0,0.0,1
50000,1,4,1,52,4,33730.0,12382.0,0
190000,1,4,1,50,6,49173.0,18653.0,0
170000,2,2,3,24,-2,165510.0,22431.0,0
160000,2,3,1,60,3,-7852.0,14597.0,0
410000,1,1,3,52,5,-58226.0,0.0,0
180000,1,4,1,67,6,24116.0,0.0,0
460000,1,2,1,24,8,78907.0,17575.0,0
310000,2,2,3,21,6,54341.0,4043.0,0
130000,1,1,3,54,0,57730.0,6716.0,0
430000,1,2,2,58,5,45401.0,5117.0,0
340000,1,2,1,57,3,101695.0,3851.0,1
480000,1,3,3,37,5,121616.0,2763.0,1
170000,2,4,3,43,3,142214.0,6507.0,0
60000,1,2,1,44,6,18016.0,10839.0,0
300000,2,2,1,69,7,-54925.0,12687.0,0
470000,1,1,2,52,-1,-39868.0,14496.0,1
30000,1,1,2,67,2,-18246.0,2078.0,0
110000,1,4,1,54,4,20458.0,1971.0,0
30000,1,3,2,40,-2,523.0,1775.0,0
480000,2,1,1,46,-2,40307.0,21350.0,0
290000,2,3,2,24,7,147326.0,3967.0,0
250000,2,3,3,27,0,93510.0,0.0,0
60000,1,2,2,41,7,-18771.0,623.0,0
230000,2,3,3,45,8,24398.0,8245.0,0
470000,1,4,3,35,0,-128795.0,0.0,0
50000,1,2,3,34,1,40973.0,0.0,0
220000,1,1,1,47,5,22990.0,9540.0,1
400000,1,2,1,47,2,108721.0,7631.0,0
280000,2,1,3,48,-1,113380.0,2523.0,0
420000,2,1,2,31,7,4938.0,8379.0,1
220000,1,2,1,64,2,56763.0,10016.0,0
170000,2,4,3,53,7,36819.0,7131.0,0
280000,2,3,3,53,6,131314.0,0.0,0
340000,2,1,2,66,5,31400.0,0.0,0
200000,1,4,1,34,1,68039.0,2185.0,0
280000,2,4,2,69,5,150026.0,3269.0,0
360000,1,1,1,57,7,81332.0,0.0,0
30000,2,4,1,31,5,30851.0,10666.0,0
120000,1,1,1,49,-2,12608.0,9021.0,1
400000,1,3,3,37,2,46135.0,4933.0,0
470000,2,1,2,36,0,70823.0,5632.0,1
320000,1,1,2,46,0,13859.0,6664.0,0
160000,2,3,3,23,1,88182.0,0.0,0
200000,2,2,1,34,0,36905.0,9125.0,1
240000,2,3,2,44,7,117499.0,6375.0,0
470000,1,2,2,38,1,19184.0,20414.0,0
340000,2,2,2,56,2,112046.0,0.0,0
450000,2,1,3,51,3,73935.0,15346.0,0
380000,1,1,2,63,-2,152691.0,13640.0,0
440000,1,4,3,46,7,107043.0,10502.0,0
140000,2,3,2,62,-2,97129.0,0.0,1
290000,2,3,2,54,7,-64468.0,2918.0,0
390000,1,2,3,39,-2,-64228.0,1499.0,0
390000,2,2,3,40,-2,-47945.0,12318.0,0
90000,1,3,1,23,7,64316.0,2880.0,0
10000,2,3,3,51,4,92790.0,16162.0,0
470000,1,2,2,35,8,9985.0,5701.0,0
490000,2,2,2,53,8,111220.0,6657.0,0
270000,2,4,2,62,2,59269.0,0.0,0
130000,1,1,1,28,6,21564.0,16819.0,0
280000,2,1,1,60,-2,182822.0,4437.0,1
190000,1,3,3,56,3,30054.0,6698.0,0
460000,1,3,3,44,3,97832.0,0.0,1
270000,2,2,1,62,-1,37890.0,9244.0,0
330000,1,2,1,66,8,115937.0,17037.0,1
90000,2,2,3,56,6,-46715.0,0.0,0
360000,1,4,1,37,3,40402.0,9359.0,1
210000,2,2,3,63,8,111198.0,6640.0,1
140000,2,2,1,44,-2,13254.0,5189.0,0
190000,1,4,2,33,-1,-57232.0,0.0,1
160000,2,1,1,68,7,64855.0,8343.0,0
150000,2,1,2,46,5,-31441.0,6571.0,1
180000,2,2,1,43,-2,18134.0,5997.0,1
390000,1,2,1,66,-1,-71739.0,824.0,0
400000,2,1,2,45,0,-29095.0,1525.0,0
260000,1,1,3,25,-2,31222.0,14534.0,1
180000,1,1,2,58,3,40467.0,12955.0,0
240000,2,1,1,58,0,63295.0,12899.0,0
360000,2,4,1,55,8,80913.0,0.0,0
410000,1,4,2,36,0,40559.0,0.0,1
390000,1,1,3,24,-2,53937.0,15328.0,0
120000,2,4,3,49,2,96043.0,715.0,1
460000,1,4,2,38,3,35158.0,5093.0,0
200000,1,4,2,30,-2,35055.0,3514.0,0
390000,2,2,2,21,7,86380.0,10311.0,0
380000,2,2,2,69,7,6559.0,12121.0,0
480000,2,3,3,66,6,24411.0,7073.0,0
480000,2,2,1,66,1,37293.0,0.0,1
370000,1,4,1,45,5,67043.0,7634.0,1
100000,1,2,1,57,0,60978.0,0.0,0
100000,2,1,3,57,4,64156.0,5825.0,0
440000,1,4,3,56,7,-20403.0,3104.0,0
500000,1,2,1,66,5,160084.0,0.0,0
190000,1,4,3,43,-2,-33170.0,1275.0,0
320000,1,3,3,27,5,73717.0,0.0,0
410000,2,4,2,54,0,108543.0,2617.0,0
220000,1,4,2,68,0,97095.0,0.0,1
170000,2,2,2,23,5,46131.0,2779.0,1
190000,2,2,1,23,-2,21927.0,0.0,1
130000,1,1,3,23,2,39601.0,0.0,1
430000,2,4,1,54,7,85523.0,5588.0,1
100000,1,2,1,47,0,84775.0,0.0,0
330000,2,1,2,22,6,13375.0,14625.0,0
200000,1,4,3,38,-2,65207.0,19769.0,0
230000,1,4,1,64,5,60573.0,4329.0,0
50000,2,4,3,31,7,-11814.0,0.0,1
210000,2,1,3,52,6,205748.0,0.0,0
270000,1,3,3,62,-2,81023.0,0.0,1
400000,1,3,2,47,1,13656.0,13275.0,1
140000,1,1,3,37,-1,192267.0,0.0,0
280000,2,4,1,28,-2,-33360.0,2993.0,1
120000,2,3,1,56,5,54650.0,9498.0,1
50000,1,1,1,34,1,71022.0,0.0,0
240000,1,4,2,69,-2,71936.0,9976.0,0
480000,2,1,1,33,-2,44864.0,0.0,0
110000,1,2,1,53,0,58542.0,10741.0,0
380000,2,2,1,33,6,103426.0,2396.0,0
120000,2,2,2,41,-1,-21804.0,19823.0,0
90000,1,2,1,46,1,94864.0,10439.0,0
70000,2,2,3,64,3,-29031.0,0.0,0
450000,2,1,3,69,7,105748.0,11914.0,0
120000,2,3,1,60,-2,51451.0,0.0,0
180000,1,4,1,32,4,111884.0,2225.0,0
170000,1,1,1,42,5,61501.0,4857.0,1
460000,1,3,2,55,5,89008.0,4720.0,0
200000,2,1,3,45,6,102627.0,6556.0,0
270000,2,4,1,36,-1,52866.0,10338.0,0
40000,1,3,2,29,1,126691.0,0.0,0
260000,1,3,3,37,7,10658.0,764.0,1
380000,1,1,3,52,3,-87393.0,10498.0,0
360000,1,2,1,32,7,36551.0,408.0,0
270000,1,2,1,52,2,65764.0,0.0,0
160000,2,2,3,23,6,94109.0,18400.0,0
100000,1,2,3,34,4,25238.0,4704.0,0
300000,2,2,1,33,1,83167.0,5331.0,0
500000,1,2,3,66,3,68974.0,0.0,0
260000,1,4,1,64,1,86097.0,891.0,0
200000,1,2,1,52,7,-35699.0,8519.0,0
20000,2,3,1,28,7,80273.0,1197.0,0
60000,1,1,1,28,-1,-16133.0,15802.0,0
140000,2,1,3,49,-2,46970.0,0.0,0
230000,1,4,1,31,4,57843.0,25718.0,0
180000,1,4,3,60,5,40623.0,18227.0,0
80000,2,2,3,35,7,72394.0,0.0,0
290000,1,3,1,55,1,-1127.0,9558.0,0
90000,1,2,3,30,4,106833.0,5990.0,0
310000,1,4,1,28,1,11247.0,9233.0,1
50000,2,3,1,21,8,107159.0,12134.0,0
290000,2,3,2,52,3,101091.0,6240.0,0
270000,2,2,2,50,5,127115.0,10622.0,0
270000,2,4,2,34,-2,10138.0,11504.0,0
430000,2,3,2,44,5,87180.0,11015.0,1
380000,1,1,2,48,3,48371.0,0.0,1
480000,1,3,1,33,3,17013.0,0.0,1
450000,2,2,2,60,1,81351.0,5086.0,1
140000,1,2,1,28,2,-31100.0,2210.0,1
70000,1,1,2,26,3,-5259.0,9967.0,0
110000,1,4,3,22,5,-74838.0,0.0,0
390000,2,2,1,25,4,155952.0,0.0,1
90000,1,1,1,62,4,-9268.0,0.0,0
120000,1,4,2,31,2,8260.0,3986.0,0
330000,2,3,1,23,6,100747.0,0.0,1
270000,2,2,1,40,0,19847.0,0.0,1
100000,1,4,2,28,1,-32572.0,0.0,0
160000,1,1,2,61,-1,2842.0,0.0,1
500000,2,3,1,38,-1,146800.0,8937.0,1
470000,2,4,2,61,5,41750.0,1940.0,0
290000,2,3,3,68,2,58092.0,0.0,0
270000,2,3,3,63,-1,62718.0,0.0,0
360000,1,4,2,41,4,17436.0,9964.0,0
250000,1,2,1,31,8,48007.0,0.0,0
270000,2,1,1,52,7,82969.0,8353.0,0
170000,2,1,3,47,6,-43174.0,0.0,0
170000,1,4,2,35,4,34826.0,10698.0,0
380000,2,3,2,67,5,-20580.0,12048.0,0
140000,2,2,2,31,6,116863.0,19933.0,0
40000,1,3,3,32,-2,57411.0,6583.0,1
130000,1,4,2,58,8,-51707.0,16074.0,0
290000,2,1,2,68,4,13897.0,4398.0,0
240000,1,3,2,28,8,53730.0,5203.0,1
480000,2,1,2,66,-2,491.0,5132.0,0
130000,1,3,1,41,6,59653.0,8362.0,0
80000,2,1,3,45,2,198980.0,4029.0,0
340000,2,3,2,55,1,67221.0,12802.0,0
100000,2,3,1,52,5,-11643.0,5779.0,0
90000,1,2,1,45,3,-12918.0,2806.0,0
470000,1,2,3,41,-1,93446.0,2591.0,0
490000,2,4,1,52,0,38288.0,11598.0,0
200000,2,3,1,23,5,-18425.0,4561.0,0
390000,1,3,3,58,1,31107.0,0.0,1
220000,1,2,2,33,2,140136.0,5898.0,0
200000,2,4,2,37,-2,150983.0,0.0,1
80000,2,4,3,49,6,17638.0,0.0,0
20000,2,4,2,26,-2,3131.0,4244.0,0
240000,2,2,2,44,6,61360.0,10103.0,0
330000,2,3,2,27,1,13114.0,0.0,0
460000,1,1,3,26,7,39980.0,2945.0,1
20000,1,4,1,31,7,91122.0,0.0,1
60000,2,2,3,40,4,18827.0,7174.0,0
230000,2,1,1,57,4,-46226.0,1122.0,0
490000,1,4,2,64,7,42900.0,3374.0,0
300000,2,1,2,50,8,105093.0,7398.0,0
340000,1,1,2,45,8,38978.0,22848.0,0
450000,1,3,3,63,-1,173286.0,9679.0,0
190000,2,4,1,58,5,46210.0,73.0,0
230000,1,1,1,50,4,136175.0,4779.0,0
300000,2,3,1,24,4,62117.0,0.0,1
60000,2,3,1,54,5,19314.0,16527.0,0
440000,1,1,1,58,-2,111411.0,15444.0,1
220000,1,3,3,55,1,-165866.0,9273.0,1
120000,2,3,1,27,6,133207.0,0.0,1
20000,1,3,1,40,4,46200.0,9767.0,0
370000,2,1,1,59,0,66544.0,8303.0,0
400000,1,3,2,67,7,102084.0,2012.0,0
150000,2,2,3,32,7,-24060.0,0.0,0
120000,1,3,2,45,7,88714.0,6279.0,0
350000,2,1,3,30,-1,111632.0,4309.0,0
10000,1,2,1,22,5,-13482.0,10345.0,0
80000,2,1,1,51,0,-48649.0,15737.0,0
140000,1,3,3,58,7,144552.0,0.0,1
150000,2,3,2,35,3,59662.0,2723.0,0
440000,1,1,1,35,1,8259.0,6576.0,0
110000,1,2,3,60,0,134415.0,756.0,0
40000,2,4,3,65,5,27224.0,4710.0,0
80000,2,4,3,53,3,61067.0,12348.0,0
90000,1,3,1,32,1,56278.0,1074.0,0
80000,1,3,2,55,8,73465.0,6342.0,0
350000,2,2,3,35,1,136193.0,4749.0,1
390000,2,4,1,24,3,69797.0,21360.0,0
120000,1,1,2,60,8,143553.0,21161.0,0
20000,1,4,2,37,1,34542.0,0.0,0
50000,1,4,1,37,4,19407.0,15237.0,0
40000,2,4,1,23,6,138306.0,0.0,1
360000,2,2,3,32,1,42133.0,0.0,0
210000,1,1,2,69,7,56755.0,12558.0,0
120000,1,1,3,29,3,46443.0,14082.0,0
250000,1,1,1,55,8,41782.0,3805.0,1
90000,1,4,3,66,3,105199.0,9006.0,0
60000,1,4,2,34,3,20185.0,2315.0,0
200000,2,3,3,24,6,180853.0,3687.0,0
250000,2,4,1,49,3,59845.0,11358.0,1
40000,1,3,2,25,2,142738.0,11403.0,0
450000,2,3,3,28,4,28037.0,0.0,1
320000,2,3,1,21,5,63259.0,13407.0,0
280000,2,1,1,26,4,-3630.0,0.0,0
130000,1,3,2,68,6,53177.0,11020.0,0
270000,2,2,2,39,-1,9085.0,7630.0,0
430000,1,4,3,54,3,23531.0,4233.0,0
270000,1,1,3,60,5,-43060.0,16043.0,0
470000,2,2,1,40,3,128720.0,14699.0,0
480000,2,1,1,65,2,105184.0,4377.0,0
410000,1,4,3,42,2,50374.0,0.0,0
190000,1,2,1,30,-1,94845.0,10392.0,0
220000,1,4,2,57,7,-51753.0,0.0,0
30000,2,3,1,52,7,69914.0,8653.0,0
180000,2,4,3,58,4,10021.0,1576.0,0
310000,2,1,1,69,-2,164683.0,1815.0,0
400000,2,2,1,42,1,110733.0,5873.0,1
50000,1,2,2,52,8,-21332.0,5039.0,0
410000,2,3,2,40,8,-10798.0,1694.0,0
460000,1,4,3,31,6,-79465.0,9333.0,0
340000,1,4,1,28,3,-51786.0,15690.0,0
490000,2,1,3,48,0,-33376.0,0.0,0
290000,1,2,2,59,-2,-75961.0,528.0,0
280000,2,2,3,40,5,120243.0,1660.0,0
100000,2,3,2,36,8,86104.0,1209.0,1
360000,1,1,3,46,-1,43141.0,21396.0,1
130000,1,4,2,21,1,43707.0,1046.0,0
490000,2,2,3,45,5,153239.0,17168.0,1
210000,1,2,2,53,4,4136.0,0.0,0
260000,2,4,2,51,3,15479.0,0.0,1
270000,1,3,2,65,3,121875.0,5596.0,0
370000,2,3,2,65,7,67942.0,5639.0,0
300000,1,2,1,34,8,110763.0,5878.0,0
60000,2,4,2,41,7,-45491.0,9071.0,0
40000,1,3,3,26,7,1878.0,9313.0,0
60000,2,1,2,29,1,78090.0,3478.0,0
100000,2,4,2,43,2,22491.0,13203.0,1
500000,1,2,1,67,1,18116.0,7497.0,0
30000,2,4,2,50,3,134066.0,21464.0,0
60000,2,3,3,58,6,80668.0,0.0,0
230000,2,1,1,54,5,28585.0,6619.0,1
220000,1,2,2,52,1,6540.0,16595.0,0
160000,1,4,3,39,-1,1614.0,11722.0,0
290000,2,1,3,48,8,73993.0,11858.0,0
480000,2,1,2,37,1,76712.0,15759.0,1
30000,1,3,1,44,2,39434.0,4455.0,0
440000,1,1,2,25,6,81781.0,3220.0,0
270000,2,3,2,35,1,140692.0,10012.0,0
220000,1,1,3,43,0,100642.0,268.0,0
60000,2,1,2,35,1,-6793.0,0.0,0
270000,1,3,1,64,-1,123371.0,12742.0,0
340000,1,2,1,64,6,-58669.0,14381.0,1
30000,2,4,3,59,7,-56424.0,6605.0,0
90000,1,3,2,49,8,75057.0,7722.0,0
390000,1,1,1,50,8,4353.0,10138.0,0
410000,1,2,2,33,7,80155.0,17041.0,0
220000,2,2,3,67,1,42348.0,0.0,1
40000,1,3,2,61,0,81549.0,3569.0,0
60000,1,2,3,39,5,88904.0,389.0,1
40000,2,4,1,26,8,-121671.0,20368.0,1
370000,1,1,3,54,-1,17494.0,22870.0,0
150000,1,2,3,57,1,97504.0,19467.0,0
180000,1,1,2,26,-2,36660.0,0.0,0
10000,2,2,1,39,6,100770.0,0.0,0
390000,1,4,1,26,2,33370.0,2664.0,0
430000,1,3,2,60,3,-60542.0,4471.0,0
80000,2,1,1,69,-2,74244.0,4982.0,0
150000,1,3,3,31,1,27290.0,1861.0,1
130000,2,4,1,57,1,-49658.0,9015.0,0
410000,2,4,2,46,6,99760.0,18663.0,1
100000,1,2,3,23,7,80640.0,0.0,0
140000,2,2,3,58,5,-12584.0,9055.0,0
250000,2,1,1,51,-2,-51760.0,3197.0,0
400000,1,3,1,24,0,121844.0,21690.0,0
460000,2,2,1,52,7,103419.0,0.0,0
40000,2,1,1,62,0,35761.0,24166.0,0
470000,1,2,2,46,7,12281.0,6688.0,0
210000,1,2,1,32,1,31361.0,0.0,0
350000,1,4,1,51,0,38221.0,13.0,1
40000,1,1,3,49,6,138111.0,4959.0,0
80000,2,1,1,46,5,113332.0,18070.0,0
100000,1,3,1,37,3,21460.0,13656.0,0
200000,1,4,3,66,-2,-80293.0,11754.0,0
400000,2,4,3,22,-1,152562.0,11209.0,0
160000,2,3,1,45,4,-37902.0,4047.0,0
400000,2,3,2,23,1,-64411.0,6836.0,0
430000,2,2,2,58,6,64793.0,5590.0,0
70000,2,3,2,24,3,89018.0,5701.0,0
420000,1,3,2,69,0,79401.0,5892.0,0
140000,1,2,3,58,0,-19107.0,12371.0,0
440000,1,4,1,35,6,95273.0,6293.0,0
110000,2,4,2,41,7,104409.0,10863.0,1
160000,2,4,1,21,2,12149.0,0.0,0
220000,2,1,2,43,0,-47940.0,0.0,0
330000,1,2,1,27,1,16770.0,4526.0,1
390000,1,2,3,43,2,56470.0,6239.0,0
470000,2,4,1,66,4,46791.0,0.0,1
240000,2,1,1,46,8,-77151.0,5303.0,0
420000,1,3,1,65,7,-93853.0,0.0,0
40000,1,3,3,52,7,1043.0,0.0,0
330000,2,4,3,52,3,45920.0,10746.0,0
70000,2,3,1,61,2,128447.0,6760.0,1
230000,1,2,2,26,-1,-63958.0,4829.0,1
270000,1,2,3,26,4,-52158.0,14097.0,1
200000,2,2,3,60,-2,56331.0,12984.0,1
350000,1,3,1,42,5,102494.0,8638.0,1
460000,1,1,3,35,2,64792.0,0.0,0
260000,1,1,3,65,0,-23967.0,34230.0,0
420000,2,3,2,35,1,69731.0,23617.0,0
270000,2,2,3,60,-2,26007.0,0.0,0
270000,2,1,1,33,1,146951.0,0.0,0
60000,1,4,1,44,-2,132396.0,15783.0,0
460000,2,2,3,41,0,-12554.0,8479.0,0
160000,1,3,3,69,5,187447.0,12367.0,0
90000,2,1,2,36,0,15030.0,5804.0,0
50000,1,2,3,63,1,-37950.0,6668.0,1
20000,1,1,1,25,5,26619.0,10972.0,0
310000,1,3,1,23,8,-49482.0,0.0,0
490000,2,1,2,68,6,92924.0,7296.0,1
110000,1,3,3,68,0,20351.0,1060.0,1
30000,1,3,2,38,8,117754.0,4246.0,0
90000,2,1,3,23,3,13834.0,8432.0,0
150000,2,1,3,39,6,-7943.0,14122.0,0
410000,1,2,3,52,6,-43054.0,5758.0,0
100000,1,3,2,38,4,110356.0,1111.0,0
60000,1,2,3,64,-1,27377.0,0.0,0
10000,2,4,1,44,1,76504.0,10748.0,0
160000,2,2,2,58,4,38688.0,0.0,1
230000,1,1,1,27,-2,53888.0,0.0,0
370000,1,2,2,65,-2,22474.0,22516.0,1
160000,1,2,1,25,1,54919.0,4693.0,1
130000,1,1,2,46,5,77839.0,0.0,0
360000,2,1,2,56,3,68661.0,2148.0,0
380000,2,3,1,54,6,120589.0,0.0,0
350000,2,3,1,22,-2,-40713.0,13303.0,0
140000,2,4,3,33,-2,121826.0,16192.0,0
200000,1,3,3,68,-1,-22611.0,11571.0,1
500000,1,2,2,58,7,59589.0,22065.0,1
180000,2,2,1,69,3,45883.0,1633.0,0
20000,1,2,3,37,5,142174.0,0.0,1
500000,1,1,2,58,0,59746.0,2940.0,0
360000,1,2,3,35,6,-2638.0,27.0,1
60000,2,4,3,51,3,205128.0,4366.0,0
340000,1,4,2,43,3,-22605.0,5417.0,0
340000,2,2,3,38,2,125813.0,0.0,0
450000,1,2,2,37,5,86819.0,10870.0,0
40000,2,2,3,29,2,39411.0,8169.0,0
350000,2,2,2,22,6,68234.0,11001.0,1
250000,1,4,3,33,6,54351.0,23647.0,0
470000,2,4,3,48,6,72841.0,21164.0,0
250000,1,3,1,30,2,11190.0,0.0,0
460000,1,4,2,32,5,151157.0,0.0,0
480000,1,3,2,42,2,151788.0,5198.0,0
490000,2,4,1,69,1,7300.0,0.0,1
380000,1,4,3,21,5,106998.0,32925.0,1
100000,1,3,2,34,6,-40880.0,4341.0,1
100000,1,3,1,69,6,74231.0,0.0,0
110000,2,4,3,56,-2,32033.0,4497.0,0
380000,2,4,2,45,0,85907.0,17158.0,0
280000,1,4,3,69,2,68897.0,7416.0,0
30000,1,2,3,29,4,82543.0,4722.0,0
400000,2,2,3,37,1,-19270.0,10065.0,0
80000,2,4,2,27,4,90341.0,16366.0,0
400000,1,4,2,57,1,63439.0,892.0,0
60000,2,1,2,67,3,196646.0,7600.0,0
50000,1,2,1,59,6,15548.0,9744.0,0
350000,2,3,2,59,8,2639.0,0.0,0
60000,2,3,2,38,6,89652.0,10741.0,0
240000,2,3,2,67,6,79817.0,3409.0,0
70000,1,3,1,36,-2,-21014.0,0.0,1
300000,2,2,3,69,2,90868.0,13201.0,0
430000,2,4,2,33,2,-1394.0,4578.0,0
420000,1,3,3,36,4,107759.0,1540.0,0
80000,1,4,3,48,-1,-15160.0,4632.0,1
90000,2,4,3,66,4,143341.0,7163.0,1
150000,2,4,2,53,6,66378.0,0.0,0
310000,2,2,1,36,1,-41070.0,12267.0,0
480000,2,4,1,31,3,7196.0,0.0,0
120000,1,3,2,56,5,38586.0,1823.0,0
390000,2,1,3,21,8,12096.0,7818.0,1
60000,1,2,3,40,3,53517.0,3041.0,0
440000,2,4,1,38,5,89799.0,0.0,1
10000,2,1,1,54,6,9627.0,5220.0,0
390000,1,4,2,46,-2,90513.0,0.0,0
110000,2,2,3,46,3,103628.0,7956.0,0
200000,1,2,3,68,2,117812.0,66.0,0
380000,2,2,2,57,5,-17708.0,0.0,0
500000,2,1,1,24,4,71660.0,7046.0,1
30000,2,4,2,55,1,16366.0,9605.0,0
180000,2,2,3,40,2,24919.0,0.0,0
310000,2,2,3,22,-1,65831.0,19806.0,0
260000,2,3,2,54,8,65917.0,9117.0,0
320000,1,4,1,48,2,-42503.0,12360.0,0
370000,2,1,2,43,3,29943.0,7878.0,1
210000,2,1,3,47,0,21255.0,36940.0,0
210000,2,3,2,35,0,59357.0,14772.0,0
270000,2,2,2,61,3,90991.0,3348.0,0
390000,2,1,1,40,0,77197.0,7085.0,0
340000,1,3,1,45,4,36193.0,1306.0,0
150000,2,1,2,45,4,-9917.0,2953.0,0
370000,2,1,1,57,6,68267.0,7838.0,0
410000,2,1,1,26,6,69153.0,14120.0,0
200000,2,3,2,61,-2,24128.0,0.0,1
190000,2,3,1,43,-2,-77381.0,13308.0,0
370000,1,1,2,62,-2,30019.0,3497.0,0
160000,2,4,3,61,-1,-59351.0,2280.0,1
370000,2,1,2,30,4,-23388.0,56.0,0
360000,1,3,1,41,5,105735.0,3093.0,0
30000,1,4,3,34,-2,8226.0,10763.0,1
330000,2,3,1,34,4,14316.0,7476.0,1
240000,1,4,2,29,5,15505.0,13206.0,0
160000,1,2,1,35,-2,143910.0,0.0,0
330000,1,3,1,26,-1,64597.0,4196.0,0
70000,2,3,2,57,-1,-3653.0,6684.0,0
150000,2,1,3,25,4,80725.0,11211.0,0
120000,2,2,3,64,4,7622.0,0.0,0
180000,1,4,3,25,6,171995.0,11504.0,0
450000,1,3,3,58,-2,-5740.0,0.0,1
360000,2,3,2,41,6,104367.0,11119.0,0
320000,2,4,2,38,3,109347.0,10354.0,0
410000,2,3,1,29,4,43164.0,0.0,0
370000,1,2,3,38,8,102567.0,2392.0,1
370000,1,1,1,39,5,63416.0,13402.0,0
330000,2,2,2,43,3,44682.0,2808.0,0
310000,1,3,2,26,-1,28813.0,0.0,0
240000,2,2,3,35,7,-10121.0,5298.0,1
480000,1,2,3,66,2,50369.0,7906.0,0
500000,1,2,3,32,-1,161953.0,1528.0,0
330000,2,1,1,67,7,112749.0,0.0,1
310000,1,4,2,46,3,129154.0,19159.0,0
350000,1,3,1,30,4,60804.0,2630.0,1
340000,1,3,3,50,3,35670.0,10740.0,0
360000,2,4,1,62,6,-62830.0,0.0,0
490000,2,3,2,37,7,66294.0,0.0,1
120000,2,2,1,45,0,78302.0,4956.0,0
230000,2,3,1,48,-1,25102.0,11649.0,0
300000,1,4,1,31,4,-1626.0,0.0,0
490000,2,4,2,36,6,-8341.0,0.0,0
120000,2,3,3,36,3,50409.0,1845.0,0
320000,2,4,2,48,-2,66793.0,0.0,0
220000,1,1,1,63,2,18292.0,5412.0,0
10000,1,2,2,28,4,80746.0,0.0,0
260000,2,2,2,32,5,66660.0,3069.0,0
130000,1,1,3,59,6,71494.0,592.0,0
420000,2,1,3,68,1,251019.0,3822.0,0
440000,1,1,3,66,0,62417.0,18116.0,0
320000,1,4,3,56,1,94961.0,8997.0,0
230000,2,4,2,26,5,54444.0,11267.0,0
370000,1,2,1,25,8,56721.0,1373.0,0
400000,1,1,2,69,2,-12026.0,11351.0,0
430000,2,4,2,54,7,61644.0,2548.0,0
230000,2,4,3,22,3,76582.0,0.0,0
150000,1,3,2,25,-2,-1199.0,24068.0,0
130000,1,2,3,34,0,23614.0,9541.0,0
370000,1,3,1,48,2,63912.0,8441.0,0
390000,1,4,1,53,0,58343.0,9356.0,0
60000,1,4,3,50,4,48423.0,4579.0,0
110000,1,4,3,62,5,71432.0,4609.0,1
480000,2,4,2,57,-2,175904.0,5319.0,1
360000,1,1,1,29,6,118929.0,4200.0,0
10000,2,3,2,44,6,-91940.0,0.0,1
470000,1,4,3,34,8,88826.0,13158.0,0
210000,1,1,2,27,4,66431.0,15434.0,1
170000,2,3,2,66,2,124910.0,13465.0,0
100000,2,2,2,60,1,-98811.0,1419.0,0
280000,1,4,1,65,0,27996.0,0.0,0
460000,2,1,3,38,0,-40096.0,1731.0,0
330000,1,2,3,22,-1,76975.0,9048.0,1
80000,1,1,1,41,5,77601.0,14974.0,0
470000,2,3,3,27,8,91296.0,11808.0,1
270000,1,4,1,60,3,-19913.0,6664.0,0
500000,1,1,3,27,6,15024.0,8445.0,0
110000,2,1,1,27,5,27782.0,0.0,0
500000,1,3,3,68,-2,1284.0,0.0,0
430000,2,3,3,30,5,36269.0,20210.0,0
470000,1,4,1,50,8,49077.0,0.0,1
410000,2,1,3,62,-2,45390.0,9998.0,0
50000,1,2,1,44,7,-9852.0,8545.0,0
90000,2,2,2,63,4,48917.0,8781.0,0
100000,2,3,1,42,0,158609.0,10021.0,0
470000,1,1,3,23,8,24216.0,0.0,0
490000,1,2,1,48,-1,145604.0,0.0,1
120000,2,3,2,43,3,59359.0,6747.0,1
310000,1,1,3,62,7,2631.0,4009.0,1
500000,2,3,3,21,4,-9221.0,3580.0,0
130000,1,1,3,25,6,63576.0,0.0,0
70000,2,1,3,46,-1,25244.0,9837.0,0
450000,1,4,2,62,8,35331.0,0.0,0
240000,1,1,1,46,6,-7851.0,0.0,0
470000,1,3,3,25,4,-8139.0,3437.0,1
250000,1,4,3,28,1,49501.0,0.0,0
220000,1,1,2,51,0,-50345.0,9423.0,1
400000,1,2,2,37,-2,29182.0,0.0,0
190000,2,4,3,25,7,162862.0,4995.0,0
490000,2,4,1,64,-1,102085.0,7373.0,0
70000,1,1,1,25,0,73062.0,7424.0,0
480000,1,1,3,57,6,131338.0,7401.0,1
210000,2,2,2,62,2,-13947.0,0.0,1
230000,1,3,2,48,3,-56275.0,0.0,0
70000,2,3,1,69,5,75471.0,6418.0,0
240000,1,4,3,36,-1,-261.0,1182.0,0
280000,2,3,3,42,-2,40499.0,0.0,0
120000,2,1,3,53,1,24852.0,2358.0,0
460000,2,2,2,46,7,44173.0,0.0,0
220000,1,1,2,51,5,-90809.0,22877.0,0
280000,1,1,2,33,3,7903.0,343.0,1
380000,2,1,2,62,7,-21658.0,14751.0,0
490000,2,1,3,47,1,74449.0,16248.0,0
470000,1,2,1,51,3,76220.0,5345.0,1
160000,2,1,1,38,6,48838.0,0.0,0
460000,2,3,3,65,7,108768.0,0.0,0
130000,2,2,2,31,-1,73600.0,8578.0,0
320000,1,1,3,24,6,200006.0,0.0,0
300000,1,4,3,24,0,40939.0,5141.0,0
210000,1,1,2,41,-2,92118.0,10894.0,0
230000,2,2,1,22,1,69639.0,0.0,0
470000,1,3,2,54,-1,60538.0,8909.0,1
440000,2,1,2,66,3,89647.0,0.0,0
240000,1,2,3,55,3,38862.0,8905.0,0
240000,2,4,3,26,8,186924.0,10063.0,0
390000,1,1,2,49,6,30090.0,12692.0,0
490000,2,3,1,48,7,131892.0,4319.0,0
490000,2,4,3,21,6,141458.0,0.0,0
430000,2,2,2,41,-2,-26905.0,2010.0,0
30000,2,3,1,58,0,37335.0,11191.0,0
380000,1,3,3,68,0,10922.0,1963.0,0
100000,1,3,3,66,5,46684.0,5254.0,0
270000,2,2,3,51,4,124505.0,11397.0,1
80000,2,3,3,67,-2,14609.0,0.0,0
10000,1,1,2,52,5,445.0,5352.0,0
480000,1,4,3,21,2,21950.0,12201.0,0
140000,2,2,1,32,-2,117718.0,8589.0,1
210000,2,4,2,34,3,126949.0,21644.0,0
430000,1,2,3,35,2,-3034.0,5934.0,0
210000,2,2,1,40,5,49102.0,0.0,0
20000,1,3,1,26,3,147645.0,5309.0,0
260000,2,1,1,49,0,18198.0,0.0,0
160000,1,4,1,29,-1,-8087.0,3839.0,0
340000,1,3,2,66,2,71662.0,6439.0,0
210000,1,3,1,40,-2,-68650.0,22882.0,0
80000,1,1,3,63,5,-14139.0,15481.0,0
160000,1,4,2,30,7,139377.0,0.0,1
410000,2,4,1,28,1,-110515.0,0.0,0
490000,2,1,2,22,3,139421.0,3793.0,0
440000,1,1,3,66,-2,50735.0,0.0,1
430000,1,2,1,51,6,51806.0,19391.0,1
200000,2,3,2,33,6,-9830.0,11138.0,1
280000,2,3,3,40,-1,-13276.0,19453.0,1
290000,1,4,3,21,8,-56017.0,345.0,0
210000,2,3,3,66,7,56168.0,0.0,1
340000,1,1,1,68,7,124063.0,0.0,0
220000,1,4,2,49,0,65330.0,0.0,0
60000,2,1,3,35,0,5065.0,1247.0,0
30000,1,4,1,46,8,13592.0,526.0,0
500000,2,1,1,48,-2,100712.0,0.0,0
400000,1,3,1,23,4,105026.0,1362.0,0
50000,1,3,2,41,8,-31013.0,0.0,0
50000,1,4,3,45,8,3886.0,5848.0,0
290000,2,3,3,40,7,99433.0,22171.0,0
360000,2,1,2,28,2,14762.0,2127.0,0
110000,2,2,3,68,4,-102709.0,0.0,0
70000,1,3,1,44,6,28048.0,22651.0,1
290000,2,3,3,51,-2,46916.0,18669.0,0
450000,1,4,1,42,-1,-9771.0,0.0,0
140000,2,2,1,55,4,67320.0,0.0,0
380000,1,4,3,53,0,181333.0,7125.0,0
300000,2,2,2,43,2,10796.0,8929.0,1
210000,1,4,1,54,0,35454.0,3143.0,0
60000,1,4,2,37,4,35931.0,0.0,0
270000,1,2,2,28,3,-7245.0,1148.0,0
230000,1,1,1,64,8,-6756.0,22013.0,0
30000,2,4,3,63,5,135924.0,10461.0,0
460000,1,1,1,51,-2,18593.0,2111.0,0
70000,1,4,3,24,8,-5828.0,0.0,1
360000,1,4,2,28,3,82546.0,0.0,0
230000,2,2,1,51,0,114127.0,17301.0,1
470000,1,2,2,54,-1,5045.0,7865.0,1
420000,1,1,2,54,4,121695.0,0.0,0
260000,1,4,3,28,6,44722.0,1331.0,0
320000,1,1,1,36,4,114683.0,1483.0,1
290000,2,3,1,33,2,106776.0,9352.0,0
80000,1,2,1,31,7,22457.0,6399.0,1
430000,2,3,2,26,2,-21118.0,6453.0,0
260000,1,2,1,33,8,18501.0,13598.0,0
320000,1,3,3,34,6,-30179.0,9424.0,1
430000,1,4,1,50,0,119349.0,21069.0,0
220000,1,4,3,63,6,72933.0,6831.0,0
390000,2,1,1,44,2,-25094.0,10526.0,0
90000,2,2,1,27,7,74426.0,0.0,1
240000,1,2,3,25,8,-50146.0,8263.0,1
190000,2,3,2,40,-1,-4758.0,7768.0,0
90000,1,2,1,41,4,77375.0,24178.0,0
300000,2,4,2,21,8,30415.0,13737.0,0
60000,1,1,1,50,1,79284.0,13912.0,0
290000,1,4,2,57,4,-82714.0,2569.0,0
210000,2,4,3,57,-1,163734.0,8945.0,0
90000,1,3,3,51,-1,26510.0,0.0,1
80000,1,1,3,21,3,6630.0,7532.0,0
450000,1,3,2,42,6,90793.0,0.0,0
300000,2,2,1,35,6,-53940.0,0.0,0
280000,1,4,2,38,2,-42992.0,0.0,0
320000,2,4,1,66,1,114737.0,9012.0,1
240000,1,4,2,37,4,133900.0,8872.0,0
470000,1,1,3,24,4,62923.0,16979.0,0
160000,1,2,1,63,6,79800.0,13098.0,0
410000,1,1,3,44,7,-27945.0,14041.0,0
500000,2,3,1,60,8,-64268.0,0.0,0
140000,2,2,1,44,6,56056.0,9782.0,0
230000,2,1,1,50,-1,125308.0,8395.0,0
360000,1,4,3,65,1,18307.0,9929.0,0
190000,1,3,3,56,8,37361.0,5632.0,0
440000,1,2,1,52,4,141323.0,15656.0,1
500000,2,3,2,27,0,89198.0,8628.0,0
110000,1,2,1,26,3,19559.0,0.0,0
410000,2,3,2,59,8,117694.0,5424.0,0
240000,2,3,1,64,8,-11500.0,0.0,1
250000,1,3,2,57,-1,83865.0,7539.0,1
110000,1,4,2,59,-2,7050.0,0.0,1
250000,1,1,2,63,6,39369.0,308.0,1
400000,1,1,1,34,5,10005.0,18783.0,0
110000,2,2,3,45,3,103863.0,8626.0,0
470000,1,1,2,60,8,49357.0,6826.0,0
450000,2,3,2,43,-2,-18855.0,4932.0,1
50000,2,2,3,56,3,-55112.0,0.0,0
130000,2,3,1,35,0,-75104.0,12798.0,0
240000,2,2,2,64,4,34839.0,12145.0,0
40000,2,1,1,52,5,48773.0,14676.0,0
430000,2,1,3,30,-1,17478.0,12101.0,0
260000,2,3,1,48,4,95541.0,6242.0,0
60000,2,4,1,48,-1,-34337.0,247.0,0
30000,2,4,1,49,4,35628.0,12091.0,0
380000,1,2,2,48,5,210316.0,0.0,0
400000,1,2,2,24,3,-98015.0,0.0,1
180000,1,1,2,60,3,-12406.0,7807.0,0
390000,2,2,2,63,5,-54894.0,7565.0,1
60000,2,4,3,29,6,118723.0,0.0,0
280000,2,4,1,53,7,-11637.0,9447.0,0
460000,1,1,3,66,5,126184.0,5777.0,0
30000,1,1,1,38,-1,4164.0,3201.0,0
420000,1,1,3,39,2,70793.0,4082.0,1
280000,1,1,2,37,1,107138.0,4226.0,0
490000,1,1,3,62,4,40428.0,4617.0,0
250000,2,2,1,22,8,31595.0,6123.0,0
470000,2,3,3,68,5,106829.0,18626.0,0
420000,1,3,3,22,0,-3490.0,0.0,1
90000,2,3,3,57,1,55603.0,6307.0,0
330000,2,4,3,62,0,231953.0,5711.0,0
210000,1,3,2,38,4,30933.0,8195.0,0
490000,1,3,1,27,2,26050.0,8513.0,1
200000,2,3,3,46,8,18378.0,0.0,0
10000,1,1,3,56,7,24657.0,15263.0,1
140000,2,1,3,63,-2,494.0,2599.0,0
60000,1,3,1,52,-2,207905.0,5309.0,0
380000,2,2,3,39,0,59484.0,7905.0,0
440000,2,3,2,55,7,20154.0,6104.0,1
430000,2,2,2,28,5,23065.0,7001.0,0
180000,2,2,2,27,7,-23354.0,0.0,0
270000,2,3,2,67,4,11003.0,12897.0,0
340000,2,1,3,21,2,-20107.0,8496.0,0
190000,2,2,2,33,5,27012.0,9578.0,0
450000,2,4,2,45,-2,-10860.0,18195.0,0
360000,1,1,3,64,5,-31597.0,15094.0,0
10000,2,1,3,36,5,-25946.0,0.0,0
250000,2,1,2,27,5,63448.0,1540.0,0
360000,1,2,2,60,0,16527.0,2022.0,1
160000,2,2,2,42,4,11319.0,5494.0,0
300000,1,1,1,34,7,47252.0,5212.0,0
400000,2,4,3,23,3,-39430.0,10389.0,0
270000,2,2,3,54,3,39362.0,12058.0,0
340000,1,3,3,56,6,-72832.0,4899.0,0
90000,2,4,1,23,3,132339.0,10590.0,1
270000,2,4,2,34,1,195999.0,0.0,0
60000,2,1,3,28,6,104952.0,11883.0,0
450000,2,1,2,37,1,105375.0,8954.0,0
370000,2,3,3,27,0,35673.0,6157.0,0
450000,2,3,2,33,0,34668.0,10429.0,0
20000,2,2,2,32,7,37824.0,14684.0,0
310000,1,3,3,47,7,192289.0,6987.0,0
140000,2,4,2,43,-2,-78328.0,10887.0,1
270000,1,4,1,62,1,61486.0,12289.0,0
240000,1,3,2,41,1,129675.0,0.0,1
170000,2,4,3,55,8,60566.0,9346.0,0
80000,2,1,1,28,0,24357.0,0.0,0
280000,1,2,2,24,5,99424.0,5595.0,0
130000,1,3,3,49,6,-46044.0,1535.0,0
260000,1,2,1,65,1,195160.0,0.0,0
40000,1,2,2,36,2,36898.0,0.0,0
440000,1,4,3,48,2,67946.0,7967.0,0
150000,1,4,2,27,-1,101698.0,10056.0,0
240000,1,3,2,56,-1,-51465.0,9075.0,1
160000,2,4,2,43,1,84764.0,1963.0,0
240000,1,4,1,41,0,-73287.0,0.0,0
180000,2,4,1,32,3,-19946.0,7987.0,1
140000,1,1,2,45,7,95829.0,0.0,0
360000,2,3,3,31,8,-18978.0,3724.0,0
240000,1,4,1,26,3,104361.0,4867.0,0
140000,2,3,2,64,2,-15378.0,0.0,0
200000,1,4,1,24,6,31301.0,0.0,0
330000,1,4,2,41,2,19888.0,11109.0,1
330000,2,2,2,43,6,163869.0,0.0,0
330000,2,1,1,26,5,70406.0,0.0,0
190000,2,2,2,49,7,89275.0,11477.0,0
20000,1,1,1,50,5,49780.0,6266.0,1
400000,2,1,2,67,8,36927.0,0.0,0
470000,1,2,3,46,8,114970.0,3289.0,0
440000,1,1,3,28,0,-8822.0,6397.0,0
130000,1,4,1,60,8,111600.0,11845.0,0
500000,2,2,1,61,-1,135039.0,7664.0,0
420000,2,4,2,61,-1,105495.0,0.0,0
380000,2,3,2,54,6,-18892.0,13195.0,0
30000,1,4,2,54,0,-16538.0,0.0,0
200000,2,1,1,31,-1,101933.0,12548.0,0
30000,1,4,3,39,4,-32293.0,17590.0,0
70000,1,1,3,40,2,-41938.0,4527.0,0
340000,2,3,1,65,-1,78534.0,15849.0,0
120000,2,3,3,31,5,34536.0,4649.0,0
430000,2,2,2,46,5,121550.0,11745.0,0
350000,2,2,2,46,5,27828.0,59.0,0
130000,2,3,2,35,2,77543.0,22761.0,0
370000,2,3,2,24,4,105492.0,0.0,0
280000,1,2,2,55,2,116222.0,0.0,1
490000,2,1,1,35,5,-7339.0,20922.0,0
170000,2,4,2,43,6,63577.0,0.0,1
360000,1,2,3,69,3,123029.0,6702.0,1
260000,1,1,2,48,3,230055.0,17662.0,0
470000,2,3,2,50,5,142519.0,7251.0,0
70000,2,1,1,60,4,1597.0,19663.0,0
290000,2,4,1,42,3,-90791.0,0.0,0
350000,1,1,3,59,5,16512.0,14643.0,1
350000,1,1,3,48,1,20620.0,7777.0,1
420000,1,2,3,27,-1,-23929.0,2745.0,0
160000,2,2,2,29,4,-35639.0,15123.0,1
210000,2,2,3,41,-1,110626.0,4692.0,0
300000,2,2,2,61,-1,153236.0,6997.0,0
360000,1,4,3,66,-2,67789.0,92.0,0
440000,2,2,3,29,5,62453.0,8726.0,0
250000,1,2,2,69,2,-74712.0,0.0,0
340000,1,2,1,26,6,15254.0,6550.0,0
260000,1,1,1,21,7,48800.0,5718.0,0
430000,2,1,3,23,3,152331.0,0.0,1
170000,1,4,1,69,4,72828.0,0.0,0
220000,1,2,1,63,8,10530.0,0.0,1
230000,2,2,3,35,3,121781.0,4200.0,1
30000,2,2,3,33,-1,180527.0,13454.0,0
