customerID,gender,SeniorCitizen,Partner,Dependents,tenure,PhoneService,InternetService,OnlineSecurity,TechSupport,Contract,PaperlessBilling,PaymentMethod,MonthlyCharges,TotalCharges,Churn
C00000,Female,0,Yes,Yes,29,Yes,Fiber optic,Yes,No,One year,No,Bank transfer (automatic),54.59,1590.65,No
C00001,Male,1,Yes,No,54,Yes,Fiber optic,No internet service,Yes,Month-to-month,No,Mailed check,23.22,1338.31,No
C00002,Female,0,No,No,6,No,No,Yes,No internet service,Two year,Yes,Credit card (automatic),35.1,211.09,No
C00003,Male,0,Yes,No,65,Yes,No,Yes,No internet service,One year,Yes,Credit card (automatic),79.66,5267.65,No
C00004,Male,0,No,No,37,No,Fiber optic,No internet service,No internet service,Month-to-month,No,Mailed check,95.51,3308.46,Yes
C00005,Female,0,Yes,No,43,Yes,No,No,No,Two year,Yes,Credit card (automatic),93.6,4272.88,No
C00006,Male,0,No,No,13,Yes,Fiber optic,No,No,One year,No,Credit card (automatic),76.37,973.38,No
C00007,Male,0,No,Yes,38,Yes,DSL,Yes,No internet service,One year,No,Mailed check,26.48,1022.29,Yes
C00008,Male,0,No,Yes,0,Yes,DSL,No internet service,Yes,Month-to-month,No,Bank transfer (automatic),19.73,21.1,No
C00009,Male,0,No,No,64,Yes,DSL,No internet service,No internet service,Month-to-month,No,Mailed check,96.21,6132.06,No
C00010,Female,0,No,No,54,Yes,Fiber optic,No,Yes,Month-to-month,No,Bank transfer (automatic),72.94,3761.09,No
C00011,Male,0,No,Yes,33,Yes,No,No internet service,Yes,Two year,Yes,Bank transfer (automatic),96.27,3027.85,No
C00012,Male,0,No,No,61,Yes,DSL,No,No internet service,One year,No,Bank transfer (automatic),34.28,2118.82,No
C00013,Female,0,Yes,Yes,59,Yes,No,No internet service,Yes,Two year,No,Bank transfer (automatic),58.74,3320.94,No
C00014,Male,0,Yes,Yes,8,Yes,DSL,No,No,Month-to-month,Yes,Mailed check,109.92,850.97,No
C00015,Female,0,Yes,Yes,3,Yes,DSL,No,No internet service,Month-to-month,Yes,Bank transfer (automatic),35.16,99.89,Yes
C00016,Female,0,Yes,No,18,Yes,DSL,No internet service,Yes,One year,No,Mailed check,24.15,430.03,No
C00017,Male,0,Yes,Yes,0,Yes,Fiber optic,Yes,Yes,Month-to-month,No,Credit card (automatic),83.35,82.78,No
C00018,Female,0,Yes,No,41,Yes,No,No,No,Two year,No,Credit card (automatic),77.45,3191.91,No
C00019,Female,0,No,No,38,Yes,DSL,No internet service,Yes,One year,No,Mailed check,113.2,4381.48,No
C00020,Female,0,No,No,39,Yes,DSL,No internet service,No,One year,Yes,Credit card (automatic),108.65,4311.85,Yes
C00021,Male,0,No,No,5,Yes,No,Yes,Yes,Month-to-month,No,Bank transfer (automatic),92.94,452.36,Yes
C00022,Female,0,Yes,Yes,67,Yes,Fiber optic,No,Yes,Two year,Yes,Mailed check,19.92,1441.59,No
C00023,Female,0,Yes,No,71,Yes,Fiber optic,Yes,No,Two year,Yes,Mailed check,66.04,4699.77,No
C00024,Female,1,Yes,No,43,Yes,Fiber optic,No,Yes,One year,Yes,Bank transfer (automatic),107.61,4934.59,No
C00025,Female,0,No,Yes,0,No,Fiber optic,No,No internet service,Month-to-month,No,Credit card (automatic),61.37,62.07,Yes
C00026,Male,1,No,Yes,28,Yes,Fiber optic,No internet service,No,Month-to-month,Yes,Bank transfer (automatic),114.21,3115.13,Yes
C00027,Female,1,Yes,No,52,Yes,Fiber optic,No internet service,No,Month-to-month,No,Bank transfer (automatic),83.25,4535.62,No
C00028,Female,0,Yes,Yes,54,Yes,No,No,No,Month-to-month,Yes,Electronic check,28.95,1462.3,No
C00029,Female,0,Yes,No,17,Yes,DSL,Yes,Yes,One year,Yes,Mailed check,68.93,1281.89,No
C00030,Female,0,No,No,60,Yes,Fiber optic,No,No,One year,No,Bank transfer (automatic),87.56,5329.57,No
C00031,Male,0,No,Yes,70,Yes,No,No,Yes,Two year,Yes,Electronic check,24.54,1581.81,No
C00032,Male,0,Yes,No,37,Yes,DSL,No,No internet service,Month-to-month,Yes,Mailed check,52.46,1910.49,No
C00033,Female,0,Yes,No,27,Yes,DSL,Yes,No internet service,Month-to-month,Yes,Mailed check,89.71,2525.13,No
C00034,Male,0,Yes,No,38,No,Fiber optic,No internet service,Yes,Month-to-month,Yes,Mailed check,33.71,1170.33,No
C00035,Female,0,No,Yes,1,Yes,Fiber optic,No internet service,No,Month-to-month,Yes,Credit card (automatic),52.83,50.31,Yes
C00036,Male,0,Yes,No,38,Yes,Fiber optic,No internet service,No,Month-to-month,Yes,Mailed check,86.99,3586.18,No
C00037,Female,0,No,No,1,Yes,No,Yes,Yes,Month-to-month,Yes,Mailed check,95.55,92.8,Yes
C00038,Male,0,No,No,2,Yes,DSL,Yes,No,Month-to-month,Yes,Mailed check,69.85,130.18,Yes
C00039,Female,0,No,No,40,Yes,DSL,Yes,No,One year,No,Credit card (automatic),113.69,4182.32,No
C00040,Male,1,Yes,No,37,No,DSL,Yes,No internet service,Month-to-month,No,Mailed check,110.53,4186.99,Yes
C00041,Male,0,No,No,72,Yes,No,Yes,Yes,Two year,No,Electronic check,65.34,4759.18,No
C00042,Male,0,Yes,No,37,Yes,DSL,Yes,No internet service,One year,Yes,Mailed check,34.03,1296.31,No
C00043,Female,0,No,No,71,Yes,Fiber optic,No,No internet service,Month-to-month,Yes,Credit card (automatic),95.29,7385.37,No
C00044,Female,0,No,Yes,58,Yes,No,Yes,Yes,Two year,No,Bank transfer (automatic),42.31,2238.09,No
C00045,Female,0,No,Yes,24,Yes,DSL,No,No,Two year,No,Electronic check,102.28,2306.29,No
C00046,Male,0,Yes,No,67,Yes,DSL,Yes,No internet service,Month-to-month,No,Credit card (automatic),76.71,4865.96,Yes
C00047,Male,0,Yes,No,35,Yes,No,No internet service,Yes,Month-to-month,No,Mailed check,57.41,1980.05,Yes
C00048,Female,0,Yes,No,43,Yes,DSL,No internet service,Yes,One year,Yes,Credit card (automatic),73.64,2926.51,No
C00049,Male,0,No,No,7,Yes,Fiber optic,No internet service,No internet service,Month-to-month,Yes,Mailed check,71.28,489.97,No
C00050,Female,0,No,No,15,Yes,Fiber optic,No,Yes,Month-to-month,Yes,Bank transfer (automatic),110.47,1761.84,Yes
C00051,Male,0,Yes,Yes,38,Yes,Fiber optic,Yes,No,Month-to-month,No,Bank transfer (automatic),39.44,1397.9,Yes
C00052,Male,0,No,No,19,Yes,DSL,No,No internet service,One year,No,Bank transfer (automatic),110.82,2281.01,No
C00053,Female,0,Yes,Yes,43,Yes,No,No internet service,No internet service,One year,No,Bank transfer (automatic),21.13,983.32,Yes
C00054,Female,0,No,No,5,Yes,Fiber optic,No internet service,Yes,One year,Yes,Credit card (automatic),94.92,475.83,No
C00055,Male,0,No,No,18,No,DSL,No,No,One year,Yes,Credit card (automatic),109.97,2122.04,No
C00056,Female,1,Yes,No,48,No,DSL,No internet service,No internet service,Month-to-month,Yes,Bank transfer (automatic),57.41,2872.25,Yes
C00057,Male,1,Yes,Yes,44,Yes,Fiber optic,Yes,No,One year,No,Mailed check,25.31,1081.73,Yes
C00058,Female,0,No,No,71,No,Fiber optic,No,No internet service,Month-to-month,No,Electronic check,98.47,7077.72,No
C00059,Female,0,No,No,65,Yes,Fiber optic,Yes,No internet service,Month-to-month,No,Mailed check,102.29,6139.04,Yes
C00060,Female,0,No,Yes,59,Yes,DSL,Yes,No internet service,One year,No,Mailed check,51.63,3043.59,No
C00061,Male,0,Yes,No,0,Yes,Fiber optic,No internet service,No internet service,Month-to-month,No,Credit card (automatic),69.86,74.47,Yes
C00062,Female,1,Yes,Yes,43,Yes,DSL,No,Yes,One year,Yes,Mailed check,98.95,4327.39,No
C00063,Female,0,No,Yes,16,Yes,Fiber optic,No,No internet service,One year,No,Electronic check,37.2,581.16,No
C00064,Female,0,Yes,No,19,No,Fiber optic,No internet service,No,One year,Yes,Credit card (automatic),80.9,1587.38,No
C00065,Male,0,Yes,No,15,Yes,No,No,No,One year,Yes,Mailed check,61.06,1003.25,Yes
C00066,Female,0,No,No,33,Yes,DSL,No internet service,No internet service,One year,No,Bank transfer (automatic),35.44,1068.35,No
C00067,Male,0,Yes,No,9,Yes,Fiber optic,No,Yes,Month-to-month,No,Electronic check,101.14,879.38,No
C00068,Male,0,No,Yes,38,Yes,DSL,Yes,Yes,Month-to-month,Yes,Mailed check,50.47,1785.89,Yes
C00069,Female,0,Yes,No,12,Yes,DSL,Yes,Yes,Month-to-month,Yes,Credit card (automatic),111.44,1459.49,No
C00070,Female,0,No,No,36,Yes,DSL,No internet service,No,Month-to-month,No,Mailed check,74.89,2720.79,No
C00071,Male,0,Yes,No,45,Yes,No,No internet service,No,Month-to-month,No,Mailed check,69.45,2893.77,Yes
C00072,Female,0,Yes,No,13,Yes,Fiber optic,Yes,Yes,Two year,Yes,Credit card (automatic),60.33,801.88,No
C00073,Male,0,No,Yes,7,Yes,No,No internet service,No,Month-to-month,No,Electronic check,58.07,406.52,Yes
C00074,Female,0,No,No,58,Yes,DSL,No internet service,Yes,Month-to-month,No,Credit card (automatic),99.8,5278.23,Yes
C00075,Female,0,Yes,Yes,53,Yes,Fiber optic,Yes,No,Month-to-month,Yes,Mailed check,85.75,4876.08,Yes
C00076,Female,1,Yes,No,19,Yes,Fiber optic,No internet service,No,Month-to-month,No,Electronic check,95.37,1887.84,Yes
C00077,Male,0,Yes,No,64,Yes,Fiber optic,Yes,No internet service,One year,Yes,Electronic check,60.11,3466.37,No
C00078,Male,0,Yes,No,16,Yes,No,Yes,Yes,One year,No,Mailed check,44.14,771.17,Yes
C00079,Male,0,No,Yes,67,Yes,No,No,No internet service,One year,Yes,Bank transfer (automatic),26.69,1666.37,No
C00080,Male,0,No,No,8,Yes,No,Yes,No internet service,One year,No,Electronic check,95.67,688.86,No
C00081,Male,1,Yes,No,48,Yes,DSL,No,No internet service,Month-to-month,Yes,Electronic check,59.53,2815.88,Yes
C00082,Male,0,No,No,1,Yes,Fiber optic,No,No,Two year,Yes,Credit card (automatic),68.92,63.97,No
C00083,Female,0,Yes,No,14,Yes,No,No,No,Month-to-month,Yes,Bank transfer (automatic),64.93,921.77,No
C00084,Male,0,No,No,29,Yes,Fiber optic,No,No internet service,Month-to-month,Yes,Bank transfer (automatic),61.11,1705.35,No
C00085,Male,1,No,Yes,6,No,Fiber optic,No,No,Month-to-month,No,Credit card (automatic),86.39,485.7,No
C00086,Female,1,No,No,33,No,Fiber optic,No internet service,No,One year,No,Electronic check,78.87,2855.35,Yes
C00087,Male,0,Yes,No,16,No,Fiber optic,No internet service,No,Month-to-month,Yes,Credit card (automatic),115.21,1781.69,Yes
C00088,Female,0,No,No,7,Yes,DSL,No,No internet service,Month-to-month,Yes,Mailed check,31.89,219.42,Yes
C00089,Female,0,No,Yes,70,Yes,DSL,No internet service,No internet service,Month-to-month,Yes,Electronic check,75.35,5057.44,No
C00090,Male,0,Yes,No,71,Yes,DSL,No internet service,Yes,Month-to-month,Yes,Bank transfer (automatic),24.32,1843.1,No
C00091,Female,0,No,Yes,70,Yes,Fiber optic,Yes,Yes,One year,No,Credit card (automatic),98.79,6495.93,Yes
C00092,Female,0,No,No,11,Yes,DSL,Yes,No internet service,Month-to-month,No,Bank transfer (automatic),79.63,810.7,No
C00093,Female,0,Yes,No,27,Yes,No,No internet service,Yes,Month-to-month,Yes,Electronic check,60.84,1768.0,No
C00094,Female,1,Yes,Yes,23,Yes,Fiber optic,No internet service,Yes,Month-to-month,Yes,Electronic check,98.22,2116.0,No
C00095,Male,0,Yes,Yes,23,Yes,DSL,No internet service,No internet service,One year,Yes,Mailed check,63.5,1565.05,No
C00096,Male,0,Yes,Yes,30,Yes,Fiber optic,No internet service,No internet service,Month-to-month,Yes,Bank transfer (automatic),40.78,1242.53,No
C00097,Female,1,Yes,No,37,Yes,DSL,No internet service,Yes,Month-to-month,No,Bank transfer (automatic),65.25,2570.39,No
C00098,Male,0,Yes,No,35,Yes,Fiber optic,Yes,No internet service,Month-to-month,Yes,Electronic check,25.08,802.34,No
C00099,Male,0,Yes,No,21,Yes,No,No,No internet service,Two year,Yes,Bank transfer (automatic),107.79,2473.48,No
C00100,Female,0,No,No,71,Yes,Fiber optic,Yes,No internet service,Two year,Yes,Credit card (automatic),91.1,6209.07,No
C00101,Male,0,Yes,Yes,71,Yes,DSL,No internet service,Yes,One year,No,Credit card (automatic),94.03,6086.8,Yes
C00102,Female,0,Yes,No,24,No,Fiber optic,Yes,Yes,Month-to-month,No,Credit card (automatic),105.45,2664.87,No
C00103,Female,0,No,No,16,Yes,Fiber optic,Yes,No,Two year,Yes,Bank transfer (automatic),97.16,1454.59,No
C00104,Male,0,No,Yes,38,Yes,Fiber optic,No,Yes,One year,No,Mailed check,61.19,2255.98,Yes
C00105,Male,0,No,No,26,Yes,Fiber optic,Yes,No internet service,One year,No,Credit card (automatic),29.86,791.06,Yes
C00106,Female,1,No,No,72,Yes,DSL,No internet service,No internet service,Month-to-month,Yes,Mailed check,55.34,3640.71,No
C00107,Female,0,Yes,No,31,Yes,No,Yes,No internet service,Month-to-month,Yes,Mailed check,111.41,3247.82,Yes
C00108,Male,0,Yes,No,2,Yes,Fiber optic,No internet service,No,Month-to-month,Yes,Electronic check,112.91,225.33,Yes
C00109,Male,0,No,No,9,Yes,Fiber optic,No,No internet service,Two year,Yes,Bank transfer (automatic),94.79,839.78,Yes
C00110,Female,0,No,No,5,Yes,DSL,No,No,Month-to-month,No,Electronic check,38.44,194.41,Yes
C00111,Male,0,No,No,27,Yes,DSL,No internet service,No,Month-to-month,Yes,Mailed check,37.44,1057.1,No
C00112,Male,0,No,Yes,23,Yes,Fiber optic,No,No,Month-to-month,Yes,Credit card (automatic),105.98,2365.87,Yes
C00113,Male,0,No,Yes,62,Yes,Fiber optic,Yes,Yes,One year,Yes,Electronic check,32.19,1957.62,No
C00114,Male,0,Yes,Yes,65,Yes,No,No internet service,Yes,Month-to-month,Yes,Credit card (automatic),76.41,4740.55,No
C00115,Male,0,Yes,No,10,Yes,DSL,No internet service,No,Two year,Yes,Bank transfer (automatic),55.83,540.4,No
C00116,Male,1,Yes,No,68,Yes,No,No,No,One year,Yes,Mailed check,48.2,2983.29,No
C00117,Female,0,Yes,No,42,Yes,DSL,No,No internet service,One year,No,Mailed check,85.74,3658.79,No
C00118,Female,1,No,Yes,22,Yes,No,No internet service,No,Month-to-month,No,Credit card (automatic),113.96,2343.04,Yes
C00119,Male,0,No,No,29,Yes,DSL,No,No internet service,One year,No,Credit card (automatic),95.76,2897.17,No
C00120,Male,0,Yes,No,32,Yes,Fiber optic,Yes,No internet service,One year,No,Credit card (automatic),66.62,1936.65,No
C00121,Female,0,No,No,12,Yes,Fiber optic,Yes,Yes,One year,No,Bank transfer (automatic),62.07,679.28,Yes
C00122,Female,0,Yes,Yes,63,Yes,Fiber optic,Yes,No internet service,Month-to-month,No,Bank transfer (automatic),108.77,6557.43,Yes
C00123,Male,0,No,No,0,Yes,No,Yes,No,Month-to-month,No,Mailed check,75.81,74.88,No
C00124,Female,1,No,No,5,Yes,No,Yes,No internet service,Month-to-month,Yes,Mailed check,67.66,351.4,Yes
C00125,Male,0,Yes,No,19,Yes,DSL,No internet service,No internet service,Month-to-month,Yes,Credit card (automatic),86.28,1702.33,Yes
C00126,Female,0,Yes,No,10,Yes,DSL,No internet service,Yes,Month-to-month,Yes,Credit card (automatic),41.72,456.7,No
C00127,Male,1,No,No,4,Yes,DSL,Yes,Yes,Month-to-month,Yes,Mailed check,24.37,94.59,Yes
C00128,Female,1,Yes,No,27,Yes,DSL,No internet service,No internet service,Month-to-month,Yes,Electronic check,103.51,2548.47,No
C00129,Female,0,Yes,No,27,Yes,Fiber optic,No internet service,Yes,One year,Yes,Bank transfer (automatic),78.73,2279.3,Yes
C00130,Female,0,Yes,No,9,No,DSL,No internet service,No internet service,Month-to-month,Yes,Credit card (automatic),34.49,324.73,No
C00131,Female,0,Yes,No,59,Yes,Fiber optic,No internet service,No,Two year,Yes,Credit card (automatic),47.8,2576.6,No
C00132,Male,0,Yes,Yes,64,Yes,DSL,No,No,One year,No,Electronic check,116.99,6863.42,No
C00133,Female,1,No,No,52,Yes,No,No,No internet service,Month-to-month,Yes,Bank transfer (automatic),81.44,4215.09,No
C00134,Male,1,Yes,Yes,38,Yes,DSL,Yes,No,One year,No,Mailed check,81.61,3002.96,No
C00135,Female,0,Yes,No,69,Yes,Fiber optic,No internet service,No,Month-to-month,No,Bank transfer (automatic),25.22,1773.72,Yes
C00136,Female,0,Yes,No,25,Yes,Fiber optic,Yes,Yes,Two year,Yes,Electronic check,114.9,2711.16,No
C00137,Female,0,No,Yes,31,No,Fiber optic,No,No internet service,Month-to-month,No,Electronic check,107.28,3631.2,Yes
C00138,Female,1,No,No,1,Yes,Fiber optic,No,Yes,One year,Yes,Mailed check,72.78,72.96,No
C00139,Female,1,No,No,51,Yes,DSL,No,Yes,Month-to-month,No,Bank transfer (automatic),48.94,2621.1,Yes
C00140,Female,0,No,Yes,6,Yes,Fiber optic,No internet service,No,Month-to-month,No,Bank transfer (automatic),87.81,487.43,Yes
C00141,Male,1,Yes,No,48,No,DSL,No,Yes,Month-to-month,No,Mailed check,101.34,4978.07,No
C00142,Male,0,No,No,57,Yes,DSL,Yes,No,Two year,Yes,Mailed check,96.61,5908.96,No
C00143,Male,1,No,Yes,15,Yes,No,No internet service,No,One year,No,Electronic check,115.7,1569.93,No
C00144,Male,0,No,No,44,Yes,DSL,No internet service,No internet service,Month-to-month,Yes,Bank transfer (automatic),81.69,3623.1,Yes
C00145,Male,0,Yes,No,22,Yes,DSL,No,Yes,Month-to-month,Yes,Mailed check,50.12,1046.79,No
C00146,Female,0,Yes,No,29,Yes,DSL,Yes,No internet service,Month-to-month,Yes,Mailed check,67.79,1957.41,Yes
C00147,Male,0,No,Yes,38,Yes,Fiber optic,No internet service,No internet service,Month-to-month,No,Bank transfer (automatic),99.63,4025.21,No
C00148,Female,0,No,Yes,18,Yes,Fiber optic,Yes,No,Month-to-month,No,Bank transfer (automatic),44.53,832.01,No
C00149,Female,0,Yes,Yes,58,Yes,DSL,No,No internet service,Month-to-month,Yes,Electronic check,41.14,2507.57,No
C00150,Male,0,No,No,28,Yes,Fiber optic,Yes,No,Two year,No,Bank transfer (automatic),90.48,2387.35,No
C00151,Female,0,Yes,Yes,33,Yes,No,Yes,Yes,Two year,Yes,Electronic check,62.44,2197.55,No
C00152,Male,0,No,No,59,Yes,No,Yes,No,Month-to-month,No,Credit card (automatic),99.66,6013.99,Yes
C00153,Male,1,Yes,No,16,Yes,No,No,No,One year,No,Bank transfer (automatic),32.37,473.31,No
C00154,Female,0,No,No,33,No,DSL,No internet service,No,Month-to-month,No,Credit card (automatic),51.57,1825.26,No
C00155,Male,0,Yes,No,72,Yes,DSL,No,Yes,One year,No,Credit card (automatic),44.81,2939.66,No
C00156,Male,0,No,No,29,Yes,Fiber optic,No internet service,No internet service,Month-to-month,Yes,Mailed check,87.79,2305.97,No
C00157,Male,0,No,Yes,8,Yes,Fiber optic,Yes,No internet service,One year,Yes,Credit card (automatic),93.93,801.6,No
C00158,Female,0,No,Yes,20,Yes,Fiber optic,No internet service,No,One year,Yes,Mailed check,63.6,1148.11,Yes
C00159,Female,0,No,No,69,No,No,No internet service,No,One year,No,Bank transfer (automatic),65.8,4166.48,No
C00160,Female,0,Yes,No,55,Yes,Fiber optic,Yes,Yes,Month-to-month,Yes,Electronic check,31.2,1550.22,Yes
C00161,Female,0,No,No,59,Yes,Fiber optic,No,Yes,Two year,Yes,Electronic check,88.18,5598.31,No
C00162,Male,0,Yes,No,18,Yes,Fiber optic,No,No internet service,Month-to-month,Yes,Electronic check,117.23,1917.99,Yes
C00163,Male,0,No,Yes,61,Yes,DSL,No,No internet service,Month-to-month,Yes,Mailed check,95.79,5694.4,Yes
C00164,Male,0,Yes,No,28,Yes,Fiber optic,No,Yes,One year,No,Mailed check,40.31,1064.79,No
C00165,Male,0,Yes,No,58,Yes,DSL,Yes,No,Month-to-month,No,Mailed check,80.31,4510.47,Yes
C00166,Female,0,No,Yes,64,Yes,Fiber optic,Yes,Yes,Two year,Yes,Credit card (automatic),47.5,2912.68,No
C00167,Male,0,Yes,No,15,Yes,No,No,No internet service,Two year,Yes,Electronic check,21.02,339.76,No
C00168,Male,0,Yes,No,68,Yes,No,No,No internet service,Month-to-month,No,Credit card (automatic),35.98,2578.13,No
C00169,Male,0,No,No,46,No,Fiber optic,No,No,Two year,No,Credit card (automatic),28.26,1400.06,Yes
C00170,Male,0,Yes,No,53,Yes,DSL,Yes,No,Month-to-month,Yes,Credit card (automatic),37.59,2079.95,No
C00171,Female,0,Yes,Yes,55,Yes,DSL,No,Yes,Month-to-month,No,Mailed check,97.56,5183.74,No
C00172,Female,0,No,No,12,Yes,No,Yes,No internet service,Month-to-month,Yes,Mailed check,47.28,531.71,No
C00173,Female,0,No,No,54,Yes,DSL,No,No internet service,Two year,No,Mailed check,93.7,5089.94,No
C00174,Female,0,No,No,15,Yes,Fiber optic,No internet service,No,Month-to-month,Yes,Credit card (automatic),112.89,1644.81,Yes
C00175,Male,0,Yes,No,19,Yes,DSL,No internet service,No internet service,Month-to-month,Yes,Credit card (automatic),75.43,1474.28,Yes
C00176,Male,1,Yes,No,8,Yes,No,No internet service,No,Month-to-month,Yes,Credit card (automatic),66.54,483.23,Yes
C00177,Female,0,No,No,13,Yes,DSL,Yes,Yes,Two year,Yes,Credit card (automatic),93.01,1260.63,No
C00178,Female,0,Yes,No,71,Yes,Fiber optic,No internet service,No internet service,Two year,Yes,Electronic check,27.71,1888.54,No
C00179,Male,0,No,No,23,Yes,Fiber optic,No,No,One year,Yes,Credit card (automatic),60.82,1388.3,No
C00180,Male,1,No,Yes,28,No,Fiber optic,No,No,Two year,No,Mailed check,67.88,2082.57,No
C00181,Male,0,Yes,No,35,Yes,Fiber optic,Yes,No internet service,Two year,No,Credit card (automatic),101.11,3337.54,No
C00182,Male,0,No,Yes,52,Yes,DSL,No,No internet service,Month-to-month,No,Bank transfer (automatic),99.42,4774.51,No
C00183,Male,1,No,Yes,41,Yes,DSL,No,Yes,Month-to-month,Yes,Mailed check,102.83,3971.34,No
C00184,Male,0,No,No,39,Yes,DSL,No,No internet service,One year,No,Mailed check,87.79,3322.13,No
C00185,Male,0,Yes,No,61,Yes,No,No internet service,No,One year,No,Bank transfer (automatic),71.06,4366.07,No
C00186,Female,0,Yes,No,36,Yes,DSL,Yes,No,Month-to-month,Yes,Mailed check,100.79,3976.93,No
C00187,Female,0,No,No,56,Yes,Fiber optic,No,Yes,Month-to-month,Yes,Bank transfer (automatic),105.33,6334.83,Yes
C00188,Female,0,No,Yes,66,Yes,DSL,No internet service,No internet service,One year,No,Credit card (automatic),66.05,4546.71,No
C00189,Male,0,No,No,49,Yes,Fiber optic,Yes,Yes,Month-to-month,Yes,Mailed check,116.57,5963.86,No
C00190,Female,0,Yes,No,2,Yes,DSL,No internet service,No,Two year,No,Mailed check,105.48,201.84,No
C00191,Male,0,Yes,Yes,19,Yes,No,Yes,No,Month-to-month,No,Mailed check,69.05,1424.24,Yes
C00192,Female,1,No,No,45,Yes,No,No,Yes,Month-to-month,No,Mailed check,24.93,1130.72,Yes
C00193,Male,0,No,Yes,34,Yes,Fiber optic,Yes,No,Two year,Yes,Electronic check,40.45,1282.47,Yes
C00194,Male,0,No,No,20,Yes,No,No,Yes,Month-to-month,No,Mailed check,95.64,2085.07,No
C00195,Female,1,Yes,No,24,Yes,DSL,No internet service,Yes,Month-to-month,Yes,Bank transfer (automatic),29.12,699.79,Yes
C00196,Male,0,No,No,5,Yes,Fiber optic,No internet service,No,One year,No,Bank transfer (automatic),64.98,302.52,No
C00197,Male,0,No,No,17,Yes,DSL,Yes,Yes,Two year,No,Mailed check,78.49,1397.11,No
C00198,Male,0,Yes,No,57,Yes,Fiber optic,Yes,No,Month-to-month,No,Bank transfer (automatic),105.83,5711.14,Yes
C00199,Female,0,No,No,0,Yes,Fiber optic,No internet service,No,Month-to-month,Yes,Electronic check,102.71,96.29,No
C00200,Female,0,Yes,No,61,Yes,Fiber optic,No internet service,No internet service,One year,Yes,Credit card (automatic),94.43,5492.48,No
C00201,Female,1,No,No,24,Yes,No,No,No internet service,Two year,No,Electronic check,58.77,1432.56,Yes
C00202,Female,0,No,Yes,58,No,No,Yes,No internet service,Month-to-month,No,Bank transfer (automatic),32.22,1791.24,Yes
C00203,Female,0,Yes,No,18,Yes,DSL,Yes,No,Month-to-month,Yes,Electronic check,84.96,1388.84,No
C00204,Female,0,No,No,60,Yes,Fiber optic,Yes,No,Month-to-month,No,Credit card (automatic),36.13,2119.02,No
C00205,Male,0,Yes,No,41,Yes,No,Yes,Yes,Month-to-month,No,Mailed check,74.13,2877.87,Yes
C00206,Male,0,Yes,No,62,Yes,Fiber optic,No internet service,Yes,Month-to-month,Yes,Bank transfer (automatic),116.07,7212.82,Yes
C00207,Male,0,Yes,Yes,4,No,Fiber optic,No internet service,No internet service,One year,Yes,Mailed check,73.03,289.76,No
C00208,Female,1,No,Yes,58,Yes,Fiber optic,Yes,No internet service,Month-to-month,Yes,Mailed check,82.56,4384.41,No
C00209,Female,0,Yes,Yes,19,Yes,DSL,No internet service,Yes,Month-to-month,No,Credit card (automatic),85.76,1546.44,Yes
C00210,Female,1,Yes,No,26,Yes,Fiber optic,No internet service,No,One year,No,Credit card (automatic),101.04,2512.23,No
C00211,Female,0,No,No,3,Yes,Fiber optic,No,Yes,One year,Yes,Electronic check,61.5,183.94,No
C00212,Female,1,No,Yes,69,Yes,DSL,No,No internet service,Month-to-month,Yes,Electronic check,67.75,4976.01,Yes
C00213,Female,0,Yes,Yes,46,Yes,No,Yes,No,Two year,No,Mailed check,35.6,1545.44,No
C00214,Male,0,No,No,71,Yes,DSL,No,No,One year,No,Bank transfer (automatic),79.47,5256.64,No
C00215,Male,0,Yes,No,41,Yes,No,No internet service,No internet service,One year,No,Bank transfer (automatic),47.58,1756.1,No
C00216,Male,0,Yes,No,11,Yes,Fiber optic,No internet service,No,Month-to-month,Yes,Mailed check,68.76,772.47,No
C00217,Female,0,Yes,Yes,24,Yes,DSL,No,Yes,Month-to-month,Yes,Mailed check,94.66,2192.62,Yes
C00218,Female,0,No,No,32,Yes,DSL,Yes,No,Two year,Yes,Electronic check,19.76,653.84,No
C00219,Male,0,No,Yes,10,Yes,No,No,No internet service,Month-to-month,No,Electronic check,74.39,772.19,Yes
C00220,Male,0,Yes,No,67,Yes,DSL,Yes,No,Month-to-month,No,Mailed check,35.34,2152.17,No
C00221,Female,0,No,No,69,Yes,DSL,Yes,Yes,Month-to-month,No,Credit card (automatic),45.94,3118.14,Yes
C00222,Female,0,No,Yes,41,Yes,Fiber optic,Yes,No,One year,Yes,Bank transfer (automatic),21.47,962.66,Yes
C00223,Female,0,Yes,No,42,No,No,No internet service,Yes,Two year,No,Mailed check,34.95,1401.89,No
C00224,Male,0,No,No,51,Yes,Fiber optic,No internet service,Yes,Month-to-month,No,Credit card (automatic),116.66,5984.82,Yes
C00225,Male,0,Yes,Yes,49,Yes,Fiber optic,No,No,Two year,No,Credit card (automatic),117.85,5818.32,No
C00226,Female,0,No,Yes,4,Yes,Fiber optic,No internet service,Yes,Month-to-month,No,Bank transfer (automatic),89.98,342.68,Yes
C00227,Male,1,Yes,Yes,38,No,Fiber optic,No,No internet service,One year,Yes,Bank transfer (automatic),79.19,3177.29,No
C00228,Male,1,Yes,Yes,56,Yes,DSL,Yes,Yes,One year,No,Mailed check,95.7,4827.23,No
C00229,Female,0,Yes,No,58,Yes,Fiber optic,No,No internet service,Month-to-month,Yes,Credit card (automatic),107.66,5903.08,No
C00230,Female,0,No,No,43,No,Fiber optic,No,No,Month-to-month,Yes,Credit card (automatic),69.93,3062.64,No
C00231,Female,0,Yes,Yes,65,Yes,DSL,Yes,Yes,Month-to-month,Yes,Credit card (automatic),21.53,1516.25,No
C00232,Male,0,No,No,42,Yes,DSL,No,Yes,Two year,No,Electronic check,88.94,3369.05,Yes
C00233,Female,0,Yes,No,27,Yes,Fiber optic,No internet service,Yes,One year,No,Bank transfer (automatic),116.46,3207.85,No
C00234,Female,1,No,No,32,Yes,DSL,No internet service,No,Two year,Yes,Electronic check,43.81,1262.67,Yes
C00235,Female,1,Yes,No,50,Yes,Fiber optic,No internet service,Yes,Two year,No,Electronic check,64.35,3296.53,No
C00236,Male,0,Yes,No,64,Yes,Fiber optic,No,No internet service,Month-to-month,No,Mailed check,54.13,3403.07,No
C00237,Male,0,Yes,No,16,Yes,DSL,No,No internet service,One year,Yes,Electronic check,57.05,900.83,Yes
C00238,Female,0,Yes,Yes,21,Yes,No,No internet service,No,Month-to-month,No,Electronic check,90.14,2069.93,Yes
C00239,Female,0,No,No,47,Yes,No,Yes,Yes,Month-to-month,No,Mailed check,55.84,2720.14,Yes
C00240,Male,0,Yes,Yes,55,Yes,Fiber optic,Yes,No,Two year,Yes,Mailed check,112.11,5791.67,No
C00241,Male,0,No,Yes,29,Yes,Fiber optic,Yes,No internet service,Two year,Yes,Electronic check,96.97,3091.85,Yes
C00242,Male,0,No,Yes,46,Yes,Fiber optic,No,No internet service,Month-to-month,No,Electronic check,20.76,908.49,No
C00243,Female,1,No,No,0,Yes,DSL,Yes,No,Month-to-month,No,Mailed check,99.85,103.56,Yes
C00244,Male,0,No,Yes,21,No,Fiber optic,No internet service,Yes,One year,No,Electronic check,95.29,2073.25,Yes
C00245,Female,0,No,No,69,Yes,DSL,Yes,No,Two year,No,Credit card (automatic),69.65,5142.0,No
C00246,Male,1,Yes,No,42,Yes,No,Yes,Yes,One year,Yes,Electronic check,67.68,2785.06,Yes
C00247,Male,0,Yes,No,63,Yes,Fiber optic,No,No internet service,Month-to-month,Yes,Mailed check,101.55,6648.39,No
C00248,Female,0,No,No,15,Yes,Fiber optic,No,No,Month-to-month,Yes,Electronic check,60.48,930.05,Yes
C00249,Male,0,No,No,21,No,DSL,No,No internet service,Month-to-month,No,Mailed check,33.95,703.88,Yes
C00250,Male,0,Yes,Yes,71,Yes,Fiber optic,No internet service,Yes,One year,Yes,Bank transfer (automatic),49.29,3790.73,No
C00251,Male,0,Yes,No,72,Yes,DSL,No,Yes,Two year,Yes,Mailed check,44.52,3046.41,Yes
C00252,Female,1,Yes,Yes,64,Yes,Fiber optic,No internet service,No,Month-to-month,No,Electronic check,86.11,5207.13,No
C00253,Male,0,No,Yes,23,Yes,Fiber optic,No internet service,No internet service,Month-to-month,Yes,Bank transfer (automatic),35.89,847.0,No
C00254,Female,0,Yes,No,58,Yes,Fiber optic,Yes,No internet service,Month-to-month,Yes,Bank transfer (automatic),82.48,4487.5,Yes
C00255,Male,0,No,Yes,33,Yes,Fiber optic,Yes,No internet service,One year,Yes,Credit card (automatic),64.6,2272.5,Yes
C00256,Female,0,No,No,61,Yes,DSL,No,Yes,Two year,Yes,Bank transfer (automatic),101.97,6020.72,No
C00257,Female,1,No,No,62,Yes,Fiber optic,Yes,No,Month-to-month,No,Credit card (automatic),66.5,4057.94,Yes
C00258,Male,0,Yes,No,31,No,DSL,No,Yes,Month-to-month,No,Bank transfer (automatic),110.98,3565.83,Yes
C00259,Female,0,Yes,No,22,Yes,No,Yes,Yes,One year,Yes,Credit card (automatic),108.05,2560.19,No
C00260,Male,0,No,Yes,71,Yes,Fiber optic,Yes,No internet service,Month-to-month,No,Bank transfer (automatic),36.53,2692.17,Yes
C00261,Male,0,No,Yes,32,Yes,Fiber optic,No,Yes,Two year,Yes,Bank transfer (automatic),86.62,2546.88,No
C00262,Male,1,No,No,31,Yes,No,Yes,No,Month-to-month,No,Mailed check,39.46,1183.64,Yes
C00263,Male,0,Yes,No,48,Yes,DSL,No,No internet service,Month-to-month,No,Mailed check,100.33,5056.69,No
C00264,Male,0,Yes,No,68,Yes,Fiber optic,Yes,No internet service,Two year,Yes,Bank transfer (automatic),81.57,5999.1,No
C00265,Male,0,Yes,Yes,9,Yes,Fiber optic,No,No,Month-to-month,Yes,Mailed check,47.41,438.11,Yes
C00266,Female,0,No,No,71,Yes,Fiber optic,No internet service,Yes,Month-to-month,Yes,Mailed check,42.91,3105.2,No
C00267,Female,0,Yes,Yes,30,Yes,Fiber optic,No,No,Month-to-month,No,Credit card (automatic),60.96,1784.62,No
C00268,Male,0,No,No,1,Yes,No,No,No internet service,Month-to-month,No,Electronic check,98.07,97.64,Yes
C00269,Female,0,Yes,No,22,No,Fiber optic,Yes,No,Month-to-month,No,Electronic check,97.62,2118.53,Yes
C00270,Male,1,No,No,33,Yes,No,Yes,No internet service,Month-to-month,No,Bank transfer (automatic),21.34,641.57,No
C00271,Female,0,Yes,No,49,Yes,Fiber optic,Yes,No internet service,Month-to-month,Yes,Electronic check,48.23,2137.27,Yes
C00272,Female,0,Yes,Yes,41,Yes,No,No,No internet service,Month-to-month,Yes,Credit card (automatic),60.29,2529.93,Yes
C00273,Female,0,Yes,No,9,Yes,DSL,No,No,One year,Yes,Mailed check,76.56,690.4,Yes
C00274,Male,0,Yes,No,35,Yes,DSL,Yes,Yes,One year,Yes,Mailed check,32.95,1094.41,No
C00275,Male,0,No,Yes,16,Yes,No,No,Yes,Month-to-month,No,Bank transfer (automatic),51.53,889.24,Yes
C00276,Male,0,No,Yes,19,Yes,No,No internet service,No,Month-to-month,Yes,Mailed check,106.56,1905.83,Yes
C00277,Female,0,No,No,51,Yes,Fiber optic,No internet service,No internet service,Month-to-month,Yes,Electronic check,65.65,3482.41,No
C00278,Female,0,Yes,No,58,Yes,Fiber optic,No,No,Two year,No,Electronic check,92.41,5668.89,No
C00279,Male,0,Yes,No,11,Yes,DSL,No internet service,Yes,Two year,Yes,Electronic check,66.48,781.04,Yes
C00280,Male,0,No,Yes,43,Yes,DSL,No,No,Month-to-month,Yes,Electronic check,64.5,2961.84,No
C00281,Male,1,No,No,30,Yes,DSL,Yes,No,Month-to-month,Yes,Bank transfer (automatic),80.19,2547.24,Yes
C00282,Female,0,Yes,No,24,Yes,No,No internet service,Yes,Month-to-month,Yes,Credit card (automatic),43.94,1045.66,Yes
C00283,Female,1,Yes,No,52,Yes,DSL,No internet service,No,Month-to-month,Yes,Mailed check,42.98,2290.35,Yes
C00284,Male,0,No,Yes,18,Yes,Fiber optic,Yes,No,One year,No,Mailed check,116.94,2255.51,No
C00285,Female,0,Yes,Yes,55,No,Fiber optic,No,Yes,Month-to-month,Yes,Mailed check,104.9,5677.52,No
C00286,Female,0,Yes,No,29,No,Fiber optic,No,Yes,Month-to-month,Yes,Credit card (automatic),91.78,2752.57,Yes
C00287,Female,0,Yes,No,6,Yes,Fiber optic,No internet service,No,Month-to-month,No,Mailed check,31.71,177.3,Yes
C00288,Female,0,Yes,No,57,No,Fiber optic,Yes,Yes,Month-to-month,No,Credit card (automatic),21.02,1213.64,Yes
C00289,Female,0,Yes,No,62,Yes,DSL,No internet service,Yes,Month-to-month,No,Mailed check,35.54,2045.29,No
C00290,Male,1,No,No,41,Yes,Fiber optic,Yes,No internet service,Two year,Yes,Mailed check,111.77,4729.48,No
C00291,Male,0,No,No,52,Yes,Fiber optic,No,Yes,Month-to-month,No,Mailed check,99.63,5053.14,No
C00292,Female,0,Yes,No,10,No,No,Yes,No,Two year,Yes,Mailed check,70.31,664.83,No
C00293,Female,0,Yes,No,24,Yes,Fiber optic,No internet service,No,Month-to-month,No,Bank transfer (automatic),114.88,2680.33,No
C00294,Male,0,No,No,25,No,Fiber optic,Yes,No internet service,Two year,Yes,Mailed check,32.66,849.39,No
C00295,Male,0,No,Yes,55,Yes,No,Yes,No internet service,Two year,Yes,Electronic check,73.92,4397.38,No
C00296,Female,1,No,Yes,25,Yes,DSL,No,Yes,Two year,Yes,Bank transfer (automatic),36.32,819.25,Yes
C00297,Male,0,No,No,53,Yes,DSL,No,Yes,Two year,No,Bank transfer (automatic),48.64,2406.67,No
C00298,Female,0,No,No,22,Yes,DSL,Yes,No internet service,One year,No,Electronic check,112.01,2565.61,Yes
C00299,Male,0,Yes,No,43,Yes,No,No,No internet service,One year,No,Bank transfer (automatic),104.83,4569.66,Yes
C00300,Male,0,Yes,No,15,Yes,Fiber optic,Yes,Yes,One year,Yes,Mailed check,28.18,407.41,Yes
C00301,Male,0,No,Yes,40,Yes,Fiber optic,No,Yes,Month-to-month,Yes,Bank transfer (automatic),42.95,1770.15,Yes
C00302,Female,0,No,No,5,No,Fiber optic,Yes,Yes,Month-to-month,Yes,Mailed check,77.45,415.69,No
C00303,Female,0,Yes,Yes,53,Yes,Fiber optic,No,Yes,Month-to-month,Yes,Electronic check,24.14,1217.49,Yes
C00304,Male,0,Yes,No,2,Yes,Fiber optic,Yes,No internet service,Two year,Yes,Mailed check,73.01,145.6,Yes
C00305,Female,1,No,No,72,No,DSL,No internet service,No internet service,Month-to-month,Yes,Electronic check,76.45,4976.82,No
C00306,Female,0,Yes,No,61,No,Fiber optic,Yes,Yes,Month-to-month,No,Electronic check,47.1,3129.38,No
C00307,Female,0,No,No,42,Yes,Fiber optic,Yes,No internet service,One year,No,Electronic check,47.31,2106.89,Yes
C00308,Female,0,Yes,No,66,Yes,Fiber optic,Yes,No,Month-to-month,No,Bank transfer (automatic),40.91,2702.81,Yes
C00309,Male,0,Yes,No,59,Yes,DSL,No internet service,No internet service,Month-to-month,Yes,Electronic check,111.57,7230.36,Yes
C00310,Male,1,No,No,10,Yes,DSL,No internet service,No internet service,Month-to-month,Yes,Electronic check,56.89,537.07,No
C00311,Female,1,No,No,54,Yes,DSL,Yes,No,Month-to-month,No,Mailed check,76.53,4334.27,Yes
C00312,Female,0,Yes,No,27,Yes,No,Yes,Yes,Month-to-month,No,Credit card (automatic),48.16,1370.41,No
C00313,Male,0,No,No,62,Yes,DSL,Yes,Yes,Month-to-month,Yes,Mailed check,88.27,5834.88,Yes
C00314,Female,0,Yes,Yes,63,Yes,Fiber optic,No,No internet service,Month-to-month,Yes,Mailed check,28.14,1838.45,No
C00315,Male,0,No,No,69,Yes,DSL,No internet service,No internet service,Month-to-month,No,Credit card (automatic),25.16,1628.61,Yes
C00316,Female,0,Yes,Yes,32,Yes,DSL,No internet service,Yes,Month-to-month,Yes,Bank transfer (automatic),92.43,2716.01,No
C00317,Female,0,No,No,14,Yes,Fiber optic,Yes,No internet service,One year,No,Mailed check,90.67,1188.23,No
C00318,Female,0,Yes,No,9,Yes,No,No internet service,Yes,Month-to-month,No,Electronic check,44.5,429.2,Yes
C00319,Male,0,Yes,No,12,Yes,Fiber optic,Yes,Yes,Two year,Yes,Bank transfer (automatic),53.5,629.42,No
C00320,Male,0,No,No,72,Yes,Fiber optic,No,No,Two year,Yes,Bank transfer (automatic),113.73,8264.17,No
C00321,Female,0,Yes,Yes,42,Yes,No,No internet service,No,Month-to-month,Yes,Mailed check,28.43,1080.71,Yes
C00322,Female,0,No,No,25,Yes,Fiber optic,Yes,Yes,Month-to-month,Yes,Electronic check,36.31,906.19,No
C00323,Female,1,Yes,No,32,Yes,No,No internet service,No,Month-to-month,Yes,Mailed check,61.0,1916.58,Yes
C00324,Female,0,No,No,12,Yes,DSL,No,No internet service,Two year,Yes,Bank transfer (automatic),46.21,558.35,No
C00325,Female,1,Yes,No,41,Yes,DSL,No internet service,No,One year,No,Mailed check,82.9,3314.11,No
C00326,Female,0,Yes,Yes,31,Yes,Fiber optic,No,No internet service,Two year,No,Mailed check,87.06,2469.7,Yes
C00327,Female,0,No,Yes,58,Yes,Fiber optic,No internet service,No,Month-to-month,Yes,Credit card (automatic),70.64,3723.43,Yes
C00328,Female,0,No,No,1,Yes,Fiber optic,No,No,One year,No,Bank transfer (automatic),79.12,86.24,Yes
C00329,Female,0,Yes,No,68,Yes,No,No,No internet service,Month-to-month,No,Credit card (automatic),61.34,4257.73,No
C00330,Male,0,Yes,No,4,Yes,DSL,Yes,No,One year,Yes,Electronic check,94.04,386.95,Yes
C00331,Female,0,No,Yes,30,Yes,No,No,No internet service,Month-to-month,Yes,Bank transfer (automatic),22.21,721.66,Yes
C00332,Male,0,Yes,No,24,Yes,Fiber optic,No internet service,No,One year,Yes,Credit card (automatic),49.29,1194.99,No
C00333,Female,0,Yes,No,52,Yes,No,Yes,Yes,Two year,No,Mailed check,86.44,4598.76,No
C00334,Female,0,Yes,No,48,Yes,Fiber optic,No,No internet service,Month-to-month,Yes,Mailed check,50.96,2457.35,Yes
C00335,Male,0,No,No,14,Yes,Fiber optic,Yes,No internet service,One year,Yes,Mailed check,25.85,338.45,No
C00336,Male,0,No,Yes,35,Yes,Fiber optic,Yes,No,Month-to-month,Yes,Bank transfer (automatic),52.5,1768.23,Yes
C00337,Female,0,No,No,39,Yes,Fiber optic,No internet service,No,One year,No,Bank transfer (automatic),89.15,3744.11,No
C00338,Female,0,No,No,33,Yes,No,No internet service,No,Month-to-month,Yes,Mailed check,30.2,985.41,No
C00339,Male,0,No,No,1,Yes,Fiber optic,No internet service,No,Two year,Yes,Electronic check,90.46,85.11,Yes
C00340,Male,0,Yes,Yes,13,Yes,DSL,No,Yes,Month-to-month,No,Bank transfer (automatic),95.55,1323.65,Yes
C00341,Female,0,No,No,36,Yes,No,Yes,No internet service,Two year,Yes,Bank transfer (automatic),81.53,2692.82,Yes
C00342,Female,0,Yes,Yes,19,Yes,Fiber optic,No internet service,No,Two year,Yes,Credit card (automatic),42.42,828.47,No
C00343,Female,0,Yes,Yes,39,Yes,Fiber optic,No internet service,No internet service,One year,Yes,Electronic check,98.53,3996.47,No
C00344,Female,0,Yes,No,11,Yes,DSL,Yes,No,One year,Yes,Credit card (automatic),39.44,416.81,No
C00345,Female,0,No,No,53,Yes,Fiber optic,No internet service,No,Two year,Yes,Mailed check,108.58,5371.34,No
C00346,Male,1,Yes,No,13,Yes,Fiber optic,Yes,Yes,Two year,No,Credit card (automatic),88.66,1140.66,No
C00347,Female,0,No,No,47,Yes,No,No,Yes,Month-to-month,No,Mailed check,23.47,1159.35,Yes
C00348,Female,0,No,No,61,Yes,Fiber optic,Yes,No,One year,Yes,Mailed check,97.93,6435.73,No
C00349,Male,0,Yes,No,26,Yes,DSL,No,Yes,Month-to-month,Yes,Bank transfer (automatic),68.64,1897.19,Yes
C00350,Male,0,Yes,No,10,Yes,Fiber optic,No internet service,Yes,One year,No,Electronic check,63.26,583.2,No
C00351,Female,0,Yes,No,0,Yes,Fiber optic,No internet service,No internet service,Month-to-month,Yes,Credit card (automatic),60.05,56.72,Yes
C00352,Male,0,Yes,No,26,Yes,Fiber optic,No internet service,Yes,One year,Yes,Mailed check,78.66,2093.01,Yes
C00353,Female,0,Yes,No,8,Yes,No,No internet service,Yes,One year,No,Bank transfer (automatic),90.46,754.06,Yes
C00354,Male,0,No,Yes,64,Yes,No,No internet service,Yes,Month-to-month,No,Credit card (automatic),107.6,6209.79,No
C00355,Male,0,No,Yes,71,Yes,No,No internet service,No internet service,Month-to-month,No,Mailed check,45.29,2985.72,No
C00356,Male,0,No,Yes,71,Yes,DSL,No internet service,Yes,One year,No,Mailed check,81.08,5289.26,No
C00357,Female,0,No,No,67,Yes,DSL,No,No internet service,Two year,Yes,Bank transfer (automatic),86.63,5619.76,No
C00358,Male,0,Yes,No,42,Yes,DSL,No internet service,Yes,Month-to-month,No,Mailed check,85.48,3719.98,No
C00359,Female,0,No,Yes,23,Yes,No,Yes,Yes,One year,Yes,Mailed check,67.3,1685.1,Yes
C00360,Male,1,Yes,No,32,Yes,No,Yes,Yes,Two year,Yes,Mailed check,57.1,1677.2,No
C00361,Male,0,No,No,18,Yes,DSL,No,No,Month-to-month,No,Bank transfer (automatic),94.24,1698.39,Yes
C00362,Male,0,No,No,61,Yes,Fiber optic,No,No internet service,Month-to-month,Yes,Mailed check,48.0,2853.32,No
C00363,Female,0,Yes,Yes,31,Yes,No,Yes,No internet service,Month-to-month,Yes,Bank transfer (automatic),38.81,1178.64,No
C00364,Male,1,No,Yes,28,Yes,DSL,Yes,Yes,One year,Yes,Bank transfer (automatic),72.58,1856.67,Yes
C00365,Female,0,No,No,50,Yes,Fiber optic,No internet service,No internet service,Month-to-month,No,Electronic check,44.76,2143.25,No
C00366,Male,0,No,Yes,27,Yes,Fiber optic,No,No,One year,No,Bank transfer (automatic),21.32,547.14,No
C00367,Male,0,Yes,No,26,Yes,DSL,No,Yes,One year,No,Bank transfer (automatic),23.16,628.45,Yes
C00368,Female,0,No,No,16,Yes,Fiber optic,No internet service,No,Month-to-month,No,Mailed check,87.5,1439.72,Yes
C00369,Female,0,Yes,No,4,No,No,No internet service,No,Two year,No,Bank transfer (automatic),115.31,473.81,Yes
C00370,Male,1,Yes,No,2,Yes,DSL,No,No internet service,One year,Yes,Mailed check,63.47,127.43,Yes
C00371,Male,1,No,Yes,29,Yes,Fiber optic,No,No,Month-to-month,Yes,Bank transfer (automatic),32.71,918.63,No
C00372,Male,0,Yes,Yes,72,Yes,No,No,Yes,Month-to-month,Yes,Credit card (automatic),99.81,6818.08,No
C00373,Male,0,No,No,19,Yes,Fiber optic,No,No internet service,Month-to-month,No,Electronic check,44.14,756.69,Yes
C00374,Male,0,Yes,No,46,Yes,DSL,Yes,No internet service,Month-to-month,Yes,Electronic check,117.56,5026.98,No
C00375,Female,0,No,Yes,23,Yes,Fiber optic,No internet service,No,Month-to-month,No,Bank transfer (automatic),74.33,1613.81,No
C00376,Male,0,Yes,No,22,Yes,Fiber optic,No,Yes,Two year,Yes,Bank transfer (automatic),41.26,994.06,Yes
C00377,Male,1,No,No,11,Yes,DSL,No,No,Month-to-month,No,Bank transfer (automatic),67.6,813.57,Yes
C00378,Male,0,No,No,41,Yes,DSL,No,No,Month-to-month,No,Bank transfer (automatic),51.54,2226.26,No
C00379,Female,0,Yes,No,48,Yes,No,No,No internet service,One year,No,Bank transfer (automatic),95.95,4707.22,Yes
C00380,Male,0,Yes,Yes,25,Yes,Fiber optic,No internet service,No internet service,One year,Yes,Mailed check,28.58,738.62,No
C00381,Female,0,No,No,38,Yes,DSL,No internet service,No internet service,Two year,No,Electronic check,103.7,4019.84,No
C00382,Female,0,Yes,No,34,Yes,DSL,No internet service,No,One year,No,Credit card (automatic),94.73,3315.4,No
C00383,Male,0,No,No,19,Yes,No,No,No internet service,Month-to-month,Yes,Mailed check,104.14,1867.55,No
C00384,Female,0,Yes,No,50,Yes,No,Yes,No internet service,Month-to-month,Yes,Electronic check,107.5,5887.45,No
C00385,Male,0,Yes,No,40,Yes,Fiber optic,Yes,Yes,Two year,No,Bank transfer (automatic),40.98,1723.34,Yes
C00386,Female,0,No,No,4,Yes,Fiber optic,No,No internet service,One year,No,Credit card (automatic),70.1,265.5,No
C00387,Male,0,No,No,35,Yes,DSL,No,No internet service,Two year,No,Mailed check,102.99,3614.49,No
C00388,Female,1,No,Yes,28,Yes,DSL,Yes,No,Month-to-month,No,Mailed check,55.74,1651.0,Yes
C00389,Female,0,Yes,No,58,Yes,No,Yes,Yes,Two year,Yes,Credit card (automatic),24.04,1508.98,Yes
C00390,Male,0,No,No,22,Yes,Fiber optic,Yes,Yes,One year,No,Credit card (automatic),47.16,1013.42,Yes
C00391,Male,0,Yes,Yes,69,Yes,DSL,Yes,Yes,Month-to-month,Yes,Credit card (automatic),42.19,2901.64,No
C00392,Male,1,Yes,No,44,Yes,Fiber optic,No,No internet service,One year,No,Mailed check,105.01,4444.75,No
C00393,Female,0,Yes,No,9,Yes,Fiber optic,No,No,One year,Yes,Electronic check,64.38,565.12,No
C00394,Male,0,No,No,29,Yes,No,No,No internet service,Month-to-month,No,Electronic check,86.35,2367.78,Yes
C00395,Female,1,Yes,Yes,64,Yes,DSL,Yes,No,Month-to-month,Yes,Credit card (automatic),114.21,6622.22,No
C00396,Female,1,No,No,18,Yes,Fiber optic,Yes,No,Two year,No,Bank transfer (automatic),47.92,848.13,Yes
C00397,Female,0,No,No,51,Yes,Fiber optic,No,Yes,Month-to-month,Yes,Mailed check,94.12,4771.87,No
C00398,Female,0,No,No,57,Yes,Fiber optic,No,Yes,Month-to-month,Yes,Credit card (automatic),20.28,1220.67,No
C00399,Male,0,Yes,Yes,50,No,Fiber optic,Yes,No,Month-to-month,Yes,Electronic check,28.41,1426.93,No
C00400,Male,0,No,No,6,Yes,Fiber optic,Yes,No,Month-to-month,Yes,Electronic check,34.19,198.02,Yes
C00401,Female,0,Yes,No,27,Yes,Fiber optic,Yes,No internet service,Two year,Yes,Mailed check,49.24,1319.71,Yes
C00402,Female,1,Yes,No,25,Yes,DSL,Yes,Yes,One year,No,Credit card (automatic),58.3,1543.82,Yes
C00403,Female,0,Yes,No,25,Yes,No,Yes,No,Month-to-month,No,Credit card (automatic),65.7,1636.24,No
C00404,Female,0,No,No,64,Yes,DSL,No,No,Two year,No,Bank transfer (automatic),42.53,2751.96,Yes
C00405,Female,0,Yes,Yes,0,Yes,DSL,Yes,No internet service,Two year,Yes,Electronic check,24.62,23.01,No
C00406,Female,0,No,No,39,Yes,DSL,No,No internet service,Month-to-month,No,Credit card (automatic),85.75,3014.93,Yes
C00407,Female,0,No,No,71,Yes,DSL,No,Yes,Two year,No,Credit card (automatic),20.37,1570.56,No
C00408,Female,0,Yes,No,63,Yes,DSL,No internet service,Yes,Month-to-month,No,Credit card (automatic),98.95,5944.56,Yes
C00409,Male,1,No,Yes,44,Yes,Fiber optic,No internet service,No internet service,Two year,No,Credit card (automatic),110.92,4731.7,Yes
C00410,Male,0,Yes,No,72,Yes,Fiber optic,No,No internet service,One year,Yes,Electronic check,89.04,5917.05,No
C00411,Male,0,Yes,No,29,Yes,Fiber optic,No internet service,Yes,One year,No,Credit card (automatic),77.6,2256.25,No
C00412,Male,0,Yes,No,44,Yes,No,No internet service,Yes,Month-to-month,No,Mailed check,83.7,3857.44,No
C00413,Female,1,No,No,39,Yes,Fiber optic,No,Yes,Two year,Yes,Credit card (automatic),83.22,3366.36,No
C00414,Male,0,No,No,3,No,No,No,No internet service,Month-to-month,No,Bank transfer (automatic),111.17,357.23,Yes
C00415,Male,0,No,Yes,2,Yes,DSL,No,Yes,Month-to-month,No,Mailed check,114.43,219.09,Yes
C00416,Male,0,No,Yes,65,Yes,Fiber optic,No internet service,No,Month-to-month,Yes,Credit card (automatic),60.67,3797.37,No
C00417,Female,0,Yes,No,12,No,DSL,Yes,No internet service,One year,Yes,Mailed check,79.71,1045.59,Yes
C00418,Female,0,No,No,25,Yes,Fiber optic,No,No,Month-to-month,Yes,Mailed check,98.28,2435.67,Yes
C00419,Female,0,Yes,Yes,45,Yes,No,No,No,Two year,No,Electronic check,18.1,868.99,Yes
C00420,Female,0,No,No,42,Yes,DSL,No internet service,No,One year,No,Credit card (automatic),70.7,3035.62,Yes
C00421,Female,1,Yes,No,37,Yes,Fiber optic,No internet service,No,Month-to-month,Yes,Electronic check,83.29,2885.03,Yes
C00422,Male,1,Yes,No,71,Yes,Fiber optic,No,No internet service,Month-to-month,No,Electronic check,89.72,6952.91,No
C00423,Female,0,Yes,No,57,Yes,DSL,No,No internet service,Month-to-month,No,Electronic check,54.88,3018.33,Yes
C00424,Male,1,No,No,68,Yes,Fiber optic,No internet service,No internet service,One year,Yes,Bank transfer (automatic),47.56,3325.79,No
C00425,Male,0,Yes,Yes,48,No,DSL,Yes,No,Two year,No,Electronic check,36.21,1652.75,No
C00426,Female,0,Yes,No,71,No,Fiber optic,No,No,Month-to-month,No,Bank transfer (automatic),73.78,5317.66,Yes
C00427,Male,1,Yes,No,43,Yes,No,No,No internet service,Two year,No,Mailed check,109.93,4765.86,No
C00428,Female,0,Yes,No,39,Yes,DSL,No internet service,No,Month-to-month,Yes,Bank transfer (automatic),107.6,3995.84,Yes
C00429,Female,0,No,Yes,59,Yes,No,No internet service,No internet service,Two year,Yes,Credit card (automatic),54.0,3497.44,Yes
C00430,Female,0,Yes,Yes,63,Yes,Fiber optic,No internet service,Yes,Two year,Yes,Electronic check,43.79,2560.52,No
C00431,Female,0,Yes,No,4,Yes,DSL,Yes,No internet service,One year,No,Bank transfer (automatic),96.88,383.1,No
C00432,Male,0,No,No,66,Yes,Fiber optic,No internet service,No,One year,Yes,Mailed check,90.5,5413.18,Yes
C00433,Male,1,No,No,50,Yes,Fiber optic,No internet service,Yes,Two year,No,Electronic check,68.53,3551.72,No
C00434,Male,0,Yes,No,65,Yes,Fiber optic,Yes,No,Month-to-month,Yes,Electronic check,56.9,3670.47,No
C00435,Female,0,No,Yes,52,Yes,Fiber optic,No,Yes,Month-to-month,Yes,Bank transfer (automatic),30.38,1598.75,No
C00436,Male,0,Yes,No,67,No,Fiber optic,No,Yes,Month-to-month,Yes,Bank transfer (automatic),96.51,6722.89,No
C00437,Female,0,Yes,No,20,Yes,No,Yes,No,Month-to-month,Yes,Bank transfer (automatic),79.75,1679.22,No
C00438,Male,0,No,No,13,Yes,DSL,No,Yes,One year,No,Mailed check,55.69,791.42,No
C00439,Male,0,No,Yes,14,Yes,Fiber optic,No internet service,Yes,One year,Yes,Electronic check,109.88,1650.31,No
C00440,Male,0,Yes,Yes,18,Yes,DSL,No,Yes,Two year,Yes,Credit card (automatic),83.97,1458.2,No
C00441,Female,0,No,Yes,15,Yes,Fiber optic,Yes,No internet service,Month-to-month,Yes,Electronic check,110.92,1739.42,Yes
C00442,Male,0,No,Yes,32,Yes,DSL,Yes,No,One year,No,Electronic check,65.44,1916.49,Yes
C00443,Male,0,No,No,14,Yes,DSL,No internet service,Yes,Month-to-month,Yes,Electronic check,63.46,823.8,Yes
C00444,Male,0,No,No,11,Yes,DSL,No internet service,No internet service,Month-to-month,No,Mailed check,111.72,1218.99,Yes
C00445,Male,0,No,No,38,Yes,No,No internet service,Yes,One year,Yes,Mailed check,113.98,4296.26,Yes
C00446,Female,0,No,Yes,57,No,DSL,Yes,No internet service,Two year,No,Credit card (automatic),114.08,6510.04,Yes
C00447,Female,0,No,Yes,9,Yes,Fiber optic,No,No internet service,One year,Yes,Bank transfer (automatic),99.89,894.55,No
C00448,Male,0,Yes,No,37,Yes,Fiber optic,No,No internet service,Month-to-month,No,Bank transfer (automatic),64.24,2444.09,No
C00449,Female,1,No,No,48,Yes,DSL,No internet service,No,One year,No,Electronic check,39.03,2043.68,Yes
C00450,Female,1,Yes,No,51,Yes,No,No,No internet service,Month-to-month,No,Electronic check,56.34,2685.24,Yes
C00451,Female,0,Yes,Yes,7,Yes,DSL,No,Yes,Two year,No,Bank transfer (automatic),111.83,760.49,No
C00452,Male,0,No,No,53,Yes,No,No,No,One year,No,Credit card (automatic),54.36,2635.76,No
C00453,Male,0,No,No,1,Yes,DSL,Yes,No internet service,Month-to-month,No,Credit card (automatic),93.67,88.05,No
C00454,Female,1,No,Yes,17,Yes,Fiber optic,No internet service,No internet service,Month-to-month,Yes,Mailed check,110.3,2057.85,Yes
C00455,Male,0,No,No,23,Yes,No,Yes,No,Month-to-month,No,Credit card (automatic),115.04,2402.26,No
C00456,Male,0,No,No,62,Yes,DSL,No internet service,Yes,Two year,No,Bank transfer (automatic),112.77,6591.36,Yes
C00457,Female,1,Yes,Yes,14,Yes,No,No,No,Month-to-month,Yes,Bank transfer (automatic),73.51,1014.01,Yes
C00458,Female,0,Yes,No,57,Yes,Fiber optic,No,No,One year,No,Bank transfer (automatic),67.19,3671.02,No
C00459,Male,0,No,No,72,Yes,Fiber optic,No internet service,No,One year,Yes,Credit card (automatic),116.76,8482.76,Yes
C00460,Male,0,No,No,70,Yes,DSL,Yes,No internet service,One year,No,Electronic check,39.82,3060.81,No
C00461,Female,1,Yes,No,22,Yes,DSL,Yes,Yes,Month-to-month,Yes,Bank transfer (automatic),36.75,841.48,Yes
C00462,Male,0,No,No,6,Yes,No,Yes,No,Two year,No,Bank transfer (automatic),114.32,673.01,No
C00463,Male,1,Yes,No,16,Yes,DSL,No internet service,No,Month-to-month,No,Bank transfer (automatic),86.92,1441.6,Yes
C00464,Female,0,No,No,56,Yes,DSL,Yes,No,One year,Yes,Bank transfer (automatic),71.63,4309.93,No
C00465,Male,0,Yes,Yes,14,Yes,DSL,No,Yes,One year,No,Electronic check,31.2,413.13,No
C00466,Male,1,Yes,Yes,47,Yes,DSL,No,No,One year,Yes,Bank transfer (automatic),69.32,3399.39,Yes
C00467,Female,0,No,No,27,Yes,DSL,Yes,Yes,Two year,Yes,Bank transfer (automatic),112.42,3104.52,No
C00468,Female,0,Yes,No,55,Yes,DSL,Yes,No internet service,Month-to-month,Yes,Bank transfer (automatic),78.29,4507.31,No
C00469,Male,0,Yes,No,44,Yes,DSL,No internet service,No,Month-to-month,Yes,Bank transfer (automatic),58.46,2358.31,Yes
C00470,Female,0,No,No,42,Yes,Fiber optic,No,Yes,Month-to-month,Yes,Electronic check,73.11,3213.68,No
C00471,Male,0,No,No,57,Yes,Fiber optic,No,No,Month-to-month,No,Credit card (automatic),106.61,6426.82,Yes
C00472,Male,0,Yes,No,69,Yes,No,No,No,Month-to-month,No,Electronic check,109.28,7822.68,No
C00473,Female,1,No,No,26,Yes,Fiber optic,No,No internet service,Month-to-month,Yes,Credit card (automatic),58.01,1416.93,Yes
C00474,Male,1,Yes,No,38,Yes,Fiber optic,Yes,No internet service,Month-to-month,No,Electronic check,78.81,2791.94,Yes
C00475,Male,1,No,No,45,Yes,DSL,No internet service,No,Month-to-month,Yes,Bank transfer (automatic),45.92,2164.92,No
C00476,Female,0,No,Yes,60,Yes,Fiber optic,No internet service,No internet service,Month-to-month,No,Mailed check,63.11,3898.46,No
C00477,Female,1,No,No,35,No,Fiber optic,No,Yes,One year,Yes,Credit card (automatic),39.99,1535.03,Yes
C00478,Female,1,No,Yes,27,Yes,Fiber optic,No internet service,No,One year,No,Mailed check,71.15,1903.66,No
C00479,Female,0,Yes,No,61,Yes,DSL,No internet service,No internet service,Month-to-month,No,Mailed check,75.82,4374.64,No
C00480,Male,1,Yes,No,69,Yes,Fiber optic,No,Yes,Month-to-month,No,Mailed check,51.78,3765.55,Yes
C00481,Male,0,No,No,41,Yes,Fiber optic,No internet service,No,Month-to-month,No,Mailed check,45.21,1945.74,No
C00482,Female,1,No,No,7,Yes,Fiber optic,Yes,No internet service,One year,No,Credit card (automatic),33.1,232.75,No
C00483,Female,0,Yes,No,21,Yes,Fiber optic,No internet service,No internet service,Month-to-month,Yes,Credit card (automatic),31.95,703.97,Yes
C00484,Female,0,No,Yes,33,Yes,DSL,Yes,No internet service,Month-to-month,Yes,Electronic check,89.15,2830.5,No
C00485,Male,0,Yes,No,51,No,DSL,No,No internet service,Month-to-month,Yes,Bank transfer (automatic),40.16,1931.71,No
C00486,Female,0,No,No,48,Yes,DSL,Yes,Yes,Month-to-month,No,Credit card (automatic),29.8,1323.43,No
C00487,Female,0,No,Yes,59,Yes,Fiber optic,No internet service,Yes,Month-to-month,No,Bank transfer (automatic),117.89,6664.04,No
C00488,Female,0,Yes,Yes,2,Yes,DSL,No,No internet service,One year,Yes,Mailed check,43.99,90.7,Yes
C00489,Female,1,No,No,33,Yes,No,Yes,Yes,One year,No,Credit card (automatic),107.6,3379.25,Yes
C00490,Male,0,No,No,51,Yes,Fiber optic,No,No internet service,One year,Yes,Bank transfer (automatic),78.92,4333.58,No
C00491,Male,0,No,No,72,Yes,No,Yes,Yes,One year,No,Electronic check,89.51,6122.18,No
C00492,Male,0,No,No,10,Yes,No,No internet service,No,One year,Yes,Mailed check,74.09,768.23,No
C00493,Female,0,No,No,64,No,Fiber optic,Yes,No internet service,Month-to-month,No,Electronic check,36.08,2321.85,Yes
C00494,Female,0,Yes,Yes,0,Yes,Fiber optic,No,Yes,One year,No,Credit card (automatic),102.71,96.78,Yes
C00495,Male,0,Yes,No,14,Yes,Fiber optic,No internet service,No,Month-to-month,Yes,Electronic check,100.8,1427.06,Yes
C00496,Female,0,Yes,No,61,Yes,No,Yes,No internet service,Month-to-month,Yes,Electronic check,52.97,3525.03,No
C00497,Female,0,Yes,No,57,Yes,Fiber optic,Yes,Yes,One year,No,Credit card (automatic),94.39,5858.19,No
C00498,Male,1,No,Yes,71,Yes,Fiber optic,No internet service,No internet service,Month-to-month,No,Mailed check,72.3,4919.34,Yes
C00499,Male,0,Yes,No,43,Yes,DSL,Yes,No internet service,Month-to-month,Yes,Bank transfer (automatic),108.9,4716.87,No
C00500,Female,0,Yes,No,44,Yes,Fiber optic,No internet service,No internet service,One year,Yes,Credit card (automatic),98.28,4022.36,No
C00501,Male,0,No,No,39,Yes,Fiber optic,Yes,Yes,Two year,No,Electronic check,22.1,856.56,No
C00502,Male,1,Yes,Yes,37,Yes,DSL,No internet service,No,Two year,Yes,Mailed check,105.93,3779.48,No
C00503,Male,0,No,Yes,37,Yes,Fiber optic,No,No,Month-to-month,Yes,Electronic check,114.86,4614.87,Yes
C00504,Male,1,No,No,21,Yes,Fiber optic,No internet service,No,Month-to-month,No,Mailed check,92.22,1988.01,Yes
C00505,Male,0,No,No,62,Yes,Fiber optic,No,No,Two year,No,Credit card (automatic),29.99,1742.21,No
C00506,Male,1,No,Yes,26,Yes,Fiber optic,No internet service,No internet service,Month-to-month,Yes,Mailed check,98.74,2820.03,Yes
C00507,Female,0,Yes,No,44,Yes,Fiber optic,No,Yes,Two year,No,Electronic check,82.75,3782.4,No
C00508,Male,0,Yes,Yes,48,Yes,Fiber optic,No,No,Month-to-month,No,Electronic check,51.88,2308.29,No
C00509,Male,0,Yes,No,39,Yes,Fiber optic,No internet service,No,Month-to-month,Yes,Credit card (automatic),106.4,4398.2,No
C00510,Male,0,No,Yes,44,Yes,Fiber optic,No internet service,No,Month-to-month,No,Mailed check,74.56,3318.41,Yes
C00511,Female,1,No,Yes,3,Yes,No,Yes,No internet service,Two year,No,Electronic check,103.29,303.69,Yes
C00512,Male,0,No,No,23,Yes,DSL,No internet service,No,Month-to-month,Yes,Mailed check,85.01,1836.48,No
C00513,Female,0,No,No,32,Yes,No,No internet service,No internet service,Month-to-month,Yes,Credit card (automatic),46.85,1432.61,Yes
C00514,Female,0,No,No,28,Yes,DSL,No,No internet service,Month-to-month,Yes,Mailed check,115.5,3018.78,Yes
C00515,Female,0,No,No,66,Yes,Fiber optic,No,No internet service,Month-to-month,No,Credit card (automatic),75.1,5257.32,No
C00516,Female,1,No,No,65,Yes,DSL,No,No,Month-to-month,No,Electronic check,69.68,4323.55,No
C00517,Male,0,No,No,51,Yes,No,No internet service,Yes,One year,Yes,Mailed check,58.35,2957.97,Yes
C00518,Male,0,Yes,No,25,No,DSL,No internet service,Yes,Month-to-month,Yes,Bank transfer (automatic),31.63,864.75,Yes
C00519,Female,0,Yes,No,3,Yes,Fiber optic,No internet service,No,Two year,No,Electronic check,86.62,285.56,No
C00520,Male,1,No,No,55,Yes,Fiber optic,Yes,Yes,Two year,Yes,Bank transfer (automatic),61.08,3555.1,No
C00521,Male,0,Yes,Yes,64,Yes,DSL,Yes,Yes,Month-to-month,No,Credit card (automatic),111.46,7559.89,No
C00522,Female,0,No,No,35,Yes,No,No internet service,No,Month-to-month,No,Bank transfer (automatic),114.51,4364.43,No
C00523,Male,0,No,No,60,Yes,DSL,Yes,No,One year,Yes,Credit card (automatic),94.76,6023.12,No
C00524,Male,1,Yes,No,67,Yes,DSL,No,Yes,Month-to-month,No,Electronic check,42.25,2802.98,No
C00525,Male,1,Yes,No,39,Yes,Fiber optic,No internet service,No,Month-to-month,No,Mailed check,89.6,3187.11,No
C00526,Female,0,Yes,No,15,Yes,DSL,No,No internet service,Two year,Yes,Bank transfer (automatic),20.04,283.07,No
C00527,Male,0,No,No,1,Yes,Fiber optic,Yes,Yes,Two year,Yes,Mailed check,100.64,99.52,No
C00528,Male,0,No,No,55,Yes,DSL,No,No internet service,One year,Yes,Credit card (automatic),67.36,3530.98,No
C00529,Female,0,No,No,41,Yes,Fiber optic,Yes,No internet service,Month-to-month,No,Credit card (automatic),111.67,4422.05,Yes
C00530,Female,0,Yes,No,11,Yes,Fiber optic,No internet service,No internet service,One year,No,Credit card (automatic),55.78,559.45,No
C00531,Female,1,Yes,No,3,Yes,No,No internet service,Yes,One year,No,Bank transfer (automatic),44.32,134.35,Yes
C00532,Male,0,No,Yes,70,Yes,DSL,No internet service,No,Month-to-month,No,Credit card (automatic),117.51,7981.53,No
C00533,Male,1,No,No,23,Yes,DSL,No,No internet service,One year,No,Credit card (automatic),71.07,1555.77,No
C00534,Female,0,Yes,No,23,Yes,Fiber optic,No internet service,Yes,Month-to-month,No,Electronic check,104.32,2452.32,Yes
C00535,Female,0,No,Yes,45,Yes,DSL,No internet service,No,Month-to-month,No,Credit card (automatic),109.11,4690.75,No
C00536,Female,0,No,No,26,Yes,Fiber optic,No,No internet service,Month-to-month,No,Credit card (automatic),69.85,1807.48,Yes
C00537,Male,0,No,Yes,66,Yes,No,No,No,Month-to-month,No,Bank transfer (automatic),63.57,3982.82,No
C00538,Female,1,Yes,Yes,49,Yes,No,No internet service,No,Month-to-month,Yes,Mailed check,73.29,3720.86,Yes
C00539,Male,0,Yes,No,26,Yes,DSL,No internet service,Yes,Two year,Yes,Mailed check,102.77,2861.28,Yes
C00540,Female,0,No,No,19,Yes,No,Yes,No,Two year,No,Electronic check,114.47,1992.98,Yes
C00541,Male,1,No,No,62,Yes,Fiber optic,No internet service,No,One year,Yes,Electronic check,50.83,3353.06,Yes
C00542,Female,0,No,No,43,Yes,No,No,Yes,Two year,Yes,Mailed check,91.86,4227.82,No
C00543,Male,0,No,Yes,67,Yes,No,No,Yes,Two year,No,Mailed check,46.54,3408.13,No
C00544,Female,1,Yes,Yes,25,Yes,DSL,Yes,No internet service,Month-to-month,Yes,Mailed check,79.1,2107.16,Yes
C00545,Male,0,Yes,Yes,1,Yes,No,Yes,No,Month-to-month,No,Electronic check,98.48,99.51,No
C00546,Male,0,No,No,65,Yes,DSL,Yes,No internet service,Month-to-month,No,Bank transfer (automatic),106.65,6336.43,Yes
C00547,Female,0,No,No,17,Yes,Fiber optic,Yes,Yes,Month-to-month,Yes,Mailed check,62.87,977.83,Yes
C00548,Female,0,No,No,61,No,Fiber optic,No internet service,No internet service,One year,Yes,Credit card (automatic),54.98,3150.34,No
C00549,Female,0,No,Yes,51,Yes,Fiber optic,Yes,Yes,Month-to-month,Yes,Credit card (automatic),43.35,2187.46,No
C00550,Male,1,No,No,16,No,DSL,Yes,No internet service,Month-to-month,Yes,Bank transfer (automatic),31.34,547.12,Yes
C00551,Male,0,Yes,No,55,Yes,DSL,Yes,No internet service,Month-to-month,No,Credit card (automatic),54.49,2802.36,No
C00552,Male,1,Yes,No,5,Yes,No,No internet service,Yes,Month-to-month,Yes,Bank transfer (automatic),105.2,530.08,Yes
C00553,Male,0,Yes,No,28,Yes,Fiber optic,No,Yes,Two year,Yes,Electronic check,59.88,1843.66,Yes
C00554,Male,0,No,Yes,26,Yes,Fiber optic,No internet service,No internet service,Month-to-month,Yes,Electronic check,49.73,1167.24,Yes
C00555,Male,0,No,Yes,47,Yes,Fiber optic,Yes,No,Month-to-month,Yes,Bank transfer (automatic),91.91,3928.38,No
C00556,Female,0,No,No,39,Yes,No,Yes,No,Month-to-month,Yes,Bank transfer (automatic),39.56,1471.84,Yes
C00557,Male,0,Yes,No,44,Yes,DSL,No,No,Month-to-month,No,Bank transfer (automatic),43.63,1814.19,No
C00558,Male,1,Yes,No,34,Yes,DSL,Yes,No,One year,Yes,Mailed check,111.59,3793.0,Yes
C00559,Male,0,Yes,Yes,54,Yes,No,Yes,No,Month-to-month,Yes,Electronic check,26.16,1390.17,Yes
C00560,Female,0,No,No,11,No,Fiber optic,No internet service,No,Month-to-month,Yes,Mailed check,59.46,665.0,No
C00561,Male,0,Yes,No,52,Yes,DSL,Yes,No,Month-to-month,No,Credit card (automatic),75.68,3657.58,No
C00562,Female,1,Yes,No,3,Yes,DSL,No internet service,Yes,Two year,No,Mailed check,41.03,127.67,Yes
C00563,Female,0,No,No,6,Yes,No,Yes,No,One year,No,Credit card (automatic),46.1,260.82,Yes
C00564,Female,0,No,No,52,Yes,Fiber optic,No internet service,No internet service,One year,Yes,Credit card (automatic),40.18,2069.3,No
C00565,Female,0,Yes,No,11,Yes,No,Yes,No internet service,One year,No,Electronic check,52.52,523.8,No
C00566,Male,0,No,No,56,Yes,Fiber optic,No internet service,No,One year,Yes,Electronic check,107.85,6399.39,No
C00567,Female,0,Yes,Yes,9,Yes,Fiber optic,Yes,No internet service,Month-to-month,No,Bank transfer (automatic),61.16,564.43,Yes
C00568,Female,1,Yes,Yes,10,Yes,No,No internet service,Yes,Month-to-month,No,Credit card (automatic),59.78,562.98,No
C00569,Male,0,Yes,No,68,Yes,Fiber optic,Yes,No,Month-to-month,Yes,Mailed check,56.66,3931.29,Yes
C00570,Female,0,No,No,12,Yes,Fiber optic,No internet service,No,Month-to-month,No,Mailed check,114.41,1355.62,Yes
C00571,Male,1,No,No,66,Yes,Fiber optic,No,No,Two year,No,Mailed check,29.73,2090.22,No
C00572,Female,0,Yes,Yes,25,No,No,Yes,Yes,Month-to-month,No,Electronic check,105.19,2884.16,Yes
C00573,Female,0,No,No,58,Yes,Fiber optic,No internet service,No internet service,One year,Yes,Bank transfer (automatic),50.72,2720.85,No
C00574,Female,0,No,No,68,Yes,DSL,No internet service,No internet service,Two year,Yes,Bank transfer (automatic),113.65,7712.91,No
C00575,Female,0,No,No,8,Yes,Fiber optic,Yes,No internet service,Month-to-month,Yes,Bank transfer (automatic),49.52,376.99,No
C00576,Male,0,No,Yes,24,Yes,No,No internet service,Yes,Two year,No,Bank transfer (automatic),26.29,662.47,No
C00577,Male,0,No,No,41,Yes,No,Yes,Yes,One year,Yes,Credit card (automatic),70.0,2602.78,Yes
C00578,Male,0,No,No,63,Yes,Fiber optic,No,No,Two year,Yes,Credit card (automatic),40.79,2592.68,No
C00579,Male,1,Yes,No,13,Yes,Fiber optic,Yes,No internet service,Month-to-month,Yes,Credit card (automatic),93.3,1299.52,Yes
C00580,Female,1,Yes,No,13,No,DSL,No,No,Month-to-month,Yes,Mailed check,83.73,1064.39,Yes
C00581,Female,0,Yes,Yes,26,No,DSL,No internet service,Yes,Month-to-month,Yes,Electronic check,86.65,2405.15,Yes
C00582,Male,1,No,No,14,Yes,No,No internet service,No internet service,Month-to-month,No,Electronic check,37.35,485.97,Yes
C00583,Female,0,Yes,No,19,Yes,Fiber optic,Yes,Yes,Month-to-month,No,Credit card (automatic),88.86,1829.6,No
C00584,Female,1,No,Yes,9,Yes,Fiber optic,Yes,No internet service,Two year,Yes,Mailed check,49.13,467.94,No
C00585,Male,0,No,No,60,Yes,Fiber optic,No internet service,No,One year,Yes,Mailed check,117.87,6918.17,No
C00586,Female,0,No,Yes,58,Yes,DSL,No internet service,Yes,Month-to-month,No,Mailed check,91.18,4897.76,Yes
C00587,Male,1,Yes,No,10,Yes,Fiber optic,No,No internet service,Month-to-month,No,Mailed check,77.04,773.55,No
C00588,Male,0,Yes,No,39,No,No,Yes,No,Month-to-month,Yes,Bank transfer (automatic),104.71,4222.88,Yes
C00589,Female,0,Yes,No,47,Yes,Fiber optic,Yes,No internet service,Month-to-month,Yes,Mailed check,76.93,3347.37,Yes
C00590,Female,0,Yes,No,45,Yes,Fiber optic,No,No,Two year,No,Bank transfer (automatic),73.27,3582.8,No
C00591,Male,0,No,No,71,Yes,Fiber optic,Yes,Yes,Month-to-month,No,Credit card (automatic),41.73,3118.5,Yes
C00592,Male,0,Yes,Yes,46,No,DSL,No,No internet service,Month-to-month,Yes,Mailed check,85.81,4303.8,No
C00593,Female,0,No,No,50,No,DSL,Yes,No internet service,One year,No,Bank transfer (automatic),55.46,2661.66,Yes
C00594,Female,0,No,Yes,2,Yes,DSL,Yes,No,Month-to-month,No,Credit card (automatic),22.31,44.03,No
C00595,Male,0,No,No,5,Yes,Fiber optic,Yes,No,Month-to-month,No,Credit card (automatic),99.61,472.16,No
C00596,Male,0,Yes,Yes,45,No,No,Yes,No internet service,One year,No,Electronic check,23.19,996.34,No
C00597,Female,0,Yes,No,66,Yes,Fiber optic,No internet service,No,One year,Yes,Mailed check,85.23,5226.11,No
C00598,Female,0,Yes,No,29,Yes,No,No,No internet service,Two year,Yes,Electronic check,33.67,903.24,No
C00599,Male,0,No,No,46,Yes,DSL,Yes,No internet service,One year,No,Bank transfer (automatic),61.26,2914.21,No
C00600,Male,0,Yes,No,15,Yes,Fiber optic,Yes,No internet service,Month-to-month,Yes,Mailed check,103.91,1451.71,Yes
C00601,Female,0,No,No,33,Yes,Fiber optic,Yes,No,One year,No,Mailed check,27.44,839.13,No
C00602,Female,0,Yes,No,54,Yes,DSL,Yes,Yes,Two year,No,Bank transfer (automatic),84.72,4606.53,Yes
C00603,Female,0,Yes,Yes,48,Yes,DSL,No internet service,Yes,One year,No,Bank transfer (automatic),79.26,3959.7,Yes
C00604,Male,0,No,No,8,Yes,DSL,No,Yes,Two year,No,Bank transfer (automatic),104.75,884.6,Yes
C00605,Male,0,Yes,Yes,64,Yes,DSL,No internet service,No,One year,No,Mailed check,35.27,2293.5,No
C00606,Female,0,No,No,67,Yes,No,No,No,Two year,No,Bank transfer (automatic),97.98,6172.83,No
C00607,Male,0,No,No,34,Yes,DSL,Yes,No,Month-to-month,No,Electronic check,63.01,2173.72,No
C00608,Female,0,No,No,24,Yes,DSL,No internet service,No,One year,No,Electronic check,60.86,1497.39,No
C00609,Male,0,No,Yes,38,Yes,No,No,Yes,Month-to-month,No,Electronic check,54.18,1959.23,No
C00610,Female,0,Yes,No,58,Yes,DSL,Yes,No,One year,Yes,Credit card (automatic),56.56,3047.23,No
C00611,Female,1,No,No,33,Yes,Fiber optic,Yes,No internet service,One year,Yes,Mailed check,70.0,2506.65,Yes
C00612,Female,0,Yes,No,2,Yes,DSL,No,No,Two year,No,Electronic check,28.68,52.72,No
C00613,Female,0,No,Yes,5,Yes,No,No,Yes,Two year,No,Electronic check,60.51,289.07,No
C00614,Male,0,Yes,No,59,Yes,No,No,Yes,Month-to-month,Yes,Bank transfer (automatic),83.2,4645.15,Yes
C00615,Female,0,Yes,No,57,Yes,No,No,No,One year,No,Mailed check,67.82,4168.8,No
C00616,Female,0,No,No,56,Yes,DSL,No internet service,No internet service,One year,No,Bank transfer (automatic),34.58,1937.24,No
C00617,Male,0,Yes,No,9,Yes,DSL,No internet service,Yes,Month-to-month,No,Credit card (automatic),54.31,533.42,No
C00618,Male,0,No,Yes,12,Yes,No,No internet service,Yes,Month-to-month,Yes,Electronic check,62.3,796.68,Yes
C00619,Female,0,Yes,No,28,Yes,No,No internet service,Yes,Month-to-month,No,Electronic check,84.89,2498.08,Yes
C00620,Female,0,Yes,No,16,Yes,Fiber optic,No internet service,Yes,One year,No,Mailed check,108.08,1617.49,Yes
C00621,Male,0,Yes,No,28,No,Fiber optic,No internet service,No internet service,Month-to-month,No,Mailed check,73.04,1981.46,No
C00622,Male,0,Yes,No,40,No,Fiber optic,No internet service,Yes,Two year,No,Mailed check,85.64,3645.02,No
C00623,Female,0,No,No,20,Yes,DSL,No,No,Month-to-month,Yes,Credit card (automatic),25.72,564.15,No
C00624,Female,0,No,No,9,No,Fiber optic,No internet service,No,Two year,No,Electronic check,113.45,1098.23,No
C00625,Female,0,Yes,No,29,Yes,No,No,No internet service,Month-to-month,Yes,Credit card (automatic),49.52,1564.87,Yes
C00626,Male,0,No,No,52,Yes,No,Yes,No,Two year,Yes,Mailed check,53.43,2857.18,Yes
C00627,Male,0,Yes,Yes,45,Yes,DSL,Yes,No internet service,Month-to-month,Yes,Credit card (automatic),40.28,1806.37,No
C00628,Male,1,Yes,Yes,23,Yes,DSL,Yes,No internet service,One year,No,Mailed check,26.47,610.6,No
C00629,Female,0,Yes,No,22,Yes,DSL,No internet service,No internet service,Two year,Yes,Electronic check,97.0,2116.28,No
C00630,Male,0,Yes,No,42,Yes,DSL,No internet service,No,Two year,Yes,Mailed check,42.05,1644.19,Yes
C00631,Female,0,No,Yes,12,Yes,DSL,No internet service,Yes,Two year,Yes,Credit card (automatic),46.27,533.67,No
C00632,Female,0,Yes,No,60,Yes,DSL,No,No,Month-to-month,Yes,Mailed check,36.18,1992.96,Yes
C00633,Male,0,Yes,Yes,63,Yes,No,Yes,No,Month-to-month,Yes,Electronic check,115.49,6677.15,No
C00634,Male,1,Yes,No,1,Yes,No,No,Yes,Month-to-month,No,Credit card (automatic),96.1,92.48,No
C00635,Male,0,Yes,No,70,Yes,No,No internet service,No,Month-to-month,No,Bank transfer (automatic),110.99,8027.44,No
C00636,Female,0,No,No,1,Yes,Fiber optic,No internet service,No,One year,Yes,Credit card (automatic),104.17,106.54,No
C00637,Female,1,No,No,33,Yes,Fiber optic,Yes,No internet service,One year,No,Credit card (automatic),108.63,3627.42,No
C00638,Female,0,No,No,48,Yes,No,No,No internet service,One year,No,Bank transfer (automatic),65.9,3320.68,No
C00639,Female,0,No,No,23,Yes,Fiber optic,No,No internet service,Two year,Yes,Mailed check,35.05,793.69,No
C00640,Female,0,Yes,No,14,Yes,DSL,Yes,Yes,One year,No,Credit card (automatic),50.69,701.44,No
C00641,Female,0,No,No,3,Yes,DSL,No,No,Two year,Yes,Electronic check,47.25,142.26,Yes
C00642,Male,1,No,No,53,Yes,Fiber optic,No internet service,Yes,Month-to-month,No,Mailed check,89.71,4342.49,No
C00643,Male,0,Yes,No,2,Yes,Fiber optic,No,No,Month-to-month,Yes,Mailed check,20.57,41.81,Yes
C00644,Female,0,Yes,No,35,Yes,DSL,No internet service,Yes,One year,Yes,Mailed check,32.2,1183.4,No
C00645,Male,0,No,Yes,28,Yes,Fiber optic,No internet service,Yes,Two year,No,Electronic check,86.29,2301.91,No
C00646,Male,0,Yes,No,70,Yes,No,Yes,No,Month-to-month,Yes,Mailed check,30.34,2274.51,Yes
C00647,Female,1,Yes,Yes,67,Yes,DSL,No,No internet service,Month-to-month,No,Electronic check,22.83,1458.09,No
C00648,Female,1,Yes,No,59,Yes,DSL,No,Yes,One year,Yes,Bank transfer (automatic),28.92,1710.79,No
C00649,Female,1,No,No,53,Yes,No,No,No internet service,Month-to-month,No,Credit card (automatic),87.07,4960.33,Yes
C00650,Male,0,Yes,No,39,Yes,DSL,No internet service,No internet service,Month-to-month,No,Bank transfer (automatic),31.93,1304.58,Yes
C00651,Male,0,Yes,Yes,25,Yes,DSL,No,Yes,Two year,Yes,Bank transfer (automatic),32.63,828.17,Yes
C00652,Male,0,No,No,12,Yes,Fiber optic,No internet service,Yes,One year,No,Bank transfer (automatic),41.03,504.45,No
C00653,Male,0,Yes,Yes,70,Yes,No,No internet service,Yes,Month-to-month,Yes,Mailed check,93.09,6006.58,Yes
C00654,Male,0,Yes,No,28,Yes,DSL,No,No internet service,Two year,Yes,Electronic check,38.04,1107.58,No
C00655,Male,0,No,No,31,Yes,DSL,Yes,Yes,Month-to-month,Yes,Mailed check,21.54,682.69,Yes
C00656,Male,0,Yes,No,10,Yes,Fiber optic,No internet service,Yes,Two year,Yes,Electronic check,108.59,995.67,Yes
C00657,Female,0,Yes,No,20,Yes,Fiber optic,Yes,Yes,Month-to-month,No,Bank transfer (automatic),105.63,1953.86,Yes
C00658,Female,1,No,No,46,Yes,No,No internet service,Yes,One year,No,Mailed check,36.48,1836.16,Yes
C00659,Female,0,Yes,No,31,Yes,No,No internet service,No internet service,Month-to-month,No,Mailed check,44.53,1291.56,No
C00660,Male,0,Yes,Yes,42,Yes,No,No,No,Month-to-month,Yes,Mailed check,36.86,1670.66,No
C00661,Male,0,Yes,Yes,15,Yes,DSL,No internet service,No,Two year,Yes,Bank transfer (automatic),89.95,1288.76,No
C00662,Female,1,Yes,Yes,5,Yes,No,No,Yes,Month-to-month,Yes,Mailed check,43.0,210.53,No
C00663,Female,0,Yes,Yes,64,Yes,Fiber optic,Yes,No internet service,Month-to-month,No,Bank transfer (automatic),111.14,7191.9,Yes
C00664,Male,0,Yes,Yes,31,Yes,Fiber optic,No internet service,No internet service,Month-to-month,Yes,Bank transfer (automatic),100.76,3202.19,No
C00665,Male,0,No,No,26,Yes,Fiber optic,No,No,One year,Yes,Bank transfer (automatic),76.84,1996.95,No
C00666,Male,1,Yes,No,20,Yes,Fiber optic,No internet service,No,Two year,No,Bank transfer (automatic),18.89,366.35,No
C00667,Male,0,Yes,Yes,48,Yes,Fiber optic,Yes,Yes,Two year,Yes,Mailed check,106.37,5104.42,No
C00668,Female,0,Yes,No,41,Yes,Fiber optic,Yes,No internet service,Month-to-month,Yes,Mailed check,90.78,3871.37,Yes
C00669,Female,0,Yes,No,28,Yes,DSL,Yes,No,Month-to-month,No,Bank transfer (automatic),96.79,2654.01,Yes
C00670,Female,0,No,Yes,67,Yes,Fiber optic,No internet service,Yes,Month-to-month,No,Bank transfer (automatic),25.18,1702.33,Yes
C00671,Male,0,Yes,Yes,65,Yes,DSL,Yes,Yes,One year,Yes,Bank transfer (automatic),88.86,5636.32,No
C00672,Female,1,Yes,Yes,14,Yes,DSL,No internet service,Yes,Two year,No,Mailed check,98.46,1331.55,No
C00673,Male,1,Yes,No,46,Yes,Fiber optic,Yes,No internet service,One year,No,Electronic check,113.66,5017.99,No
C00674,Male,0,Yes,No,70,Yes,No,Yes,No internet service,One year,Yes,Electronic check,76.05,5029.59,Yes
C00675,Female,0,No,No,35,Yes,DSL,No,No,Month-to-month,No,Credit card (automatic),68.8,2533.59,No
C00676,Female,0,No,Yes,2,No,No,No internet service,Yes,Two year,No,Bank transfer (automatic),60.54,132.8,No
C00677,Male,0,Yes,Yes,9,Yes,DSL,Yes,Yes,Month-to-month,No,Mailed check,88.13,718.45,Yes
C00678,Female,0,Yes,Yes,48,Yes,DSL,No internet service,No,Month-to-month,Yes,Credit card (automatic),110.08,4962.65,Yes
C00679,Male,1,No,No,65,Yes,Fiber optic,No internet service,Yes,Month-to-month,No,Bank transfer (automatic),77.98,5539.33,Yes
C00680,Female,0,Yes,No,9,Yes,DSL,Yes,No internet service,Month-to-month,No,Bank transfer (automatic),40.73,354.97,Yes
C00681,Male,0,Yes,No,39,Yes,No,No,Yes,Month-to-month,Yes,Mailed check,19.76,753.53,Yes
C00682,Male,0,Yes,No,36,Yes,Fiber optic,No internet service,Yes,Month-to-month,No,Electronic check,79.91,2970.52,Yes
C00683,Female,0,No,Yes,20,Yes,Fiber optic,No,No,Month-to-month,Yes,Credit card (automatic),104.46,2027.65,Yes
C00684,Male,0,Yes,Yes,46,Yes,No,Yes,No,One year,No,Mailed check,24.6,1129.95,No
C00685,Male,0,Yes,No,64,Yes,Fiber optic,No,No,Month-to-month,No,Credit card (automatic),57.76,3992.9,No
C00686,Male,0,No,No,17,Yes,Fiber optic,Yes,No internet service,Month-to-month,Yes,Credit card (automatic),112.0,1928.67,Yes
C00687,Male,0,Yes,No,3,Yes,DSL,Yes,No,Two year,No,Mailed check,68.17,211.34,No
C00688,Female,0,Yes,No,26,Yes,Fiber optic,Yes,No,One year,No,Electronic check,40.07,982.87,No
C00689,Male,0,No,No,22,No,No,No internet service,No,Month-to-month,No,Credit card (automatic),53.37,1118.12,Yes
C00690,Female,1,Yes,No,53,Yes,Fiber optic,No internet service,Yes,Month-to-month,Yes,Credit card (automatic),58.81,3361.02,Yes
C00691,Female,0,No,No,39,Yes,DSL,No internet service,No,Two year,Yes,Credit card (automatic),29.73,1256.3,Yes
C00692,Female,0,Yes,No,1,Yes,Fiber optic,No internet service,No internet service,Month-to-month,No,Electronic check,84.08,89.24,Yes
C00693,Female,0,No,Yes,24,No,Fiber optic,Yes,Yes,Month-to-month,Yes,Mailed check,77.22,1713.2,No
C00694,Male,0,No,Yes,53,Yes,Fiber optic,No,No internet service,Two year,No,Electronic check,82.77,4666.28,No
C00695,Male,0,No,No,34,Yes,Fiber optic,No,No internet service,Month-to-month,Yes,Bank transfer (automatic),79.08,2430.19,No
C00696,Female,0,Yes,No,41,Yes,Fiber optic,Yes,No,One year,No,Bank transfer (automatic),19.67,822.04,No
C00697,Male,0,Yes,No,19,Yes,No,No,No internet service,One year,Yes,Credit card (automatic),35.45,697.16,No
C00698,Male,0,Yes,No,23,Yes,Fiber optic,Yes,No internet service,One year,Yes,Mailed check,34.56,783.18,Yes
C00699,Male,0,Yes,No,9,Yes,Fiber optic,No,No,Month-to-month,Yes,Bank transfer (automatic),27.8,249.16,Yes
C00700,Female,0,Yes,No,5,No,No,Yes,No internet service,Month-to-month,Yes,Bank transfer (automatic),91.55,479.89,Yes
C00701,Male,0,No,Yes,2,Yes,No,Yes,No,Month-to-month,No,Credit card (automatic),30.01,64.76,No
C00702,Male,0,Yes,No,45,Yes,DSL,Yes,No,Month-to-month,No,Mailed check,84.82,3579.75,No
C00703,Male,0,No,No,11,No,DSL,No,No internet service,Two year,Yes,Electronic check,35.84,365.74,No
C00704,Female,0,Yes,Yes,41,Yes,Fiber optic,No,Yes,Month-to-month,Yes,Credit card (automatic),29.83,1254.83,No
C00705,Male,0,No,Yes,69,Yes,No,No internet service,Yes,One year,Yes,Electronic check,34.25,2235.99,Yes
C00706,Male,0,Yes,No,50,Yes,DSL,No internet service,Yes,Two year,Yes,Credit card (automatic),68.84,3231.5,No
C00707,Male,1,No,No,42,Yes,No,Yes,No,One year,Yes,Credit card (automatic),82.55,3261.49,No
C00708,Male,0,No,Yes,8,Yes,DSL,No internet service,Yes,Month-to-month,Yes,Credit card (automatic),99.19,745.41,No
C00709,Male,0,Yes,No,35,Yes,Fiber optic,Yes,No internet service,Month-to-month,Yes,Mailed check,30.86,1075.16,No
C00710,Male,0,No,Yes,65,Yes,No,Yes,Yes,Two year,No,Bank transfer (automatic),79.62,5655.97,Yes
C00711,Male,0,Yes,No,28,Yes,DSL,No internet service,No internet service,One year,Yes,Credit card (automatic),95.38,2845.87,No
C00712,Male,0,No,No,60,Yes,No,Yes,Yes,Two year,No,Mailed check,49.24,2980.01,No
C00713,Male,0,No,No,51,Yes,No,Yes,No internet service,Two year,No,Electronic check,25.97,1213.52,No
C00714,Male,1,Yes,No,19,Yes,DSL,No internet service,Yes,One year,Yes,Bank transfer (automatic),33.59,660.28,Yes
C00715,Female,1,No,No,10,Yes,DSL,No internet service,No internet service,Month-to-month,Yes,Credit card (automatic),27.16,268.95,Yes
C00716,Female,0,No,No,1,Yes,No,No internet service,Yes,One year,No,Credit card (automatic),106.72,112.66,No
C00717,Male,0,No,No,20,Yes,No,Yes,No,Month-to-month,Yes,Mailed check,55.67,1112.05,No
C00718,Male,0,Yes,No,24,Yes,Fiber optic,Yes,No,One year,No,Credit card (automatic),70.33,1744.73,Yes
C00719,Female,0,Yes,No,47,No,DSL,No,No,Two year,No,Credit card (automatic),94.87,4191.4,Yes
C00720,Female,0,No,Yes,41,Yes,DSL,No internet service,No,Month-to-month,No,Electronic check,55.15,2411.84,No
C00721,Male,0,Yes,Yes,34,No,DSL,Yes,Yes,Month-to-month,Yes,Bank transfer (automatic),82.91,2976.48,Yes
C00722,Male,0,No,No,52,Yes,Fiber optic,No,No internet service,Month-to-month,No,Bank transfer (automatic),25.67,1301.21,Yes
C00723,Female,1,Yes,No,56,No,Fiber optic,No internet service,No internet service,Two year,Yes,Bank transfer (automatic),66.09,4044.23,Yes
C00724,Male,0,No,Yes,52,Yes,Fiber optic,No,No internet service,Month-to-month,No,Electronic check,27.65,1340.14,No
C00725,Female,0,Yes,No,65,Yes,No,Yes,Yes,Month-to-month,No,Credit card (automatic),42.83,2516.7,No
C00726,Female,0,Yes,Yes,26,Yes,DSL,No internet service,No internet service,Month-to-month,No,Bank transfer (automatic),47.33,1295.34,Yes
C00727,Male,0,No,Yes,60,Yes,Fiber optic,Yes,Yes,Month-to-month,No,Credit card (automatic),89.76,5493.92,No
C00728,Female,0,No,No,30,Yes,DSL,No,Yes,Month-to-month,Yes,Bank transfer (automatic),85.41,2362.91,No
C00729,Female,0,No,No,13,Yes,Fiber optic,Yes,No internet service,Month-to-month,No,Mailed check,92.71,1123.16,Yes
C00730,Male,0,No,Yes,10,No,Fiber optic,No internet service,Yes,Month-to-month,Yes,Credit card (automatic),24.18,223.95,No
C00731,Female,0,No,No,6,Yes,No,No internet service,No internet service,Month-to-month,Yes,Mailed check,117.39,657.41,Yes
C00732,Female,0,No,No,69,Yes,DSL,No internet service,No internet service,Month-to-month,No,Electronic check,23.44,1604.88,No
C00733,Female,0,Yes,No,12,Yes,No,Yes,Yes,Month-to-month,No,Electronic check,100.57,1098.46,Yes
C00734,Female,0,No,No,60,Yes,Fiber optic,No internet service,No,Month-to-month,Yes,Mailed check,92.03,5543.21,Yes
C00735,Male,0,No,No,57,Yes,DSL,No,No,One year,Yes,Electronic check,77.18,4491.97,No
C00736,Male,0,Yes,No,32,Yes,No,Yes,No,Month-to-month,No,Electronic check,61.89,2070.54,No
C00737,Male,0,Yes,No,66,Yes,DSL,Yes,No,Month-to-month,No,Credit card (automatic),93.71,6736.59,Yes
C00738,Male,0,Yes,No,66,Yes,Fiber optic,Yes,No internet service,Month-to-month,Yes,Credit card (automatic),91.99,5564.36,No
C00739,Female,0,No,No,67,Yes,Fiber optic,No,Yes,Month-to-month,No,Electronic check,31.72,1927.66,No
C00740,Male,0,Yes,No,36,Yes,Fiber optic,No internet service,No,Month-to-month,Yes,Electronic check,97.26,3248.66,No
C00741,Male,0,Yes,No,21,Yes,Fiber optic,No,No internet service,Month-to-month,Yes,Credit card (automatic),25.86,525.39,No
C00742,Female,0,Yes,No,3,Yes,No,Yes,No internet service,Two year,Yes,Electronic check,68.05,205.19,Yes
C00743,Male,0,No,No,61,Yes,Fiber optic,Yes,No,Month-to-month,No,Electronic check,82.51,4534.11,Yes
C00744,Male,0,Yes,No,63,Yes,DSL,No,No,Month-to-month,Yes,Electronic check,100.17,6553.51,Yes
C00745,Male,0,Yes,No,39,Yes,No,No,Yes,Month-to-month,No,Credit card (automatic),64.31,2737.27,No
C00746,Male,0,Yes,No,5,Yes,DSL,No internet service,No,Month-to-month,No,Bank transfer (automatic),41.69,198.02,No
C00747,Female,0,No,No,60,Yes,Fiber optic,No internet service,No internet service,Month-to-month,Yes,Bank transfer (automatic),67.07,3628.86,No
C00748,Female,1,Yes,No,21,Yes,No,Yes,Yes,One year,No,Electronic check,43.02,949.18,Yes
C00749,Male,0,Yes,No,40,No,DSL,No internet service,No,Two year,No,Bank transfer (automatic),70.87,2987.91,No
C00750,Female,0,Yes,Yes,48,No,DSL,Yes,Yes,Month-to-month,Yes,Mailed check,64.25,2802.44,No
C00751,Male,0,No,Yes,10,Yes,No,Yes,Yes,Month-to-month,Yes,Mailed check,96.05,983.04,No
C00752,Male,0,Yes,No,4,Yes,DSL,No,Yes,Month-to-month,No,Electronic check,42.01,159.4,No
C00753,Male,0,No,No,5,No,Fiber optic,No internet service,No internet service,Month-to-month,Yes,Electronic check,38.0,195.05,Yes
C00754,Male,1,No,No,70,Yes,DSL,No internet service,Yes,One year,No,Bank transfer (automatic),65.42,4786.74,No
C00755,Male,0,Yes,Yes,69,Yes,Fiber optic,No internet service,No internet service,Month-to-month,Yes,Bank transfer (automatic),23.05,1502.26,Yes
C00756,Female,0,Yes,Yes,31,Yes,No,No,No internet service,Month-to-month,No,Electronic check,40.93,1208.12,Yes
C00757,Male,0,Yes,No,31,Yes,No,No internet service,Yes,Two year,Yes,Mailed check,53.37,1691.39,Yes
C00758,Female,0,No,Yes,29,Yes,Fiber optic,No internet service,No,Month-to-month,Yes,Electronic check,66.76,1967.89,No
C00759,Female,0,No,No,25,Yes,Fiber optic,No internet service,No,Month-to-month,Yes,Credit card (automatic),44.94,1210.27,Yes
C00760,Male,0,Yes,Yes,39,Yes,DSL,No internet service,No internet service,One year,No,Credit card (automatic),74.06,2894.33,Yes
C00761,Male,0,Yes,No,26,Yes,Fiber optic,Yes,No internet service,Month-to-month,Yes,Electronic check,105.84,2916.82,Yes
C00762,Male,0,Yes,No,44,Yes,No,Yes,No internet service,Month-to-month,Yes,Electronic check,72.37,3332.04,No
C00763,Male,0,No,No,27,Yes,Fiber optic,No,No,Month-to-month,Yes,Credit card (automatic),46.68,1302.13,No
C00764,Female,0,Yes,No,45,Yes,Fiber optic,Yes,No,Two year,No,Electronic check,24.2,1021.87,No
C00765,Male,0,Yes,No,68,Yes,DSL,No internet service,Yes,Month-to-month,No,Electronic check,31.67,2057.24,No
C00766,Female,0,Yes,No,15,Yes,Fiber optic,No,No,Month-to-month,No,Bank transfer (automatic),74.12,1126.65,No
C00767,Male,0,Yes,No,4,Yes,No,No,Yes,Month-to-month,No,Electronic check,86.37,315.49,No
C00768,Male,0,No,Yes,38,Yes,Fiber optic,Yes,No internet service,Month-to-month,No,Electronic check,22.97,793.44,No
C00769,Male,0,Yes,No,8,Yes,Fiber optic,No internet service,No,One year,No,Bank transfer (automatic),36.55,266.07,No
C00770,Female,0,Yes,Yes,16,Yes,Fiber optic,Yes,No,Month-to-month,No,Electronic check,49.91,865.85,No
C00771,Male,1,Yes,No,57,No,DSL,No internet service,Yes,One year,No,Bank transfer (automatic),49.98,2956.48,No
C00772,Female,0,Yes,No,30,No,Fiber optic,No,No internet service,One year,Yes,Electronic check,113.84,3645.22,No
C00773,Female,0,Yes,No,40,Yes,DSL,Yes,No internet service,Two year,Yes,Credit card (automatic),38.38,1677.49,No
C00774,Female,0,No,Yes,56,Yes,DSL,No,No internet service,Month-to-month,Yes,Bank transfer (automatic),24.25,1412.58,Yes
C00775,Female,0,No,Yes,9,Yes,DSL,Yes,No internet service,Two year,No,Bank transfer (automatic),53.3,481.17,No
C00776,Male,0,No,No,34,Yes,Fiber optic,No internet service,No,One year,No,Mailed check,31.44,1064.47,No
C00777,Male,0,No,No,2,Yes,No,Yes,No internet service,Month-to-month,Yes,Bank transfer (automatic),30.66,64.34,No
C00778,Male,0,No,No,36,Yes,DSL,No internet service,No,One year,Yes,Credit card (automatic),58.75,2270.62,No
C00779,Male,0,No,No,16,Yes,Fiber optic,No,Yes,Two year,Yes,Credit card (automatic),48.64,829.54,No
C00780,Female,0,Yes,Yes,66,Yes,No,No internet service,Yes,Month-to-month,No,Electronic check,27.17,1790.69,No
C00781,Male,0,No,No,19,Yes,No,Yes,No internet service,Two year,Yes,Mailed check,78.43,1571.68,No
C00782,Male,1,No,Yes,14,Yes,Fiber optic,Yes,No,Month-to-month,Yes,Credit card (automatic),68.17,949.91,Yes
C00783,Male,0,Yes,No,1,Yes,Fiber optic,Yes,No internet service,One year,No,Credit card (automatic),25.71,25.12,Yes
C00784,Male,0,Yes,No,9,Yes,DSL,No,Yes,Two year,No,Electronic check,104.27,900.46,No
C00785,Female,0,No,No,15,Yes,Fiber optic,Yes,No internet service,Month-to-month,No,Credit card (automatic),46.47,634.95,No
C00786,Female,0,Yes,No,16,Yes,Fiber optic,Yes,No,Two year,Yes,Electronic check,114.14,1717.09,No
C00787,Male,0,No,Yes,53,Yes,Fiber optic,Yes,Yes,Month-to-month,No,Electronic check,111.15,6161.94,No
C00788,Female,0,No,Yes,64,Yes,DSL,No,No internet service,Two year,Yes,Electronic check,61.41,3672.19,Yes
C00789,Female,1,No,Yes,62,Yes,DSL,No,Yes,One year,Yes,Electronic check,40.86,2736.58,No
C00790,Male,0,No,No,69,Yes,DSL,No,Yes,Month-to-month,Yes,Credit card (automatic),101.49,6412.59,No
C00791,Female,0,No,Yes,65,Yes,DSL,No internet service,No internet service,Month-to-month,Yes,Mailed check,54.13,3202.58,No
C00792,Male,1,No,No,33,Yes,No,No,No,Month-to-month,Yes,Mailed check,34.36,1129.59,Yes
C00793,Male,0,No,No,28,No,DSL,No internet service,No internet service,Month-to-month,No,Bank transfer (automatic),73.16,1934.86,No
C00794,Female,1,No,No,47,Yes,DSL,Yes,No,Month-to-month,No,Electronic check,66.94,2896.34,No
C00795,Male,1,Yes,No,23,Yes,Fiber optic,No,No,Month-to-month,No,Mailed check,103.0,2160.47,Yes
C00796,Female,0,No,No,44,Yes,DSL,No internet service,Yes,Month-to-month,Yes,Bank transfer (automatic),90.93,4022.76,Yes
C00797,Female,0,Yes,No,72,No,Fiber optic,Yes,Yes,Month-to-month,No,Bank transfer (automatic),105.61,7238.12,Yes
C00798,Male,0,Yes,No,14,Yes,DSL,Yes,Yes,One year,No,Electronic check,91.47,1294.86,Yes
C00799,Male,0,No,No,56,Yes,No,No,Yes,One year,Yes,Electronic check,82.22,4280.45,No
C00800,Male,0,No,No,68,Yes,No,No internet service,Yes,One year,Yes,Bank transfer (automatic),68.02,4185.42,No
C00801,Male,0,No,Yes,39,Yes,Fiber optic,Yes,No internet service,Month-to-month,No,Mailed check,116.76,4123.1,No
C00802,Male,0,No,No,25,Yes,DSL,No internet service,Yes,Two year,No,Mailed check,113.92,2627.38,No
C00803,Female,0,No,No,18,Yes,Fiber optic,Yes,No internet service,One year,Yes,Credit card (automatic),102.89,1961.68,Yes
C00804,Female,0,Yes,No,12,Yes,Fiber optic,No,Yes,Month-to-month,No,Electronic check,95.53, ,Yes
C00805,Female,0,Yes,No,23,Yes,DSL,Yes,No,Month-to-month,Yes,Credit card (automatic),75.76,1785.64,No
C00806,Female,0,Yes,No,54,Yes,Fiber optic,Yes,No,One year,No,Credit card (automatic),43.98,2553.03,No
C00807,Female,0,Yes,No,37,Yes,DSL,No internet service,No internet service,Month-to-month,Yes,Credit card (automatic),105.54,3680.53,No
C00808,Female,0,No,No,16,Yes,DSL,No internet service,No internet service,Month-to-month,Yes,Electronic check,19.08,327.95,No
C00809,Female,0,Yes,No,39,Yes,Fiber optic,No,Yes,Two year,No,Mailed check,40.74,1666.92,No
C00810,Female,0,Yes,No,59,Yes,Fiber optic,No,No,Month-to-month,Yes,Electronic check,58.37,3601.57,No
C00811,Female,0,No,No,0,Yes,Fiber optic,No internet service,No internet service,Month-to-month,Yes,Mailed check,76.62,82.3,No
C00812,Male,0,No,No,1,Yes,Fiber optic,No internet service,Yes,Two year,Yes,Bank transfer (automatic),74.09,68.55,Yes
C00813,Female,0,Yes,No,70,Yes,DSL,No internet service,No internet service,One year,No,Credit card (automatic),35.58,2510.77,Yes
C00814,Male,0,No,Yes,54,Yes,DSL,No internet service,Yes,Month-to-month,No,Credit card (automatic),28.48,1532.86,No
C00815,Male,0,No,Yes,42,No,DSL,No,No internet service,Two year,No,Electronic check,40.23,1745.08,No
C00816,Male,0,No,No,66,Yes,Fiber optic,Yes,Yes,Two year,No,Mailed check,52.87,3306.57,Yes
C00817,Female,1,No,No,43,Yes,DSL,Yes,No,Month-to-month,No,Electronic check,19.41,772.42,Yes
C00818,Male,0,Yes,No,38,Yes,Fiber optic,No,No,One year,Yes,Credit card (automatic),87.25,3629.44,No
C00819,Male,0,No,No,15,Yes,Fiber optic,No,Yes,Month-to-month,No,Credit card (automatic),42.77,637.15,Yes
C00820,Male,1,No,No,59,Yes,No,No internet service,No,Month-to-month,Yes,Electronic check,53.14,2967.22,No
C00821,Female,0,No,No,55,Yes,No,Yes,Yes,One year,No,Credit card (automatic),51.49,2621.62,No
C00822,Male,0,No,No,21,Yes,Fiber optic,No,Yes,Month-to-month,No,Mailed check,69.18,1479.98,No
C00823,Female,0,No,No,53,Yes,No,No,No internet service,One year,Yes,Credit card (automatic),103.98,5122.71,Yes
C00824,Female,0,Yes,No,53,Yes,No,No internet service,No,Two year,No,Bank transfer (automatic),32.94,1635.15,No
C00825,Male,0,No,No,6,Yes,DSL,No,No,Month-to-month,No,Bank transfer (automatic),52.07,340.67,No
C00826,Female,0,Yes,Yes,11,Yes,Fiber optic,No,Yes,One year,Yes,Credit card (automatic),87.2,868.88,Yes
C00827,Female,0,Yes,No,43,Yes,DSL,No internet service,Yes,Month-to-month,Yes,Electronic check,22.42,903.68,No
C00828,Female,0,No,No,45,Yes,No,No internet service,No internet service,Two year,No,Electronic check,101.0,4700.64,Yes
C00829,Male,0,Yes,No,48,No,Fiber optic,No,Yes,Month-to-month,Yes,Credit card (automatic),114.18,5170.32,No
C00830,Female,0,Yes,No,27,Yes,DSL,No internet service,No,One year,No,Bank transfer (automatic),78.76,1991.25,No
C00831,Male,0,No,Yes,60,Yes,No,No,No internet service,One year,Yes,Bank transfer (automatic),113.65,6896.06,No
C00832,Female,0,Yes,Yes,32,Yes,No,No internet service,No internet service,Month-to-month,Yes,Credit card (automatic),59.31,1972.3,No
C00833,Female,1,Yes,No,15,Yes,Fiber optic,No internet service,No,One year,Yes,Bank transfer (automatic),59.5,880.12,Yes
C00834,Male,0,Yes,No,8,Yes,Fiber optic,No,No,One year,Yes,Electronic check,28.62,241.84,No
C00835,Male,0,No,Yes,64,No,DSL,No,No internet service,One year,Yes,Electronic check,21.54,1465.47,No
C00836,Male,0,Yes,No,51,Yes,Fiber optic,No,No,One year,Yes,Electronic check,42.45,2218.24,Yes
C00837,Female,0,No,Yes,33,Yes,Fiber optic,No internet service,No,Two year,No,Mailed check,65.81,2205.53,No
C00838,Female,0,No,No,15,Yes,Fiber optic,No internet service,Yes,Month-to-month,Yes,Bank transfer (automatic),68.77,1096.81,No
C00839,Male,0,Yes,No,7,Yes,Fiber optic,No internet service,No internet service,Month-to-month,Yes,Bank transfer (automatic),39.76,251.32,Yes
C00840,Female,0,Yes,No,11,Yes,DSL,No,Yes,Month-to-month,No,Mailed check,79.28,873.93,No
C00841,Female,0,Yes,Yes,7,Yes,Fiber optic,Yes,Yes,Two year,Yes,Electronic check,36.12,234.07,Yes
C00842,Male,0,No,No,38,Yes,DSL,No internet service,No internet service,Month-to-month,No,Mailed check,50.62,1816.44,Yes
C00843,Male,0,No,No,14,Yes,No,Yes,No internet service,Month-to-month,No,Bank transfer (automatic),37.57,573.21,Yes
C00844,Female,0,No,Yes,9,Yes,Fiber optic,No internet service,No,Month-to-month,Yes,Credit card (automatic),87.67,710.71,Yes
C00845,Female,0,Yes,Yes,20,Yes,DSL,Yes,No internet service,Two year,Yes,Mailed check,69.66,1339.43,Yes
C00846,Male,0,No,Yes,51,Yes,DSL,Yes,No,Month-to-month,Yes,Electronic check,91.61,4349.14,Yes
C00847,Female,0,Yes,Yes,36,Yes,No,Yes,No,One year,Yes,Bank transfer (automatic),23.72,865.95,No
C00848,Male,0,No,No,11,Yes,No,No,Yes,Month-to-month,No,Bank transfer (automatic),60.54,711.79,Yes
C00849,Female,0,Yes,No,54,Yes,No,Yes,No,Two year,No,Mailed check,114.7,6058.64,No
C00850,Female,0,Yes,No,35,Yes,Fiber optic,No internet service,Yes,Month-to-month,No,Credit card (automatic),23.36,872.74,Yes
C00851,Female,0,Yes,No,13,Yes,Fiber optic,No,Yes,Month-to-month,Yes,Mailed check,59.84,768.62,Yes
C00852,Female,0,Yes,No,50,Yes,Fiber optic,Yes,No,Two year,No,Mailed check,22.04,1192.15,No
C00853,Male,0,Yes,Yes,72,Yes,DSL,Yes,No internet service,Two year,Yes,Credit card (automatic),32.67,2515.46,No
C00854,Male,0,No,No,39,No,DSL,Yes,No internet service,Month-to-month,Yes,Bank transfer (automatic),64.25,2344.79,No
C00855,Female,0,Yes,No,11,Yes,Fiber optic,Yes,No,Month-to-month,Yes,Credit card (automatic),33.75,399.84,No
C00856,Male,0,No,Yes,22,Yes,Fiber optic,Yes,No,One year,No,Bank transfer (automatic),69.88,1442.83,Yes
C00857,Female,0,No,Yes,43,Yes,Fiber optic,Yes,No,Two year,Yes,Mailed check,110.27,4732.5,No
C00858,Female,0,No,Yes,72,Yes,DSL,No internet service,No internet service,Month-to-month,Yes,Mailed check,38.04,2572.36,No
C00859,Female,0,Yes,No,67,Yes,Fiber optic,No internet service,No,Month-to-month,Yes,Electronic check,28.72,1880.55,Yes
C00860,Female,0,Yes,No,68,Yes,Fiber optic,No,No internet service,One year,No,Bank transfer (automatic),100.53,7499.96,No
C00861,Male,0,No,No,60,Yes,No,Yes,No,One year,Yes,Mailed check,64.03,4045.52,No
C00862,Male,0,Yes,No,41,Yes,Fiber optic,Yes,Yes,One year,No,Electronic check,106.26,4403.78,Yes
C00863,Male,0,Yes,No,47,Yes,DSL,No,No,One year,No,Mailed check,48.61,2483.65,No
C00864,Male,0,No,No,53,Yes,DSL,Yes,No internet service,Month-to-month,Yes,Credit card (automatic),80.75,4159.66,No
C00865,Male,0,Yes,No,52,Yes,Fiber optic,No internet service,No,Two year,No,Bank transfer (automatic),110.33,5362.19,No
C00866,Female,1,No,No,46,Yes,DSL,No,No internet service,Two year,Yes,Electronic check,35.17,1724.26,No
C00867,Female,0,No,Yes,9,Yes,No,Yes,No internet service,Two year,Yes,Mailed check,98.07,796.52,No
C00868,Male,0,No,Yes,64,Yes,Fiber optic,No,Yes,Month-to-month,No,Mailed check,81.15,5509.99,No
C00869,Female,0,No,No,0,Yes,Fiber optic,Yes,No internet service,Month-to-month,No,Electronic check,99.29,89.8,No
C00870,Female,0,No,No,31,Yes,Fiber optic,Yes,No internet service,One year,Yes,Mailed check,35.07,1040.29,No
C00871,Male,0,No,Yes,31,Yes,DSL,No,No,Month-to-month,Yes,Mailed check,61.41,1848.69,Yes
C00872,Male,1,Yes,No,72,Yes,No,No,No,Two year,Yes,Mailed check,30.88,2142.66,Yes
C00873,Female,0,Yes,No,6,Yes,Fiber optic,Yes,No internet service,Month-to-month,No,Bank transfer (automatic),114.01,648.96,Yes
C00874,Male,0,No,Yes,34,Yes,Fiber optic,No,Yes,One year,Yes,Bank transfer (automatic),24.27,760.52,Yes
C00875,Male,0,Yes,No,26,Yes,Fiber optic,No,No internet service,Two year,No,Electronic check,24.55,574.88,No
C00876,Female,0,Yes,No,7,Yes,Fiber optic,No,Yes,Month-to-month,No,Bank transfer (automatic),107.82,796.21,Yes
C00877,Male,0,Yes,Yes,16,Yes,Fiber optic,Yes,Yes,Month-to-month,No,Electronic check,48.08,762.65,No
C00878,Male,1,Yes,No,30,Yes,Fiber optic,No,No internet service,One year,No,Credit card (automatic),77.7,2173.4,No
C00879,Male,1,No,No,66,Yes,No,Yes,Yes,One year,No,Bank transfer (automatic),46.75,2827.66,Yes
C00880,Female,0,No,No,28,Yes,Fiber optic,No internet service,Yes,Month-to-month,Yes,Mailed check,82.88,2217.81,No
C00881,Male,0,Yes,No,64,Yes,DSL,Yes,Yes,One year,No,Mailed check,37.25,2314.57,No
C00882,Male,0,Yes,No,53,Yes,Fiber optic,No,No internet service,Two year,No,Bank transfer (automatic),63.89,3360.04,Yes
C00883,Male,0,No,No,59,Yes,Fiber optic,No,Yes,Month-to-month,Yes,Electronic check,71.35,3873.76,Yes
C00884,Male,0,Yes,No,62,Yes,DSL,Yes,No internet service,Month-to-month,Yes,Electronic check,51.36,3489.97,No
C00885,Female,0,Yes,Yes,52,Yes,Fiber optic,Yes,No,Month-to-month,No,Bank transfer (automatic),43.17,2141.01,No
C00886,Female,1,Yes,Yes,53,Yes,Fiber optic,No,No,Month-to-month,Yes,Credit card (automatic),32.02,1677.14,No
C00887,Female,0,Yes,No,11,Yes,Fiber optic,Yes,No internet service,Month-to-month,Yes,Credit card (automatic),88.61,1015.46,No
C00888,Male,0,Yes,No,52,Yes,DSL,No internet service,No,Month-to-month,Yes,Mailed check,34.83,1742.4,No
C00889,Female,0,Yes,No,3,Yes,DSL,Yes,Yes,One year,No,Bank transfer (automatic),47.21,129.8,No
C00890,Female,0,Yes,Yes,53,Yes,Fiber optic,Yes,No internet service,Month-to-month,Yes,Bank transfer (automatic),51.69,2671.92,No
C00891,Male,0,No,No,47,Yes,DSL,No,Yes,Two year,No,Mailed check,63.44,3013.21,No
C00892,Male,0,No,No,55,Yes,No,No internet service,Yes,Month-to-month,Yes,Credit card (automatic),88.26,5186.1,Yes
C00893,Female,1,No,No,46,Yes,Fiber optic,No,Yes,Month-to-month,Yes,Electronic check,60.79,2722.48,Yes
C00894,Female,0,Yes,Yes,26,Yes,DSL,No,No internet service,One year,No,Credit card (automatic),105.11,2945.76,No
C00895,Male,0,Yes,Yes,26,Yes,Fiber optic,No internet service,No,Two year,Yes,Credit card (automatic),85.98,2256.08,No
C00896,Female,0,No,No,43,Yes,No,No,No,Month-to-month,Yes,Mailed check,101.85,4570.05,Yes
C00897,Male,0,No,No,34,Yes,Fiber optic,No internet service,Yes,Month-to-month,No,Bank transfer (automatic),89.64,2761.37,No
C00898,Male,1,No,No,24,Yes,Fiber optic,Yes,No internet service,Month-to-month,No,Mailed check,32.86,851.06,Yes
C00899,Male,0,Yes,No,35,Yes,Fiber optic,Yes,No,Month-to-month,Yes,Electronic check,115.79,3820.39,No
C00900,Male,0,Yes,No,39,Yes,DSL,No internet service,Yes,Month-to-month,No,Electronic check,96.66,3638.45,Yes
C00901,Male,0,Yes,No,17,Yes,Fiber optic,Yes,Yes,Month-to-month,Yes,Mailed check,75.27,1285.64,No
C00902,Female,0,No,Yes,46,Yes,DSL,Yes,No internet service,Month-to-month,Yes,Bank transfer (automatic),34.52,1733.95,Yes
C00903,Female,0,Yes,No,22,Yes,Fiber optic,No,Yes,Month-to-month,No,Credit card (automatic),35.27,751.99,No
C00904,Female,0,Yes,No,19,Yes,DSL,No internet service,No internet service,Two year,Yes,Bank transfer (automatic),79.43,1424.81,No
C00905,Female,0,Yes,Yes,30,Yes,Fiber optic,No internet service,No,One year,Yes,Bank transfer (automatic),59.62,1953.41,No
C00906,Male,0,No,No,7,Yes,No,Yes,No,Month-to-month,No,Bank transfer (automatic),85.59,636.09,No
C00907,Female,0,Yes,No,44,Yes,Fiber optic,No internet service,No internet service,Month-to-month,No,Bank transfer (automatic),55.24,2510.0,No
C00908,Female,0,No,No,53,No,DSL,Yes,Yes,Month-to-month,No,Mailed check,69.28,3605.48,No
C00909,Male,0,No,No,69,Yes,Fiber optic,No internet service,No,Month-to-month,Yes,Electronic check,36.8,2498.8,No
C00910,Female,0,No,No,20,Yes,DSL,Yes,Yes,One year,No,Bank transfer (automatic),33.52,730.83,No
C00911,Female,0,Yes,No,39,Yes,Fiber optic,No,No,Two year,No,Bank transfer (automatic),25.56,910.9,No
C00912,Male,1,No,No,36,Yes,Fiber optic,No internet service,No internet service,Two year,Yes,Mailed check,99.96,3783.89,No
C00913,Female,0,Yes,Yes,53,Yes,DSL,Yes,Yes,Two year,No,Electronic check,73.54,3976.47,No
C00914,Female,0,No,Yes,45,Yes,Fiber optic,No internet service,Yes,Two year,No,Mailed check,112.71,5547.13,No
C00915,Female,0,Yes,No,58,Yes,Fiber optic,Yes,Yes,Two year,No,Bank transfer (automatic),92.95,5454.07,No
C00916,Male,0,Yes,No,62,Yes,No,No,No internet service,Month-to-month,Yes,Electronic check,94.88,5624.36,No
C00917,Female,0,Yes,No,8,No,DSL,Yes,No internet service,Month-to-month,No,Credit card (automatic),68.91,582.14,Yes
C00918,Female,0,No,Yes,25,Yes,Fiber optic,Yes,No,Month-to-month,Yes,Bank transfer (automatic),99.55,2730.47,Yes
C00919,Male,0,No,Yes,47,Yes,No,Yes,No,One year,No,Bank transfer (automatic),112.21,5703.64,No
C00920,Female,1,Yes,No,39,No,DSL,No internet service,No,Month-to-month,No,Electronic check,90.17,3372.26,Yes
C00921,Male,0,Yes,No,35,Yes,Fiber optic,No internet service,No,Two year,No,Credit card (automatic),28.56,968.88,No
C00922,Female,0,No,No,12,Yes,Fiber optic,Yes,Yes,One year,Yes,Bank transfer (automatic),83.1,1048.02,No
C00923,Female,0,No,No,41,Yes,DSL,No,No,Month-to-month,No,Bank transfer (automatic),30.04,1255.83,Yes
C00924,Female,0,Yes,No,54,Yes,No,Yes,Yes,Month-to-month,No,Credit card (automatic),25.72,1253.22,Yes
C00925,Male,0,No,Yes,2,No,No,No internet service,No,Month-to-month,No,Bank transfer (automatic),87.29, ,Yes
C00926,Male,1,No,Yes,43,Yes,Fiber optic,Yes,No internet service,Month-to-month,Yes,Bank transfer (automatic),101.48,4001.89,No
C00927,Female,1,No,Yes,66,Yes,Fiber optic,No internet service,No internet service,Two year,No,Electronic check,33.88,2092.4,No
C00928,Female,0,No,No,41,Yes,Fiber optic,Yes,No,One year,No,Bank transfer (automatic),25.41,1001.16,Yes
C00929,Male,0,Yes,Yes,69,Yes,DSL,Yes,Yes,One year,Yes,Credit card (automatic),106.65,8046.46,No
C00930,Female,0,Yes,No,25,Yes,No,No internet service,No internet service,Month-to-month,Yes,Credit card (automatic),31.22,808.05,Yes
C00931,Male,0,No,Yes,0,Yes,Fiber optic,Yes,No internet service,Month-to-month,No,Electronic check,21.51,19.59,Yes
C00932,Male,0,Yes,No,49,Yes,Fiber optic,No,No internet service,Month-to-month,No,Credit card (automatic),90.11,4510.2,Yes
C00933,Male,0,No,No,15,Yes,No,No,No internet service,One year,No,Mailed check,102.77,1522.02,No
C00934,Male,1,No,No,0,Yes,Fiber optic,No,Yes,One year,No,Electronic check,69.45,72.98,No
C00935,Male,0,No,No,13,Yes,DSL,No internet service,Yes,Month-to-month,Yes,Bank transfer (automatic),71.99,1007.73,No
C00936,Male,0,No,No,68,Yes,DSL,No internet service,Yes,Two year,No,Mailed check,51.69,3209.27,Yes
C00937,Female,1,No,No,57,Yes,No,No,No internet service,Month-to-month,Yes,Mailed check,41.85,2614.42,Yes
C00938,Female,0,Yes,No,20,Yes,Fiber optic,No internet service,No,Two year,Yes,Mailed check,93.52,1705.02,Yes
C00939,Female,0,No,Yes,43,Yes,Fiber optic,Yes,No,Month-to-month,No,Credit card (automatic),102.93,4631.69,No
C00940,Male,1,No,No,24,Yes,Fiber optic,Yes,No,Month-to-month,Yes,Electronic check,50.12,1299.86,Yes
C00941,Female,0,No,No,12,Yes,Fiber optic,No,No internet service,Two year,No,Mailed check,45.38,571.98,Yes
C00942,Male,0,No,No,72,Yes,Fiber optic,Yes,Yes,Month-to-month,Yes,Mailed check,44.78,2998.98,No
C00943,Male,0,Yes,Yes,59,Yes,No,Yes,Yes,Month-to-month,No,Bank transfer (automatic),23.06,1281.08,Yes
C00944,Female,0,Yes,No,26,Yes,DSL,Yes,No,Month-to-month,No,Bank transfer (automatic),46.11,1088.85,No
C00945,Male,0,Yes,No,25,Yes,DSL,Yes,Yes,Month-to-month,Yes,Credit card (automatic),20.57,476.31,No
C00946,Female,0,Yes,No,59,Yes,No,No,No,One year,No,Credit card (automatic),96.84,5211.93,No
C00947,Male,0,No,Yes,33,Yes,DSL,Yes,No internet service,Two year,Yes,Credit card (automatic),43.59,1310.05,No
C00948,Male,0,No,Yes,27,Yes,No,Yes,Yes,Two year,Yes,Credit card (automatic),87.02,2378.73,Yes
C00949,Female,0,Yes,Yes,28,Yes,No,No internet service,No internet service,Month-to-month,No,Bank transfer (automatic),72.32,1853.53,No
C00950,Female,0,Yes,No,32,Yes,Fiber optic,No,No internet service,Month-to-month,No,Electronic check,101.75,3207.2,Yes
C00951,Male,1,No,No,38,Yes,DSL,Yes,Yes,Month-to-month,No,Credit card (automatic),114.04,4515.24,Yes
C00952,Female,0,No,Yes,2,Yes,DSL,Yes,No,Month-to-month,No,Mailed check,54.73,98.85,Yes
C00953,Male,1,No,No,35,Yes,DSL,No,No internet service,Month-to-month,Yes,Mailed check,26.83,965.13,Yes
C00954,Female,1,Yes,No,32,Yes,Fiber optic,No internet service,No,Two year,Yes,Credit card (automatic),92.96,3127.73,Yes
C00955,Male,1,Yes,No,20,Yes,No,Yes,Yes,Two year,No,Bank transfer (automatic),20.13,405.55,No
C00956,Male,0,No,No,25,Yes,Fiber optic,Yes,No,One year,No,Bank transfer (automatic),40.3,1002.58,No
C00957,Male,0,No,No,30,Yes,DSL,No,Yes,Month-to-month,Yes,Mailed check,23.33,732.21,Yes
C00958,Male,0,Yes,No,26,Yes,DSL,No,No,Month-to-month,Yes,Credit card (automatic),107.81,2819.73,No
C00959,Female,0,No,No,66,Yes,Fiber optic,No internet service,Yes,Month-to-month,Yes,Mailed check,18.53,1225.25,No
C00960,Male,0,No,Yes,38,Yes,DSL,No internet service,No internet service,Month-to-month,Yes,Mailed check,67.27,2710.56,Yes
C00961,Female,0,No,No,36,Yes,Fiber optic,No,Yes,Month-to-month,Yes,Credit card (automatic),60.4,2321.2,No
C00962,Male,0,Yes,No,19,No,DSL,No internet service,No,Month-to-month,No,Mailed check,83.27,1540.49,Yes
C00963,Male,0,No,No,66,Yes,Fiber optic,No,No,Month-to-month,No,Credit card (automatic),46.97,3047.62,No
C00964,Male,0,Yes,No,1,Yes,No,No,Yes,Two year,Yes,Mailed check,105.37,111.71,Yes
C00965,Male,0,No,No,40,Yes,Fiber optic,No internet service,Yes,Month-to-month,No,Bank transfer (automatic),91.43,3690.02,Yes
C00966,Female,0,No,No,12,Yes,No,No,Yes,Two year,No,Credit card (automatic),61.23,762.21,No
C00967,Male,0,No,No,56,Yes,No,No internet service,Yes,Month-to-month,Yes,Credit card (automatic),53.8,2756.82,No
C00968,Female,1,No,Yes,27,Yes,DSL,Yes,Yes,One year,No,Mailed check,99.59,2471.32,Yes
C00969,Female,0,Yes,No,21,Yes,DSL,No,Yes,Month-to-month,Yes,Mailed check,93.71,1980.43,No
C00970,Female,0,No,No,4,Yes,No,Yes,No internet service,Month-to-month,No,Mailed check,57.9,246.39,No
C00971,Male,0,No,No,57,Yes,Fiber optic,No internet service,No internet service,Month-to-month,No,Mailed check,52.14,2862.93,No
C00972,Female,1,Yes,No,28,Yes,No,Yes,No,Month-to-month,Yes,Credit card (automatic),21.89,669.39,Yes
C00973,Female,0,Yes,Yes,19,Yes,DSL,No,Yes,Two year,Yes,Credit card (automatic),26.17,523.12,Yes
C00974,Female,0,Yes,No,61,Yes,No,Yes,No,Month-to-month,Yes,Mailed check,23.39,1507.18,No
C00975,Female,0,Yes,No,1,Yes,No,Yes,No internet service,One year,Yes,Electronic check,20.44,21.81,Yes
C00976,Female,1,Yes,Yes,34,No,DSL,No,No,Month-to-month,Yes,Mailed check,33.29,1076.28,Yes
C00977,Female,0,No,No,11,Yes,DSL,No internet service,No,Month-to-month,Yes,Electronic check,103.71,1102.1,Yes
C00978,Male,0,Yes,Yes,9,No,Fiber optic,No internet service,No,Month-to-month,No,Credit card (automatic),97.82,813.19,Yes
C00979,Female,0,Yes,No,1,Yes,Fiber optic,No internet service,Yes,Month-to-month,Yes,Credit card (automatic),102.56,100.11,Yes
C00980,Female,0,Yes,No,13,Yes,DSL,No,No,Two year,Yes,Mailed check,80.38,947.93,No
C00981,Female,0,No,No,69,Yes,DSL,No internet service,Yes,Two year,No,Mailed check,80.41,5827.36,Yes
C00982,Female,0,Yes,Yes,32,No,No,No internet service,No,One year,No,Bank transfer (automatic),30.39,1031.33,Yes
C00983,Male,0,No,Yes,72,No,DSL,Yes,Yes,Month-to-month,No,Bank transfer (automatic),87.9,5966.31,Yes
C00984,Male,0,No,No,19,Yes,No,No,Yes,Month-to-month,Yes,Electronic check,46.0,872.23,Yes
C00985,Female,0,Yes,No,55,Yes,DSL,No internet service,Yes,Two year,Yes,Mailed check,69.93,3978.45,Yes
C00986,Male,1,Yes,No,6,Yes,No,No,Yes,Month-to-month,No,Credit card (automatic),113.47,713.85,No
C00987,Female,0,No,No,7,Yes,DSL,No internet service,Yes,Month-to-month,No,Mailed check,105.06,804.47,Yes
C00988,Female,0,Yes,Yes,1,Yes,DSL,No,No,Month-to-month,No,Bank transfer (automatic),41.32,38.85,Yes
C00989,Male,0,No,No,65,Yes,No,No,Yes,Two year,Yes,Mailed check,91.67,5656.72,No
C00990,Male,0,No,No,49,Yes,DSL,Yes,No internet service,One year,No,Credit card (automatic),28.41,1490.62,No
C00991,Male,1,Yes,No,54,Yes,DSL,No internet service,No,One year,Yes,Bank transfer (automatic),20.67,1026.26,No
C00992,Female,0,No,Yes,67,Yes,Fiber optic,No,Yes,Two year,Yes,Credit card (automatic),20.82,1474.7,No
C00993,Male,1,Yes,No,24,Yes,Fiber optic,No internet service,Yes,Month-to-month,No,Credit card (automatic),35.02,778.85,Yes
C00994,Male,0,No,No,52,Yes,Fiber optic,No internet service,Yes,Two year,Yes,Credit card (automatic),87.49,4517.15,Yes
C00995,Female,0,Yes,No,36,Yes,DSL,No internet service,No internet service,Month-to-month,No,Electronic check,54.33,1991.96,Yes
C00996,Female,0,Yes,No,39,Yes,No,Yes,No internet service,One year,No,Electronic check,19.59,804.94,Yes
C00997,Male,0,Yes,No,48,Yes,DSL,No,No,Month-to-month,Yes,Mailed check,116.8,5174.18,No
C00998,Male,1,No,No,34,Yes,No,No,Yes,Two year,No,Mailed check,71.34,2582.76,No
C00999,Male,0,Yes,Yes,1,Yes,Fiber optic,No,No,Month-to-month,Yes,Mailed check,57.39,61.41,No
C01000,Male,0,Yes,Yes,5,Yes,DSL,Yes,No,Month-to-month,No,Electronic check,69.88,369.91,No
C01001,Female,0,Yes,Yes,36,No,Fiber optic,Yes,No internet service,Month-to-month,No,Electronic check,70.0,2740.4,No
C01002,Female,0,No,Yes,41,Yes,Fiber optic,No internet service,No,Month-to-month,Yes,Bank transfer (automatic),65.02,2864.28,Yes
C01003,Male,0,Yes,No,53,Yes,Fiber optic,No internet service,Yes,Month-to-month,Yes,Electronic check,79.29,4427.6,No
C01004,Male,0,No,Yes,41,Yes,Fiber optic,Yes,No internet service,One year,No,Credit card (automatic),106.56,4438.28,No
C01005,Female,0,Yes,Yes,13,Yes,Fiber optic,Yes,No,Month-to-month,No,Mailed check,48.17,664.86,Yes
C01006,Male,0,No,No,26,Yes,Fiber optic,No,No internet service,Two year,No,Mailed check,66.7,1899.06,No
C01007,Female,0,No,No,32,Yes,DSL,No internet service,No internet service,Month-to-month,Yes,Mailed check,18.36,603.66,No
C01008,Male,0,No,No,71,Yes,Fiber optic,Yes,No internet service,One year,Yes,Mailed check,103.98,7002.53,No
C01009,Female,1,Yes,No,38,No,Fiber optic,No,No,Month-to-month,No,Bank transfer (automatic),48.59,1753.3,Yes
C01010,Male,0,Yes,Yes,46,Yes,No,Yes,Yes,One year,Yes,Mailed check,45.13,2198.87,No
C01011,Female,0,Yes,No,53,Yes,No,No,No,One year,Yes,Bank transfer (automatic),117.75,6851.66,No
C01012,Male,1,Yes,No,26,Yes,DSL,No,Yes,Month-to-month,No,Bank transfer (automatic),76.44,1872.29,No
C01013,Female,0,Yes,Yes,70,Yes,Fiber optic,No,No,Two year,No,Credit card (automatic),30.3,2320.41,No
C01014,Male,0,Yes,Yes,49,Yes,Fiber optic,Yes,No,Month-to-month,Yes,Credit card (automatic),44.55,2081.79,Yes
C01015,Female,0,Yes,Yes,61,No,Fiber optic,Yes,No internet service,Month-to-month,Yes,Electronic check,53.32,3195.8,Yes
C01016,Male,0,Yes,Yes,54,Yes,DSL,No,No,One year,No,Bank transfer (automatic),116.61,6810.96,No
C01017,Male,1,No,Yes,45,Yes,No,No internet service,No internet service,Two year,No,Electronic check,61.06,3001.49,No
C01018,Female,0,Yes,Yes,2,Yes,DSL,Yes,No,Month-to-month,No,Credit card (automatic),41.01,83.12,Yes
C01019,Female,0,No,No,42,Yes,No,Yes,No,Month-to-month,Yes,Mailed check,74.97,3432.18,Yes
C01020,Female,0,No,Yes,9,Yes,Fiber optic,No internet service,No internet service,Two year,Yes,Mailed check,58.48,562.36,Yes
C01021,Female,0,No,No,44,Yes,DSL,Yes,No,One year,Yes,Credit card (automatic),23.5,1109.77,No
C01022,Male,1,Yes,Yes,51,Yes,Fiber optic,No,No,Two year,No,Mailed check,104.09,5699.57,No
C01023,Male,0,No,No,39,Yes,Fiber optic,No,No,Month-to-month,Yes,Mailed check,19.57,745.87,No
C01024,Female,0,No,No,22,Yes,DSL,Yes,No,One year,No,Electronic check,107.85,2149.98,Yes
C01025,Female,0,No,No,4,Yes,Fiber optic,No,Yes,Month-to-month,No,Bank transfer (automatic),97.19,362.69,Yes
C01026,Female,0,No,No,48,No,DSL,Yes,Yes,Two year,No,Electronic check,25.58,1123.34,No
C01027,Female,0,Yes,No,50,Yes,DSL,Yes,No,Month-to-month,No,Credit card (automatic),90.36,4285.23,No
C01028,Female,0,No,No,34,Yes,Fiber optic,No internet service,No internet service,One year,No,Credit card (automatic),95.09,2945.51,Yes
C01029,Female,0,Yes,Yes,52,Yes,Fiber optic,No internet service,Yes,Month-to-month,No,Electronic check,78.23,3886.48,Yes
C01030,Female,1,No,No,56,Yes,DSL,Yes,No,One year,Yes,Bank transfer (automatic),75.77,4318.61,Yes
C01031,Female,1,Yes,No,37,Yes,DSL,Yes,No internet service,One year,No,Electronic check,22.97,788.88,Yes
C01032,Male,0,Yes,No,3,Yes,Fiber optic,No,Yes,Month-to-month,No,Electronic check,23.95,69.2,Yes
C01033,Female,1,Yes,No,63,Yes,Fiber optic,No,No internet service,Two year,Yes,Bank transfer (automatic),90.73,5400.62,No
C01034,Male,0,No,No,34,Yes,Fiber optic,No internet service,No,Month-to-month,Yes,Bank transfer (automatic),28.56,892.41,Yes
C01035,Female,0,Yes,Yes,49,Yes,No,No internet service,No internet service,One year,No,Credit card (automatic),42.18,2139.61,No
C01036,Female,0,No,No,66,Yes,Fiber optic,Yes,Yes,Month-to-month,Yes,Bank transfer (automatic),67.88,4832.24,No
C01037,Female,0,Yes,Yes,26,Yes,No,No internet service,No internet service,Month-to-month,No,Electronic check,34.42,933.58,Yes
C01038,Female,0,No,No,45,Yes,Fiber optic,No internet service,No,Month-to-month,No,Credit card (automatic),96.98,4524.89,No
C01039,Male,0,No,No,1,No,Fiber optic,Yes,No,Month-to-month,No,Mailed check,98.74,108.28,No
C01040,Male,0,No,No,64,Yes,Fiber optic,No,Yes,Month-to-month,No,Electronic check,102.21,6844.01,Yes
C01041,Male,0,Yes,No,4,Yes,DSL,Yes,No internet service,One year,No,Mailed check,22.96,83.52,No
C01042,Male,0,No,No,39,No,Fiber optic,Yes,No,One year,Yes,Electronic check,60.79,2237.21,Yes
C01043,Female,0,No,Yes,25,Yes,Fiber optic,No,No internet service,One year,No,Mailed check,102.69,2637.83,Yes
C01044,Male,0,No,No,2,No,DSL,No internet service,Yes,Month-to-month,Yes,Mailed check,54.32,111.66,Yes
C01045,Male,0,Yes,No,33,Yes,DSL,Yes,No internet service,Month-to-month,Yes,Credit card (automatic),87.58,3082.39,No
C01046,Male,0,Yes,No,68,No,Fiber optic,No,Yes,Month-to-month,Yes,Electronic check,76.92,4873.66,No
C01047,Male,0,No,Yes,12,Yes,Fiber optic,No internet service,Yes,One year,No,Bank transfer (automatic),52.72,693.53,No
C01048,Female,0,Yes,No,21,Yes,Fiber optic,Yes,No,Two year,No,Electronic check,45.64,961.56,Yes
C01049,Male,0,No,No,13,Yes,Fiber optic,No internet service,Yes,Month-to-month,Yes,Electronic check,83.27,1173.53,No
C01050,Male,0,Yes,No,9,Yes,No,No internet service,No internet service,One year,Yes,Credit card (automatic),31.36,283.9,Yes
C01051,Male,0,Yes,Yes,16,Yes,Fiber optic,Yes,No internet service,Month-to-month,Yes,Mailed check,104.01,1559.96,Yes
C01052,Female,0,No,No,41,Yes,Fiber optic,No internet service,No,Month-to-month,Yes,Credit card (automatic),75.64,3008.83,No
C01053,Male,0,No,Yes,56,Yes,DSL,Yes,No,Month-to-month,Yes,Electronic check,29.15,1541.37,Yes
C01054,Female,1,Yes,No,50,No,DSL,No,Yes,Month-to-month,No,Bank transfer (automatic),88.35,4209.19,Yes
C01055,Male,0,No,No,56,No,Fiber optic,No internet service,Yes,One year,Yes,Electronic check,61.11,3689.33,No
C01056,Male,0,No,No,52,Yes,Fiber optic,No internet service,No,Two year,Yes,Credit card (automatic),38.41,1948.34,No
C01057,Female,0,Yes,No,27,Yes,DSL,No,No internet service,Month-to-month,Yes,Credit card (automatic),114.11,2885.43,No
C01058,Female,0,Yes,No,65,Yes,Fiber optic,Yes,No,Month-to-month,No,Bank transfer (automatic),89.96,5688.98,Yes
C01059,Female,0,Yes,No,12,Yes,DSL,Yes,No internet service,One year,No,Bank transfer (automatic),77.3,949.35,Yes
C01060,Male,0,No,Yes,51,Yes,Fiber optic,Yes,No,Two year,No,Bank transfer (automatic),102.89,4933.48,No
C01061,Male,0,No,No,8,Yes,Fiber optic,Yes,No internet service,One year,Yes,Bank transfer (automatic),72.39,527.11,Yes
C01062,Male,0,No,No,55,Yes,Fiber optic,Yes,Yes,Month-to-month,No,Credit card (automatic),62.15,3672.65,Yes
C01063,Male,0,Yes,No,6,Yes,No,No,No internet service,One year,Yes,Credit card (automatic),36.94,210.08,Yes
C01064,Female,0,No,No,15,Yes,Fiber optic,No internet service,No,Month-to-month,Yes,Credit card (automatic),33.34,543.75,Yes
C01065,Female,0,Yes,Yes,28,Yes,Fiber optic,No internet service,No internet service,Two year,No,Electronic check,61.2,1558.4,No
C01066,Male,0,Yes,Yes,50,Yes,DSL,Yes,Yes,Month-to-month,No,Mailed check,63.6,3275.93,Yes
C01067,Male,0,No,No,3,Yes,DSL,No internet service,Yes,One year,No,Electronic check,91.33,283.04,Yes
C01068,Female,0,No,Yes,18,Yes,No,No internet service,Yes,Month-to-month,Yes,Credit card (automatic),62.21,1042.75,Yes
C01069,Female,0,Yes,Yes,24,Yes,No,No,No,Month-to-month,Yes,Mailed check,77.32,1917.0,Yes
C01070,Male,0,Yes,No,53,Yes,No,Yes,No internet service,Two year,No,Electronic check,101.25,5245.66,No
C01071,Male,0,No,No,70,Yes,No,No,No internet service,One year,No,Credit card (automatic),117.33,8018.89,No
C01072,Female,0,No,No,44,Yes,DSL,No,Yes,Month-to-month,Yes,Electronic check,50.25,2377.92,Yes
C01073,Female,0,No,Yes,37,Yes,Fiber optic,Yes,No,Two year,Yes,Credit card (automatic),108.2,4365.64,No
C01074,Female,0,No,No,24,Yes,DSL,No internet service,No internet service,Two year,Yes,Mailed check,98.61,2210.5,No
C01075,Male,0,Yes,Yes,60,No,Fiber optic,No,No internet service,Month-to-month,Yes,Bank transfer (automatic),24.8,1542.79,Yes
C01076,Female,0,No,Yes,7,Yes,Fiber optic,Yes,No,Month-to-month,No,Mailed check,51.42,335.08,No
C01077,Male,0,Yes,Yes,9,Yes,Fiber optic,Yes,No,Month-to-month,Yes,Mailed check,39.9,325.7,No
C01078,Female,1,No,No,14,Yes,DSL,Yes,Yes,One year,No,Electronic check,84.44,1099.3,No
C01079,Female,0,Yes,No,19,Yes,No,No,Yes,Month-to-month,No,Mailed check,73.53,1434.69,No
C01080,Female,0,Yes,Yes,33,Yes,Fiber optic,Yes,No,Month-to-month,No,Credit card (automatic),67.49,2328.03,No
C01081,Female,0,Yes,No,69,Yes,No,No,No,Two year,No,Mailed check,94.36,6520.0,No
C01082,Male,0,No,Yes,47,Yes,Fiber optic,No,Yes,Two year,Yes,Bank transfer (automatic),51.33,2630.44,No
C01083,Male,1,No,No,27,No,Fiber optic,No,Yes,Two year,Yes,Credit card (automatic),56.28,1599.85,Yes
C01084,Male,0,No,Yes,15,Yes,No,No,No internet service,Two year,No,Mailed check,104.56,1462.26,No
C01085,Female,0,Yes,Yes,47,Yes,No,No internet service,No internet service,One year,No,Credit card (automatic),115.22,5099.02,No
C01086,Female,0,No,No,18,Yes,DSL,Yes,Yes,One year,Yes,Credit card (automatic),95.64,1754.6,Yes
C01087,Male,0,No,Yes,71,Yes,Fiber optic,No,No,One year,Yes,Bank transfer (automatic),39.71,2725.41,No
C01088,Female,0,No,Yes,34,Yes,DSL,Yes,No internet service,Month-to-month,No,Bank transfer (automatic),29.27,895.84,No
C01089,Female,0,No,No,40,Yes,No,No internet service,No,Month-to-month,Yes,Credit card (automatic),38.92,1408.68,Yes
C01090,Female,0,No,No,65,Yes,Fiber optic,No internet service,No internet service,Month-to-month,No,Credit card (automatic),60.28,3846.18,No
C01091,Male,0,Yes,No,22,Yes,DSL,No internet service,No,One year,No,Mailed check,41.67,921.07,No
C01092,Male,0,Yes,No,34,Yes,DSL,No,Yes,Month-to-month,No,Mailed check,108.1,3788.1,Yes
C01093,Female,0,No,Yes,38,Yes,DSL,No internet service,No,Month-to-month,No,Credit card (automatic),85.07,3402.79,No
C01094,Male,0,Yes,No,19,Yes,Fiber optic,No internet service,No internet service,One year,Yes,Mailed check,59.67,1240.02,Yes
C01095,Female,0,No,No,3,Yes,No,No internet service,No internet service,Month-to-month,Yes,Bank transfer (automatic),45.38,145.37,Yes
C01096,Male,0,No,No,20,Yes,No,Yes,No,Month-to-month,No,Mailed check,56.07,1089.09,No
C01097,Female,0,No,No,8,Yes,Fiber optic,No,No,Two year,No,Mailed check,65.61,528.52,No
C01098,Male,0,No,No,49,No,No,Yes,No internet service,Two year,Yes,Credit card (automatic),89.38,4130.79,No
C01099,Female,0,Yes,No,0,Yes,No,No,Yes,Month-to-month,Yes,Bank transfer (automatic),26.93,29.45,No
C01100,Female,1,No,No,23,Yes,Fiber optic,No,No,Month-to-month,No,Mailed check,102.88,2383.01,No
C01101,Female,0,No,No,64,Yes,DSL,No,No internet service,Month-to-month,Yes,Bank transfer (automatic),30.76,1870.08,Yes
C01102,Female,0,Yes,No,41,Yes,Fiber optic,Yes,Yes,Two year,Yes,Electronic check,44.25,1895.54,No
C01103,Female,0,Yes,No,49,Yes,No,Yes,No,Two year,No,Mailed check,117.36,5736.71,No
C01104,Female,0,No,No,48,Yes,No,Yes,No internet service,Month-to-month,No,Bank transfer (automatic),37.02,1953.49,Yes
C01105,Female,0,No,No,21,Yes,Fiber optic,No internet service,No internet service,One year,No,Credit card (automatic),28.11,540.1,No
C01106,Male,0,No,No,46,Yes,DSL,No,No,Month-to-month,Yes,Electronic check,81.84,3640.76,No
C01107,Female,0,Yes,No,16,Yes,Fiber optic,Yes,Yes,Month-to-month,No,Mailed check,57.31,997.99,No
C01108,Female,1,Yes,Yes,46,Yes,Fiber optic,No,No internet service,Two year,Yes,Bank transfer (automatic),27.18,1240.58,No
C01109,Female,1,Yes,No,49,Yes,DSL,No internet service,No internet service,Month-to-month,Yes,Mailed check,18.37,866.25,Yes
C01110,Male,0,No,No,63,Yes,Fiber optic,Yes,No,Month-to-month,No,Bank transfer (automatic),25.92,1667.21,No
C01111,Male,0,No,No,67,Yes,Fiber optic,No,No internet service,Month-to-month,Yes,Bank transfer (automatic),70.27,4862.98,No
C01112,Male,0,No,No,1,Yes,No,No internet service,No,One year,Yes,Mailed check,41.09,37.74,No
C01113,Male,1,No,No,21,Yes,Fiber optic,No internet service,No internet service,Two year,No,Electronic check,95.76,1914.19,No
C01114,Female,0,No,Yes,39,Yes,Fiber optic,No internet service,No internet service,Two year,No,Credit card (automatic),103.75,3891.66,No
C01115,Female,0,Yes,No,23,Yes,DSL,No,No,Month-to-month,No,Bank transfer (automatic),32.48,709.06,No
C01116,Female,0,Yes,Yes,45,Yes,Fiber optic,No,No,Month-to-month,No,Mailed check,51.7,2272.0,Yes
C01117,Male,0,Yes,No,62,Yes,No,No internet service,No internet service,Two year,Yes,Mailed check,32.66,1957.98,No
C01118,Male,0,No,No,18,Yes,Fiber optic,No,No internet service,Month-to-month,No,Bank transfer (automatic),46.67,878.94,No
C01119,Female,0,Yes,No,65,Yes,No,No internet service,Yes,Two year,Yes,Credit card (automatic),41.92,2778.72,No
C01120,Male,0,Yes,No,64,Yes,DSL,No internet service,No internet service,One year,Yes,Bank transfer (automatic),96.69,6100.53,Yes
C01121,Male,0,Yes,No,66,No,Fiber optic,Yes,No,Month-to-month,No,Bank transfer (automatic),52.55,3260.2,No
C01122,Male,0,No,No,5,Yes,No,Yes,No internet service,Two year,Yes,Bank transfer (automatic),67.56,332.44,Yes
C01123,Female,0,Yes,Yes,21,Yes,No,No,Yes,Month-to-month,Yes,Electronic check,85.39,1678.6,Yes
C01124,Female,0,No,No,9,Yes,Fiber optic,No,No internet service,Month-to-month,Yes,Electronic check,100.23,983.64,Yes
C01125,Male,0,Yes,No,8,Yes,Fiber optic,No internet service,Yes,One year,Yes,Bank transfer (automatic),48.12,359.84,Yes
C01126,Male,0,No,Yes,3,Yes,No,Yes,Yes,Month-to-month,No,Mailed check,38.92,125.14,Yes
C01127,Female,0,No,No,32,Yes,Fiber optic,No internet service,No internet service,One year,No,Credit card (automatic),115.85,3792.9,No
C01128,Female,0,No,No,6,Yes,DSL,No internet service,Yes,One year,Yes,Credit card (automatic),50.01,318.71,Yes
C01129,Female,0,Yes,No,21,Yes,Fiber optic,No internet service,Yes,Two year,No,Credit card (automatic),85.11,1926.21,No
C01130,Male,0,No,No,71,Yes,Fiber optic,No,No internet service,Two year,Yes,Credit card (automatic),85.78,6460.66,No
C01131,Female,0,No,Yes,64,Yes,Fiber optic,No internet service,No,Month-to-month,No,Bank transfer (automatic),69.4,4520.92,No
C01132,Female,0,Yes,No,68,Yes,DSL,No,No internet service,Month-to-month,Yes,Electronic check,40.84,2647.7,No
C01133,Male,0,No,No,2,Yes,Fiber optic,No,No,One year,No,Bank transfer (automatic),32.15,66.36,No
C01134,Female,1,No,No,48,Yes,Fiber optic,No internet service,No,Two year,No,Mailed check,66.7,2884.54,No
C01135,Male,0,No,No,46,Yes,Fiber optic,Yes,No internet service,Month-to-month,Yes,Credit card (automatic),69.09,3100.25,No
C01136,Female,0,No,No,9,No,DSL,No internet service,No internet service,Month-to-month,No,Mailed check,95.34,919.49,Yes
C01137,Female,0,Yes,Yes,66,Yes,Fiber optic,Yes,No,Month-to-month,No,Credit card (automatic),88.98,5967.27,No
C01138,Male,0,Yes,Yes,29,Yes,No,Yes,Yes,Month-to-month,No,Credit card (automatic),109.2,3015.19,Yes
C01139,Male,1,No,No,71,Yes,DSL,Yes,Yes,One year,No,Mailed check,115.09,8812.32,No
C01140,Male,0,Yes,Yes,8,Yes,Fiber optic,No,Yes,Month-to-month,No,Credit card (automatic),90.79,655.91,Yes
C01141,Male,0,Yes,Yes,47,No,Fiber optic,Yes,No,One year,Yes,Mailed check,25.65,1297.88,No
C01142,Male,0,No,No,9,Yes,Fiber optic,No internet service,Yes,Two year,Yes,Mailed check,58.51,553.92,Yes
C01143,Female,0,Yes,No,69,Yes,Fiber optic,Yes,No internet service,Two year,No,Credit card (automatic),78.88,5057.78,No
C01144,Male,0,Yes,Yes,44,Yes,DSL,No,Yes,Month-to-month,Yes,Bank transfer (automatic),77.02,3092.63,No
C01145,Male,0,No,No,5,Yes,Fiber optic,No,No,Month-to-month,No,Electronic check,36.14,197.01,No
C01146,Male,0,Yes,No,15,Yes,No,Yes,Yes,One year,No,Electronic check,76.29,1045.26,No
C01147,Female,1,Yes,No,26,Yes,DSL,No internet service,No internet service,Two year,Yes,Bank transfer (automatic),52.97,1507.71,Yes
C01148,Male,0,Yes,Yes,0,Yes,No,No internet service,Yes,Month-to-month,Yes,Bank transfer (automatic),51.89,51.07,Yes
C01149,Male,0,No,No,0,Yes,Fiber optic,No internet service,No internet service,Two year,No,Bank transfer (automatic),101.4,98.43,Yes
C01150,Female,0,No,No,67,Yes,DSL,No internet service,No internet service,Month-to-month,Yes,Electronic check,60.19,4153.75,No
C01151,Male,0,Yes,Yes,71,Yes,DSL,Yes,No,Two year,Yes,Electronic check,70.74,5018.57,No
C01152,Female,0,Yes,Yes,39,Yes,DSL,Yes,No,Month-to-month,No,Electronic check,74.29,2833.6,Yes
C01153,Male,0,No,No,65,Yes,Fiber optic,No internet service,No internet service,Month-to-month,Yes,Credit card (automatic),74.3,4964.88,Yes
C01154,Female,1,No,Yes,47,Yes,DSL,Yes,No,Month-to-month,Yes,Mailed check,39.31,1792.17,No
C01155,Male,0,Yes,Yes,2,No,Fiber optic,No,Yes,Month-to-month,Yes,Mailed check,77.95,141.38,No
C01156,Male,0,Yes,No,52,Yes,No,Yes,No,Month-to-month,No,Credit card (automatic),51.46,2849.66,Yes
C01157,Female,0,Yes,No,1,Yes,No,No internet service,No,Month-to-month,No,Credit card (automatic),83.5,83.74,Yes
C01158,Female,0,Yes,No,59,Yes,No,No internet service,No,Month-to-month,No,Electronic check,32.57,1993.38,Yes
C01159,Female,0,No,No,26,Yes,Fiber optic,Yes,No,One year,No,Credit card (automatic),117.41,3098.56,No
C01160,Female,0,Yes,No,10,Yes,DSL,No internet service,Yes,Month-to-month,Yes,Mailed check,95.2,973.74,Yes
C01161,Male,0,No,No,18,Yes,Fiber optic,No,Yes,One year,No,Credit card (automatic),59.73,1014.7,No
C01162,Female,0,Yes,No,49,Yes,DSL,No,No,Two year,Yes,Bank transfer (automatic),48.14,2563.92,No
C01163,Male,0,No,No,61,Yes,No,No internet service,No internet service,Month-to-month,Yes,Electronic check,56.78,3427.37,No
C01164,Male,0,Yes,No,41,Yes,No,No internet service,Yes,Month-to-month,Yes,Mailed check,90.12,4005.36,No
C01165,Male,0,No,No,11,Yes,DSL,No,Yes,Two year,Yes,Mailed check,83.54,975.35,No
C01166,Female,0,Yes,No,65,Yes,Fiber optic,Yes,No internet service,Two year,Yes,Electronic check,88.21,5986.02,No
C01167,Female,1,Yes,No,57,Yes,DSL,No,No,Month-to-month,No,Mailed check,106.9,6044.7,No
C01168,Male,0,No,No,29,Yes,Fiber optic,No,Yes,Two year,No,Bank transfer (automatic),63.63,1669.1,No
C01169,Female,0,Yes,No,40,Yes,DSL,No internet service,No,Month-to-month,Yes,Bank transfer (automatic),84.95,3272.42,No
C01170,Male,1,Yes,No,70,Yes,No,Yes,Yes,Month-to-month,No,Electronic check,62.15,4493.94,Yes
C01171,Female,0,Yes,Yes,27,Yes,Fiber optic,No internet service,No internet service,One year,No,Bank transfer (automatic),81.81,2134.06,No
C01172,Male,0,Yes,Yes,1,Yes,Fiber optic,No internet service,Yes,Month-to-month,Yes,Mailed check,65.48,60.23,Yes
C01173,Female,0,Yes,Yes,10,Yes,DSL,Yes,No,One year,Yes,Bank transfer (automatic),95.67,960.1,No
C01174,Male,1,Yes,Yes,43,Yes,Fiber optic,Yes,Yes,Month-to-month,Yes,Credit card (automatic),18.53,741.73,Yes
C01175,Male,0,Yes,No,72,Yes,Fiber optic,No internet service,No internet service,One year,No,Mailed check,39.57,2738.62,No
C01176,Female,0,No,No,54,Yes,DSL,No internet service,Yes,Month-to-month,Yes,Bank transfer (automatic),47.64,2573.54,No
C01177,Female,0,Yes,No,45,Yes,DSL,No,No internet service,Month-to-month,Yes,Credit card (automatic),112.54,4675.65,No
C01178,Female,0,Yes,No,23,Yes,Fiber optic,No internet service,No internet service,Month-to-month,Yes,Bank transfer (automatic),68.7,1457.65,No
C01179,Female,0,No,No,32,Yes,Fiber optic,No internet service,No,Month-to-month,No,Mailed check,54.44,1641.07,Yes
C01180,Female,1,No,No,2,Yes,Fiber optic,No internet service,Yes,One year,Yes,Electronic check,58.43,119.01,Yes
C01181,Male,0,Yes,No,27,No,No,Yes,No,Month-to-month,No,Mailed check,63.18,1853.65,Yes
C01182,Female,0,No,No,45,Yes,No,No,No,Month-to-month,Yes,Bank transfer (automatic),104.78,4469.01,No
C01183,Male,0,No,No,66,No,No,Yes,Yes,Month-to-month,No,Mailed check,114.23,7870.64,No
C01184,Female,1,Yes,Yes,67,Yes,DSL,No,No,Month-to-month,No,Electronic check,102.42,6435.83,Yes
C01185,Female,0,No,No,59,Yes,DSL,Yes,No,Two year,Yes,Electronic check,102.17,6191.41,No
C01186,Female,0,Yes,No,1,Yes,Fiber optic,Yes,No internet service,Month-to-month,Yes,Credit card (automatic),37.9,35.15,No
C01187,Male,0,No,Yes,59,Yes,No,No,Yes,Two year,No,Electronic check,44.87,2830.2,No
C01188,Female,0,No,Yes,15,Yes,No,Yes,No,Month-to-month,Yes,Bank transfer (automatic),77.6,1220.46,Yes
C01189,Male,0,Yes,No,44,Yes,Fiber optic,Yes,No internet service,One year,No,Credit card (automatic),83.61,3811.81,No
C01190,Male,0,No,No,69,Yes,No,No,Yes,Month-to-month,Yes,Bank transfer (automatic),38.27,2384.31,No
C01191,Male,0,No,No,64,Yes,DSL,No internet service,No,Month-to-month,Yes,Electronic check,92.63,6327.19,No
C01192,Male,0,No,No,48,Yes,Fiber optic,Yes,Yes,Two year,Yes,Electronic check,38.0,1696.63,No
C01193,Female,0,Yes,Yes,21,Yes,DSL,No,No internet service,Two year,Yes,Electronic check,44.3,936.53,No
C01194,Male,0,Yes,No,38,Yes,DSL,No,No,Two year,Yes,Mailed check,48.68,1952.2,Yes
C01195,Female,0,Yes,No,51,Yes,Fiber optic,No,No,Month-to-month,No,Credit card (automatic),102.6,5370.4,Yes
C01196,Female,0,Yes,No,37,Yes,DSL,Yes,No internet service,Month-to-month,No,Electronic check,91.21,3590.1,No
C01197,Female,0,No,No,29,Yes,Fiber optic,No internet service,No internet service,One year,Yes,Mailed check,71.07,2147.12,No
C01198,Female,0,Yes,Yes,29,Yes,Fiber optic,No,No,Month-to-month,No,Mailed check,99.97,3047.61,No
C01199,Male,0,No,No,43,Yes,No,No,Yes,One year,No,Bank transfer (automatic),99.29,4097.64,No
C01200,Male,0,Yes,No,2,Yes,No,Yes,No,One year,Yes,Electronic check,56.98,111.2,No
C01201,Male,0,Yes,Yes,72,Yes,Fiber optic,No internet service,No internet service,One year,No,Bank transfer (automatic),96.14,6924.09,Yes
C01202,Female,1,No,Yes,7,Yes,Fiber optic,Yes,No internet service,Two year,Yes,Electronic check,38.62,275.0,No
C01203,Male,0,No,No,71,No,No,Yes,No,One year,No,Mailed check,68.32,5036.67,No
C01204,Female,0,Yes,No,2,Yes,DSL,Yes,No,Month-to-month,No,Electronic check,29.82,60.3,Yes
C01205,Female,0,No,Yes,37,Yes,Fiber optic,No internet service,No,Month-to-month,No,Mailed check,60.68,2339.66,No
C01206,Male,0,Yes,No,30,Yes,No,Yes,Yes,One year,Yes,Bank transfer (automatic),70.04,1954.43,Yes
C01207,Male,0,No,No,41,Yes,Fiber optic,No internet service,Yes,Month-to-month,Yes,Credit card (automatic),25.99,1043.14,Yes
C01208,Female,1,Yes,No,31,Yes,DSL,No,No internet service,Month-to-month,Yes,Electronic check,64.26,2156.73,Yes
C01209,Male,0,Yes,No,65,Yes,DSL,Yes,No internet service,Month-to-month,No,Mailed check,83.17,5100.02,No
C01210,Female,0,No,No,1,Yes,DSL,Yes,No,One year,Yes,Credit card (automatic),79.41,73.75,No
C01211,Male,0,Yes,Yes,71,Yes,Fiber optic,Yes,No,Two year,No,Credit card (automatic),23.44,1745.72,Yes
C01212,Male,0,Yes,No,50,Yes,No,No internet service,No internet service,One year,No,Bank transfer (automatic),27.53,1292.38,No
C01213,Female,0,Yes,Yes,56,Yes,DSL,No,No,Month-to-month,Yes,Bank transfer (automatic),53.14,2950.61,No
C01214,Male,0,Yes,Yes,10,Yes,Fiber optic,No internet service,No internet service,Month-to-month,Yes,Mailed check,102.27,1066.03,No
C01215,Female,1,Yes,Yes,4,Yes,Fiber optic,No,No internet service,Month-to-month,No,Credit card (automatic),104.98,418.65,Yes
C01216,Female,0,Yes,Yes,28,Yes,No,Yes,No internet service,Month-to-month,No,Mailed check,48.96,1480.96,Yes
C01217,Female,0,Yes,No,23,Yes,DSL,No internet service,No,One year,Yes,Mailed check,89.89,2223.83,No
C01218,Male,0,Yes,No,57,Yes,Fiber optic,No,No internet service,One year,No,Mailed check,75.74,4319.73,Yes
C01219,Male,0,No,Yes,65,Yes,DSL,No internet service,No,Month-to-month,No,Credit card (automatic),116.34,8259.1,No
C01220,Male,1,Yes,Yes,31,Yes,Fiber optic,Yes,No internet service,Month-to-month,Yes,Electronic check,27.46,815.81,Yes
C01221,Male,0,Yes,No,56,Yes,Fiber optic,No,Yes,Month-to-month,Yes,Electronic check,72.79,3859.3,No
C01222,Female,0,No,No,4,Yes,DSL,Yes,Yes,Two year,No,Mailed check,77.25,319.52,No
C01223,Male,1,Yes,No,54,Yes,DSL,Yes,No internet service,One year,No,Mailed check,48.77,2671.92,No
C01224,Male,0,No,No,7,Yes,Fiber optic,No internet service,No,Month-to-month,No,Electronic check,22.7,150.99,No
C01225,Female,0,Yes,Yes,48,Yes,DSL,Yes,No internet service,Two year,No,Bank transfer (automatic),23.21,1085.37,Yes
C01226,Male,0,No,No,27,Yes,No,No,No,Month-to-month,Yes,Mailed check,63.36,1619.38,Yes
C01227,Female,0,No,No,30,No,No,No,No,Month-to-month,Yes,Bank transfer (automatic),87.25,2479.81,No
C01228,Female,0,Yes,Yes,20,Yes,No,No internet service,No,Two year,No,Mailed check,88.02,1713.77,No
C01229,Male,0,No,No,29,Yes,DSL,Yes,No,Month-to-month,No,Electronic check,36.1,1135.72,No
C01230,Female,1,Yes,No,63,Yes,Fiber optic,No internet service,Yes,Month-to-month,No,Electronic check,103.8,6977.41,Yes
C01231,Male,0,Yes,No,59,Yes,Fiber optic,No internet service,Yes,One year,No,Bank transfer (automatic),55.72,3295.64,No
C01232,Male,1,No,Yes,24,Yes,DSL,Yes,Yes,Month-to-month,Yes,Bank transfer (automatic),114.44,2734.35,Yes
C01233,Male,1,Yes,No,21,Yes,No,No,No,One year,No,Electronic check,29.82,567.54,Yes
C01234,Male,1,Yes,No,37,Yes,Fiber optic,No internet service,No,Month-to-month,No,Credit card (automatic),101.65,3732.69,Yes
C01235,Male,0,Yes,Yes,49,Yes,DSL,No internet service,No internet service,Month-to-month,Yes,Mailed check,108.83,5464.68,No
C01236,Male,0,No,Yes,13,Yes,DSL,No,No internet service,Month-to-month,No,Electronic check,100.27,1376.14,Yes
C01237,Female,0,No,No,53,Yes,Fiber optic,Yes,Yes,Month-to-month,Yes,Mailed check,98.88,5089.69,No
C01238,Male,0,No,Yes,69,Yes,No,No,Yes,Month-to-month,Yes,Mailed check,54.13,4048.25,No
C01239,Female,0,Yes,Yes,61,No,Fiber optic,Yes,Yes,Month-to-month,Yes,Electronic check,89.33,5819.88,Yes
C01240,Female,0,Yes,Yes,40,Yes,DSL,No,Yes,Two year,Yes,Credit card (automatic),75.93,2783.43,Yes
C01241,Male,0,Yes,Yes,23,Yes,Fiber optic,No internet service,No internet service,Month-to-month,No,Mailed check,60.45,1502.4,Yes
C01242,Male,0,Yes,Yes,23,Yes,Fiber optic,No,No,Month-to-month,Yes,Credit card (automatic),117.31,2548.56,Yes
C01243,Male,1,No,No,54,Yes,No,No internet service,Yes,Month-to-month,Yes,Mailed check,47.05,2755.8,Yes
C01244,Male,0,No,No,33,Yes,Fiber optic,No internet service,No internet service,Month-to-month,Yes,Mailed check,59.31,2008.38,Yes
C01245,Male,1,Yes,Yes,7,Yes,Fiber optic,No internet service,Yes,Month-to-month,No,Electronic check,108.29,744.68,No
C01246,Female,0,No,No,49,Yes,DSL,No internet service,Yes,One year,Yes,Electronic check,46.9,2268.89,No
C01247,Male,0,No,Yes,10,Yes,DSL,No,No,Month-to-month,No,Bank transfer (automatic),33.27,336.88,No
C01248,Female,0,Yes,Yes,72,Yes,Fiber optic,No,Yes,Two year,Yes,Electronic check,49.0,3770.64,No
C01249,Male,0,Yes,No,30,Yes,No,Yes,No internet service,Two year,Yes,Electronic check,93.93,3007.78,No
C01250,Female,0,Yes,No,24,Yes,No,No internet service,No,Month-to-month,No,Bank transfer (automatic),103.99,2453.28,Yes
C01251,Female,1,No,Yes,4,Yes,Fiber optic,No,No,Month-to-month,No,Bank transfer (automatic),29.44,125.98,Yes
C01252,Male,1,No,No,12,Yes,Fiber optic,No internet service,No internet service,Month-to-month,Yes,Credit card (automatic),80.17,956.64,Yes
C01253,Male,0,Yes,No,69,Yes,Fiber optic,No internet service,No internet service,One year,No,Bank transfer (automatic),74.73,5071.34,No
C01254,Male,0,No,No,39,Yes,No,No internet service,Yes,Month-to-month,No,Electronic check,84.88,3140.34,No
C01255,Female,0,Yes,No,65,No,Fiber optic,No internet service,No,Two year,Yes,Credit card (automatic),85.11,5894.98,No
C01256,Female,0,Yes,No,69,Yes,Fiber optic,No internet service,No internet service,One year,No,Bank transfer (automatic),113.95,8051.35,Yes
C01257,Female,0,Yes,No,3,Yes,Fiber optic,Yes,No,Two year,Yes,Credit card (automatic),52.65,155.77,No
C01258,Female,0,No,No,27,Yes,No,No,No internet service,Month-to-month,No,Bank transfer (automatic),47.98,1337.53,Yes
C01259,Female,0,Yes,No,61,No,Fiber optic,No internet service,No,Two year,Yes,Mailed check,76.12,4978.58,No
C01260,Female,0,No,No,36,Yes,DSL,No internet service,No,Month-to-month,No,Electronic check,60.94,2061.25,No
C01261,Female,0,No,No,37,Yes,No,No,No,Month-to-month,No,Bank transfer (automatic),65.38,2367.02,Yes
C01262,Male,0,Yes,No,41,Yes,DSL,Yes,No internet service,Month-to-month,Yes,Electronic check,24.93,997.66,Yes
C01263,Male,0,Yes,No,51,Yes,DSL,No,No,Two year,Yes,Credit card (automatic),32.82,1531.89,No
C01264,Female,0,Yes,No,68,Yes,Fiber optic,Yes,No,One year,Yes,Electronic check,111.54,7333.01,No
C01265,Female,0,No,No,64,Yes,Fiber optic,No internet service,No,Two year,No,Mailed check,24.83,1672.32,No
C01266,Female,0,Yes,No,45,Yes,No,No,No,Month-to-month,No,Mailed check,77.01,3294.49,No
C01267,Female,1,No,No,42,Yes,Fiber optic,No internet service,Yes,Two year,Yes,Credit card (automatic),93.46,4169.41,Yes
C01268,Male,0,No,Yes,26,Yes,No,No internet service,No internet service,Month-to-month,No,Mailed check,19.19,544.37,No
C01269,Female,1,Yes,Yes,8,Yes,DSL,No internet service,No,Month-to-month,No,Mailed check,40.27,304.37,Yes
C01270,Male,0,No,Yes,51,Yes,Fiber optic,Yes,Yes,Two year,No,Mailed check,55.71,2789.88,No
C01271,Female,0,Yes,Yes,0,Yes,Fiber optic,No,No,Month-to-month,Yes,Electronic check,68.68,63.62,No
C01272,Male,0,No,No,50,Yes,DSL,Yes,No internet service,Month-to-month,Yes,Credit card (automatic),52.16,2708.22,Yes
C01273,Female,0,No,No,36,Yes,DSL,Yes,No internet service,One year,No,Mailed check,82.9,2973.78,Yes
C01274,Female,0,No,Yes,57,Yes,DSL,No,No internet service,Month-to-month,Yes,Mailed check,40.64,2357.58,No
C01275,Female,0,Yes,No,69,Yes,DSL,Yes,No internet service,Month-to-month,Yes,Bank transfer (automatic),20.55,1496.98,No
C01276,Male,0,No,Yes,40,Yes,Fiber optic,No,No,Month-to-month,Yes,Mailed check,18.16,766.52,No
C01277,Female,0,No,No,41,Yes,DSL,No internet service,No,Month-to-month,Yes,Credit card (automatic),52.55,2161.43,Yes
C01278,Male,0,Yes,No,35,Yes,Fiber optic,No internet service,Yes,Two year,No,Bank transfer (automatic),54.17,2040.92,No
C01279,Female,0,No,No,27,Yes,Fiber optic,Yes,No internet service,One year,Yes,Electronic check,112.86,3310.46,No
C01280,Female,0,Yes,No,6,Yes,Fiber optic,No,Yes,Month-to-month,No,Credit card (automatic),22.48,138.41,No
C01281,Female,1,No,No,2,No,Fiber optic,Yes,No internet service,Month-to-month,No,Electronic check,71.01,128.91,Yes
C01282,Female,0,No,No,52,Yes,Fiber optic,No,Yes,Month-to-month,Yes,Bank transfer (automatic),75.78,4158.05,Yes
C01283,Male,0,No,No,66,Yes,No,Yes,No internet service,One year,No,Electronic check,87.93,6258.27,No
C01284,Male,0,Yes,No,3,Yes,DSL,No internet service,Yes,Two year,No,Credit card (automatic),81.87,248.39,No
C01285,Male,0,No,No,23,Yes,Fiber optic,No,No internet service,Two year,No,Credit card (automatic),18.81,449.97,No
C01286,Female,0,No,No,44,Yes,Fiber optic,No internet service,No internet service,Month-to-month,Yes,Electronic check,81.19,3469.51,No
C01287,Female,0,Yes,No,51,Yes,No,No,No internet service,Month-to-month,No,Electronic check,50.24,2563.32,Yes
C01288,Male,1,Yes,No,53,Yes,Fiber optic,No internet service,Yes,Month-to-month,No,Electronic check,95.29,5351.48,No
C01289,Male,1,Yes,No,50,Yes,DSL,No,No internet service,One year,No,Electronic check,36.84,1980.5,No
C01290,Female,0,No,No,6,Yes,No,No internet service,No internet service,Month-to-month,Yes,Credit card (automatic),89.62,496.34,No
C01291,Male,1,Yes,Yes,18,Yes,DSL,No,No,One year,Yes,Bank transfer (automatic),80.55,1309.89,No
C01292,Female,0,No,No,34,Yes,No,No,No internet service,One year,Yes,Credit card (automatic),83.23,2758.28,No
C01293,Female,1,No,No,4,Yes,Fiber optic,No,No,Month-to-month,Yes,Electronic check,35.59,139.25,Yes
C01294,Female,0,Yes,No,25,Yes,DSL,No internet service,No internet service,Month-to-month,Yes,Mailed check,84.92,2239.06,No
C01295,Female,1,Yes,No,28,Yes,Fiber optic,No internet service,No internet service,Month-to-month,No,Credit card (automatic),91.7,2315.25,No
C01296,Female,0,No,No,71,Yes,Fiber optic,No,No,Month-to-month,No,Credit card (automatic),66.94,5003.69,No
C01297,Male,0,No,No,23,Yes,DSL,Yes,Yes,Month-to-month,Yes,Bank transfer (automatic),52.04,1205.62,No
C01298,Female,1,No,No,70,Yes,No,No,Yes,One year,Yes,Mailed check,34.66,2522.19,No
C01299,Male,0,No,No,51,Yes,DSL,No,No internet service,Month-to-month,Yes,Electronic check,47.0,2401.44,Yes
C01300,Female,0,Yes,No,50,Yes,DSL,No,No internet service,Month-to-month,No,Electronic check,94.38,4993.39,No
C01301,Male,0,No,No,59,Yes,DSL,No,No internet service,One year,No,Credit card (automatic),58.94,3433.69,No
C01302,Female,0,Yes,No,61,No,No,No internet service,No,One year,Yes,Bank transfer (automatic),88.27,5218.46,No
C01303,Male,0,Yes,No,16,No,DSL,Yes,No internet service,Month-to-month,No,Bank transfer (automatic),92.01,1512.36,No
C01304,Female,0,No,No,30,Yes,No,Yes,Yes,Two year,Yes,Bank transfer (automatic),85.42,2534.13,No
C01305,Female,0,No,No,38,Yes,Fiber optic,Yes,No internet service,Two year,No,Bank transfer (automatic),85.35,3115.79,Yes
C01306,Female,0,No,Yes,71,Yes,Fiber optic,No internet service,No internet service,One year,Yes,Electronic check,79.08,6079.07,No
C01307,Male,0,Yes,No,2,Yes,Fiber optic,Yes,Yes,One year,Yes,Electronic check,69.84,145.92,No
C01308,Female,1,No,Yes,34,Yes,Fiber optic,No internet service,No,Month-to-month,Yes,Mailed check,37.78,1206.65,No
C01309,Female,0,Yes,Yes,15,Yes,DSL,No internet service,No internet service,Two year,Yes,Mailed check,102.28,1607.87,No
C01310,Female,0,Yes,Yes,15,Yes,Fiber optic,Yes,No,Month-to-month,No,Bank transfer (automatic),114.43,1631.45,Yes
C01311,Male,0,Yes,Yes,55,Yes,Fiber optic,No internet service,No,Two year,Yes,Mailed check,64.65,3506.88,Yes
C01312,Male,1,Yes,No,14,Yes,DSL,No,Yes,One year,Yes,Mailed check,111.32,1470.4,No
C01313,Male,0,No,No,57,Yes,DSL,No,No internet service,Month-to-month,No,Electronic check,117.8,6195.29,No
C01314,Female,0,Yes,No,72,Yes,DSL,No,Yes,Month-to-month,Yes,Electronic check,66.62,4699.81,No
C01315,Male,1,No,No,56,Yes,DSL,Yes,No,One year,No,Credit card (automatic),90.44,5120.43,Yes
C01316,Male,0,No,No,12,Yes,Fiber optic,No,No,One year,No,Credit card (automatic),82.38,949.44,No
C01317,Male,0,Yes,No,10,Yes,No,Yes,No internet service,Month-to-month,No,Credit card (automatic),41.73,381.83,No
C01318,Male,0,No,No,31,Yes,No,Yes,Yes,One year,No,Credit card (automatic),22.71,668.76,Yes
C01319,Female,0,Yes,Yes,40,No,DSL,Yes,Yes,Two year,Yes,Bank transfer (automatic),63.34,2404.72,No
C01320,Female,0,No,No,56,Yes,Fiber optic,Yes,No,Month-to-month,Yes,Credit card (automatic),96.72,5514.63,No
C01321,Female,0,Yes,No,30,Yes,Fiber optic,No,No,Month-to-month,Yes,Mailed check,50.51,1449.28,Yes
C01322,Female,1,Yes,No,12,No,Fiber optic,No,Yes,Month-to-month,No,Bank transfer (automatic),96.44,1165.1,Yes
C01323,Female,0,No,No,72,Yes,DSL,No,No internet service,One year,Yes,Mailed check,83.48,5974.9,No
C01324,Male,0,No,No,66,Yes,Fiber optic,Yes,No,Month-to-month,Yes,Credit card (automatic),87.55,5508.29,Yes
C01325,Female,0,Yes,No,47,Yes,Fiber optic,No internet service,No,Two year,No,Bank transfer (automatic),46.57,2294.38,Yes
C01326,Female,0,Yes,Yes,50,Yes,Fiber optic,Yes,No,Month-to-month,Yes,Credit card (automatic),65.0,3358.93,Yes
C01327,Male,0,No,No,68,Yes,DSL,Yes,Yes,One year,No,Electronic check,36.17,2548.24,No
C01328,Male,0,Yes,No,34,Yes,Fiber optic,No internet service,Yes,Month-to-month,No,Bank transfer (automatic),42.66,1431.17,No
C01329,Male,0,Yes,No,10,Yes,DSL,No internet service,No internet service,Month-to-month,Yes,Bank transfer (automatic),26.99,260.0,No
C01330,Female,1,Yes,No,44,Yes,Fiber optic,No,No internet service,One year,No,Bank transfer (automatic),30.68,1374.42,No
C01331,Male,0,Yes,Yes,32,Yes,No,Yes,No internet service,Month-to-month,No,Mailed check,39.05,1364.34,No
C01332,Male,0,No,Yes,58,No,DSL,No internet service,No,Month-to-month,No,Bank transfer (automatic),76.02,4350.92,Yes
C01333,Female,0,Yes,No,56,Yes,Fiber optic,No internet service,No internet service,Two year,No,Electronic check,62.12,3593.71,No
C01334,Female,0,Yes,No,34,No,Fiber optic,No,Yes,Two year,No,Mailed check,44.69,1501.94,No
C01335,Male,0,No,No,26,Yes,Fiber optic,Yes,No,Two year,No,Credit card (automatic),104.11,2941.06,No
C01336,Female,0,Yes,No,30,No,Fiber optic,No,No,Month-to-month,No,Electronic check,70.51,2015.76,No
C01337,Male,0,Yes,No,46,Yes,Fiber optic,Yes,Yes,One year,Yes,Credit card (automatic),110.31,5032.04,No
C01338,Female,0,No,Yes,46,Yes,Fiber optic,No internet service,No,Two year,Yes,Credit card (automatic),81.5,3744.24,No
C01339,Male,0,Yes,Yes,37,No,Fiber optic,No internet service,No internet service,Month-to-month,Yes,Bank transfer (automatic),19.58,757.59,Yes
C01340,Male,0,No,No,38,Yes,DSL,No,No,Month-to-month,Yes,Mailed check,109.35,4339.22,No
C01341,Male,0,No,No,72,No,DSL,No,No internet service,Two year,No,Credit card (automatic),103.75,7827.73,No
C01342,Female,0,Yes,No,18,Yes,Fiber optic,No,No,Month-to-month,No,Electronic check,81.53,1535.91,No
C01343,Female,0,No,No,12,No,Fiber optic,Yes,No,One year,No,Credit card (automatic),71.48,852.57,Yes
C01344,Female,0,Yes,Yes,58,Yes,DSL,Yes,Yes,Two year,No,Credit card (automatic),63.29,3417.95,No
C01345,Male,0,No,Yes,68,Yes,Fiber optic,Yes,No internet service,One year,Yes,Mailed check,66.22,4836.57,No
C01346,Male,1,No,No,44,Yes,Fiber optic,Yes,Yes,Month-to-month,Yes,Credit card (automatic),94.92,4030.16,Yes
C01347,Female,1,Yes,Yes,29,Yes,Fiber optic,No internet service,Yes,Month-to-month,No,Mailed check,69.31,1853.34,No
C01348,Male,1,Yes,Yes,25,Yes,DSL,Yes,No internet service,Month-to-month,No,Bank transfer (automatic),35.6,823.92,No
C01349,Female,0,No,No,34,Yes,No,No internet service,No internet service,Month-to-month,Yes,Credit card (automatic),23.82,809.03,No
C01350,Female,0,Yes,No,3,Yes,No,Yes,Yes,Two year,Yes,Credit card (automatic),30.62,90.5,Yes
C01351,Female,0,Yes,No,38,No,No,No,No internet service,Two year,No,Mailed check,43.14,1692.93,No
C01352,Male,0,No,No,19,Yes,DSL,No internet service,No,Month-to-month,No,Credit card (automatic),54.77,1063.91,No
C01353,Male,0,Yes,No,19,Yes,Fiber optic,Yes,No,Month-to-month,Yes,Mailed check,107.24,1877.58,No
C01354,Male,0,No,No,40,Yes,No,No internet service,No internet service,Two year,Yes,Electronic check,41.91,1608.25,No
C01355,Female,0,Yes,No,70,No,No,Yes,No internet service,Month-to-month,No,Bank transfer (automatic),49.96,3774.36,Yes
C01356,Male,0,Yes,Yes,15,Yes,DSL,Yes,No internet service,Month-to-month,No,Bank transfer (automatic),40.3,636.74,Yes
C01357,Male,1,Yes,No,66,Yes,DSL,No internet service,No,Month-to-month,Yes,Mailed check,72.57,5144.57,Yes
C01358,Male,0,No,No,37,No,Fiber optic,Yes,Yes,One year,No,Electronic check,79.71,2667.31,No
C01359,Male,0,Yes,No,71,No,DSL,No,Yes,Month-to-month,Yes,Electronic check,71.21,5472.61,No
C01360,Female,0,No,No,27,Yes,DSL,No,Yes,One year,No,Credit card (automatic),113.19,3276.83,Yes
C01361,Female,0,No,No,72,Yes,Fiber optic,Yes,Yes,Month-to-month,Yes,Electronic check,117.54,8382.11,No
C01362,Female,1,Yes,Yes,48,No,DSL,Yes,Yes,One year,No,Mailed check,101.74,5053.06,No
C01363,Male,1,Yes,No,48,Yes,Fiber optic,No,Yes,Month-to-month,Yes,Mailed check,98.53,4513.77,Yes
C01364,Female,0,No,No,41,Yes,Fiber optic,No,Yes,Month-to-month,Yes,Mailed check,54.61,2310.03,Yes
C01365,Male,0,Yes,Yes,32,Yes,DSL,No internet service,Yes,Month-to-month,Yes,Electronic check,75.98,2576.64,No
C01366,Male,0,No,No,38,Yes,No,Yes,No,Month-to-month,Yes,Credit card (automatic),53.15,2013.06,No
C01367,Female,0,No,No,62,Yes,Fiber optic,No,No,Month-to-month,No,Mailed check,96.44,5415.16,No
C01368,Male,0,Yes,No,57,Yes,No,No,No,Month-to-month,No,Electronic check,35.18,1971.71,No
C01369,Male,0,Yes,No,1,Yes,DSL,Yes,No internet service,Month-to-month,Yes,Bank transfer (automatic),39.67,41.45,Yes
C01370,Male,0,Yes,No,50,Yes,Fiber optic,No internet service,No,Month-to-month,No,Credit card (automatic),21.87,1138.06,No
C01371,Male,0,No,No,60,Yes,Fiber optic,Yes,No,Two year,Yes,Electronic check,78.89,4720.43,Yes
C01372,Female,0,Yes,No,54,Yes,No,No,No internet service,Month-to-month,No,Electronic check,86.85,5145.49,Yes
C01373,Female,0,Yes,No,36,No,DSL,No,No internet service,Two year,No,Credit card (automatic),18.34,609.67,No
C01374,Female,0,No,Yes,24,No,Fiber optic,No internet service,Yes,Two year,Yes,Electronic check,69.08,1544.61,No
C01375,Male,0,No,No,49,Yes,DSL,Yes,No internet service,Month-to-month,Yes,Bank transfer (automatic),55.69,2596.91,Yes
C01376,Female,0,No,Yes,48,Yes,No,No,No,One year,Yes,Electronic check,97.24,4950.88,No
C01377,Male,0,No,Yes,27,Yes,DSL,Yes,No internet service,Two year,No,Electronic check,21.89,622.1,Yes
C01378,Male,0,No,No,29,Yes,Fiber optic,No,No,One year,No,Credit card (automatic),22.86,699.1,No
C01379,Female,0,Yes,No,26,Yes,Fiber optic,No internet service,No internet service,Month-to-month,No,Electronic check,80.02,2238.48,No
C01380,Male,0,Yes,Yes,3,No,DSL,No,No internet service,Month-to-month,Yes,Mailed check,77.16,228.84,No
C01381,Female,0,No,No,2,Yes,DSL,No internet service,No,Month-to-month,No,Bank transfer (automatic),101.11,194.88,Yes
C01382,Female,0,No,No,6,Yes,Fiber optic,No internet service,No,Month-to-month,Yes,Bank transfer (automatic),77.23,472.68,Yes
C01383,Female,0,Yes,No,30,No,Fiber optic,Yes,No,Two year,No,Bank transfer (automatic),112.94,3327.13,No
C01384,Male,0,No,No,37,Yes,Fiber optic,No internet service,Yes,Two year,No,Credit card (automatic),49.44,1838.0,No
C01385,Female,0,Yes,No,29,Yes,DSL,No internet service,No internet service,Month-to-month,No,Bank transfer (automatic),57.79,1555.32,Yes
C01386,Male,0,Yes,No,69,No,Fiber optic,Yes,No internet service,One year,No,Bank transfer (automatic),115.77,7822.59,No
C01387,Female,0,No,No,16,Yes,Fiber optic,No internet service,Yes,Month-to-month,Yes,Credit card (automatic),28.75,457.48,Yes
C01388,Male,0,No,No,28,Yes,Fiber optic,No,Yes,Two year,Yes,Credit card (automatic),97.59,2507.05,Yes
C01389,Male,0,Yes,No,18,No,Fiber optic,No internet service,No internet service,Month-to-month,Yes,Electronic check,19.16,378.99,No
C01390,Male,0,Yes,No,21,Yes,Fiber optic,No internet service,No,Two year,No,Electronic check,66.65,1270.26,No
C01391,Female,0,Yes,Yes,42,Yes,Fiber optic,Yes,No internet service,Two year,No,Electronic check,33.34,1517.77,No
C01392,Male,0,No,No,22,No,No,No,Yes,Month-to-month,No,Electronic check,77.89,1569.71,No
C01393,Male,0,No,Yes,23,Yes,DSL,No internet service,No,Month-to-month,No,Electronic check,97.82,2411.53,No
C01394,Male,1,No,Yes,48,No,Fiber optic,No,No,Two year,Yes,Credit card (automatic),21.3,1032.26,No
C01395,Male,0,Yes,No,60,Yes,Fiber optic,Yes,Yes,Month-to-month,Yes,Mailed check,34.38,1937.52,No
C01396,Female,0,No,No,15,Yes,Fiber optic,Yes,No internet service,Month-to-month,Yes,Credit card (automatic),52.26,741.78,Yes
C01397,Male,1,Yes,No,8,Yes,DSL,Yes,No internet service,Two year,Yes,Mailed check,43.58,338.29,No
C01398,Female,1,No,No,17,Yes,Fiber optic,Yes,No,One year,Yes,Bank transfer (automatic),56.32,1013.74,Yes
C01399,Female,0,No,No,42,No,Fiber optic,No,Yes,Month-to-month,No,Mailed check,113.19,4418.49,No
C01400,Male,0,Yes,No,70,Yes,DSL,No,No internet service,Month-to-month,No,Mailed check,28.12,1866.92,No
C01401,Female,0,No,Yes,11,Yes,Fiber optic,Yes,Yes,Month-to-month,No,Credit card (automatic),60.33,689.2,Yes
C01402,Male,0,No,Yes,3,No,No,No,No,Two year,Yes,Credit card (automatic),63.71,195.49,No
C01403,Male,1,No,No,38,Yes,Fiber optic,Yes,Yes,Month-to-month,No,Electronic check,46.03,1721.44,Yes
C01404,Female,0,Yes,No,72,Yes,DSL,No internet service,No internet service,Month-to-month,No,Electronic check,45.85,3011.05,No
C01405,Female,0,Yes,Yes,40,Yes,DSL,Yes,No,Month-to-month,No,Bank transfer (automatic),89.48,3621.08,No
C01406,Female,0,No,No,67,Yes,Fiber optic,No internet service,No,Two year,Yes,Mailed check,79.78,5055.78,Yes
C01407,Female,0,Yes,No,46,Yes,No,No internet service,No internet service,Month-to-month,Yes,Bank transfer (automatic),99.28,4669.27,Yes
C01408,Female,0,No,No,2,Yes,Fiber optic,Yes,Yes,Two year,Yes,Credit card (automatic),58.51,111.74,Yes
C01409,Male,0,Yes,No,31,Yes,Fiber optic,No,No internet service,One year,No,Bank transfer (automatic),78.67,2673.05,No
C01410,Male,0,Yes,Yes,56,Yes,DSL,No,No internet service,Two year,No,Mailed check,107.36,6121.09,No
C01411,Female,0,Yes,No,37,Yes,DSL,No,No internet service,Two year,Yes,Bank transfer (automatic),103.13,3870.23,No
C01412,Female,1,No,No,14,Yes,Fiber optic,No,No,Two year,No,Credit card (automatic),110.0,1643.72,No
C01413,Male,0,No,No,13,Yes,Fiber optic,Yes,Yes,Two year,Yes,Electronic check,44.9,641.27,No
C01414,Female,0,Yes,No,48,Yes,Fiber optic,No internet service,No internet service,Month-to-month,Yes,Bank transfer (automatic),116.54,5906.25,Yes
C01415,Female,0,Yes,No,33,Yes,DSL,Yes,No internet service,Two year,No,Mailed check,99.64,3349.87,Yes
C01416,Male,0,No,No,41,Yes,DSL,No internet service,No internet service,Month-to-month,No,Credit card (automatic),97.48,4287.26,No
C01417,Male,0,No,No,27,Yes,DSL,No,Yes,Month-to-month,No,Mailed check,84.76,2142.61,Yes
C01418,Male,0,Yes,Yes,24,No,No,No internet service,No internet service,Two year,Yes,Electronic check,116.33,2939.46,No
C01419,Male,0,No,No,48,Yes,DSL,No,Yes,Two year,Yes,Credit card (automatic),62.16,3091.03,No
C01420,Female,1,Yes,No,0,Yes,Fiber optic,No,No,One year,Yes,Bank transfer (automatic),92.15,93.32,No
C01421,Male,0,Yes,Yes,31,Yes,DSL,No internet service,No internet service,Month-to-month,No,Electronic check,87.88,2924.11,Yes
C01422,Female,1,Yes,No,27,Yes,DSL,No,No internet service,Month-to-month,No,Bank transfer (automatic),91.21,2565.93,No
C01423,Male,0,No,No,56,Yes,DSL,No,No internet service,Month-to-month,Yes,Mailed check,93.15,5442.51,No
C01424,Male,0,Yes,No,53,Yes,Fiber optic,No internet service,No internet service,Month-to-month,No,Mailed check,37.08,2126.29,No
C01425,Male,0,No,No,31,No,DSL,No internet service,No internet service,Month-to-month,Yes,Credit card (automatic),52.91,1705.63,Yes
C01426,Female,1,No,Yes,19,Yes,Fiber optic,Yes,No,Month-to-month,Yes,Mailed check,57.23,1034.18,No
C01427,Female,0,No,Yes,17,Yes,Fiber optic,Yes,No,Month-to-month,Yes,Credit card (automatic),92.8,1477.78,Yes
C01428,Male,0,Yes,Yes,15,Yes,No,No internet service,Yes,One year,Yes,Credit card (automatic),89.62,1347.85,Yes
C01429,Female,0,Yes,No,19,Yes,Fiber optic,No internet service,No internet service,Month-to-month,No,Bank transfer (automatic),101.34,1823.38,No
C01430,Female,1,Yes,No,55,No,Fiber optic,No,No,Two year,Yes,Electronic check,96.85,5539.43,Yes
C01431,Female,0,No,No,3,No,DSL,No,No internet service,One year,No,Bank transfer (automatic),77.6,248.76,Yes
C01432,Male,0,No,Yes,1,Yes,Fiber optic,No internet service,Yes,Month-to-month,Yes,Electronic check,31.99,30.66,Yes
C01433,Female,0,Yes,Yes,39,Yes,Fiber optic,Yes,Yes,Month-to-month,No,Bank transfer (automatic),81.55,3443.46,No
C01434,Male,0,Yes,No,16,Yes,Fiber optic,Yes,Yes,Month-to-month,Yes,Bank transfer (automatic),106.71,1791.67,No
C01435,Female,0,Yes,No,60,Yes,No,No,No,Two year,Yes,Credit card (automatic),82.32,5421.41,No
C01436,Male,0,Yes,No,54,Yes,DSL,Yes,Yes,Month-to-month,No,Credit card (automatic),107.56,5458.24,No
C01437,Male,1,No,Yes,56,Yes,Fiber optic,Yes,No,Month-to-month,Yes,Electronic check,117.91,6552.18,No
C01438,Male,0,No,No,33,Yes,DSL,Yes,Yes,Two year,No,Credit card (automatic),53.92,1829.29,No
C01439,Female,1,Yes,No,31,Yes,Fiber optic,No internet service,No internet service,Two year,No,Bank transfer (automatic),90.33,2947.48,Yes
C01440,Female,0,No,No,31,Yes,Fiber optic,Yes,No,Month-to-month,Yes,Credit card (automatic),72.0,2415.89,No
C01441,Male,0,Yes,No,14,Yes,No,No internet service,No internet service,Month-to-month,Yes,Credit card (automatic),63.5,958.57,No
C01442,Female,0,Yes,No,41,Yes,Fiber optic,Yes,No internet service,Month-to-month,No,Credit card (automatic),41.99,1630.73,Yes
C01443,Male,0,No,No,63,Yes,Fiber optic,No internet service,No internet service,Month-to-month,No,Bank transfer (automatic),42.59,2641.57,Yes
C01444,Male,0,Yes,Yes,18,Yes,DSL,Yes,Yes,Month-to-month,Yes,Electronic check,36.5,685.69,No
C01445,Male,0,No,No,4,Yes,DSL,No,No,One year,Yes,Electronic check,81.15,300.73,Yes
C01446,Male,0,No,Yes,41,Yes,Fiber optic,Yes,No,Two year,Yes,Bank transfer (automatic),32.21,1441.94,No
C01447,Male,0,No,Yes,29,Yes,DSL,Yes,Yes,Month-to-month,No,Credit card (automatic),61.14,1860.63,No
C01448,Male,0,No,No,58,Yes,Fiber optic,Yes,No internet service,One year,Yes,Bank transfer (automatic),70.33,4347.42,Yes
C01449,Male,0,Yes,No,62,Yes,Fiber optic,Yes,No internet service,Month-to-month,Yes,Bank transfer (automatic),61.82,4145.17,Yes
C01450,Male,1,No,No,69,Yes,Fiber optic,No,No,Two year,Yes,Mailed check,103.49,6680.87,No
C01451,Male,0,Yes,No,28,No,DSL,No,No internet service,One year,Yes,Mailed check,62.32,1717.78,No
C01452,Female,1,Yes,No,65,No,Fiber optic,No,Yes,Two year,Yes,Credit card (automatic),26.28,1760.02,No
C01453,Male,0,Yes,No,8,Yes,No,No internet service,No internet service,Two year,Yes,Bank transfer (automatic),117.22,998.24,Yes
C01454,Male,0,Yes,No,27,Yes,DSL,Yes,No,Month-to-month,No,Credit card (automatic),102.5,2899.24,Yes
C01455,Male,0,No,No,19,Yes,DSL,Yes,Yes,Month-to-month,No,Credit card (automatic),84.0,1475.19,No
C01456,Male,0,No,Yes,67,Yes,Fiber optic,No,No internet service,Month-to-month,Yes,Credit card (automatic),93.63,6455.98,No
C01457,Female,0,No,No,43,Yes,Fiber optic,No,No internet service,Month-to-month,Yes,Mailed check,30.82,1270.67,No
C01458,Female,0,Yes,No,26,Yes,Fiber optic,No,Yes,Two year,No,Electronic check,94.59,2413.35,Yes
C01459,Male,0,No,Yes,11,Yes,No,Yes,No,Month-to-month,No,Credit card (automatic),38.77,468.62,Yes
C01460,Female,0,Yes,No,57,Yes,Fiber optic,Yes,No,One year,Yes,Electronic check,66.9,3551.75,No
C01461,Male,0,No,Yes,47,Yes,No,No internet service,No internet service,Month-to-month,Yes,Bank transfer (automatic),35.8,1549.47,No
C01462,Male,0,Yes,No,62,Yes,No,Yes,No internet service,Month-to-month,No,Electronic check,93.38,5684.36,No
C01463,Female,0,No,No,31,Yes,DSL,Yes,No,Month-to-month,Yes,Credit card (automatic),42.59,1416.44,Yes
C01464,Female,0,No,Yes,10,Yes,DSL,No,No,One year,No,Mailed check,43.32,403.93,No
C01465,Female,1,No,No,24,No,No,No,Yes,One year,Yes,Credit card (automatic),28.92,635.77,No
C01466,Male,0,No,No,45,Yes,No,No internet service,No internet service,Month-to-month,No,Bank transfer (automatic),90.06,3986.92,No
C01467,Female,0,Yes,Yes,17,Yes,Fiber optic,No,No,Month-to-month,Yes,Electronic check,47.58,830.26,Yes
C01468,Female,0,No,No,5,Yes,DSL,Yes,No,One year,No,Bank transfer (automatic),69.83,325.04,Yes
C01469,Male,0,Yes,No,60,Yes,DSL,No,No,Month-to-month,No,Electronic check,51.22,3260.41,No
C01470,Male,0,Yes,Yes,38,Yes,No,No,Yes,Two year,No,Mailed check,95.47,3878.85,No
C01471,Male,0,No,No,28,Yes,DSL,Yes,Yes,Month-to-month,Yes,Bank transfer (automatic),40.65,1143.34,Yes
C01472,Male,0,Yes,Yes,40,Yes,No,Yes,No internet service,Month-to-month,No,Bank transfer (automatic),112.08,4062.2,Yes
C01473,Male,0,No,Yes,53,Yes,Fiber optic,No internet service,Yes,Month-to-month,Yes,Bank transfer (automatic),50.13,2665.45,No
C01474,Male,0,No,No,0,Yes,No,No internet service,No internet service,Month-to-month,No,Mailed check,28.39,26.77,Yes
C01475,Male,0,Yes,Yes,32,No,DSL,No internet service,No internet service,Month-to-month,No,Bank transfer (automatic),42.03,1330.46,No
C01476,Female,0,No,No,18,Yes,No,No,Yes,Month-to-month,No,Credit card (automatic),25.39,480.76,No
C01477,Female,1,No,Yes,6,Yes,Fiber optic,No internet service,No internet service,Two year,Yes,Bank transfer (automatic),64.87,354.53,No
C01478,Female,0,No,No,2,Yes,Fiber optic,No,Yes,Month-to-month,Yes,Electronic check,43.03,77.46,No
C01479,Female,0,No,Yes,32,Yes,DSL,Yes,No,Month-to-month,No,Credit card (automatic),106.6,3161.12,No
C01480,Female,0,No,No,39,Yes,DSL,No,No,Month-to-month,No,Mailed check,69.71,2471.49,No
C01481,Female,0,Yes,No,37,Yes,DSL,Yes,No,Month-to-month,No,Credit card (automatic),41.34,1456.29,No
C01482,Female,0,Yes,Yes,57,No,Fiber optic,No internet service,No internet service,One year,No,Credit card (automatic),63.13,3529.51,No
C01483,Female,0,No,Yes,33,Yes,DSL,No,Yes,Month-to-month,No,Electronic check,37.6,1310.21,No
C01484,Female,0,Yes,No,43,Yes,Fiber optic,No,No internet service,One year,No,Credit card (automatic),35.87,1397.52,Yes
C01485,Male,0,Yes,No,59,Yes,DSL,No internet service,No internet service,Month-to-month,Yes,Credit card (automatic),48.07,2751.61,No
C01486,Female,0,No,No,47,Yes,Fiber optic,No,No,Two year,No,Electronic check,28.83,1471.39,No
C01487,Female,0,Yes,No,66,Yes,DSL,No,No internet service,Month-to-month,No,Electronic check,36.86,2469.92,No
C01488,Male,0,Yes,No,16,Yes,No,No,No internet service,Two year,Yes,Electronic check,111.8,1905.7,No
C01489,Male,0,Yes,Yes,57,Yes,DSL,Yes,No internet service,Month-to-month,Yes,Mailed check,84.68,4810.85,Yes
C01490,Male,0,No,No,50,Yes,No,Yes,Yes,Month-to-month,Yes,Bank transfer (automatic),110.11,5062.02,No
C01491,Male,0,No,Yes,42,Yes,Fiber optic,Yes,No,Two year,No,Credit card (automatic),43.68,1719.69,No
C01492,Female,0,No,No,0,Yes,DSL,No internet service,No,One year,Yes,Bank transfer (automatic),103.7,109.05,No
C01493,Female,0,Yes,No,39,Yes,No,No,No,One year,No,Bank transfer (automatic),54.23,2268.99,No
C01494,Female,0,Yes,Yes,62,Yes,DSL,No,No internet service,Month-to-month,No,Credit card (automatic),32.42,1996.99,No
C01495,Male,1,Yes,Yes,47,Yes,Fiber optic,Yes,No internet service,One year,Yes,Electronic check,98.47,4621.11,Yes
C01496,Female,0,No,No,0,Yes,Fiber optic,No,Yes,Two year,Yes,Electronic check,23.97,23.73,No
C01497,Female,0,Yes,No,21,Yes,No,No,No internet service,One year,Yes,Electronic check,58.49,1109.97,Yes
C01498,Female,0,Yes,No,41,Yes,DSL,No internet service,Yes,Month-to-month,No,Credit card (automatic),99.93,3765.68,No
C01499,Male,0,Yes,No,59,Yes,DSL,No internet service,No internet service,One year,Yes,Mailed check,79.72,5166.2,No
C01500,Female,0,No,Yes,32,Yes,No,No,No,One year,No,Mailed check,69.81,2029.3,Yes
C01501,Male,1,No,No,62,Yes,DSL,Yes,No internet service,Two year,No,Mailed check,53.36,3208.39,No
C01502,Male,1,Yes,Yes,58,No,Fiber optic,Yes,No internet service,Month-to-month,No,Mailed check,25.51,1536.01,Yes
C01503,Female,0,No,No,19,Yes,No,No internet service,Yes,Month-to-month,No,Credit card (automatic),117.1,2191.45,No
C01504,Female,0,Yes,No,14,No,DSL,No internet service,No internet service,Two year,Yes,Bank transfer (automatic),35.48,544.67,No
C01505,Male,0,Yes,No,65,Yes,DSL,No,No internet service,Month-to-month,Yes,Bank transfer (automatic),43.53,2565.03,Yes
C01506,Female,1,No,No,43,Yes,DSL,No internet service,No,One year,No,Credit card (automatic),41.59,1922.34,No
C01507,Female,0,No,No,61,Yes,No,No internet service,No,Month-to-month,Yes,Bank transfer (automatic),108.79,6151.41,Yes
C01508,Female,0,No,No,67,Yes,No,No internet service,No,Month-to-month,No,Mailed check,94.37,5949.52,No
C01509,Male,0,No,No,30,Yes,No,Yes,No,One year,No,Mailed check,63.73,1922.72,No
C01510,Female,0,No,No,3,Yes,Fiber optic,No,No,Month-to-month,No,Electronic check,113.54,365.92,No
C01511,Female,0,Yes,No,66,Yes,Fiber optic,No,Yes,Month-to-month,No,Mailed check,23.28,1510.08,Yes
C01512,Male,0,No,No,42,Yes,No,No internet service,Yes,One year,No,Bank transfer (automatic),107.37,4323.36,No
C01513,Female,0,No,No,8,Yes,No,No internet service,Yes,One year,No,Mailed check,24.04,188.54,No
C01514,Female,0,No,Yes,38,Yes,DSL,No,No,Two year,Yes,Bank transfer (automatic),57.11,1994.11,No
C01515,Male,0,Yes,Yes,2,Yes,DSL,No,No,Month-to-month,Yes,Mailed check,23.4,49.97,No
C01516,Male,0,No,No,21,Yes,Fiber optic,No,No,Month-to-month,Yes,Credit card (automatic),117.9,2681.51,Yes
C01517,Male,0,No,Yes,25,Yes,Fiber optic,No,Yes,Two year,Yes,Credit card (automatic),109.44,2832.18,No
C01518,Female,0,No,No,33,Yes,Fiber optic,No,Yes,Month-to-month,No,Bank transfer (automatic),76.48,2495.91,No
C01519,Male,0,Yes,Yes,41,Yes,DSL,No internet service,Yes,Month-to-month,Yes,Mailed check,39.78,1668.22,Yes
C01520,Female,1,Yes,Yes,61,Yes,No,Yes,No internet service,Month-to-month,No,Bank transfer (automatic),45.68,2815.39,No
C01521,Male,0,Yes,No,25,Yes,Fiber optic,Yes,No,Month-to-month,Yes,Credit card (automatic),62.95,1432.6,Yes
C01522,Male,0,Yes,Yes,53,Yes,DSL,Yes,No,Two year,No,Credit card (automatic),50.28,2608.57,Yes
C01523,Male,0,Yes,Yes,68,Yes,Fiber optic,No,Yes,One year,No,Mailed check,20.13,1411.77,No
C01524,Male,0,Yes,No,54,Yes,No,No,No internet service,One year,Yes,Mailed check,83.63,4830.15,Yes
C01525,Male,0,Yes,No,18,Yes,Fiber optic,No internet service,Yes,Month-to-month,No,Bank transfer (automatic),79.34,1387.84,No
C01526,Male,0,No,No,49,Yes,No,Yes,No,Month-to-month,No,Electronic check,108.43,5652.33,No
C01527,Female,0,No,No,20,Yes,No,No internet service,No internet service,Month-to-month,Yes,Mailed check,65.69,1381.31,Yes
C01528,Female,0,Yes,Yes,34,No,DSL,No,Yes,Month-to-month,Yes,Bank transfer (automatic),52.47,1937.16,Yes
C01529,Male,0,Yes,No,46,Yes,DSL,Yes,No,Month-to-month,Yes,Bank transfer (automatic),69.15,3492.27,Yes
C01530,Male,0,Yes,No,21,Yes,DSL,No internet service,No,Month-to-month,Yes,Bank transfer (automatic),37.47,714.75,No
C01531,Male,0,No,No,0,Yes,Fiber optic,Yes,Yes,Month-to-month,Yes,Bank transfer (automatic),80.55,79.54,Yes
C01532,Female,0,Yes,No,61,Yes,Fiber optic,No internet service,No internet service,One year,Yes,Credit card (automatic),95.0,6112.06,No
C01533,Female,0,No,No,53,Yes,Fiber optic,Yes,No internet service,One year,No,Bank transfer (automatic),33.35,1881.79,No
C01534,Female,1,Yes,Yes,8,Yes,Fiber optic,Yes,No,Month-to-month,No,Electronic check,49.84,365.46,Yes
C01535,Male,0,No,No,27,No,DSL,Yes,No,Month-to-month,Yes,Credit card (automatic),104.78,2889.37,Yes
C01536,Male,0,No,No,19,Yes,DSL,No internet service,No,One year,No,Mailed check,68.55,1406.24,Yes
C01537,Female,0,Yes,No,71,Yes,Fiber optic,No internet service,No internet service,One year,Yes,Electronic check,71.18,4777.9,No
C01538,Female,0,Yes,No,68,Yes,DSL,No,No internet service,Two year,Yes,Electronic check,90.24,5948.99,No
C01539,Female,0,Yes,Yes,50,Yes,DSL,No,Yes,Month-to-month,No,Bank transfer (automatic),75.79,3709.81,No
C01540,Female,0,No,Yes,32,Yes,No,Yes,No internet service,Two year,Yes,Bank transfer (automatic),24.96,781.87,Yes
C01541,Male,0,No,No,3,No,Fiber optic,No,No,Month-to-month,Yes,Electronic check,98.4,298.84,Yes
C01542,Female,0,No,No,18,Yes,Fiber optic,No internet service,No internet service,Month-to-month,No,Electronic check,110.28,1810.68,No
C01543,Female,0,Yes,Yes,6,No,DSL,Yes,Yes,Month-to-month,Yes,Mailed check,23.33,147.8,No
C01544,Male,0,No,No,57,Yes,No,Yes,No internet service,Month-to-month,No,Bank transfer (automatic),30.12,1587.35,No
C01545,Female,1,No,No,6,Yes,No,No internet service,No,Month-to-month,Yes,Electronic check,88.2,562.36,Yes
C01546,Female,0,Yes,Yes,49,Yes,Fiber optic,No internet service,Yes,Month-to-month,Yes,Bank transfer (automatic),78.45,3472.79,Yes
C01547,Female,0,No,Yes,69,Yes,DSL,No,No,One year,No,Electronic check,56.25,4104.05,No
C01548,Female,0,No,No,22,Yes,No,No internet service,Yes,Month-to-month,Yes,Mailed check,71.92,1536.44,No
C01549,Female,0,No,No,49,Yes,Fiber optic,No,Yes,Month-to-month,Yes,Mailed check,88.33,4463.09,No
C01550,Female,0,Yes,No,64,Yes,No,No,No,Month-to-month,Yes,Electronic check,68.45,4099.7,Yes
C01551,Female,0,Yes,No,31,Yes,Fiber optic,Yes,No internet service,Month-to-month,Yes,Electronic check,32.02,999.97,Yes
C01552,Male,0,Yes,No,32,Yes,No,No internet service,Yes,Month-to-month,No,Bank transfer (automatic),26.94,827.44,No
C01553,Female,0,No,Yes,14,Yes,Fiber optic,No internet service,Yes,Month-to-month,Yes,Mailed check,61.89,780.49,Yes
C01554,Female,0,Yes,Yes,31,Yes,Fiber optic,No internet service,No internet service,Month-to-month,Yes,Bank transfer (automatic),110.29,3572.94,No
C01555,Male,0,No,Yes,63,Yes,Fiber optic,Yes,No,One year,No,Electronic check,73.78,4305.27,Yes
C01556,Female,0,Yes,No,48,Yes,DSL,No,No internet service,Two year,Yes,Electronic check,53.82,2810.54,No
C01557,Female,0,Yes,Yes,14,Yes,Fiber optic,Yes,Yes,Month-to-month,Yes,Mailed check,108.87,1537.51,Yes
C01558,Female,0,No,No,38,Yes,Fiber optic,No,No,One year,Yes,Bank transfer (automatic),56.86,1945.34,No
C01559,Female,0,Yes,Yes,51,Yes,Fiber optic,No,No,Two year,Yes,Mailed check,68.91,3827.14,No
C01560,Female,0,Yes,No,5,Yes,Fiber optic,No,Yes,Two year,Yes,Credit card (automatic),29.65,137.36,No
C01561,Female,0,Yes,No,55,Yes,DSL,No internet service,No internet service,One year,Yes,Credit card (automatic),91.74,5382.69,No
C01562,Male,0,No,No,14,Yes,DSL,No,Yes,Two year,No,Credit card (automatic),88.03,1190.34,No
C01563,Female,1,No,No,21,No,Fiber optic,No internet service,Yes,Two year,Yes,Electronic check,97.42,2073.67,Yes
C01564,Female,0,No,Yes,30,Yes,DSL,No,No,Two year,Yes,Credit card (automatic),50.52,1617.37,No
C01565,Male,0,No,Yes,36,Yes,DSL,No internet service,No,Month-to-month,Yes,Electronic check,61.61,2018.41,Yes
C01566,Male,0,Yes,No,66,Yes,Fiber optic,Yes,No,Month-to-month,No,Credit card (automatic),34.83,2381.56,No
C01567,Male,0,No,Yes,16,Yes,Fiber optic,No,Yes,Month-to-month,No,Bank transfer (automatic),114.45,1702.5,No
C01568,Female,1,Yes,No,18,Yes,No,No,No internet service,Month-to-month,Yes,Credit card (automatic),26.61,499.71,Yes
C01569,Female,0,Yes,No,27,Yes,Fiber optic,No internet service,No internet service,Month-to-month,No,Mailed check,82.9,2086.41,No
C01570,Female,0,No,Yes,62,Yes,Fiber optic,No,No internet service,Month-to-month,No,Bank transfer (automatic),88.53,4964.06,No
C01571,Female,1,Yes,Yes,70,Yes,DSL,Yes,Yes,One year,No,Mailed check,33.77,2201.0,No
C01572,Female,1,Yes,Yes,33,Yes,DSL,No internet service,Yes,One year,Yes,Mailed check,54.53,1844.74,Yes
C01573,Female,1,Yes,No,50,Yes,Fiber optic,No internet service,No internet service,Two year,No,Credit card (automatic),22.31,1223.87,No
C01574,Female,0,Yes,Yes,66,Yes,Fiber optic,Yes,No internet service,Month-to-month,No,Electronic check,73.66,5318.67,No
C01575,Female,0,No,No,61,Yes,Fiber optic,No,No,Month-to-month,Yes,Bank transfer (automatic),117.49,7519.06,No
C01576,Female,0,No,No,49,Yes,Fiber optic,No,No internet service,Two year,No,Credit card (automatic),60.99,3182.51,No
C01577,Female,0,Yes,No,39,Yes,DSL,No internet service,No,Two year,Yes,Electronic check,117.0,4904.28,No
C01578,Male,0,Yes,No,71,Yes,Fiber optic,No internet service,No internet service,Two year,Yes,Bank transfer (automatic),30.62,2186.35,No
C01579,Female,0,Yes,No,17,Yes,DSL,Yes,No,Two year,No,Bank transfer (automatic),57.25,920.42,Yes
C01580,Female,0,Yes,No,26,Yes,Fiber optic,No,No,Two year,No,Credit card (automatic),108.2,2903.84,Yes
C01581,Male,0,Yes,Yes,52,Yes,Fiber optic,Yes,No,Month-to-month,No,Bank transfer (automatic),105.67,5100.96,No
C01582,Female,0,Yes,No,1,Yes,Fiber optic,Yes,No,Month-to-month,Yes,Credit card (automatic),50.36,53.71,Yes
C01583,Female,0,No,No,36,Yes,Fiber optic,No,No,Month-to-month,No,Bank transfer (automatic),85.86,3036.62,Yes
C01584,Female,1,No,Yes,62,Yes,Fiber optic,No internet service,No,One year,Yes,Mailed check,106.62,6301.72,No
C01585,Male,0,Yes,No,12,Yes,No,No,No,Two year,Yes,Bank transfer (automatic),94.69,1214.33,Yes
C01586,Male,0,Yes,No,58,No,DSL,Yes,No,Month-to-month,Yes,Credit card (automatic),80.85,4324.65,Yes
C01587,Male,0,Yes,Yes,30,No,No,Yes,Yes,One year,No,Electronic check,33.26,1092.56,Yes
C01588,Male,0,No,No,62,Yes,Fiber optic,No internet service,Yes,Month-to-month,Yes,Electronic check,25.3,1709.9,Yes
C01589,Male,0,No,Yes,46,Yes,Fiber optic,No,Yes,Month-to-month,Yes,Electronic check,79.46,3734.69,No
C01590,Male,1,Yes,No,11,Yes,DSL,No,No,Month-to-month,No,Mailed check,68.03,780.08,Yes
C01591,Female,0,Yes,No,53,Yes,DSL,No,No,Month-to-month,No,Bank transfer (automatic),41.8,2010.32,No
C01592,Male,0,Yes,No,4,Yes,No,No internet service,No internet service,Two year,Yes,Mailed check,47.28,186.74,No
C01593,Male,0,Yes,No,17,Yes,DSL,Yes,No internet service,Month-to-month,Yes,Bank transfer (automatic),57.21,1047.38,Yes
C01594,Male,0,No,No,64,Yes,Fiber optic,No internet service,Yes,Two year,Yes,Credit card (automatic),67.55,3900.84,No
C01595,Male,0,Yes,Yes,63,No,DSL,No internet service,No internet service,One year,No,Electronic check,57.03,3442.43,No
C01596,Male,0,No,Yes,3,Yes,DSL,No internet service,Yes,Month-to-month,No,Credit card (automatic),56.73,165.22,No
C01597,Male,0,No,Yes,27,Yes,No,No,No internet service,Month-to-month,No,Mailed check,29.57,826.35,Yes
C01598,Female,0,No,No,6,Yes,Fiber optic,No,Yes,Two year,No,Bank transfer (automatic),104.56,653.06,No
C01599,Male,0,Yes,No,19,Yes,Fiber optic,No internet service,No,Month-to-month,Yes,Electronic check,78.92,1369.08,Yes
C01600,Female,0,Yes,Yes,70,No,DSL,Yes,No,Two year,No,Bank transfer (automatic),32.61,2153.73,Yes
C01601,Female,0,No,No,14,No,DSL,No internet service,Yes,Month-to-month,No,Electronic check,60.39,900.5,No
C01602,Male,0,Yes,No,46,Yes,Fiber optic,Yes,No,One year,No,Mailed check,59.67,2575.64,No
C01603,Male,0,Yes,No,58,Yes,DSL,Yes,No,Two year,No,Electronic check,78.06,4334.19,No
C01604,Female,0,No,No,64,Yes,DSL,Yes,Yes,Month-to-month,Yes,Credit card (automatic),78.89,4707.9,Yes
C01605,Male,0,No,Yes,25,No,Fiber optic,Yes,No,Month-to-month,No,Bank transfer (automatic),82.52,2167.93,No
C01606,Male,0,No,Yes,50,Yes,DSL,No,No,Two year,Yes,Credit card (automatic),87.79,3974.35,No
C01607,Male,0,Yes,No,35,Yes,No,Yes,No,Month-to-month,No,Credit card (automatic),28.34,952.6,Yes
C01608,Male,0,No,No,7,Yes,Fiber optic,No internet service,Yes,Month-to-month,No,Mailed check,48.49,341.62,No
C01609,Male,0,No,No,16,Yes,DSL,Yes,No internet service,Month-to-month,Yes,Mailed check,19.73,284.49,Yes
C01610,Female,0,No,Yes,54,Yes,Fiber optic,Yes,No,Month-to-month,No,Electronic check,63.46,3737.99,Yes
C01611,Male,0,Yes,No,50,Yes,Fiber optic,No,No internet service,One year,No,Credit card (automatic),60.94,3272.04,No
C01612,Female,0,No,Yes,38,Yes,Fiber optic,No internet service,No internet service,One year,Yes,Electronic check,91.43,3576.71,No
C01613,Female,0,No,No,57,Yes,No,Yes,No internet service,Month-to-month,Yes,Electronic check,34.71,1954.38,No
C01614,Male,0,Yes,No,50,Yes,Fiber optic,No,Yes,Two year,No,Credit card (automatic),81.15,3777.78,Yes
C01615,Female,0,Yes,Yes,24,Yes,DSL,Yes,No,Month-to-month,No,Mailed check,48.67,1180.61,Yes
C01616,Female,0,No,Yes,21,Yes,Fiber optic,Yes,No internet service,Month-to-month,Yes,Bank transfer (automatic),56.19,1118.44,No
C01617,Male,0,Yes,No,68,Yes,Fiber optic,No,No,One year,No,Bank transfer (automatic),89.93,6284.04,No
C01618,Male,0,No,No,70,Yes,DSL,No internet service,No,Two year,Yes,Electronic check,25.15,1635.71,No
C01619,Female,0,No,No,2,Yes,No,No,No,Month-to-month,Yes,Bank transfer (automatic),52.28,109.1,Yes
C01620,Male,0,Yes,No,57,Yes,DSL,No,No,Month-to-month,Yes,Bank transfer (automatic),57.13,3141.07,No
C01621,Male,0,No,No,9,Yes,DSL,No,Yes,Month-to-month,Yes,Electronic check,89.57,806.45,Yes
C01622,Male,1,Yes,No,62,Yes,No,Yes,No,Two year,No,Mailed check,37.92,2192.03,No
C01623,Female,0,Yes,No,42,Yes,DSL,No,No,Month-to-month,No,Electronic check,112.74,4504.27,Yes
C01624,Male,0,Yes,No,50,Yes,DSL,No internet service,No internet service,Month-to-month,Yes,Bank transfer (automatic),117.78,5830.36,No
C01625,Female,0,No,No,51,Yes,DSL,No,No,One year,No,Electronic check,99.89,5051.78,Yes
C01626,Female,0,Yes,Yes,44,Yes,Fiber optic,Yes,No internet service,Month-to-month,Yes,Bank transfer (automatic),47.97,2321.65,No
C01627,Female,0,Yes,No,18,Yes,DSL,No internet service,Yes,Month-to-month,No,Bank transfer (automatic),84.39,1469.02,Yes
C01628,Female,0,Yes,Yes,58,Yes,Fiber optic,Yes,No,Month-to-month,No,Bank transfer (automatic),26.31,1399.13,Yes
C01629,Male,0,No,No,40,Yes,Fiber optic,No,No,Month-to-month,Yes,Electronic check,105.13,4225.57,Yes
C01630,Male,0,Yes,No,39,Yes,Fiber optic,No internet service,Yes,Month-to-month,Yes,Mailed check,69.6,2617.67,Yes
C01631,Male,1,No,No,23,Yes,No,No internet service,No,Two year,Yes,Credit card (automatic),35.64,881.65,No
C01632,Female,0,No,No,0,Yes,No,No,No,One year,No,Credit card (automatic),50.74,47.8,No
C01633,Male,0,No,No,40,Yes,DSL,No internet service,Yes,One year,No,Electronic check,98.07,4201.84,No
C01634,Female,0,No,No,25,Yes,No,No,No internet service,Two year,No,Credit card (automatic),105.02,2711.39,No
C01635,Female,0,No,No,48,Yes,DSL,Yes,No,Month-to-month,Yes,Electronic check,69.97,3148.98,Yes
C01636,Male,1,Yes,Yes,26,Yes,No,Yes,Yes,Month-to-month,Yes,Electronic check,66.03,1684.25,Yes
C01637,Female,0,No,Yes,71,Yes,Fiber optic,No internet service,No internet service,Two year,No,Electronic check,93.07,6597.97,No
C01638,Female,0,No,No,49,No,DSL,Yes,No internet service,Month-to-month,No,Bank transfer (automatic),100.62,4951.88,No
C01639,Female,0,Yes,Yes,33,Yes,Fiber optic,No internet service,Yes,One year,No,Credit card (automatic),94.48,3053.67,No
C01640,Female,0,Yes,No,51,Yes,Fiber optic,No,Yes,One year,Yes,Bank transfer (automatic),56.44,2927.16,Yes
C01641,Female,1,Yes,No,47,No,No,No internet service,No internet service,Month-to-month,Yes,Electronic check,82.19,4030.38,Yes
C01642,Male,0,Yes,No,45,Yes,Fiber optic,No internet service,No,Month-to-month,No,Bank transfer (automatic),103.74,4674.07,Yes
C01643,Male,0,Yes,Yes,42,Yes,Fiber optic,Yes,No,Month-to-month,Yes,Mailed check,33.18,1422.11,No
C01644,Female,0,No,No,68,Yes,Fiber optic,No,No,Month-to-month,Yes,Electronic check,56.81,4140.91,Yes
C01645,Female,1,No,No,23,Yes,Fiber optic,Yes,No internet service,Month-to-month,No,Mailed check,23.66,543.94,Yes
C01646,Female,0,No,No,31,Yes,Fiber optic,Yes,Yes,Month-to-month,Yes,Bank transfer (automatic),58.89,1795.03,Yes
C01647,Female,1,No,Yes,18,Yes,Fiber optic,No internet service,Yes,Two year,No,Credit card (automatic),95.23,1627.66,Yes
C01648,Male,0,No,Yes,41,Yes,No,No internet service,No,Two year,No,Bank transfer (automatic),37.7,1431.74,No
C01649,Female,0,No,Yes,72,Yes,Fiber optic,Yes,Yes,Two year,No,Electronic check,72.19,4981.72,No
C01650,Male,0,No,No,44,Yes,Fiber optic,No internet service,Yes,Month-to-month,No,Electronic check,21.66,935.15,Yes
C01651,Male,0,No,Yes,15,Yes,No,Yes,Yes,Month-to-month,No,Credit card (automatic),107.76,1701.83,Yes
C01652,Female,0,Yes,Yes,67,Yes,Fiber optic,No,Yes,Month-to-month,Yes,Mailed check,100.0,6321.35,Yes
C01653,Female,0,No,No,57,Yes,Fiber optic,No,No,Month-to-month,No,Mailed check,70.44,4177.41,No
C01654,Female,1,Yes,No,32,Yes,Fiber optic,Yes,No,Two year,Yes,Bank transfer (automatic),88.58,2595.91,No
C01655,Female,1,Yes,No,10,Yes,Fiber optic,Yes,No,Month-to-month,No,Electronic check,28.39,264.5,Yes
C01656,Male,0,Yes,No,29,Yes,Fiber optic,Yes,Yes,Month-to-month,No,Electronic check,102.52,2869.81,No
C01657,Male,0,Yes,No,58,No,No,Yes,No internet service,Two year,No,Bank transfer (automatic),89.53,5161.4,No
C01658,Female,0,Yes,Yes,42,Yes,Fiber optic,No,No,Month-to-month,Yes,Credit card (automatic),30.0,1179.59,Yes
C01659,Male,0,Yes,No,13,Yes,Fiber optic,No,Yes,Month-to-month,Yes,Mailed check,116.07,1391.83,Yes
C01660,Male,0,No,Yes,11,Yes,DSL,Yes,No internet service,Month-to-month,Yes,Bank transfer (automatic),20.25,225.68,Yes
C01661,Male,0,No,No,70,Yes,DSL,No internet service,No,One year,Yes,Mailed check,80.85,5559.88,No
C01662,Female,0,No,No,32,Yes,Fiber optic,No internet service,No internet service,One year,Yes,Bank transfer (automatic),35.18,1106.82,Yes
C01663,Female,0,No,No,50,Yes,No,No,No,Month-to-month,No,Bank transfer (automatic),89.93,4323.79,No
C01664,Female,0,No,No,26,Yes,No,No,Yes,Two year,Yes,Mailed check,25.04,634.28,No
C01665,Female,0,Yes,No,6,Yes,No,No,No internet service,Two year,No,Mailed check,26.11,146.76,No
C01666,Male,1,No,No,30,Yes,No,No,No,Two year,Yes,Electronic check,64.63,1849.94,No
C01667,Male,0,Yes,No,50,Yes,Fiber optic,No internet service,Yes,Month-to-month,Yes,Credit card (automatic),117.4,5919.63,No
C01668,Female,1,No,No,24,Yes,DSL,Yes,No internet service,Month-to-month,No,Credit card (automatic),45.65,1100.48,No
C01669,Female,0,Yes,No,44,Yes,Fiber optic,Yes,No,Two year,No,Electronic check,79.25,3770.09,No
C01670,Male,0,Yes,No,31,No,No,No,No internet service,Month-to-month,Yes,Electronic check,69.86,2309.69,Yes
C01671,Female,0,Yes,No,24,Yes,Fiber optic,Yes,No,One year,No,Bank transfer (automatic),102.21,2211.22,No
C01672,Female,0,No,No,18,Yes,No,No,No internet service,One year,No,Credit card (automatic),46.86,797.89,No
C01673,Female,0,No,No,19,Yes,No,Yes,No internet service,Month-to-month,Yes,Bank transfer (automatic),73.49,1504.58,No
C01674,Female,1,No,No,18,Yes,DSL,No internet service,No,One year,Yes,Electronic check,113.06,1959.68,No
C01675,Female,0,No,No,52,Yes,Fiber optic,Yes,Yes,Two year,Yes,Bank transfer (automatic),51.26,2653.63,No
C01676,Female,0,No,No,24,Yes,Fiber optic,Yes,No,One year,No,Bank transfer (automatic),61.94,1538.59,No
C01677,Female,0,Yes,No,54,Yes,Fiber optic,Yes,No,Month-to-month,Yes,Bank transfer (automatic),106.88,5821.57,No
C01678,Female,0,Yes,Yes,22,Yes,DSL,No internet service,No,Two year,Yes,Mailed check,51.25,1015.85,No
C01679,Female,0,No,No,23,Yes,Fiber optic,Yes,Yes,Month-to-month,Yes,Bank transfer (automatic),56.07,1213.93,No
C01680,Male,0,No,No,67,Yes,Fiber optic,No,No internet service,One year,Yes,Mailed check,48.41,2984.28,No
C01681,Female,0,No,No,63,Yes,Fiber optic,No internet service,No internet service,Two year,Yes,Credit card (automatic),98.95,5819.48,Yes
C01682,Male,0,Yes,No,29,Yes,No,No internet service,Yes,One year,No,Credit card (automatic),111.04,2993.05,No
C01683,Male,0,No,Yes,19,Yes,Fiber optic,No,No,Month-to-month,No,Bank transfer (automatic),81.11,1578.93,Yes
C01684,Male,1,Yes,No,52,Yes,Fiber optic,No,Yes,Month-to-month,Yes,Credit card (automatic),80.36,4100.63,Yes
C01685,Male,0,Yes,Yes,5,Yes,DSL,No,No internet service,Month-to-month,Yes,Credit card (automatic),57.0,260.29,Yes
C01686,Female,1,No,No,33,Yes,DSL,Yes,Yes,Month-to-month,Yes,Electronic check,19.25,582.18,No
C01687,Female,0,Yes,No,43,Yes,Fiber optic,Yes,No,Month-to-month,Yes,Mailed check,35.39,1658.84,Yes
C01688,Female,0,No,Yes,49,Yes,Fiber optic,Yes,No,One year,Yes,Credit card (automatic),32.74,1493.49,No
C01689,Male,0,Yes,No,7,Yes,Fiber optic,No internet service,No internet service,Month-to-month,Yes,Mailed check,29.59,196.93,No
C01690,Female,1,No,No,0,Yes,No,No internet service,Yes,One year,No,Electronic check,83.4,84.64,Yes
C01691,Male,0,No,No,20,Yes,Fiber optic,No,No internet service,Two year,Yes,Electronic check,31.63,593.01,No
C01692,Male,0,Yes,No,8,Yes,DSL,No internet service,Yes,Month-to-month,No,Bank transfer (automatic),26.56,199.63,Yes
C01693,Female,0,No,No,37,No,Fiber optic,No internet service,Yes,One year,No,Credit card (automatic),56.26,1903.68,Yes
C01694,Female,1,Yes,Yes,67,Yes,Fiber optic,No,Yes,One year,No,Credit card (automatic),42.9,3150.7,No
C01695,Female,0,No,Yes,20,Yes,Fiber optic,No,Yes,Month-to-month,No,Credit card (automatic),32.59,665.62,Yes
C01696,Male,0,Yes,Yes,33,Yes,DSL,Yes,No internet service,Month-to-month,Yes,Mailed check,32.61,1082.53,No
C01697,Male,0,No,Yes,15,No,Fiber optic,Yes,Yes,Two year,Yes,Credit card (automatic),43.62,705.16,Yes
C01698,Female,0,Yes,No,3,Yes,DSL,Yes,No internet service,Two year,Yes,Bank transfer (automatic),71.68,219.1,No
C01699,Male,0,Yes,Yes,51,Yes,Fiber optic,Yes,No,One year,No,Electronic check,93.81,4557.61,No
C01700,Male,0,Yes,No,18,Yes,No,No internet service,No,Two year,Yes,Bank transfer (automatic),103.28,1848.73,No
C01701,Female,0,No,No,39,Yes,DSL,No internet service,Yes,Two year,Yes,Electronic check,93.14,3616.17,Yes
C01702,Male,0,Yes,No,49,Yes,Fiber optic,No,Yes,Month-to-month,No,Mailed check,80.82,3879.46,No
C01703,Female,0,No,No,61,Yes,Fiber optic,No,No,One year,Yes,Electronic check,108.76,6970.9,Yes
C01704,Female,0,Yes,No,13,Yes,Fiber optic,No,No,Month-to-month,Yes,Credit card (automatic),69.97,838.6,No
C01705,Male,0,No,Yes,42,Yes,Fiber optic,Yes,No,Two year,No,Electronic check,81.34,3183.44,Yes
C01706,Male,0,Yes,No,66,Yes,Fiber optic,Yes,No,Month-to-month,Yes,Bank transfer (automatic),59.16,3804.76,No
C01707,Female,0,No,Yes,35,Yes,No,No internet service,No,Month-to-month,Yes,Bank transfer (automatic),50.74,1623.59,No
C01708,Female,0,Yes,No,2,Yes,No,No,Yes,Two year,Yes,Credit card (automatic),51.17,112.32,No
C01709,Male,1,Yes,No,19,Yes,DSL,No internet service,No internet service,Month-to-month,Yes,Mailed check,32.83,623.25,No
C01710,Female,0,No,No,58,No,No,No internet service,Yes,One year,No,Electronic check,97.66,5154.62,No
C01711,Male,0,No,Yes,57,Yes,DSL,No,No,Month-to-month,Yes,Bank transfer (automatic),23.54,1370.73,Yes
C01712,Male,1,No,Yes,22,Yes,DSL,No,No internet service,Two year,Yes,Electronic check,85.47,1986.05,No
C01713,Female,0,Yes,Yes,14,Yes,Fiber optic,No,No internet service,Two year,No,Bank transfer (automatic),104.45,1435.31,No
C01714,Male,0,No,No,21,Yes,No,Yes,No internet service,Month-to-month,Yes,Bank transfer (automatic),67.74,1417.0,No
C01715,Male,1,Yes,No,17,Yes,DSL,Yes,No internet service,One year,Yes,Mailed check,25.02,442.4,Yes
C01716,Male,1,Yes,No,54,Yes,DSL,Yes,Yes,Month-to-month,No,Credit card (automatic),60.84,3110.46,Yes
C01717,Male,0,Yes,No,61,Yes,DSL,No internet service,No,One year,Yes,Electronic check,52.32,3253.86,No
C01718,Female,1,Yes,Yes,3,Yes,Fiber optic,Yes,No,One year,Yes,Credit card (automatic),116.55,358.81,No
C01719,Female,0,No,No,54,Yes,Fiber optic,Yes,No,Two year,No,Bank transfer (automatic),87.13,4991.69,No
C01720,Male,0,No,Yes,54,Yes,Fiber optic,No,No internet service,Month-to-month,No,Mailed check,90.14,5248.27,No
C01721,Male,0,Yes,Yes,44,Yes,DSL,Yes,No internet service,Month-to-month,No,Bank transfer (automatic),69.58,3331.48,Yes
C01722,Male,0,No,No,63,No,DSL,Yes,No,One year,Yes,Credit card (automatic),88.94,5184.46,No
C01723,Female,0,No,Yes,2,Yes,Fiber optic,No,Yes,One year,No,Mailed check,90.26,191.94,Yes
C01724,Male,0,No,Yes,51,Yes,DSL,Yes,No,Month-to-month,No,Credit card (automatic),24.64,1300.73,No
C01725,Male,0,Yes,Yes,9,Yes,DSL,No,Yes,Month-to-month,Yes,Credit card (automatic),40.26,352.97,Yes
C01726,Female,0,No,Yes,65,Yes,Fiber optic,No internet service,No internet service,Month-to-month,No,Bank transfer (automatic),19.3,1360.58,No
C01727,Female,0,Yes,No,36,Yes,Fiber optic,No,No internet service,Two year,Yes,Mailed check,68.98,2662.13,Yes
C01728,Male,0,Yes,Yes,6,Yes,No,No internet service,No,Month-to-month,No,Electronic check,105.58,668.24,Yes
C01729,Female,0,Yes,No,54,Yes,DSL,No internet service,Yes,Month-to-month,Yes,Mailed check,78.96,3886.48,No
C01730,Male,0,No,No,54,Yes,DSL,No internet service,No,Two year,No,Bank transfer (automatic),68.02,3435.8,Yes
C01731,Female,0,No,No,33,Yes,No,No internet service,No internet service,Month-to-month,Yes,Mailed check,110.6,3955.16,Yes
C01732,Male,0,No,Yes,22,Yes,Fiber optic,No,No,One year,Yes,Mailed check,35.22,849.57,No
C01733,Female,1,No,No,1,No,Fiber optic,Yes,Yes,Month-to-month,Yes,Electronic check,25.46,24.33,No
C01734,Female,1,Yes,No,66,Yes,DSL,No,Yes,Two year,No,Mailed check,109.73,6919.74,No
C01735,Female,0,No,No,13,Yes,Fiber optic,No internet service,No,One year,No,Mailed check,108.28,1438.69,No
C01736,Female,0,Yes,No,61,Yes,No,Yes,No,Two year,Yes,Credit card (automatic),86.3,4818.08,No
C01737,Female,0,No,No,42,Yes,Fiber optic,No internet service,No,Month-to-month,No,Electronic check,42.6,1823.31,No
C01738,Male,0,No,No,50,Yes,No,No,Yes,Month-to-month,No,Credit card (automatic),114.98,6287.9,Yes
C01739,Female,0,No,No,50,Yes,Fiber optic,No internet service,No internet service,One year,Yes,Bank transfer (automatic),94.53,4534.56,No
C01740,Female,0,Yes,No,62,Yes,Fiber optic,Yes,Yes,Month-to-month,No,Bank transfer (automatic),85.39,5551.21,No
C01741,Female,1,No,No,2,Yes,DSL,No,No internet service,Month-to-month,No,Bank transfer (automatic),40.29,80.98,No
C01742,Male,0,Yes,No,72,Yes,No,No internet service,Yes,Month-to-month,Yes,Mailed check,69.31,4778.04,No
C01743,Male,0,No,Yes,3,Yes,Fiber optic,No,No internet service,Two year,Yes,Bank transfer (automatic),100.26,295.52,No
C01744,Female,0,No,No,72,Yes,DSL,No internet service,No internet service,One year,Yes,Mailed check,104.03,7566.68,No
C01745,Female,0,No,Yes,19,Yes,Fiber optic,No,Yes,One year,No,Mailed check,74.14,1482.36,Yes
C01746,Male,0,No,No,61,Yes,No,No,No internet service,One year,No,Electronic check,70.28,4322.06,No
C01747,Female,0,No,No,6,Yes,Fiber optic,No internet service,No,Month-to-month,No,Credit card (automatic),87.77,571.4,Yes
C01748,Male,0,No,No,33,Yes,DSL,Yes,Yes,Month-to-month,No,Electronic check,70.82,2158.02,Yes
C01749,Female,0,Yes,Yes,39,Yes,Fiber optic,No internet service,Yes,Month-to-month,No,Mailed check,59.77,2544.41,Yes
C01750,Female,0,Yes,No,69,Yes,Fiber optic,No internet service,No,One year,No,Electronic check,26.54,1849.81,No
C01751,Male,0,No,No,9,Yes,Fiber optic,No internet service,Yes,Month-to-month,No,Credit card (automatic),30.6,269.44,Yes
C01752,Male,0,No,No,2,Yes,No,No,No,Two year,No,Bank transfer (automatic),94.03, ,Yes
C01753,Male,0,Yes,Yes,47,No,Fiber optic,No internet service,Yes,Two year,No,Bank transfer (automatic),20.47,922.88,No
C01754,Female,0,Yes,No,3,Yes,DSL,No,No,Month-to-month,Yes,Electronic check,23.23,68.82,No
C01755,Male,0,No,Yes,56,Yes,No,No,Yes,One year,No,Credit card (automatic),108.46,6604.69,No
C01756,Male,0,No,No,2,Yes,Fiber optic,No internet service,Yes,Month-to-month,Yes,Electronic check,88.4,185.87,No
C01757,Female,0,No,No,70,Yes,DSL,No,No internet service,Two year,Yes,Mailed check,18.42,1175.69,Yes
C01758,Male,1,Yes,No,38,Yes,DSL,Yes,No internet service,Two year,No,Credit card (automatic),49.2,1805.25,No
C01759,Female,0,Yes,Yes,69,Yes,Fiber optic,No internet service,No internet service,Two year,No,Mailed check,94.33,6497.62,No
C01760,Female,0,No,No,9,Yes,Fiber optic,Yes,No,Month-to-month,No,Bank transfer (automatic),59.76,575.5,Yes
C01761,Female,0,Yes,No,19,Yes,Fiber optic,Yes,No internet service,Month-to-month,No,Electronic check,64.88,1300.87,No
C01762,Male,0,No,No,33,Yes,DSL,Yes,No internet service,Month-to-month,No,Bank transfer (automatic),63.88,1988.36,No
C01763,Female,0,Yes,No,2,Yes,DSL,No internet service,No,Month-to-month,No,Bank transfer (automatic),38.21,69.55,Yes
C01764,Male,0,Yes,No,7,Yes,DSL,Yes,No internet service,Month-to-month,Yes,Bank transfer (automatic),90.14,584.59,Yes
C01765,Male,1,No,Yes,24,No,No,No,No internet service,Month-to-month,Yes,Bank transfer (automatic),28.3,679.65,No
C01766,Male,1,No,No,53,Yes,DSL,No,No internet service,Two year,Yes,Credit card (automatic),68.73,3343.9,No
C01767,Female,0,No,Yes,51,Yes,Fiber optic,No,No internet service,Month-to-month,Yes,Bank transfer (automatic),35.0,1695.66,No
C01768,Male,0,No,No,6,Yes,No,No internet service,Yes,Month-to-month,Yes,Bank transfer (automatic),22.65,144.63,No
C01769,Female,0,No,No,4,Yes,DSL,No internet service,No internet service,Two year,Yes,Electronic check,32.32,126.74,Yes
C01770,Female,0,Yes,Yes,47,Yes,No,Yes,No,One year,Yes,Electronic check,104.93,5421.08,No
C01771,Male,0,Yes,No,26,Yes,Fiber optic,Yes,No,One year,Yes,Electronic check,35.61,973.26,No
C01772,Female,0,No,No,57,Yes,DSL,No,No,One year,Yes,Bank transfer (automatic),45.84,2490.03,No
C01773,Female,0,Yes,No,21,Yes,No,No internet service,Yes,Two year,Yes,Bank transfer (automatic),31.81,602.22,No
C01774,Female,0,Yes,No,26,Yes,No,Yes,No,One year,No,Mailed check,91.55,2393.25,No
C01775,Female,0,Yes,Yes,16,Yes,DSL,No,No,Month-to-month,No,Bank transfer (automatic),62.54,1041.84,No
C01776,Female,0,No,No,19,Yes,No,No internet service,No internet service,One year,No,Credit card (automatic),112.36,2121.9,No
C01777,Female,0,No,No,51,Yes,Fiber optic,No,No internet service,Month-to-month,Yes,Mailed check,84.43,4656.01,Yes
C01778,Male,0,Yes,Yes,34,Yes,No,No,No,Month-to-month,No,Mailed check,71.14,2548.38,No
C01779,Female,0,No,No,48,Yes,Fiber optic,No internet service,Yes,Month-to-month,Yes,Electronic check,83.66,4031.96,Yes
C01780,Female,0,No,No,5,Yes,No,Yes,No internet service,Month-to-month,Yes,Credit card (automatic),22.04,99.6,No
C01781,Male,0,No,Yes,39,Yes,No,Yes,No internet service,Two year,Yes,Electronic check,113.07,4267.07,Yes
C01782,Female,0,No,No,33,Yes,No,Yes,No,Month-to-month,No,Credit card (automatic),113.64,3745.93,No
C01783,Female,0,Yes,No,66,Yes,DSL,No,Yes,Month-to-month,Yes,Credit card (automatic),45.61,2859.89,No
C01784,Male,0,Yes,No,30,Yes,Fiber optic,No internet service,No,Month-to-month,Yes,Electronic check,80.83,2588.65,Yes
C01785,Female,1,Yes,No,7,Yes,No,Yes,No,Two year,No,Credit card (automatic),38.19,263.29,Yes
C01786,Female,0,Yes,No,50,Yes,No,No internet service,Yes,Month-to-month,Yes,Credit card (automatic),72.75,3422.01,No
C01787,Female,0,Yes,No,10,Yes,Fiber optic,Yes,No,One year,No,Mailed check,95.08,1003.87,Yes
C01788,Male,0,No,Yes,66,Yes,DSL,Yes,Yes,Two year,Yes,Bank transfer (automatic),111.98,7550.74,No
C01789,Male,0,Yes,No,27,Yes,No,No internet service,Yes,Month-to-month,No,Credit card (automatic),51.92,1316.91,Yes
C01790,Male,0,Yes,No,57,Yes,DSL,Yes,No,One year,No,Credit card (automatic),87.35,5011.56,No
C01791,Female,1,No,No,47,Yes,Fiber optic,No,No,Month-to-month,No,Electronic check,89.64,4376.99,Yes
C01792,Male,0,No,Yes,33,Yes,Fiber optic,Yes,Yes,Month-to-month,Yes,Bank transfer (automatic),40.11,1309.98,Yes
C01793,Male,0,No,No,42,Yes,No,No,No,One year,Yes,Electronic check,80.9,3263.51,No
C01794,Male,0,No,Yes,13,Yes,Fiber optic,No,Yes,Two year,No,Mailed check,83.54,1127.22,No
C01795,Male,0,No,No,5,Yes,Fiber optic,Yes,Yes,Month-to-month,No,Credit card (automatic),94.41,489.73,No
C01796,Male,0,Yes,No,55,No,No,Yes,No internet service,One year,No,Mailed check,117.99,5862.49,No
C01797,Female,0,Yes,Yes,69,Yes,DSL,No internet service,No internet service,Month-to-month,No,Bank transfer (automatic),22.02,1438.59,No
C01798,Female,0,Yes,No,62,Yes,Fiber optic,No,Yes,One year,Yes,Electronic check,38.23,2439.62,No
C01799,Female,1,No,No,22,No,No,No,No internet service,One year,Yes,Credit card (automatic),32.51,675.76,Yes
C01800,Male,0,No,No,26,Yes,DSL,Yes,No,One year,Yes,Bank transfer (automatic),33.44,949.89,No
C01801,Male,1,No,Yes,26,Yes,Fiber optic,No internet service,Yes,One year,Yes,Electronic check,63.42,1537.71,Yes
C01802,Male,1,No,No,51,Yes,No,No internet service,No,Month-to-month,No,Electronic check,105.85,5666.34,Yes
C01803,Male,1,Yes,No,45,Yes,No,No,No internet service,One year,No,Credit card (automatic),62.87,3111.12,No
C01804,Male,1,Yes,No,58,Yes,DSL,No,Yes,One year,No,Electronic check,84.85,4770.29,Yes
C01805,Female,0,Yes,Yes,68,Yes,Fiber optic,No,No,One year,Yes,Credit card (automatic),55.65,3862.25,No
C01806,Female,0,No,Yes,28,Yes,Fiber optic,No internet service,Yes,Month-to-month,Yes,Bank transfer (automatic),49.97,1288.83,No
C01807,Male,0,Yes,No,48,Yes,No,No internet service,Yes,Month-to-month,No,Credit card (automatic),101.42,4986.77,No
C01808,Female,0,Yes,No,36,Yes,Fiber optic,No,No,Month-to-month,No,Electronic check,83.55,3301.07,Yes
C01809,Male,0,Yes,No,69,Yes,Fiber optic,Yes,No,Month-to-month,Yes,Mailed check,53.09,4009.65,No
C01810,Male,0,No,Yes,25,Yes,No,No internet service,No,Month-to-month,Yes,Bank transfer (automatic),109.42,2687.23,Yes
C01811,Female,0,No,No,13,No,Fiber optic,No,No,Month-to-month,Yes,Credit card (automatic),67.85,938.61,Yes
C01812,Female,0,Yes,No,27,No,Fiber optic,No internet service,No internet service,One year,No,Mailed check,36.83,1059.36,Yes
C01813,Female,0,Yes,Yes,45,Yes,Fiber optic,No internet service,No,Month-to-month,No,Bank transfer (automatic),66.32,2881.3,Yes
C01814,Female,0,Yes,No,69,Yes,Fiber optic,No,No,Two year,No,Mailed check,85.47,6278.11,No
C01815,Female,0,Yes,No,60,Yes,DSL,Yes,No internet service,Month-to-month,No,Bank transfer (automatic),54.71,3060.96,No
C01816,Female,0,Yes,No,1,No,Fiber optic,No,No,One year,Yes,Bank transfer (automatic),102.38,112.19,No
C01817,Female,0,Yes,No,37,Yes,Fiber optic,Yes,Yes,Month-to-month,Yes,Electronic check,71.31,2830.64,Yes
C01818,Female,0,Yes,Yes,11,Yes,Fiber optic,No,No,Month-to-month,No,Electronic check,64.78,714.09,Yes
C01819,Female,0,No,No,26,Yes,No,No,No internet service,One year,Yes,Bank transfer (automatic),103.87,2638.68,Yes
C01820,Male,0,Yes,No,68,Yes,Fiber optic,No internet service,Yes,Two year,No,Electronic check,64.29,4761.63,No
C01821,Female,0,Yes,Yes,71,Yes,No,No,No,Month-to-month,No,Electronic check,59.44,3858.25,Yes
C01822,Male,0,Yes,No,11,Yes,Fiber optic,No internet service,Yes,Month-to-month,No,Electronic check,28.37,311.97,Yes
C01823,Male,0,No,Yes,10,Yes,Fiber optic,No,No internet service,One year,Yes,Bank transfer (automatic),54.25,541.08,Yes
C01824,Female,1,No,No,50,Yes,Fiber optic,Yes,Yes,One year,Yes,Electronic check,57.7,2816.52,No
C01825,Male,0,Yes,No,29,Yes,Fiber optic,Yes,No internet service,Month-to-month,No,Credit card (automatic),36.06,964.72,Yes
C01826,Female,1,No,No,31,Yes,DSL,Yes,No,Month-to-month,Yes,Electronic check,76.78,2261.83,Yes
C01827,Male,0,Yes,No,63,Yes,Fiber optic,Yes,No internet service,Month-to-month,No,Mailed check,32.38,2237.05,No
C01828,Male,0,No,Yes,67,Yes,Fiber optic,No internet service,No,Two year,Yes,Bank transfer (automatic),40.37,2871.38,No
C01829,Male,1,No,Yes,65,Yes,DSL,Yes,Yes,Month-to-month,No,Mailed check,74.11,5143.06,No
C01830,Female,0,Yes,No,57,No,No,No,Yes,Month-to-month,No,Bank transfer (automatic),44.9,2564.18,No
C01831,Male,0,No,No,71,Yes,Fiber optic,No internet service,Yes,Two year,No,Electronic check,81.97,6008.23,No
C01832,Female,0,No,Yes,52,Yes,Fiber optic,No internet service,No,Month-to-month,Yes,Electronic check,87.05,4531.13,No
C01833,Male,0,Yes,No,64,Yes,Fiber optic,No internet service,No internet service,Month-to-month,Yes,Electronic check,48.13,3189.58,No
C01834,Male,0,Yes,No,39,Yes,Fiber optic,No internet service,No internet service,Month-to-month,No,Mailed check,26.74,1118.67,No
C01835,Male,0,No,No,3,Yes,No,No,Yes,Month-to-month,No,Bank transfer (automatic),66.95,190.51,Yes
C01836,Female,0,Yes,No,59,Yes,DSL,Yes,Yes,Month-to-month,No,Credit card (automatic),27.29,1755.31,No
C01837,Female,1,No,No,67,Yes,No,Yes,No internet service,Month-to-month,Yes,Electronic check,69.52,5043.15,No
C01838,Male,1,No,No,22,Yes,DSL,No,No internet service,One year,No,Mailed check,90.62,1961.46,No
C01839,Male,0,No,Yes,31,Yes,DSL,Yes,No,One year,No,Mailed check,80.03,2717.52,No
C01840,Male,0,Yes,Yes,41,Yes,DSL,No internet service,No,Month-to-month,No,Credit card (automatic),62.83,2773.11,No
C01841,Female,0,No,No,47,No,Fiber optic,No,Yes,One year,Yes,Credit card (automatic),112.59,4804.97,No
C01842,Male,0,Yes,No,49,Yes,No,No,No internet service,Month-to-month,No,Electronic check,28.17,1253.92,Yes
C01843,Female,1,No,Yes,28,Yes,DSL,Yes,No internet service,Two year,Yes,Bank transfer (automatic),106.0,3091.04,No
C01844,Male,0,Yes,No,62,Yes,Fiber optic,Yes,Yes,Month-to-month,No,Bank transfer (automatic),98.01,6421.37,No
C01845,Male,0,No,Yes,59,Yes,Fiber optic,No internet service,Yes,One year,Yes,Electronic check,59.97,3360.39,No
C01846,Female,0,Yes,No,68,Yes,DSL,No internet service,No internet service,Month-to-month,Yes,Bank transfer (automatic),33.29,2263.15,No
C01847,Female,0,Yes,No,42,Yes,Fiber optic,No,No,One year,Yes,Bank transfer (automatic),33.59,1421.85,Yes
C01848,Male,0,Yes,No,5,Yes,No,Yes,No,Month-to-month,Yes,Bank transfer (automatic),110.18,544.91,Yes
C01849,Female,0,No,Yes,61,Yes,Fiber optic,No,Yes,One year,No,Bank transfer (automatic),41.37,2306.1,Yes
C01850,Male,0,No,Yes,5,Yes,Fiber optic,No,No,Month-to-month,Yes,Bank transfer (automatic),105.41,497.42,Yes
C01851,Female,0,No,No,14,Yes,DSL,Yes,No internet service,Two year,Yes,Credit card (automatic),68.33,1016.79,Yes
C01852,Male,0,Yes,No,20,Yes,Fiber optic,No internet service,No internet service,Month-to-month,Yes,Bank transfer (automatic),64.17,1173.82,Yes
C01853,Female,0,Yes,No,13,Yes,DSL,No,No internet service,One year,No,Bank transfer (automatic),79.95,1064.74,No
C01854,Female,1,Yes,No,52,Yes,DSL,No internet service,No,Two year,No,Credit card (automatic),39.5,2109.11,No
C01855,Male,0,No,Yes,32,Yes,DSL,No,No internet service,Two year,Yes,Bank transfer (automatic),60.84,2124.63,No
C01856,Male,0,Yes,No,16,Yes,DSL,No,No,Month-to-month,No,Mailed check,111.85,1964.07,No
C01857,Female,0,Yes,No,0,Yes,No,No internet service,No internet service,Month-to-month,Yes,Bank transfer (automatic),41.83,45.55,Yes
C01858,Male,0,Yes,No,15,Yes,Fiber optic,Yes,No internet service,Month-to-month,No,Bank transfer (automatic),110.16,1666.06,No
C01859,Male,0,Yes,No,50,Yes,DSL,No,No,Month-to-month,Yes,Credit card (automatic),117.42,5332.95,No
C01860,Female,1,Yes,No,57,No,Fiber optic,No,No internet service,One year,Yes,Electronic check,23.19,1262.96,No
C01861,Female,1,Yes,No,21,Yes,Fiber optic,Yes,No internet service,Two year,No,Electronic check,71.14,1486.62,No
C01862,Female,0,Yes,Yes,5,No,Fiber optic,Yes,No internet service,Two year,No,Mailed check,35.18,159.69,Yes
C01863,Male,0,No,Yes,40,Yes,Fiber optic,Yes,No,Month-to-month,Yes,Credit card (automatic),80.17,2909.91,Yes
C01864,Female,0,Yes,Yes,57,Yes,DSL,No internet service,No internet service,One year,No,Bank transfer (automatic),116.95,6431.53,No
C01865,Male,1,Yes,No,5,Yes,Fiber optic,No,No internet service,Two year,Yes,Electronic check,107.69,526.32,Yes
C01866,Female,0,No,Yes,58,Yes,Fiber optic,No internet service,No internet service,Two year,No,Bank transfer (automatic),110.48,6511.45,No
C01867,Male,1,No,No,12,Yes,No,No internet service,No,Month-to-month,Yes,Bank transfer (automatic),39.33,512.82,Yes
C01868,Male,1,Yes,No,18,Yes,Fiber optic,No,No internet service,Month-to-month,Yes,Credit card (automatic),72.23,1271.84,Yes
C01869,Female,0,No,No,45,Yes,Fiber optic,Yes,No,Two year,No,Mailed check,41.48,1697.89,Yes
C01870,Male,0,Yes,No,3,Yes,Fiber optic,No,No internet service,Month-to-month,No,Bank transfer (automatic),107.94,326.41,Yes
C01871,Male,1,No,No,22,Yes,Fiber optic,No,No,Month-to-month,Yes,Credit card (automatic),37.12,793.44,Yes
C01872,Male,0,No,No,10,Yes,Fiber optic,Yes,Yes,Two year,No,Bank transfer (automatic),33.4,360.79,No
C01873,Female,0,No,Yes,15,Yes,Fiber optic,No internet service,Yes,Two year,No,Credit card (automatic),19.22,284.35,No
C01874,Female,0,Yes,Yes,56,Yes,No,No,No internet service,Two year,No,Mailed check,36.19,1954.41,No
C01875,Male,0,No,No,16,Yes,Fiber optic,No,Yes,Two year,Yes,Electronic check,36.98,618.17,Yes
C01876,Female,0,Yes,No,3,Yes,DSL,No internet service,No internet service,Month-to-month,No,Electronic check,25.75,77.15,Yes
C01877,Male,1,Yes,No,15,Yes,Fiber optic,No,No,Month-to-month,Yes,Electronic check,104.77,1588.87,No
C01878,Female,0,No,No,6,Yes,DSL,No internet service,No,Month-to-month,No,Bank transfer (automatic),96.0,535.92,No
C01879,Male,0,No,Yes,45,No,Fiber optic,No,No,One year,Yes,Bank transfer (automatic),43.45,1906.44,No
C01880,Female,0,No,No,71,Yes,No,No internet service,No,Month-to-month,Yes,Mailed check,96.33,6218.99,No
C01881,Female,1,Yes,Yes,12,Yes,DSL,No internet service,No internet service,One year,No,Mailed check,60.22,759.48,Yes
C01882,Male,0,Yes,No,53,Yes,DSL,No internet service,No,Month-to-month,Yes,Credit card (automatic),95.55,4806.47,Yes
C01883,Male,0,Yes,No,26,Yes,DSL,Yes,No,One year,Yes,Mailed check,50.3,1208.54,No
C01884,Female,0,No,No,5,No,Fiber optic,No internet service,No,Month-to-month,No,Credit card (automatic),74.47,379.02,No
C01885,Male,1,Yes,No,50,Yes,Fiber optic,Yes,No internet service,Month-to-month,Yes,Electronic check,56.16,2852.61,No
C01886,Female,0,No,No,15,No,Fiber optic,No,No,Month-to-month,No,Electronic check,36.77,531.23,No
C01887,Female,0,No,No,37,No,Fiber optic,No internet service,Yes,Month-to-month,No,Mailed check,76.56,3094.66,No
C01888,Female,0,Yes,No,37,Yes,No,No internet service,No internet service,Two year,Yes,Electronic check,93.08,3537.31,No
C01889,Female,0,Yes,No,43,Yes,No,No internet service,No internet service,Month-to-month,Yes,Electronic check,93.31,4354.5,No
C01890,Female,0,No,No,9,Yes,DSL,Yes,No,Month-to-month,Yes,Mailed check,53.63,463.42,No
C01891,Male,0,Yes,No,18,Yes,Fiber optic,Yes,No,One year,No,Mailed check,69.87,1270.69,No
C01892,Male,0,Yes,No,53,Yes,Fiber optic,No internet service,Yes,One year,No,Electronic check,94.38,4915.62,No
C01893,Female,0,No,No,68,Yes,Fiber optic,No,No internet service,Month-to-month,Yes,Electronic check,23.45,1566.94,No
C01894,Male,0,Yes,Yes,0,No,Fiber optic,No,No internet service,Month-to-month,No,Electronic check,25.19,22.91,No
C01895,Male,0,No,No,30,Yes,Fiber optic,No,Yes,Month-to-month,No,Bank transfer (automatic),55.62,1575.04,No
C01896,Male,0,Yes,Yes,64,No,DSL,Yes,No internet service,One year,No,Mailed check,40.35,2773.15,No
C01897,Female,0,Yes,No,20,Yes,DSL,No internet service,Yes,Month-to-month,Yes,Bank transfer (automatic),55.46,1186.81,No
C01898,Male,1,No,No,32,Yes,Fiber optic,Yes,No,Month-to-month,Yes,Credit card (automatic),27.38,806.96,No
C01899,Male,0,Yes,Yes,66,Yes,DSL,No internet service,No internet service,Month-to-month,Yes,Credit card (automatic),77.2,4604.17,No
C01900,Male,0,No,No,70,Yes,Fiber optic,No,Yes,One year,Yes,Electronic check,85.17,5487.39,No
C01901,Male,1,No,Yes,47,Yes,DSL,No internet service,No internet service,Month-to-month,Yes,Bank transfer (automatic),97.18,4694.25,No
C01902,Male,0,No,No,50,Yes,No,No,No,Two year,Yes,Credit card (automatic),83.05,3936.42,No
C01903,Female,0,Yes,Yes,44,Yes,Fiber optic,No internet service,No internet service,Month-to-month,Yes,Mailed check,57.64,2669.37,No
C01904,Male,0,Yes,No,20,Yes,DSL,No,No internet service,One year,Yes,Bank transfer (automatic),111.49,2009.42,No
C01905,Female,1,Yes,No,64,Yes,No,No,No,Month-to-month,No,Credit card (automatic),90.63,6050.63,No
C01906,Female,0,No,No,2,No,DSL,No,Yes,Month-to-month,No,Credit card (automatic),70.77,152.48,Yes
C01907,Female,0,No,No,4,Yes,No,No internet service,No internet service,Month-to-month,No,Mailed check,38.69,140.67,Yes
C01908,Male,0,No,No,43,Yes,No,No,No,Two year,Yes,Electronic check,82.9,3826.63,No
C01909,Male,1,No,No,61,Yes,Fiber optic,No internet service,No,Two year,Yes,Bank transfer (automatic),77.17,5100.78,No
C01910,Female,0,Yes,No,59,Yes,No,No internet service,Yes,Month-to-month,No,Electronic check,86.33,5129.98,Yes
C01911,Female,0,No,No,49,Yes,No,No,No,Month-to-month,No,Mailed check,96.11,4506.44,Yes
C01912,Female,0,Yes,No,27,No,Fiber optic,Yes,No,Two year,No,Mailed check,109.5,2993.64,No
C01913,Female,0,Yes,No,26,No,DSL,No,Yes,Month-to-month,Yes,Electronic check,112.91,2824.45,No
C01914,Male,0,No,No,31,Yes,DSL,Yes,No,Month-to-month,No,Credit card (automatic),81.02,2729.23,Yes
C01915,Male,0,No,No,18,Yes,DSL,No internet service,Yes,Month-to-month,Yes,Credit card (automatic),114.6,2080.8,No
C01916,Male,0,No,Yes,30,Yes,Fiber optic,Yes,No internet service,One year,No,Credit card (automatic),109.14,3469.8,No
C01917,Female,0,Yes,Yes,7,Yes,DSL,No,No,One year,No,Mailed check,18.26,130.63,Yes
C01918,Male,0,Yes,No,23,Yes,Fiber optic,No,No,One year,Yes,Mailed check,81.76,1800.9,No
C01919,Male,1,Yes,No,68,Yes,DSL,No,No,Two year,No,Mailed check,35.85,2437.86,Yes
C01920,Male,1,Yes,Yes,51,No,No,No,No internet service,Month-to-month,Yes,Mailed check,47.52,2607.65,Yes
C01921,Female,0,No,Yes,10,Yes,DSL,Yes,No internet service,Month-to-month,No,Mailed check,47.75,466.31,No
C01922,Male,1,No,No,20,Yes,Fiber optic,No internet service,No internet service,Month-to-month,Yes,Mailed check,66.31,1284.11,Yes
C01923,Female,1,Yes,No,18,Yes,DSL,Yes,No internet service,Month-to-month,Yes,Bank transfer (automatic),19.09,374.99,Yes
C01924,Female,0,No,No,20,Yes,Fiber optic,No,No internet service,Month-to-month,No,Mailed check,41.58,804.0,Yes
C01925,Female,0,Yes,Yes,50,No,DSL,No internet service,No internet service,Month-to-month,Yes,Credit card (automatic),20.91,1120.67,No
C01926,Male,0,Yes,Yes,65,Yes,Fiber optic,No,No,Month-to-month,Yes,Credit card (automatic),83.06,5051.51,No
C01927,Male,0,No,Yes,51,Yes,DSL,No,Yes,One year,No,Bank transfer (automatic),106.93,5771.61,No
C01928,Female,0,No,Yes,35,Yes,Fiber optic,No,Yes,Month-to-month,No,Bank transfer (automatic),117.78,4217.36,Yes
C01929,Female,1,No,No,11,Yes,Fiber optic,Yes,Yes,Month-to-month,Yes,Bank transfer (automatic),62.86,638.94,Yes
C01930,Female,0,No,Yes,10,Yes,No,No,No,One year,No,Mailed check,44.01,401.72,No
C01931,Male,1,Yes,No,59,Yes,DSL,No,No,One year,Yes,Electronic check,103.31,5849.41,No
C01932,Female,0,Yes,Yes,49,Yes,DSL,No,No internet service,One year,No,Electronic check,29.32,1481.92,No
C01933,Male,0,No,No,37,Yes,No,No,No,Two year,Yes,Mailed check,115.42,4151.06,No
C01934,Female,1,Yes,Yes,42,Yes,Fiber optic,No,No,One year,No,Electronic check,89.48,3586.15,No
C01935,Female,0,No,Yes,61,Yes,Fiber optic,No,Yes,Month-to-month,Yes,Mailed check,68.39,4240.09,Yes
C01936,Male,0,Yes,No,59,No,DSL,No,No internet service,Month-to-month,No,Bank transfer (automatic),27.67,1780.29,Yes
C01937,Male,0,No,No,6,Yes,Fiber optic,No internet service,No,One year,Yes,Electronic check,19.82,109.93,No
C01938,Male,0,No,No,28,Yes,Fiber optic,Yes,Yes,Month-to-month,No,Credit card (automatic),72.45,2087.26,No
C01939,Female,0,No,No,3,Yes,No,No,No,Month-to-month,No,Bank transfer (automatic),59.39,192.87,Yes
C01940,Female,0,No,No,28,Yes,Fiber optic,Yes,No internet service,Month-to-month,Yes,Bank transfer (automatic),102.27,2887.1,Yes
C01941,Male,0,Yes,No,46,Yes,Fiber optic,Yes,Yes,Month-to-month,Yes,Electronic check,82.23,4133.74,No
C01942,Female,0,No,No,15,Yes,DSL,No,No internet service,Month-to-month,No,Credit card (automatic),61.19,935.82,No
C01943,Female,0,Yes,No,10,Yes,DSL,Yes,Yes,Month-to-month,Yes,Bank transfer (automatic),40.6,420.02,Yes
C01944,Female,0,No,Yes,35,No,DSL,No,No,Two year,No,Credit card (automatic),66.04,2446.05,No
C01945,Male,0,Yes,Yes,38,Yes,Fiber optic,Yes,No,Two year,Yes,Electronic check,34.3,1225.12,Yes
C01946,Female,0,Yes,Yes,52,Yes,Fiber optic,No internet service,No internet service,Month-to-month,No,Credit card (automatic),84.7,4457.42,No
C01947,Male,0,Yes,Yes,1,Yes,Fiber optic,Yes,Yes,Two year,Yes,Bank transfer (automatic),78.57,80.37,No
C01948,Male,1,Yes,No,18,Yes,No,Yes,Yes,Month-to-month,No,Bank transfer (automatic),99.01,1646.79,Yes
C01949,Male,1,No,No,56,Yes,DSL,Yes,Yes,Two year,Yes,Electronic check,62.95,3493.83,No
C01950,Female,0,Yes,Yes,49,Yes,No,Yes,No,Two year,No,Credit card (automatic),45.86,2368.79,No
C01951,Female,0,No,Yes,65,No,No,Yes,Yes,Month-to-month,Yes,Electronic check,101.64,5999.73,No
C01952,Male,0,No,No,59,Yes,Fiber optic,No internet service,Yes,One year,No,Mailed check,87.1,5049.99,No
C01953,Male,0,No,No,61,Yes,Fiber optic,Yes,No,Two year,Yes,Mailed check,88.67,5025.62,Yes
C01954,Female,0,No,No,37,Yes,No,No internet service,Yes,Two year,No,Electronic check,70.81,2450.06,No
C01955,Male,1,No,No,69,Yes,No,Yes,Yes,Two year,No,Credit card (automatic),105.6,7304.72,Yes
C01956,Female,0,Yes,No,30,Yes,Fiber optic,Yes,Yes,One year,Yes,Credit card (automatic),40.78,1108.27,No
C01957,Female,1,Yes,Yes,65,Yes,Fiber optic,No,Yes,Month-to-month,No,Bank transfer (automatic),58.17,3724.3,No
C01958,Male,0,No,No,28,Yes,Fiber optic,Yes,Yes,Two year,Yes,Mailed check,97.62,2474.08,Yes
C01959,Male,0,Yes,No,32,Yes,DSL,No,No internet service,One year,Yes,Credit card (automatic),31.3,1086.85,No
C01960,Female,0,Yes,No,50,Yes,DSL,Yes,Yes,One year,Yes,Electronic check,98.81,5318.9,No
C01961,Female,0,Yes,No,29,Yes,Fiber optic,No internet service,No internet service,Month-to-month,Yes,Mailed check,53.26,1455.46,No
C01962,Female,0,No,No,10,Yes,Fiber optic,No internet service,No internet service,One year,Yes,Bank transfer (automatic),30.55,278.97,Yes
C01963,Male,0,No,Yes,65,Yes,Fiber optic,No,Yes,Month-to-month,No,Bank transfer (automatic),25.91,1600.16,No
C01964,Male,0,No,No,33,Yes,No,No internet service,Yes,One year,Yes,Bank transfer (automatic),102.3,3057.48,No
C01965,Male,1,Yes,Yes,67,Yes,No,No internet service,Yes,Month-to-month,Yes,Electronic check,95.86,6724.21,No
C01966,Female,0,No,Yes,29,Yes,DSL,No internet service,No,One year,Yes,Electronic check,46.8,1377.26,No
C01967,Male,1,No,No,71,Yes,DSL,Yes,Yes,Two year,No,Mailed check,29.64,2122.89,No
C01968,Female,0,No,Yes,44,Yes,Fiber optic,Yes,No internet service,Month-to-month,Yes,Bank transfer (automatic),42.72,2012.0,Yes
C01969,Female,0,No,No,56,Yes,Fiber optic,No,No,Month-to-month,No,Electronic check,39.3,2336.95,No
C01970,Male,0,No,No,55,No,No,No internet service,No internet service,Month-to-month,No,Electronic check,91.31,4930.53,Yes
C01971,Female,0,No,No,14,Yes,Fiber optic,No,No internet service,Two year,No,Mailed check,39.56,566.06,No
C01972,Male,0,No,Yes,59,Yes,DSL,No,No internet service,One year,No,Electronic check,39.61,2309.79,No
C01973,Female,0,No,No,68,Yes,DSL,No,Yes,Month-to-month,No,Credit card (automatic),21.23,1479.45,No
C01974,Male,0,No,Yes,48,Yes,Fiber optic,No internet service,No internet service,Month-to-month,No,Credit card (automatic),77.69,3469.22,No
C01975,Male,1,Yes,No,69,Yes,DSL,No internet service,No,Month-to-month,No,Bank transfer (automatic),86.9,5756.35,No
C01976,Male,0,No,Yes,61,Yes,DSL,Yes,No,Month-to-month,No,Mailed check,83.35,4832.05,No
C01977,Female,0,No,No,48,Yes,DSL,No internet service,Yes,Two year,No,Credit card (automatic),74.86,3354.3,No
C01978,Male,0,No,Yes,34,Yes,Fiber optic,Yes,Yes,One year,No,Mailed check,114.61,3829.59,No
C01979,Female,0,Yes,No,62,No,Fiber optic,No internet service,Yes,Month-to-month,Yes,Bank transfer (automatic),65.27,4230.06,No
C01980,Female,0,Yes,No,13,Yes,DSL,Yes,Yes,Two year,Yes,Electronic check,104.01,1324.02,No
C01981,Female,0,No,No,40,Yes,Fiber optic,Yes,Yes,Month-to-month,No,Mailed check,82.6,3622.93,No
C01982,Male,1,No,No,59,Yes,Fiber optic,No,No internet service,Two year,No,Credit card (automatic),26.42,1497.08,No
C01983,Female,1,No,No,68,Yes,No,Yes,Yes,Month-to-month,No,Bank transfer (automatic),99.01,7336.1,Yes
C01984,Female,0,No,Yes,19,Yes,DSL,No internet service,No internet service,One year,No,Electronic check,76.44,1363.35,Yes
C01985,Female,1,Yes,No,6,No,DSL,No internet service,No internet service,Two year,Yes,Mailed check,83.35,482.17,Yes
C01986,Male,0,No,No,24,Yes,No,Yes,No,Month-to-month,No,Electronic check,36.02,806.4,No
C01987,Female,0,No,Yes,63,Yes,Fiber optic,Yes,No,One year,Yes,Mailed check,61.75,3686.33,No
C01988,Female,0,Yes,No,38,Yes,No,No,No internet service,Two year,No,Mailed check,106.06,3753.89,No
C01989,Male,1,No,Yes,4,Yes,Fiber optic,Yes,No,Month-to-month,Yes,Bank transfer (automatic),39.54,162.11,Yes
C01990,Male,0,Yes,No,8,No,DSL,Yes,No internet service,Month-to-month,Yes,Electronic check,18.01,135.45,Yes
C01991,Male,0,No,Yes,24,No,Fiber optic,Yes,Yes,One year,Yes,Electronic check,43.75,962.88,No
C01992,Female,0,Yes,No,25,Yes,DSL,Yes,No internet service,Month-to-month,No,Electronic check,66.75,1590.79,Yes
C01993,Female,0,Yes,No,9,No,Fiber optic,No internet service,Yes,Month-to-month,No,Credit card (automatic),100.13,933.32,No
C01994,Male,1,No,No,36,No,DSL,No,No internet service,Month-to-month,Yes,Mailed check,82.33,2921.57,No
C01995,Male,0,No,Yes,34,Yes,No,Yes,No internet service,One year,No,Bank transfer (automatic),109.91,3479.96,No
C01996,Female,0,Yes,No,14,No,Fiber optic,No,No internet service,Month-to-month,No,Mailed check,63.56,812.15,No
C01997,Female,0,Yes,Yes,16,Yes,Fiber optic,No,No,Month-to-month,Yes,Mailed check,57.08,955.17,No
C01998,Female,0,No,Yes,48,Yes,Fiber optic,No internet service,No,Two year,Yes,Credit card (automatic),41.14,2055.33,No
C01999,Male,1,Yes,Yes,69,Yes,No,Yes,No internet service,Month-to-month,Yes,Bank transfer (automatic),39.81,2725.75,No
C02000,Female,1,Yes,No,72,Yes,No,No,No,Two year,Yes,Mailed check,91.61,6632.53,No
C02001,Female,0,Yes,Yes,40,No,No,No,No,Month-to-month,No,Electronic check,26.04,987.54,No
C02002,Male,0,No,No,2,Yes,No,Yes,Yes,Two year,No,Credit card (automatic),42.27,84.29,No
C02003,Male,1,Yes,Yes,65,Yes,Fiber optic,Yes,Yes,One year,No,Bank transfer (automatic),106.59,7245.12,Yes
C02004,Female,1,No,No,69,Yes,DSL,No internet service,No internet service,Month-to-month,No,Credit card (automatic),75.69,5506.23,No
C02005,Male,0,Yes,No,20,Yes,DSL,No internet service,Yes,Two year,Yes,Credit card (automatic),22.66,438.74,No
C02006,Male,0,No,Yes,29,Yes,No,No,No,Month-to-month,Yes,Credit card (automatic),88.43,2656.2,No
C02007,Female,0,No,No,1,Yes,No,No internet service,No internet service,Month-to-month,No,Credit card (automatic),68.67,68.48,Yes
C02008,Male,0,Yes,No,58,Yes,DSL,No internet service,Yes,Month-to-month,No,Credit card (automatic),103.45,6287.31,No
C02009,Female,0,Yes,Yes,56,Yes,DSL,No,No internet service,One year,Yes,Credit card (automatic),86.24,5013.71,No
C02010,Female,0,Yes,No,1,No,Fiber optic,No internet service,No internet service,Month-to-month,No,Credit card (automatic),18.44,19.36,No
C02011,Male,0,Yes,No,51,Yes,Fiber optic,Yes,No,Month-to-month,Yes,Bank transfer (automatic),38.57,1835.23,No
C02012,Male,0,Yes,No,30,Yes,Fiber optic,Yes,Yes,Month-to-month,Yes,Electronic check,43.8,1267.25,Yes
C02013,Female,1,No,Yes,39,Yes,No,Yes,Yes,Month-to-month,Yes,Mailed check,88.22,3278.86,Yes
C02014,Female,0,No,No,15,Yes,Fiber optic,No internet service,No,Month-to-month,Yes,Electronic check,68.93,1023.0,No
C02015,Female,0,No,No,59,Yes,Fiber optic,No internet service,No internet service,Month-to-month,No,Credit card (automatic),92.74,5433.26,Yes
C02016,Male,0,No,No,29,Yes,Fiber optic,No,No internet service,Month-to-month,No,Mailed check,69.29,2076.65,No
C02017,Female,0,No,No,61,Yes,Fiber optic,No,Yes,Month-to-month,No,Mailed check,50.74,3138.23,Yes
C02018,Female,1,Yes,No,10,Yes,Fiber optic,Yes,No,One year,No,Bank transfer (automatic),28.37,288.23,No
C02019,Male,0,No,No,42,Yes,Fiber optic,Yes,Yes,Month-to-month,Yes,Electronic check,38.26,1649.66,No
C02020,Male,0,Yes,Yes,22,Yes,No,No internet service,Yes,One year,No,Mailed check,58.08,1219.72,No
C02021,Male,1,Yes,Yes,70,No,No,No internet service,Yes,Month-to-month,Yes,Bank transfer (automatic),73.15,4840.03,No
C02022,Female,0,No,No,40,Yes,Fiber optic,No internet service,Yes,Month-to-month,No,Bank transfer (automatic),111.86,4219.53,No
C02023,Male,0,Yes,No,52,Yes,DSL,Yes,Yes,Month-to-month,Yes,Electronic check,41.97,2304.42,No
C02024,Female,0,No,No,6,Yes,No,No internet service,No,Month-to-month,No,Credit card (automatic),84.61,466.77,Yes
C02025,Male,0,Yes,No,49,Yes,Fiber optic,No,Yes,Month-to-month,Yes,Mailed check,33.25,1569.32,Yes
C02026,Female,0,No,No,7,Yes,Fiber optic,No,Yes,Two year,No,Electronic check,89.38,598.17,Yes
C02027,Female,0,No,No,26,Yes,Fiber optic,No,No,Month-to-month,No,Electronic check,19.13,506.52,No
C02028,Female,0,Yes,Yes,16,Yes,Fiber optic,No internet service,Yes,Month-to-month,No,Credit card (automatic),83.59,1450.91,No
C02029,Female,0,Yes,Yes,0,Yes,No,No internet service,No,One year,Yes,Credit card (automatic),34.32,36.92,Yes
C02030,Female,0,No,No,42,Yes,DSL,No internet service,Yes,Month-to-month,Yes,Bank transfer (automatic),36.03,1393.83,No
C02031,Female,0,No,No,17,Yes,Fiber optic,Yes,No internet service,Month-to-month,No,Bank transfer (automatic),73.89,1266.23,Yes
C02032,Female,0,No,No,37,Yes,No,No,Yes,Month-to-month,No,Bank transfer (automatic),55.54,1864.77,Yes
C02033,Female,0,Yes,Yes,55,Yes,DSL,Yes,No,Month-to-month,Yes,Bank transfer (automatic),65.13,3791.64,No
C02034,Female,1,No,No,13,No,Fiber optic,Yes,No internet service,Month-to-month,No,Mailed check,48.89,619.64,No
C02035,Male,1,No,Yes,51,Yes,Fiber optic,No internet service,No,One year,Yes,Electronic check,113.35,5451.19,Yes
C02036,Male,0,Yes,No,21,Yes,Fiber optic,No,No,Two year,Yes,Electronic check,47.07,985.33,No
C02037,Male,0,Yes,Yes,24,Yes,DSL,No internet service,Yes,Month-to-month,Yes,Electronic check,72.2,1710.31,No
C02038,Male,0,Yes,Yes,42,Yes,DSL,Yes,No,One year,Yes,Bank transfer (automatic),103.44,4729.51,No
C02039,Female,0,No,No,45,Yes,Fiber optic,No internet service,No internet service,One year,Yes,Bank transfer (automatic),84.42,3444.22,Yes
C02040,Female,0,Yes,Yes,47,Yes,Fiber optic,Yes,No internet service,Month-to-month,Yes,Credit card (automatic),50.28,2575.84,No
C02041,Male,0,No,No,14,Yes,No,No,Yes,One year,No,Credit card (automatic),73.24,970.89,No
C02042,Female,0,Yes,No,42,Yes,DSL,No internet service,Yes,One year,No,Credit card (automatic),26.3,1026.18,No
C02043,Male,0,No,No,19,Yes,DSL,Yes,Yes,Two year,No,Bank transfer (automatic),72.57,1445.52,Yes
C02044,Female,0,No,Yes,20,Yes,Fiber optic,Yes,Yes,Two year,Yes,Credit card (automatic),61.14,1228.32,No
C02045,Female,1,Yes,No,69,Yes,DSL,Yes,No internet service,Month-to-month,No,Bank transfer (automatic),93.79,6983.6,Yes
C02046,Female,0,No,Yes,7,Yes,DSL,No internet service,Yes,Month-to-month,Yes,Mailed check,102.79,725.67,Yes
C02047,Female,0,Yes,No,30,Yes,Fiber optic,No internet service,No,Month-to-month,No,Mailed check,37.96,1140.05,No
C02048,Female,0,No,No,32,Yes,Fiber optic,Yes,No internet service,Month-to-month,No,Bank transfer (automatic),26.15,787.62,Yes
C02049,Female,0,No,No,17,Yes,DSL,No internet service,No internet service,Month-to-month,No,Bank transfer (automatic),57.06,1057.28,No
C02050,Female,0,No,No,57,Yes,No,No,Yes,Two year,Yes,Bank transfer (automatic),71.42,4204.87,No
C02051,Male,0,No,No,35,Yes,DSL,No internet service,No,Month-to-month,Yes,Credit card (automatic),55.68,1988.39,No
C02052,Female,0,Yes,No,52,Yes,DSL,No internet service,No internet service,Month-to-month,No,Electronic check,80.86,4448.64,No
C02053,Male,0,Yes,No,28,Yes,DSL,No,No internet service,Two year,No,Bank transfer (automatic),68.57,1766.85,No
C02054,Male,0,No,No,65,No,No,No internet service,No,Month-to-month,No,Bank transfer (automatic),111.66,7789.78,Yes
C02055,Female,0,Yes,No,53,Yes,DSL,Yes,No internet service,Month-to-month,Yes,Electronic check,58.94,3124.12,No
C02056,Male,0,No,No,24,Yes,Fiber optic,Yes,No,Two year,No,Electronic check,26.25,668.08,No
C02057,Male,1,No,No,70,Yes,DSL,No,Yes,Month-to-month,Yes,Electronic check,48.19,3516.75,No
C02058,Female,0,No,Yes,63,No,Fiber optic,No internet service,No internet service,Month-to-month,Yes,Bank transfer (automatic),78.59,4902.91,No
C02059,Female,0,Yes,No,43,Yes,DSL,Yes,No,Month-to-month,No,Credit card (automatic),43.6,1975.93,No
C02060,Female,0,No,No,1,Yes,DSL,No internet service,Yes,Two year,No,Credit card (automatic),44.9,46.88,No
C02061,Male,0,Yes,Yes,43,Yes,Fiber optic,Yes,No,Month-to-month,Yes,Electronic check,51.96,2012.52,Yes
C02062,Male,0,Yes,No,50,Yes,Fiber optic,Yes,Yes,Month-to-month,Yes,Credit card (automatic),92.61,4824.28,Yes
C02063,Male,0,No,No,26,Yes,Fiber optic,No internet service,No internet service,Month-to-month,Yes,Bank transfer (automatic),112.01,2917.38,Yes
C02064,Female,0,No,No,10,Yes,Fiber optic,Yes,No,Month-to-month,No,Mailed check,53.04,566.41,No
C02065,Female,0,No,No,41,Yes,No,No internet service,No,Two year,Yes,Electronic check,37.55,1634.89,Yes
C02066,Female,1,No,No,58,Yes,DSL,Yes,Yes,Month-to-month,No,Bank transfer (automatic),60.06,3254.02,Yes
C02067,Male,0,Yes,Yes,23,Yes,Fiber optic,Yes,No,Two year,No,Electronic check,53.18,1106.15,No
C02068,Male,1,No,Yes,33,Yes,DSL,Yes,No internet service,Month-to-month,No,Bank transfer (automatic),117.0,3626.5,Yes
C02069,Female,1,Yes,Yes,0,Yes,Fiber optic,No internet service,Yes,Month-to-month,Yes,Electronic check,64.39,67.5,Yes
C02070,Male,1,Yes,No,51,Yes,Fiber optic,Yes,No,Two year,No,Bank transfer (automatic),85.93,4707.91,No
C02071,Male,0,No,No,63,Yes,Fiber optic,No,No,Month-to-month,Yes,Credit card (automatic),109.38,7167.37,Yes
C02072,Female,1,Yes,No,56,Yes,Fiber optic,No,Yes,Month-to-month,No,Electronic check,80.91,4821.47,Yes
C02073,Male,0,Yes,No,31,Yes,DSL,No,No,Two year,No,Electronic check,42.94,1354.37,No
C02074,Male,1,No,No,3,Yes,No,Yes,Yes,Month-to-month,No,Bank transfer (automatic),78.74,236.53,Yes
C02075,Female,0,No,Yes,35,Yes,DSL,No internet service,No internet service,Month-to-month,Yes,Bank transfer (automatic),58.19,2228.24,No
C02076,Male,0,Yes,Yes,68,Yes,DSL,No internet service,No,Two year,Yes,Bank transfer (automatic),60.23,3752.09,No
C02077,Male,0,No,No,6,Yes,No,No,No,Month-to-month,No,Electronic check,115.93,684.64,No
C02078,Female,0,No,No,15,Yes,Fiber optic,No,No internet service,Month-to-month,Yes,Credit card (automatic),45.86,657.37,No
C02079,Female,0,Yes,No,61,Yes,No,No,No,Month-to-month,Yes,Mailed check,64.89,3659.08,No
C02080,Female,0,Yes,No,41,Yes,DSL,No,No,Month-to-month,No,Credit card (automatic),33.99,1423.02,No
C02081,Male,0,Yes,No,12,No,DSL,No internet service,Yes,Month-to-month,Yes,Credit card (automatic),35.85,409.83,Yes
C02082,Female,0,Yes,No,1,Yes,Fiber optic,No internet service,Yes,One year,No,Bank transfer (automatic),78.35,77.77,Yes
C02083,Female,0,Yes,No,29,Yes,DSL,Yes,No internet service,Month-to-month,No,Credit card (automatic),93.1,2503.67,Yes
C02084,Female,0,Yes,No,43,Yes,Fiber optic,No,No internet service,One year,Yes,Electronic check,81.65,3433.7,Yes
C02085,Male,0,Yes,No,61,Yes,DSL,No internet service,No internet service,Month-to-month,No,Mailed check,50.93,2920.48,No
C02086,Female,0,Yes,No,64,Yes,DSL,Yes,No,Month-to-month,No,Bank transfer (automatic),23.96,1655.18,No
C02087,Male,0,No,No,33,Yes,Fiber optic,Yes,No,Month-to-month,Yes,Mailed check,65.03,2155.6,Yes
C02088,Female,0,Yes,Yes,30,No,DSL,Yes,No internet service,One year,Yes,Credit card (automatic),68.43,2175.89,Yes
C02089,Male,0,Yes,No,67,Yes,DSL,Yes,Yes,Month-to-month,Yes,Credit card (automatic),95.07,6351.51,No
C02090,Female,0,No,No,56,No,DSL,No,No,Month-to-month,Yes,Electronic check,82.03,4173.25,No
C02091,Male,1,Yes,No,15,Yes,DSL,No,No internet service,Two year,Yes,Credit card (automatic),105.13,1638.31,Yes
C02092,Male,0,Yes,No,49,No,Fiber optic,No internet service,No,One year,Yes,Credit card (automatic),96.3,4291.96,No
C02093,Male,0,No,No,52,Yes,Fiber optic,No internet service,No,Month-to-month,Yes,Mailed check,54.59,2779.09,No
C02094,Male,0,Yes,No,17,Yes,Fiber optic,No internet service,No,Two year,Yes,Electronic check,81.22,1393.7,No
C02095,Male,1,Yes,No,71,Yes,Fiber optic,No,No internet service,Month-to-month,No,Mailed check,92.73,6952.3,No
C02096,Male,0,No,Yes,21,Yes,DSL,No internet service,No internet service,Month-to-month,Yes,Credit card (automatic),113.69,2577.82,No
C02097,Male,0,Yes,No,40,Yes,DSL,No internet service,No internet service,Month-to-month,No,Electronic check,60.24,2267.34,Yes
C02098,Male,0,No,Yes,36,Yes,No,No internet service,No,Month-to-month,No,Credit card (automatic),82.83,3079.43,No
C02099,Male,0,No,No,50,Yes,DSL,No,No internet service,Month-to-month,Yes,Electronic check,57.27,2846.45,No
C02100,Male,0,Yes,No,65,Yes,No,No,No,One year,Yes,Credit card (automatic),91.78,6284.88,No
C02101,Male,1,Yes,Yes,28,Yes,DSL,Yes,No internet service,Month-to-month,Yes,Bank transfer (automatic),109.2,3326.57,No
C02102,Male,1,No,Yes,28,Yes,Fiber optic,Yes,Yes,Two year,No,Mailed check,109.92,3098.05,No
C02103,Male,0,No,Yes,54,Yes,Fiber optic,No internet service,Yes,Two year,No,Bank transfer (automatic),33.71,1742.71,Yes
C02104,Male,0,Yes,No,69,Yes,Fiber optic,No internet service,Yes,One year,No,Credit card (automatic),38.41,2808.52,Yes
C02105,Female,0,Yes,Yes,66,No,Fiber optic,No internet service,Yes,One year,No,Mailed check,93.49,6203.33,No
C02106,Female,1,No,No,54,Yes,No,No,Yes,One year,Yes,Mailed check,81.1,4714.23,Yes
C02107,Female,1,No,No,51,Yes,Fiber optic,No internet service,No internet service,Two year,No,Bank transfer (automatic),108.51,5607.14,No
C02108,Male,0,Yes,No,56,Yes,Fiber optic,Yes,No internet service,Month-to-month,No,Electronic check,49.38,3007.03,No
C02109,Male,0,Yes,No,68,Yes,No,No internet service,No internet service,Month-to-month,Yes,Bank transfer (automatic),102.8,6315.88,Yes
C02110,Male,0,Yes,No,0,Yes,DSL,No internet service,No internet service,Month-to-month,Yes,Mailed check,86.38,90.51,Yes
C02111,Female,0,Yes,No,42,No,Fiber optic,No,No,Month-to-month,Yes,Mailed check,37.55,1528.7,No
C02112,Female,0,Yes,No,2,Yes,No,Yes,No internet service,Month-to-month,No,Credit card (automatic),30.65,63.37,Yes
C02113,Male,0,No,No,42,Yes,No,No internet service,Yes,One year,Yes,Bank transfer (automatic),88.27,4035.33,Yes
C02114,Female,0,No,No,28,Yes,DSL,Yes,No,Month-to-month,Yes,Electronic check,33.85,976.98,Yes
C02115,Female,0,Yes,Yes,22,Yes,No,Yes,No internet service,Two year,Yes,Credit card (automatic),97.43,2248.48,Yes
C02116,Female,1,Yes,Yes,65,No,DSL,Yes,No internet service,Month-to-month,No,Mailed check,73.71,4463.48,No
C02117,Female,0,Yes,No,51,No,Fiber optic,No,No internet service,Month-to-month,No,Electronic check,65.69,3129.42,No
C02118,Male,0,No,No,41,Yes,Fiber optic,Yes,Yes,Month-to-month,Yes,Bank transfer (automatic),45.55,1894.98,No
C02119,Male,0,Yes,No,64,Yes,Fiber optic,No internet service,No,Month-to-month,No,Mailed check,116.38,7344.94,No
C02120,Female,0,No,No,7,Yes,Fiber optic,Yes,Yes,Month-to-month,Yes,Credit card (automatic),90.22,582.43,Yes
C02121,Female,0,No,Yes,47,Yes,DSL,No internet service,Yes,Month-to-month,No,Bank transfer (automatic),95.81,4708.71,No
C02122,Female,0,Yes,No,11,Yes,Fiber optic,No,Yes,Month-to-month,Yes,Electronic check,94.87,1085.1,No
C02123,Female,0,Yes,No,17,Yes,DSL,No,No internet service,Month-to-month,Yes,Credit card (automatic),76.4,1192.71,No
C02124,Male,0,Yes,No,13,Yes,DSL,Yes,No,Month-to-month,Yes,Electronic check,111.97,1324.21,Yes
C02125,Female,0,No,No,39,Yes,Fiber optic,No,No,Month-to-month,No,Mailed check,76.38,2906.62,Yes
C02126,Male,0,Yes,No,45,Yes,Fiber optic,No internet service,No,Month-to-month,Yes,Electronic check,70.0,3233.75,Yes
C02127,Male,1,Yes,No,55,Yes,Fiber optic,No,No internet service,Month-to-month,No,Electronic check,45.37,2691.77,Yes
C02128,Male,0,Yes,Yes,32,Yes,Fiber optic,No,Yes,Month-to-month,No,Bank transfer (automatic),46.17,1458.09,Yes
C02129,Female,0,Yes,Yes,68,Yes,DSL,No,No,Month-to-month,Yes,Credit card (automatic),91.69,5716.3,No
C02130,Male,0,No,Yes,27,Yes,No,No,No,Month-to-month,No,Bank transfer (automatic),51.48,1484.61,Yes
C02131,Female,1,Yes,No,11,Yes,Fiber optic,Yes,No,One year,No,Electronic check,90.87,924.58,Yes
C02132,Male,0,Yes,Yes,2,Yes,DSL,No internet service,No internet service,Two year,Yes,Mailed check,113.27,232.76,No
C02133,Female,0,Yes,Yes,9,Yes,DSL,No,No,Two year,Yes,Bank transfer (automatic),61.93,547.72,No
C02134,Male,0,Yes,No,32,Yes,No,Yes,No,Month-to-month,Yes,Bank transfer (automatic),27.73,960.05,Yes
C02135,Female,0,No,No,30,Yes,Fiber optic,No internet service,No,Month-to-month,No,Mailed check,84.65,2643.57,Yes
C02136,Male,0,Yes,Yes,62,Yes,DSL,Yes,No,Month-to-month,Yes,Mailed check,18.95,1057.44,No
C02137,Male,1,No,No,9,Yes,No,No internet service,Yes,One year,No,Electronic check,96.7,848.15,No
C02138,Female,0,No,Yes,19,No,Fiber optic,No internet service,No,One year,Yes,Electronic check,70.57,1255.1,No
C02139,Female,0,No,Yes,71,Yes,Fiber optic,No,No internet service,Two year,Yes,Electronic check,66.97,4549.01,No
C02140,Female,0,Yes,No,2,Yes,DSL,No,Yes,Two year,No,Electronic check,74.94,146.85,No
C02141,Female,0,No,No,30,Yes,Fiber optic,No internet service,No internet service,Month-to-month,No,Credit card (automatic),69.64,2106.49,No
C02142,Female,0,Yes,No,14,Yes,DSL,Yes,Yes,One year,Yes,Bank transfer (automatic),50.38,747.41,Yes
C02143,Male,0,Yes,Yes,38,Yes,DSL,Yes,No,Two year,Yes,Credit card (automatic),46.15,1608.64,No
C02144,Male,0,Yes,No,71,Yes,No,No,Yes,Month-to-month,No,Credit card (automatic),59.53,4176.84,No
C02145,Female,0,No,Yes,16,Yes,DSL,Yes,Yes,Two year,No,Electronic check,107.49,1840.48,No
C02146,Female,1,No,No,27,Yes,DSL,Yes,No,Month-to-month,No,Mailed check,31.54,840.03,Yes
C02147,Male,0,Yes,No,32,No,Fiber optic,Yes,No,Two year,Yes,Mailed check,50.48,1621.59,No
C02148,Male,0,No,No,58,Yes,Fiber optic,No internet service,No internet service,One year,No,Bank transfer (automatic),37.23,2279.66,No
C02149,Male,0,No,No,71,Yes,DSL,Yes,Yes,Month-to-month,No,Bank transfer (automatic),60.71,4493.94,Yes
C02150,Female,0,Yes,Yes,7,Yes,DSL,Yes,Yes,One year,No,Credit card (automatic),31.35,219.89,Yes
C02151,Female,0,No,No,35,Yes,DSL,No internet service,No internet service,Month-to-month,Yes,Mailed check,94.08,3600.41,Yes
C02152,Female,0,No,No,54,Yes,No,Yes,Yes,One year,No,Bank transfer (automatic),28.35,1388.9,No
C02153,Male,1,No,No,0,Yes,Fiber optic,Yes,Yes,Two year,No,Electronic check,84.53,77.0,Yes
C02154,Female,0,No,Yes,58,Yes,Fiber optic,No,Yes,One year,No,Electronic check,44.77,2558.94,No
C02155,Male,0,Yes,Yes,17,Yes,Fiber optic,Yes,No,Two year,Yes,Mailed check,65.22,1032.87,No
C02156,Female,0,Yes,No,37,No,No,Yes,Yes,Month-to-month,No,Mailed check,38.0,1326.28,No
C02157,Female,0,No,No,71,Yes,DSL,No internet service,Yes,Month-to-month,No,Mailed check,91.02,6010.16,No
C02158,Female,0,No,No,46,Yes,No,No internet service,No,Month-to-month,No,Electronic check,112.83,5389.87,No
C02159,Female,0,Yes,No,72,Yes,DSL,No,Yes,Month-to-month,Yes,Electronic check,40.17,2846.7,No
C02160,Female,0,Yes,No,44,Yes,No,Yes,No internet service,Month-to-month,No,Credit card (automatic),113.32,5319.32,Yes
C02161,Male,1,Yes,Yes,15,Yes,Fiber optic,No internet service,No,Month-to-month,No,Electronic check,50.53,720.11,Yes
C02162,Male,0,No,No,50,Yes,Fiber optic,No,No internet service,Month-to-month,No,Credit card (automatic),73.78,3780.06,Yes
C02163,Female,0,No,Yes,44,Yes,Fiber optic,No,No,Month-to-month,No,Bank transfer (automatic),88.16,3656.73,No
C02164,Male,0,No,No,22,Yes,Fiber optic,No internet service,Yes,Two year,No,Electronic check,37.93,753.43,No
C02165,Female,0,No,No,5,Yes,Fiber optic,No internet service,No internet service,Month-to-month,No,Credit card (automatic),62.48,324.2,Yes
C02166,Female,1,No,Yes,47,Yes,DSL,Yes,No internet service,Two year,Yes,Bank transfer (automatic),24.78,1082.09,Yes
C02167,Female,0,Yes,No,42,Yes,Fiber optic,No,Yes,Month-to-month,Yes,Bank transfer (automatic),87.71,3826.61,No
C02168,Female,0,No,No,56,No,DSL,No internet service,No,Month-to-month,Yes,Electronic check,59.66,3468.37,Yes
C02169,Male,0,Yes,Yes,9,Yes,No,No internet service,No,Month-to-month,No,Bank transfer (automatic),107.16,996.87,Yes
C02170,Male,0,Yes,No,39,Yes,DSL,No internet service,Yes,Month-to-month,No,Electronic check,45.4,1803.16,No
C02171,Female,0,Yes,No,59,Yes,Fiber optic,No internet service,Yes,Month-to-month,Yes,Mailed check,110.36,7012.5,No
C02172,Female,1,Yes,No,65,Yes,No,No,No internet service,Month-to-month,Yes,Electronic check,32.1,1909.41,No
C02173,Female,0,Yes,Yes,68,Yes,Fiber optic,Yes,No internet service,Month-to-month,Yes,Credit card (automatic),78.7,5813.78,No
C02174,Female,0,Yes,No,15,Yes,Fiber optic,No,No internet service,Month-to-month,No,Electronic check,48.78,668.18,No
C02175,Male,0,No,No,12,No,Fiber optic,Yes,No internet service,One year,No,Bank transfer (automatic),36.18,433.75,Yes
C02176,Female,0,No,Yes,42,Yes,Fiber optic,Yes,No,Month-to-month,No,Bank transfer (automatic),27.39,1247.76,Yes
C02177,Male,0,No,Yes,33,Yes,DSL,No,No internet service,Two year,Yes,Mailed check,83.56,2630.05,No
C02178,Female,0,Yes,Yes,17,Yes,Fiber optic,No,No internet service,Month-to-month,Yes,Mailed check,41.32,749.91,Yes
C02179,Female,0,No,No,7,Yes,No,No internet service,No,Two year,Yes,Mailed check,75.28,536.78,No
C02180,Male,0,Yes,No,10,Yes,Fiber optic,Yes,No,One year,No,Bank transfer (automatic),115.94,1243.15,No
C02181,Male,1,No,No,24,Yes,No,Yes,Yes,Two year,No,Bank transfer (automatic),49.6,1082.92,Yes
C02182,Female,0,Yes,Yes,53,Yes,No,Yes,No internet service,Two year,No,Credit card (automatic),21.49,1151.71,No
C02183,Male,0,Yes,No,4,No,Fiber optic,Yes,Yes,Month-to-month,Yes,Electronic check,32.28,121.08,Yes
C02184,Female,0,Yes,No,7,Yes,Fiber optic,No internet service,Yes,Month-to-month,Yes,Credit card (automatic),29.93,189.32,Yes
C02185,Male,0,Yes,Yes,19,No,Fiber optic,No internet service,No internet service,Month-to-month,No,Mailed check,64.33,1268.46,Yes
C02186,Male,0,Yes,No,63,Yes,DSL,No internet service,Yes,Two year,No,Electronic check,92.47,6116.52,No
C02187,Male,0,Yes,No,72,No,DSL,No internet service,Yes,One year,No,Credit card (automatic),47.64,3592.18,No
C02188,Male,0,No,No,32,Yes,DSL,No,No internet service,Month-to-month,No,Mailed check,32.58,1089.89,Yes
C02189,Male,0,No,Yes,3,Yes,Fiber optic,No internet service,Yes,Two year,Yes,Bank transfer (automatic),82.08,261.01,No
C02190,Female,0,Yes,Yes,0,Yes,Fiber optic,Yes,Yes,Month-to-month,Yes,Credit card (automatic),48.12,47.83,Yes
C02191,Female,1,No,No,62,No,DSL,No,Yes,One year,No,Bank transfer (automatic),75.52,4539.5,Yes
C02192,Male,0,Yes,No,32,Yes,DSL,Yes,No internet service,One year,Yes,Credit card (automatic),111.38,3757.31,No
C02193,Male,0,No,No,5,No,Fiber optic,No internet service,Yes,Month-to-month,No,Mailed check,47.13,243.5,No
C02194,Female,0,Yes,Yes,60,No,Fiber optic,No internet service,Yes,One year,No,Bank transfer (automatic),69.25,3905.71,No
C02195,Male,0,Yes,No,38,No,Fiber optic,No,No,Two year,No,Electronic check,98.68,3701.31,No
C02196,Male,0,No,No,25,Yes,DSL,Yes,No internet service,Month-to-month,No,Mailed check,87.17,2040.72,Yes
C02197,Female,0,No,Yes,33,Yes,Fiber optic,Yes,No,Month-to-month,No,Electronic check,93.15,3245.42,No
C02198,Male,0,No,No,16,Yes,DSL,No,Yes,Month-to-month,No,Mailed check,95.26,1447.08,Yes
C02199,Male,0,No,No,68,Yes,No,No,Yes,One year,Yes,Electronic check,71.99,5015.45,No
C02200,Female,0,Yes,No,57,Yes,No,Yes,No internet service,Month-to-month,No,Mailed check,71.61,4273.91,Yes
C02201,Male,0,No,Yes,14,Yes,DSL,No,No,Two year,Yes,Electronic check,89.89,1382.19,Yes
C02202,Male,0,Yes,Yes,53,Yes,DSL,No internet service,Yes,Two year,No,Mailed check,87.76,4589.09,No
C02203,Male,0,No,No,13,No,DSL,No,No internet service,Month-to-month,Yes,Electronic check,85.01,1187.45,Yes
C02204,Female,0,Yes,No,33,Yes,DSL,No,Yes,Month-to-month,Yes,Mailed check,56.21,1915.9,No
C02205,Male,0,No,No,54,Yes,Fiber optic,No internet service,No internet service,One year,Yes,Credit card (automatic),100.85,4910.51,No
C02206,Male,0,Yes,No,2,Yes,DSL,Yes,Yes,One year,No,Bank transfer (automatic),41.62,81.43,No
C02207,Male,0,No,No,52,No,DSL,No internet service,No,Month-to-month,Yes,Electronic check,33.57,1708.67,No
C02208,Female,0,No,No,16,Yes,Fiber optic,Yes,No,Month-to-month,No,Bank transfer (automatic),52.52,776.39,No
C02209,Female,0,Yes,Yes,51,Yes,No,Yes,Yes,Month-to-month,No,Credit card (automatic),43.38,2184.54,No
C02210,Male,0,No,No,36,Yes,DSL,No internet service,Yes,Two year,No,Bank transfer (automatic),84.32,2802.67,Yes
C02211,Female,0,No,No,1,Yes,DSL,Yes,No,Month-to-month,No,Mailed check,41.1,43.86,No
C02212,Female,0,Yes,No,55,Yes,DSL,No,No,Two year,No,Credit card (automatic),83.65,4473.67,No
C02213,Female,0,No,No,18,No,DSL,No internet service,Yes,Month-to-month,Yes,Credit card (automatic),69.32,1168.68,No
C02214,Female,0,No,No,69,No,DSL,Yes,No internet service,Two year,Yes,Credit card (automatic),33.25,2340.97,No
C02215,Male,0,Yes,Yes,61,Yes,No,Yes,Yes,Month-to-month,No,Mailed check,43.84,2865.49,Yes
C02216,Male,0,Yes,No,14,Yes,No,Yes,Yes,Month-to-month,Yes,Mailed check,70.17,1067.83,No
C02217,Female,1,Yes,No,43,No,DSL,No internet service,No internet service,Two year,No,Mailed check,91.31,4235.95,Yes
C02218,Male,1,Yes,No,26,Yes,DSL,No internet service,Yes,Two year,No,Credit card (automatic),57.83,1618.47,No
C02219,Female,0,No,Yes,43,Yes,DSL,No internet service,No,Month-to-month,No,Credit card (automatic),41.28,1721.1,No
C02220,Female,0,No,No,40,Yes,DSL,Yes,No internet service,Month-to-month,No,Electronic check,47.51,1902.46,No
C02221,Male,0,No,Yes,21,Yes,No,No internet service,Yes,Month-to-month,No,Mailed check,27.51,562.84,Yes
C02222,Female,0,No,No,47,Yes,Fiber optic,No,Yes,Month-to-month,No,Mailed check,20.51,1045.38,No
C02223,Female,0,Yes,Yes,18,Yes,DSL,Yes,No internet service,Month-to-month,No,Credit card (automatic),115.31,1906.56,Yes
C02224,Male,0,Yes,No,66,No,DSL,Yes,No internet service,Two year,No,Electronic check,27.64,1844.06,No
C02225,Male,0,No,No,69,Yes,DSL,No,Yes,Month-to-month,No,Mailed check,30.49,1997.32,No
C02226,Female,0,Yes,Yes,12,Yes,DSL,No,No,One year,Yes,Credit card (automatic),105.1,1349.58,No
C02227,Female,0,Yes,No,53,No,Fiber optic,No internet service,No,Month-to-month,No,Bank transfer (automatic),84.35,4326.79,No
C02228,Female,0,Yes,No,67,Yes,Fiber optic,No internet service,No internet service,Month-to-month,No,Mailed check,61.61,4428.12,No
C02229,Male,0,No,Yes,9,Yes,DSL,No,No internet service,One year,No,Credit card (automatic),82.9,809.97,Yes
C02230,Female,0,Yes,Yes,53,Yes,DSL,Yes,Yes,Month-to-month,No,Electronic check,111.5,5521.8,No
C02231,Female,0,Yes,No,68,Yes,No,No,Yes,One year,No,Mailed check,27.94,1996.53,No
C02232,Male,0,Yes,No,16,Yes,Fiber optic,Yes,No,Month-to-month,Yes,Credit card (automatic),42.37,657.58,Yes
C02233,Female,1,Yes,No,42,Yes,DSL,No,No internet service,Two year,No,Mailed check,104.03,4284.74,No
C02234,Female,0,No,Yes,58,Yes,Fiber optic,No internet service,No internet service,One year,Yes,Credit card (automatic),96.06,5320.07,No
C02235,Male,0,Yes,No,24,Yes,No,No internet service,Yes,Two year,No,Credit card (automatic),117.43,2884.08,No
C02236,Female,0,Yes,No,17,Yes,DSL,No,No,Month-to-month,No,Credit card (automatic),49.39,813.29,No
C02237,Female,1,No,Yes,28,Yes,Fiber optic,Yes,No,Month-to-month,No,Mailed check,112.49,3301.29,No
C02238,Female,0,No,No,24,Yes,No,No internet service,Yes,Month-to-month,Yes,Mailed check,52.37,1326.89,No
C02239,Male,0,Yes,No,52,Yes,Fiber optic,No,No,Month-to-month,Yes,Bank transfer (automatic),89.51,4556.9,Yes
C02240,Male,0,No,No,27,Yes,No,Yes,Yes,Month-to-month,Yes,Credit card (automatic),106.27,2585.08,No
C02241,Female,0,Yes,Yes,27,Yes,Fiber optic,Yes,Yes,Month-to-month,Yes,Bank transfer (automatic),35.08,864.96,No
C02242,Female,0,Yes,No,68,No,DSL,No internet service,No,Month-to-month,No,Mailed check,38.56,2503.46,Yes
C02243,Male,0,Yes,Yes,42,Yes,Fiber optic,Yes,Yes,Month-to-month,Yes,Credit card (automatic),76.1,3486.33,No
C02244,Female,0,No,Yes,67,Yes,DSL,No internet service,No,Month-to-month,No,Electronic check,102.38,6713.78,No
C02245,Male,0,No,No,51,Yes,DSL,Yes,No internet service,Month-to-month,No,Electronic check,25.89,1384.89,Yes
C02246,Male,0,Yes,No,64,Yes,Fiber optic,Yes,Yes,Month-to-month,No,Electronic check,103.09,7173.19,No
C02247,Male,0,Yes,No,14,Yes,Fiber optic,Yes,No internet service,One year,Yes,Electronic check,52.31,709.15,No
C02248,Female,0,No,No,68,Yes,DSL,No,No internet service,Month-to-month,Yes,Electronic check,58.62,4035.02,Yes
C02249,Female,0,Yes,Yes,68,Yes,No,No internet service,Yes,Month-to-month,No,Mailed check,51.99,3784.43,Yes
C02250,Male,0,No,No,2,Yes,DSL,No,Yes,Month-to-month,No,Bank transfer (automatic),109.15,223.31,No
C02251,Female,0,Yes,No,26,Yes,DSL,Yes,Yes,One year,Yes,Credit card (automatic),31.08,745.41,No
C02252,Male,0,No,No,30,Yes,Fiber optic,No internet service,No internet service,Month-to-month,Yes,Bank transfer (automatic),75.43,2384.91,No
C02253,Female,1,No,No,30,Yes,Fiber optic,No,No,One year,Yes,Bank transfer (automatic),32.81,1063.85,No
C02254,Male,0,Yes,No,56,Yes,Fiber optic,No,No internet service,Two year,No,Bank transfer (automatic),110.86,6541.88,Yes
C02255,Male,0,No,Yes,50,Yes,Fiber optic,No internet service,Yes,Month-to-month,Yes,Credit card (automatic),97.79,5136.46,No
C02256,Male,0,No,Yes,15,Yes,No,No internet service,No,Two year,No,Bank transfer (automatic),41.38,652.44,Yes
C02257,Male,0,No,No,44,Yes,DSL,Yes,No,Two year,No,Credit card (automatic),47.78,2149.64,No
C02258,Female,0,No,No,71,Yes,Fiber optic,No internet service,No,Month-to-month,Yes,Bank transfer (automatic),56.15,3785.57,No
C02259,Female,0,Yes,No,32,Yes,Fiber optic,No,No,Month-to-month,No,Electronic check,58.54,2027.2,Yes
C02260,Female,0,No,Yes,67,Yes,No,Yes,Yes,One year,No,Credit card (automatic),99.73,6185.99,No
C02261,Female,0,Yes,No,47,Yes,Fiber optic,No,No,Two year,Yes,Bank transfer (automatic),74.45,3728.2,No
C02262,Male,0,No,Yes,67,Yes,DSL,Yes,No,Month-to-month,Yes,Mailed check,60.79,3958.38,No
C02263,Female,1,No,No,65,Yes,Fiber optic,No internet service,Yes,Month-to-month,No,Credit card (automatic),89.94,6049.33,No
C02264,Male,0,No,Yes,1,No,Fiber optic,No,No internet service,One year,Yes,Mailed check,63.79,67.68,Yes
C02265,Female,1,Yes,Yes,58,Yes,Fiber optic,Yes,Yes,Month-to-month,Yes,Electronic check,30.82,1894.31,No
C02266,Female,0,Yes,No,13,Yes,DSL,No internet service,No internet service,One year,Yes,Credit card (automatic),28.75,348.42,No
C02267,Female,0,Yes,No,60,Yes,No,No,No,Month-to-month,Yes,Mailed check,50.6,3103.35,No
C02268,Male,0,Yes,No,58,Yes,No,No internet service,Yes,One year,Yes,Mailed check,78.29,4281.6,No
C02269,Male,0,No,No,18,No,No,No internet service,No internet service,Two year,Yes,Mailed check,31.48,522.68,No
C02270,Female,0,No,No,4,Yes,No,Yes,No internet service,One year,Yes,Electronic check,73.01,292.83,No
C02271,Female,0,Yes,No,30,No,DSL,No,No internet service,One year,Yes,Credit card (automatic),44.96,1480.32,Yes
C02272,Female,0,Yes,Yes,22,Yes,No,No internet service,No,One year,No,Mailed check,87.54,2111.41,Yes
C02273,Male,0,No,Yes,40,Yes,Fiber optic,No,No internet service,Two year,No,Mailed check,20.83,845.43,No
C02274,Female,0,No,No,5,No,Fiber optic,No,No internet service,Two year,No,Bank transfer (automatic),64.9,342.16,No
C02275,Female,0,No,No,3,Yes,Fiber optic,No internet service,No,Month-to-month,Yes,Mailed check,23.23,66.2,Yes
C02276,Female,0,No,No,31,Yes,DSL,No,No internet service,One year,No,Electronic check,51.05,1495.31,No
C02277,Female,0,Yes,Yes,56,Yes,Fiber optic,No,No,Month-to-month,No,Mailed check,19.56,1140.6,Yes
C02278,Female,0,No,Yes,22,Yes,DSL,No,Yes,Two year,Yes,Electronic check,64.91,1509.7,Yes
C02279,Female,0,Yes,Yes,23,Yes,No,No internet service,No internet service,One year,Yes,Mailed check,94.7,2283.45,Yes
C02280,Female,1,No,No,11,Yes,Fiber optic,No,Yes,Month-to-month,Yes,Mailed check,28.02,283.84,Yes
C02281,Male,0,No,No,20,Yes,Fiber optic,No,Yes,Month-to-month,Yes,Electronic check,91.52,1777.78,Yes
C02282,Male,0,Yes,Yes,21,Yes,DSL,No internet service,No,Month-to-month,Yes,Mailed check,76.42,1458.52,Yes
C02283,Male,0,No,No,18,Yes,DSL,Yes,No,One year,No,Electronic check,68.46,1302.81,No
C02284,Female,0,No,No,25,Yes,DSL,No,No,Month-to-month,No,Credit card (automatic),77.95,1875.38,Yes
C02285,Male,0,No,Yes,20,Yes,DSL,No,No internet service,Month-to-month,No,Mailed check,51.59,1017.3,No
C02286,Male,0,No,Yes,49,Yes,Fiber optic,No,No,Two year,No,Bank transfer (automatic),89.03,4431.3,Yes
C02287,Female,1,No,No,24,Yes,Fiber optic,Yes,No,One year,No,Electronic check,95.97,2073.21,No
C02288,Female,0,Yes,Yes,55,Yes,No,Yes,No internet service,Month-to-month,Yes,Credit card (automatic),95.82,5116.34,Yes
C02289,Male,0,Yes,Yes,44,Yes,Fiber optic,No,No,Month-to-month,No,Electronic check,44.95,2067.7,No
C02290,Male,0,Yes,No,46,Yes,Fiber optic,No,No internet service,Two year,Yes,Mailed check,83.39,3671.81,No
C02291,Male,0,No,No,42,Yes,DSL,Yes,No,One year,No,Bank transfer (automatic),32.81,1397.44,No
C02292,Female,1,No,No,67,Yes,No,No internet service,Yes,One year,Yes,Bank transfer (automatic),67.54,4957.04,No
C02293,Male,0,No,No,18,Yes,DSL,Yes,No,Month-to-month,Yes,Bank transfer (automatic),18.26,303.58,Yes
C02294,Female,1,Yes,Yes,71,Yes,Fiber optic,No internet service,No internet service,Month-to-month,No,Bank transfer (automatic),37.36,2529.61,Yes
C02295,Male,0,Yes,No,15,Yes,Fiber optic,No internet service,Yes,Month-to-month,Yes,Mailed check,81.17,1262.35,No
C02296,Female,0,Yes,No,10,Yes,DSL,No internet service,Yes,One year,Yes,Electronic check,105.44,1075.15,Yes
C02297,Male,0,Yes,No,60,Yes,Fiber optic,No internet service,No,Month-to-month,Yes,Credit card (automatic),22.9,1505.36,Yes
C02298,Male,0,Yes,No,65,Yes,No,Yes,No internet service,Month-to-month,No,Electronic check,73.86,4354.03,Yes
C02299,Male,0,Yes,No,6,No,Fiber optic,No internet service,Yes,One year,Yes,Electronic check,81.68,527.13,No
C02300,Female,0,No,No,43,No,Fiber optic,No,No internet service,Two year,No,Mailed check,111.24,4772.36,No
C02301,Male,0,Yes,No,37,Yes,Fiber optic,No internet service,Yes,One year,Yes,Mailed check,83.51,2921.1,No
C02302,Female,0,Yes,No,16,Yes,DSL,No,No internet service,Month-to-month,Yes,Electronic check,28.3,453.1,Yes
C02303,Male,0,Yes,No,38,No,DSL,Yes,Yes,Month-to-month,Yes,Bank transfer (automatic),32.67,1219.66,No
C02304,Male,0,Yes,No,50,No,No,Yes,No internet service,Month-to-month,Yes,Bank transfer (automatic),81.58,3817.4,Yes
C02305,Female,0,Yes,Yes,41,Yes,Fiber optic,No internet service,No,Month-to-month,Yes,Electronic check,39.56,1530.93,Yes
C02306,Male,0,No,Yes,37,Yes,DSL,No,Yes,Month-to-month,Yes,Credit card (automatic),110.83,3926.96,No
C02307,Male,0,Yes,Yes,64,Yes,Fiber optic,Yes,No internet service,Month-to-month,No,Mailed check,110.07,7118.02,No
C02308,Male,0,Yes,No,16,Yes,Fiber optic,No,No,One year,No,Mailed check,112.87,1655.34,No
C02309,Female,0,No,Yes,45,Yes,DSL,No internet service,Yes,Two year,No,Mailed check,47.3,1953.47,No
C02310,Male,0,Yes,Yes,23,Yes,DSL,Yes,No,Two year,Yes,Electronic check,89.69,1993.45,No
C02311,Female,1,Yes,No,71,Yes,Fiber optic,Yes,No internet service,Month-to-month,Yes,Credit card (automatic),84.3,6233.44,No
C02312,Female,0,Yes,No,18,Yes,No,Yes,No,Month-to-month,Yes,Electronic check,21.56,425.2,Yes
C02313,Male,0,Yes,No,63,Yes,DSL,No,No internet service,Month-to-month,Yes,Credit card (automatic),44.56,2533.29,Yes
C02314,Male,0,Yes,Yes,46,Yes,Fiber optic,No,No,Month-to-month,No,Bank transfer (automatic),38.68,1947.37,No
C02315,Female,0,Yes,No,15,Yes,Fiber optic,No internet service,Yes,Month-to-month,Yes,Electronic check,55.08,856.94,Yes
C02316,Male,0,Yes,No,55,Yes,DSL,Yes,No,Month-to-month,No,Mailed check,113.31,6731.84,No
C02317,Male,0,Yes,No,17,Yes,No,No,Yes,One year,No,Credit card (automatic),102.56,1756.19,Yes
C02318,Female,0,Yes,No,19,Yes,Fiber optic,No,No internet service,Month-to-month,No,Credit card (automatic),47.34,892.79,Yes
C02319,Female,1,Yes,No,25,Yes,Fiber optic,No internet service,Yes,Two year,No,Mailed check,71.0,1876.23,No
C02320,Male,1,Yes,Yes,49,Yes,DSL,No internet service,No,Month-to-month,Yes,Credit card (automatic),37.23,1842.92,Yes
C02321,Male,0,No,No,28,Yes,DSL,Yes,Yes,Month-to-month,Yes,Bank transfer (automatic),45.74,1382.5,No
C02322,Female,0,Yes,No,41,Yes,No,No,Yes,Month-to-month,No,Credit card (automatic),24.5,1083.47,Yes
C02323,Male,0,Yes,No,40,Yes,DSL,No,Yes,Month-to-month,Yes,Mailed check,82.26,3310.44,No
C02324,Male,0,Yes,Yes,14,Yes,Fiber optic,No,No,Month-to-month,Yes,Bank transfer (automatic),83.69,1188.95,No
C02325,Female,0,Yes,Yes,16,No,Fiber optic,Yes,No,Two year,Yes,Bank transfer (automatic),101.85,1615.35,Yes
C02326,Female,1,Yes,No,22,Yes,DSL,No,No internet service,Month-to-month,No,Credit card (automatic),105.16,2401.16,No
C02327,Female,0,Yes,Yes,16,No,Fiber optic,No internet service,No,Month-to-month,Yes,Mailed check,34.01,564.01,No
C02328,Female,0,Yes,No,67,Yes,Fiber optic,Yes,No internet service,One year,Yes,Credit card (automatic),92.3,6370.36,Yes
C02329,Female,1,No,Yes,27,Yes,No,No internet service,No internet service,Month-to-month,No,Electronic check,31.47,775.32,No
C02330,Male,0,Yes,Yes,29,Yes,DSL,No internet service,No,One year,Yes,Mailed check,55.37,1754.61,No
C02331,Female,1,Yes,No,49,Yes,DSL,No internet service,Yes,Month-to-month,No,Electronic check,69.55,3295.9,No
C02332,Male,0,Yes,Yes,57,Yes,DSL,No internet service,Yes,Two year,Yes,Bank transfer (automatic),22.95,1241.75,Yes
C02333,Female,0,No,No,50,Yes,DSL,Yes,No internet service,Month-to-month,Yes,Mailed check,33.68,1586.68,Yes
C02334,Female,0,No,Yes,40,Yes,No,No,No internet service,Month-to-month,No,Bank transfer (automatic),45.11,1648.96,Yes
C02335,Female,0,Yes,No,71,Yes,Fiber optic,No internet service,No internet service,One year,Yes,Mailed check,30.75,2164.49,Yes
C02336,Male,1,No,No,65,Yes,DSL,Yes,Yes,Two year,No,Bank transfer (automatic),111.41,6577.69,No
C02337,Female,0,No,No,14,Yes,DSL,No internet service,Yes,Month-to-month,Yes,Bank transfer (automatic),46.83,611.16,No
C02338,Female,0,Yes,No,11,Yes,Fiber optic,No internet service,No internet service,One year,No,Mailed check,68.12,675.18,Yes
C02339,Male,0,No,No,28,Yes,DSL,Yes,No internet service,Month-to-month,No,Credit card (automatic),117.65,3079.87,Yes
C02340,Female,0,No,Yes,60,Yes,DSL,Yes,No,Month-to-month,No,Electronic check,74.66,4923.3,Yes
C02341,Male,1,No,No,70,Yes,Fiber optic,Yes,No internet service,Month-to-month,Yes,Bank transfer (automatic),59.15,4174.83,No
C02342,Male,1,Yes,No,51,Yes,Fiber optic,No,No,One year,Yes,Credit card (automatic),110.98,5169.99,No
C02343,Male,0,No,Yes,50,Yes,DSL,No internet service,No internet service,Month-to-month,Yes,Bank transfer (automatic),40.25,2038.32,No
C02344,Female,1,Yes,No,17,Yes,Fiber optic,Yes,Yes,One year,Yes,Electronic check,35.95,623.47,Yes
C02345,Male,0,Yes,No,43,Yes,Fiber optic,Yes,No,Month-to-month,Yes,Bank transfer (automatic),71.54,3105.58,Yes
C02346,Female,1,Yes,Yes,13,Yes,Fiber optic,No,Yes,Two year,Yes,Mailed check,60.73,763.59,Yes
C02347,Male,0,Yes,Yes,39,Yes,DSL,No internet service,No internet service,Two year,Yes,Mailed check,97.7,3930.13,No
C02348,Female,0,Yes,Yes,14,Yes,No,No internet service,Yes,Month-to-month,Yes,Credit card (automatic),22.2,288.58,Yes
C02349,Male,0,Yes,Yes,5,Yes,Fiber optic,No,No internet service,Month-to-month,Yes,Mailed check,79.77,376.48,Yes
C02350,Female,0,No,No,70,Yes,Fiber optic,Yes,No,Month-to-month,Yes,Credit card (automatic),89.07,6851.81,No
C02351,Male,1,No,Yes,65,Yes,Fiber optic,No,No internet service,Two year,Yes,Bank transfer (automatic),115.19,7360.95,Yes
C02352,Female,0,Yes,No,50,Yes,Fiber optic,No,No internet service,Month-to-month,Yes,Credit card (automatic),32.58,1514.25,Yes
C02353,Female,1,Yes,Yes,45,Yes,No,Yes,No internet service,Month-to-month,Yes,Bank transfer (automatic),42.62,1809.36,No
C02354,Male,0,No,No,17,Yes,Fiber optic,No,No,Month-to-month,Yes,Credit card (automatic),111.24,1975.85,Yes
C02355,Female,0,Yes,No,41,Yes,DSL,No,No,Two year,No,Mailed check,81.06,3068.38,Yes
C02356,Female,0,No,No,54,Yes,DSL,Yes,No internet service,Month-to-month,No,Electronic check,21.8,1142.82,Yes
C02357,Male,0,Yes,No,39,Yes,Fiber optic,No internet service,No,Month-to-month,No,Credit card (automatic),25.73,969.03,Yes
C02358,Female,1,No,Yes,20,Yes,DSL,No internet service,Yes,Two year,Yes,Bank transfer (automatic),96.54,1825.76,No
C02359,Female,0,Yes,No,28,Yes,Fiber optic,No internet service,No,Month-to-month,Yes,Credit card (automatic),74.75,2083.3,No
C02360,Female,0,Yes,No,61,Yes,Fiber optic,Yes,No internet service,Two year,Yes,Electronic check,74.54,4192.4,No
C02361,Male,0,No,No,18,No,DSL,No,No,Month-to-month,Yes,Credit card (automatic),105.99,1891.25,No
C02362,Male,1,Yes,No,70,Yes,No,Yes,No,Month-to-month,No,Mailed check,42.11,2672.16,No
C02363,Male,1,Yes,Yes,55,Yes,No,No,Yes,Two year,Yes,Electronic check,34.04,2048.31,No
C02364,Male,1,No,Yes,64,Yes,Fiber optic,No,Yes,One year,Yes,Bank transfer (automatic),79.38,5186.88,No
C02365,Female,0,Yes,No,37,Yes,Fiber optic,No internet service,No,One year,Yes,Bank transfer (automatic),106.24,3596.81,No
C02366,Female,1,Yes,Yes,16,Yes,DSL,No,No,Month-to-month,Yes,Credit card (automatic),44.53,668.41,No
C02367,Female,0,Yes,No,2,No,No,Yes,No internet service,Month-to-month,Yes,Bank transfer (automatic),86.13,180.41,No
C02368,Female,1,No,No,39,Yes,DSL,Yes,No,Month-to-month,No,Credit card (automatic),33.24,1356.43,Yes
C02369,Male,0,Yes,No,29,No,Fiber optic,No,No internet service,Month-to-month,Yes,Credit card (automatic),35.19,992.95,No
C02370,Male,0,Yes,Yes,8,Yes,Fiber optic,Yes,No internet service,Month-to-month,No,Bank transfer (automatic),108.15,804.37,Yes
C02371,Male,0,Yes,Yes,67,Yes,Fiber optic,Yes,No internet service,Month-to-month,No,Bank transfer (automatic),29.8,2010.95,No
C02372,Female,0,No,No,70,Yes,DSL,Yes,Yes,Month-to-month,No,Mailed check,20.43,1366.15,No
C02373,Male,0,No,No,27,Yes,Fiber optic,No internet service,No internet service,Month-to-month,Yes,Credit card (automatic),95.49,2370.33,No
C02374,Female,0,No,No,48,Yes,Fiber optic,Yes,No,Month-to-month,No,Mailed check,54.25,2523.8,No
C02375,Male,0,No,No,30,Yes,DSL,No,No,Month-to-month,No,Credit card (automatic),57.67,1816.96,No
C02376,Female,1,Yes,No,36,Yes,No,No,No internet service,Two year,No,Bank transfer (automatic),97.99,3424.73,No
C02377,Male,0,Yes,Yes,45,Yes,Fiber optic,No internet service,No internet service,One year,No,Credit card (automatic),35.99,1470.8,No
C02378,Male,0,No,No,30,Yes,Fiber optic,No,No internet service,Month-to-month,Yes,Electronic check,83.03,2301.79,Yes
C02379,Male,0,No,No,58,Yes,DSL,Yes,No internet service,One year,No,Mailed check,49.35,2917.45,Yes
C02380,Female,0,No,No,13,Yes,DSL,No,Yes,Two year,No,Mailed check,28.43,371.23,Yes
C02381,Male,0,No,Yes,48,No,DSL,No internet service,No,Month-to-month,No,Bank transfer (automatic),86.75,4309.63,Yes
C02382,Male,0,Yes,No,71,No,Fiber optic,No internet service,No,Month-to-month,No,Electronic check,49.87,3591.58,No
C02383,Male,0,Yes,No,62,Yes,DSL,Yes,Yes,Month-to-month,Yes,Mailed check,104.66,6485.32,No
C02384,Male,0,Yes,Yes,3,Yes,No,Yes,No,Month-to-month,Yes,Electronic check,109.9,328.06,Yes
C02385,Male,0,Yes,Yes,8,Yes,DSL,No internet service,Yes,One year,Yes,Mailed check,102.91,899.27,No
C02386,Female,0,No,No,45,Yes,DSL,No,No,Two year,No,Credit card (automatic),50.24,2424.61,No
C02387,Female,0,No,No,67,Yes,No,Yes,No,Month-to-month,No,Credit card (automatic),41.66,2725.84,No
C02388,Male,0,No,Yes,61,Yes,No,Yes,No,One year,No,Mailed check,107.28,6744.95,No
C02389,Female,0,No,Yes,65,Yes,No,Yes,No internet service,Month-to-month,No,Bank transfer (automatic),63.29,3719.28,No
C02390,Male,0,No,No,10,Yes,DSL,No,No,One year,No,Mailed check,88.77,802.65,Yes
C02391,Female,0,Yes,No,37,Yes,DSL,Yes,No,One year,Yes,Mailed check,100.72,3591.42,Yes
C02392,Male,0,No,No,52,Yes,Fiber optic,Yes,No,Month-to-month,Yes,Bank transfer (automatic),45.77,2501.31,Yes
C02393,Female,0,No,Yes,45,Yes,No,No internet service,Yes,Month-to-month,No,Mailed check,29.91,1460.48,No
C02394,Male,0,Yes,No,56,Yes,Fiber optic,No,Yes,One year,No,Bank transfer (automatic),80.48,4671.81,No
C02395,Male,0,Yes,Yes,15,Yes,No,Yes,No,Two year,Yes,Electronic check,77.02,1202.99,No
C02396,Male,0,Yes,No,33,Yes,Fiber optic,No,No internet service,Month-to-month,No,Credit card (automatic),45.02,1346.64,No
C02397,Male,0,Yes,No,32,Yes,Fiber optic,No,No,Month-to-month,Yes,Credit card (automatic),76.47,2657.56,Yes
C02398,Female,0,No,No,68,Yes,Fiber optic,No internet service,No internet service,Month-to-month,Yes,Credit card (automatic),97.04,6053.39,No
C02399,Male,0,Yes,Yes,14,Yes,DSL,No,Yes,One year,No,Mailed check,53.0,808.32,No
C02400,Male,0,Yes,Yes,23,Yes,DSL,Yes,Yes,One year,Yes,Mailed check,42.23,901.69,No
C02401,Male,0,No,No,1,Yes,DSL,Yes,No internet service,Two year,No,Bank transfer (automatic),90.5,82.05,No
C02402,Female,1,No,No,11,Yes,DSL,No,Yes,One year,No,Mailed check,96.59,1076.01,Yes
C02403,Male,0,Yes,No,71,Yes,DSL,Yes,No internet service,Two year,Yes,Mailed check,113.43,7431.23,No
C02404,Male,0,No,No,61,Yes,Fiber optic,Yes,No,Two year,Yes,Electronic check,32.76,1810.04,Yes
C02405,Female,1,Yes,No,18,Yes,No,No internet service,Yes,Month-to-month,Yes,Mailed check,106.93,1989.34,No
C02406,Female,0,No,No,51,Yes,DSL,Yes,No internet service,One year,Yes,Credit card (automatic),94.51,5049.69,No
C02407,Male,0,No,No,43,Yes,Fiber optic,Yes,No internet service,Month-to-month,No,Bank transfer (automatic),88.19,3635.13,Yes
C02408,Female,1,No,No,66,Yes,Fiber optic,No,No,Month-to-month,Yes,Electronic check,49.31,3276.27,No
C02409,Female,0,Yes,No,21,Yes,DSL,No internet service,No internet service,Two year,Yes,Electronic check,20.22,431.93,No
C02410,Female,0,No,No,72,Yes,Fiber optic,No internet service,Yes,One year,No,Credit card (automatic),68.76,4614.91,No
C02411,Male,0,Yes,Yes,27,No,DSL,Yes,No internet service,Two year,No,Mailed check,46.58,1242.58,No
C02412,Male,0,No,No,52,Yes,Fiber optic,No,No,Month-to-month,Yes,Credit card (automatic),46.98,2509.88,No
C02413,Male,0,Yes,No,29,Yes,No,No internet service,No internet service,Month-to-month,Yes,Bank transfer (automatic),110.71,3458.25,Yes
C02414,Female,0,No,No,49,Yes,Fiber optic,Yes,Yes,Month-to-month,Yes,Credit card (automatic),33.3,1605.22,No
C02415,Female,0,Yes,No,24,Yes,Fiber optic,No,No,Month-to-month,No,Credit card (automatic),111.42,2780.69,Yes
C02416,Male,0,No,No,61,Yes,Fiber optic,No,Yes,Month-to-month,Yes,Bank transfer (automatic),68.38,4172.58,Yes
C02417,Male,1,Yes,No,46,Yes,No,Yes,No internet service,Month-to-month,Yes,Credit card (automatic),101.83,4878.18,Yes
C02418,Male,0,No,No,21,Yes,Fiber optic,No internet service,Yes,Month-to-month,Yes,Bank transfer (automatic),46.36,1029.83,No
C02419,Male,1,Yes,No,70,Yes,DSL,No,No,Two year,No,Credit card (automatic),81.39,5732.11,No
C02420,Female,0,Yes,No,51,Yes,DSL,Yes,No internet service,Month-to-month,Yes,Bank transfer (automatic),73.66,3426.9,No
C02421,Male,1,No,No,31,Yes,DSL,No,Yes,Month-to-month,No,Electronic check,110.42,3680.02,Yes
C02422,Female,0,No,No,9,Yes,DSL,No,No internet service,One year,Yes,Electronic check,35.93,329.9,Yes
C02423,Female,0,No,Yes,71,Yes,Fiber optic,No internet service,No,Month-to-month,Yes,Mailed check,38.46,2785.62,No
C02424,Male,0,No,No,55,No,Fiber optic,Yes,Yes,Two year,Yes,Electronic check,112.9,6221.25,Yes
C02425,Female,0,Yes,Yes,48,Yes,Fiber optic,No internet service,Yes,One year,Yes,Electronic check,27.8,1247.39,No
C02426,Female,0,Yes,No,60,Yes,DSL,No internet service,Yes,Month-to-month,Yes,Credit card (automatic),81.47,4874.68,No
C02427,Female,0,No,No,44,Yes,No,No,Yes,One year,No,Electronic check,24.06,1066.44,Yes
C02428,Female,0,Yes,No,16,No,DSL,No,Yes,One year,No,Bank transfer (automatic),25.7,401.64,No
C02429,Female,1,No,Yes,17,Yes,Fiber optic,Yes,No,One year,Yes,Credit card (automatic),77.71,1228.36,No
C02430,Male,1,Yes,Yes,5,Yes,Fiber optic,Yes,No,Two year,No,Credit card (automatic),73.14,384.88,Yes
C02431,Female,0,Yes,Yes,4,Yes,Fiber optic,Yes,No,One year,No,Mailed check,75.3,298.58,No
C02432,Female,0,No,No,53,Yes,DSL,No,Yes,One year,Yes,Mailed check,65.37,3603.65,No
C02433,Female,0,Yes,No,62,Yes,Fiber optic,No internet service,No internet service,Month-to-month,No,Bank transfer (automatic),92.24,5200.73,Yes
C02434,Female,0,Yes,Yes,11,Yes,No,No internet service,No internet service,One year,No,Mailed check,117.22,1290.55,Yes
C02435,Female,1,Yes,No,41,Yes,No,No internet service,No internet service,Two year,Yes,Electronic check,45.58,1709.48,No
C02436,Female,0,Yes,No,9,Yes,DSL,No,No internet service,One year,Yes,Bank transfer (automatic),50.34,474.22,No
C02437,Female,0,No,No,30,Yes,DSL,Yes,No,One year,No,Mailed check,50.3,1533.43,No
C02438,Female,0,Yes,No,57,Yes,No,No internet service,No internet service,Month-to-month,No,Electronic check,94.33, ,No
C02439,Male,0,Yes,No,59,Yes,DSL,No internet service,No,One year,No,Bank transfer (automatic),52.8,3409.8,No
C02440,Female,1,Yes,No,69,Yes,Fiber optic,No,Yes,Two year,Yes,Bank transfer (automatic),85.67,5705.54,Yes
C02441,Female,0,Yes,Yes,22,Yes,No,No,No,Month-to-month,Yes,Credit card (automatic),62.59,1355.74,Yes
C02442,Male,0,No,No,69,Yes,DSL,Yes,No,Month-to-month,No,Electronic check,78.78,5694.05,Yes
C02443,Female,0,Yes,No,57,Yes,DSL,No internet service,Yes,Month-to-month,Yes,Credit card (automatic),100.9,5780.12,No
C02444,Female,0,No,No,24,Yes,Fiber optic,No internet service,Yes,Month-to-month,No,Bank transfer (automatic),69.41,1718.65,No
C02445,Male,0,Yes,Yes,23,Yes,DSL,No,Yes,One year,Yes,Electronic check,65.52,1650.51,No
C02446,Female,0,Yes,No,7,Yes,Fiber optic,No internet service,No,Month-to-month,No,Electronic check,44.7,325.15,Yes
C02447,Female,0,Yes,No,67,No,DSL,Yes,No internet service,Month-to-month,No,Electronic check,69.59,4336.81,No
C02448,Male,0,No,No,14,Yes,Fiber optic,Yes,Yes,One year,Yes,Mailed check,44.24,583.36,Yes
C02449,Male,1,No,Yes,19,Yes,DSL,No,No,One year,No,Bank transfer (automatic),102.36,2088.7,No
C02450,Female,0,Yes,No,30,Yes,DSL,Yes,Yes,One year,No,Bank transfer (automatic),56.89,1552.41,No
C02451,Female,0,No,Yes,10,Yes,Fiber optic,Yes,No,One year,Yes,Electronic check,30.91,309.67,Yes
C02452,Female,0,No,No,58,Yes,DSL,No,Yes,One year,No,Bank transfer (automatic),42.0,2633.78,No
C02453,Female,1,No,No,50,Yes,No,No internet service,Yes,Two year,No,Mailed check,71.46,3770.39,Yes
C02454,Male,0,No,No,11,Yes,DSL,Yes,No,One year,Yes,Credit card (automatic),109.63,1113.23,Yes
C02455,Male,1,No,No,11,Yes,DSL,No,No internet service,Month-to-month,No,Credit card (automatic),48.06,554.08,No
C02456,Female,0,No,Yes,1,Yes,Fiber optic,No internet service,No internet service,One year,Yes,Bank transfer (automatic),44.44,43.39,No
C02457,Male,0,Yes,No,69,Yes,Fiber optic,Yes,No internet service,Month-to-month,No,Bank transfer (automatic),58.66,4372.38,No
C02458,Female,0,No,Yes,31,No,No,Yes,No internet service,Month-to-month,No,Bank transfer (automatic),114.78,3609.98,No
C02459,Male,1,No,No,47,Yes,DSL,No internet service,No,Month-to-month,No,Bank transfer (automatic),102.52,4865.44,No
C02460,Female,0,No,Yes,10,Yes,Fiber optic,Yes,No internet service,Two year,No,Bank transfer (automatic),32.97,297.3,No
C02461,Male,0,No,No,16,No,DSL,No,No,One year,No,Credit card (automatic),79.38,1206.49,Yes
C02462,Male,1,Yes,Yes,39,Yes,Fiber optic,No,No internet service,Month-to-month,Yes,Bank transfer (automatic),97.19,3724.27,Yes
C02463,Female,1,Yes,Yes,15,Yes,Fiber optic,No,Yes,One year,No,Credit card (automatic),94.8,1485.68,No
C02464,Male,0,Yes,No,44,Yes,DSL,No internet service,No,Month-to-month,Yes,Credit card (automatic),66.88,2954.52,No
C02465,Female,0,No,No,67,Yes,Fiber optic,No,No internet service,One year,No,Electronic check,91.18,6539.8,No
C02466,Male,0,Yes,No,22,Yes,Fiber optic,No internet service,No internet service,Two year,No,Electronic check,76.36,1523.47,No
C02467,Female,0,No,Yes,44,Yes,No,No,Yes,One year,No,Credit card (automatic),38.14,1618.72,Yes
C02468,Male,0,Yes,No,66,Yes,DSL,Yes,Yes,One year,No,Bank transfer (automatic),23.61,1588.67,Yes
C02469,Male,0,Yes,No,65,Yes,DSL,No,No internet service,Month-to-month,Yes,Electronic check,54.95,3685.16,No
C02470,Male,1,Yes,No,0,Yes,Fiber optic,Yes,No,Month-to-month,Yes,Electronic check,24.19,24.2,No
C02471,Female,0,Yes,No,8,Yes,DSL,No,No internet service,Two year,Yes,Mailed check,57.5,450.69,No
C02472,Female,1,No,Yes,71,Yes,Fiber optic,No internet service,No,One year,Yes,Electronic check,100.89,6549.38,No
C02473,Male,0,No,No,67,Yes,Fiber optic,No internet service,No internet service,Month-to-month,Yes,Bank transfer (automatic),102.43,7132.16,No
C02474,Female,0,Yes,Yes,23,Yes,DSL,Yes,No internet service,Month-to-month,Yes,Bank transfer (automatic),21.41,532.19,Yes
C02475,Female,0,Yes,No,37,Yes,Fiber optic,Yes,No,Month-to-month,No,Mailed check,24.95,980.17,No
C02476,Female,0,Yes,No,41,Yes,DSL,Yes,No,Month-to-month,No,Bank transfer (automatic),84.99,3624.83,No
C02477,Female,0,Yes,No,48,Yes,Fiber optic,No,Yes,Month-to-month,Yes,Bank transfer (automatic),68.0,3351.58,No
C02478,Female,0,Yes,Yes,54,Yes,Fiber optic,Yes,No internet service,Month-to-month,No,Credit card (automatic),32.94,1875.54,No
C02479,Male,0,No,No,27,Yes,No,Yes,No,Two year,Yes,Credit card (automatic),98.55,2808.12,No
C02480,Female,0,Yes,No,64,Yes,DSL,No internet service,Yes,Month-to-month,No,Mailed check,39.65,2287.36,Yes
C02481,Female,0,No,Yes,4,Yes,Fiber optic,No,Yes,Month-to-month,Yes,Mailed check,25.81,100.3,Yes
C02482,Male,0,No,No,2,Yes,Fiber optic,No internet service,No internet service,Month-to-month,Yes,Electronic check,92.95,199.58,Yes
C02483,Male,0,Yes,No,69,Yes,Fiber optic,Yes,No,Month-to-month,Yes,Mailed check,78.81,5819.39,No
C02484,Male,0,No,Yes,12,Yes,Fiber optic,No,Yes,Two year,No,Bank transfer (automatic),57.44,718.22,No
C02485,Female,0,Yes,No,72,Yes,Fiber optic,No,No internet service,Month-to-month,Yes,Credit card (automatic),87.27,6043.5,Yes
C02486,Male,0,No,Yes,20,Yes,DSL,No,Yes,One year,No,Bank transfer (automatic),109.14,2312.86,Yes
C02487,Female,0,No,No,26,Yes,Fiber optic,No,No internet service,Two year,No,Electronic check,21.42,527.02,No
C02488,Female,0,No,No,2,Yes,Fiber optic,No internet service,No,Month-to-month,No,Mailed check,80.77,152.63,No
C02489,Female,0,Yes,No,68,Yes,Fiber optic,No internet service,No internet service,One year,No,Mailed check,39.82,2727.11,No
C02490,Female,0,No,No,26,Yes,No,No internet service,Yes,Two year,No,Mailed check,65.41,1724.93,No
C02491,Male,0,Yes,No,12,Yes,DSL,No internet service,No internet service,Month-to-month,Yes,Credit card (automatic),60.4,703.25,Yes
C02492,Male,0,Yes,No,35,Yes,DSL,No,No,Month-to-month,No,Bank transfer (automatic),57.0,2036.41,No
C02493,Female,0,No,No,11,Yes,DSL,No internet service,No internet service,Two year,No,Credit card (automatic),37.04,424.48,No
C02494,Female,1,Yes,Yes,57,Yes,DSL,No internet service,Yes,Two year,No,Electronic check,98.26,5242.61,Yes
C02495,Female,0,No,Yes,5,Yes,DSL,No,Yes,Month-to-month,No,Electronic check,55.95,267.92,No
C02496,Female,0,Yes,No,36,No,DSL,No internet service,No internet service,One year,Yes,Bank transfer (automatic),106.72,3995.47,No
C02497,Male,1,No,No,28,Yes,No,No,No internet service,Month-to-month,No,Mailed check,53.47,1625.09,No
C02498,Male,0,Yes,Yes,2,Yes,DSL,No,No internet service,Two year,No,Bank transfer (automatic),101.97,219.62,Yes
C02499,Female,0,No,No,3,No,No,No,No internet service,Month-to-month,No,Mailed check,72.45,201.25,No
C02500,Female,0,No,No,37,No,Fiber optic,No,No,Month-to-month,No,Electronic check,56.56,2121.9,No
C02501,Male,1,No,No,28,Yes,Fiber optic,No,No internet service,One year,No,Mailed check,88.4,2623.8,Yes
C02502,Male,0,No,Yes,9,Yes,Fiber optic,No internet service,No,Two year,Yes,Bank transfer (automatic),96.67,824.32,No
C02503,Female,0,No,No,10,Yes,Fiber optic,Yes,Yes,Two year,Yes,Bank transfer (automatic),66.27,681.68,Yes
C02504,Male,0,Yes,No,58,Yes,Fiber optic,Yes,No,Month-to-month,Yes,Mailed check,60.54,3460.5,Yes
C02505,Male,0,Yes,No,53,Yes,Fiber optic,No,Yes,Month-to-month,Yes,Mailed check,75.74,4144.87,Yes
C02506,Female,0,Yes,Yes,44,Yes,No,No,Yes,Two year,Yes,Credit card (automatic),76.52,3051.81,No
C02507,Male,0,No,No,60,Yes,Fiber optic,Yes,Yes,Two year,Yes,Bank transfer (automatic),60.55,3497.09,No
C02508,Male,0,No,No,5,Yes,Fiber optic,Yes,No,Month-to-month,No,Mailed check,93.77,450.78,No
C02509,Male,0,No,No,50,Yes,No,Yes,No,One year,Yes,Mailed check,57.97,2851.35,No
C02510,Male,0,No,Yes,54,Yes,Fiber optic,Yes,No,Month-to-month,No,Electronic check,63.3,3154.68,No
C02511,Male,1,Yes,No,14,Yes,Fiber optic,No internet service,No internet service,Month-to-month,No,Credit card (automatic),78.53,1085.48,Yes
C02512,Female,0,No,No,39,Yes,No,Yes,No,Month-to-month,No,Bank transfer (automatic),116.68,4588.29,Yes
C02513,Female,0,Yes,No,55,Yes,Fiber optic,No internet service,No,Month-to-month,No,Electronic check,44.07,2194.39,No
C02514,Male,0,No,No,44,Yes,Fiber optic,Yes,No,Month-to-month,No,Mailed check,41.2,1740.62,No
C02515,Female,0,No,No,18,No,Fiber optic,No,Yes,Two year,No,Credit card (automatic),35.69,600.96,Yes
C02516,Female,0,No,Yes,48,No,Fiber optic,No internet service,No,Month-to-month,Yes,Credit card (automatic),86.94,4567.2,No
C02517,Female,0,Yes,No,55,Yes,DSL,No,Yes,Month-to-month,Yes,Bank transfer (automatic),62.91,3204.16,No
C02518,Male,0,Yes,Yes,0,No,Fiber optic,Yes,No internet service,Month-to-month,Yes,Electronic check,56.86,58.31,No
C02519,Female,0,No,Yes,41,Yes,No,No internet service,No,Month-to-month,Yes,Credit card (automatic),38.41,1543.9,No
C02520,Male,1,Yes,No,36,Yes,Fiber optic,No internet service,No internet service,Month-to-month,Yes,Electronic check,107.11,3691.95,Yes
C02521,Male,1,No,Yes,26,Yes,No,No,No,One year,Yes,Bank transfer (automatic),62.32,1735.06,No
C02522,Male,0,Yes,Yes,3,Yes,No,No internet service,No internet service,Month-to-month,Yes,Credit card (automatic),78.77,244.07,No
C02523,Male,0,Yes,Yes,6,Yes,Fiber optic,No internet service,Yes,One year,Yes,Electronic check,29.25,179.72,No
C02524,Female,1,No,Yes,54,Yes,DSL,No,No internet service,Two year,No,Credit card (automatic),28.8,1428.81,No
C02525,Female,0,Yes,No,60,Yes,Fiber optic,No internet service,Yes,Month-to-month,Yes,Electronic check,24.74,1412.84,No
C02526,Male,0,No,No,30,Yes,No,No internet service,No,Two year,No,Electronic check,54.73,1568.5,No
C02527,Male,0,Yes,No,68,Yes,Fiber optic,No internet service,No internet service,Two year,No,Bank transfer (automatic),65.29,4381.45,No
C02528,Female,0,No,No,67,Yes,DSL,No internet service,No internet service,Two year,Yes,Mailed check,42.46,3084.62,No
C02529,Female,0,No,No,48,Yes,DSL,No internet service,No,One year,Yes,Electronic check,52.97,2493.57,No
C02530,Male,0,Yes,Yes,42,Yes,Fiber optic,No,No,One year,Yes,Credit card (automatic),18.63,755.55,No
C02531,Female,0,No,No,70,Yes,Fiber optic,No,No,One year,No,Mailed check,53.11,3398.67,No
C02532,Female,0,Yes,No,44,Yes,Fiber optic,Yes,Yes,One year,No,Mailed check,29.92,1286.19,No
C02533,Male,0,Yes,No,68,Yes,Fiber optic,No,No,Month-to-month,Yes,Credit card (automatic),30.84,1909.37,No
C02534,Female,0,Yes,Yes,71,Yes,Fiber optic,No internet service,No internet service,Two year,No,Credit card (automatic),18.45,1274.63,No
C02535,Female,0,Yes,Yes,14,Yes,DSL,No internet service,No internet service,One year,No,Bank transfer (automatic),87.64,1341.75,Yes
C02536,Male,0,No,No,48,Yes,Fiber optic,Yes,No internet service,One year,Yes,Bank transfer (automatic),111.13,5394.05,No
C02537,Female,0,No,No,53,Yes,Fiber optic,No internet service,Yes,Month-to-month,No,Mailed check,80.15,4000.61,Yes
C02538,Female,0,No,No,59,No,Fiber optic,No,No,Month-to-month,Yes,Credit card (automatic),27.62,1564.14,Yes
C02539,Male,0,No,Yes,25,Yes,Fiber optic,No internet service,Yes,Month-to-month,Yes,Bank transfer (automatic),116.96,2965.58,No
C02540,Female,1,No,No,62,Yes,Fiber optic,Yes,No,Month-to-month,No,Bank transfer (automatic),115.56,6475.88,No
C02541,Female,0,No,No,35,No,Fiber optic,No internet service,No internet service,Month-to-month,No,Credit card (automatic),64.82,2450.0,Yes
C02542,Female,1,No,No,28,Yes,Fiber optic,No,No internet service,Month-to-month,No,Credit card (automatic),28.79,818.72,Yes
C02543,Female,0,Yes,No,11,Yes,Fiber optic,No,No internet service,Month-to-month,No,Credit card (automatic),90.07,989.24,Yes
C02544,Female,0,No,No,23,Yes,No,Yes,Yes,Month-to-month,No,Mailed check,114.15,2738.99,No
C02545,Male,0,No,No,71,Yes,Fiber optic,No,Yes,Month-to-month,Yes,Credit card (automatic),95.87,6398.72,No
C02546,Male,0,No,No,52,Yes,Fiber optic,No internet service,No internet service,Two year,Yes,Credit card (automatic),80.42,3781.76,No
C02547,Female,0,Yes,Yes,53,Yes,Fiber optic,Yes,No,Month-to-month,No,Bank transfer (automatic),79.08,4287.82,No
C02548,Female,0,No,No,65,Yes,Fiber optic,No,No,Month-to-month,Yes,Mailed check,115.79,7014.56,No
C02549,Male,0,No,No,19,Yes,No,No,No,Month-to-month,No,Electronic check,25.31,433.98,Yes
C02550,Female,0,No,No,48,Yes,DSL,No internet service,No internet service,Month-to-month,No,Electronic check,32.96,1717.8,No
C02551,Female,0,No,No,27,Yes,DSL,No internet service,No internet service,Month-to-month,No,Mailed check,101.08,2886.59,No
C02552,Male,0,Yes,Yes,61,Yes,DSL,No,Yes,One year,Yes,Credit card (automatic),32.51,1830.09,No
C02553,Female,0,No,No,30,Yes,Fiber optic,No,No,Two year,No,Electronic check,56.33,1823.86,No
C02554,Female,1,Yes,Yes,62,Yes,Fiber optic,No internet service,No,Month-to-month,Yes,Electronic check,46.15,2613.84,Yes
C02555,Female,0,No,No,54,Yes,DSL,Yes,No,One year,No,Mailed check,42.34,2424.91,Yes
C02556,Male,1,Yes,No,56,Yes,No,No internet service,No internet service,Month-to-month,Yes,Electronic check,20.57,1132.22,Yes
C02557,Male,1,No,Yes,67,Yes,Fiber optic,No,Yes,Month-to-month,Yes,Bank transfer (automatic),74.63,5018.39,Yes
C02558,Male,0,Yes,No,57,Yes,No,No,Yes,Month-to-month,No,Bank transfer (automatic),58.12,3424.37,No
C02559,Male,1,No,Yes,23,Yes,Fiber optic,Yes,No,Month-to-month,No,Electronic check,73.16,1547.65,No
C02560,Male,0,Yes,Yes,38,Yes,Fiber optic,No,No internet service,One year,Yes,Credit card (automatic),48.45,1991.24,No
C02561,Female,0,No,No,34,Yes,No,No,Yes,One year,No,Electronic check,112.15,3541.33,No
C02562,Female,0,No,No,4,No,No,No internet service,No,One year,Yes,Bank transfer (automatic),77.13,335.77,Yes
C02563,Male,0,Yes,Yes,43,Yes,Fiber optic,No internet service,No,Month-to-month,No,Electronic check,114.12,4506.23,No
C02564,Male,0,Yes,Yes,31,Yes,DSL,No internet service,Yes,One year,Yes,Electronic check,53.0,1535.22,No
C02565,Male,0,Yes,No,28,Yes,DSL,No internet service,Yes,Month-to-month,Yes,Bank transfer (automatic),18.23,465.27,Yes
C02566,Male,0,Yes,Yes,8,Yes,DSL,Yes,No,Month-to-month,No,Electronic check,96.13,753.32,No
C02567,Female,0,Yes,No,36,Yes,DSL,No,No internet service,Month-to-month,Yes,Bank transfer (automatic),100.74,3692.55,No
C02568,Female,0,Yes,No,42,Yes,Fiber optic,No internet service,Yes,One year,No,Mailed check,23.87,1027.62,No
C02569,Female,0,Yes,No,7,Yes,Fiber optic,No internet service,No internet service,Two year,No,Credit card (automatic),80.54,600.82,Yes
C02570,Female,0,No,No,46,Yes,Fiber optic,Yes,No internet service,Month-to-month,No,Bank transfer (automatic),84.1,3890.56,Yes
C02571,Male,1,No,No,12,Yes,No,No internet service,No,One year,No,Mailed check,32.57,391.63,No
C02572,Female,0,Yes,No,10,Yes,Fiber optic,No internet service,No,One year,Yes,Electronic check,73.25,707.03,No
C02573,Male,0,Yes,No,29,Yes,No,No internet service,No internet service,Two year,No,Credit card (automatic),42.32,1264.37,No
C02574,Male,0,Yes,No,28,Yes,No,No internet service,No internet service,Month-to-month,No,Credit card (automatic),19.65,595.15,No
C02575,Female,1,Yes,No,66,Yes,Fiber optic,No,Yes,One year,No,Mailed check,104.69,6709.58,Yes
C02576,Female,0,No,No,4,Yes,No,No internet service,No internet service,One year,No,Credit card (automatic),67.17,260.96,No
C02577,Male,0,Yes,No,25,Yes,No,Yes,No internet service,Two year,No,Mailed check,96.17,2328.91,No
C02578,Male,0,No,No,53,Yes,Fiber optic,Yes,No internet service,Month-to-month,No,Credit card (automatic),90.29,4524.48,No
C02579,Female,0,Yes,No,18,Yes,Fiber optic,No,No,Two year,No,Electronic check,117.37,2140.85,Yes
C02580,Male,0,Yes,No,71,Yes,Fiber optic,Yes,No,Month-to-month,Yes,Mailed check,61.8,4041.67,No
C02581,Female,0,Yes,No,54,Yes,Fiber optic,Yes,No,Two year,Yes,Bank transfer (automatic),60.76,3500.74,No
C02582,Female,0,No,No,69,Yes,No,No,Yes,Month-to-month,Yes,Bank transfer (automatic),46.18,2955.57,No
C02583,Female,0,No,No,69,Yes,DSL,No internet service,No,Month-to-month,Yes,Bank transfer (automatic),80.51,5192.91,Yes
C02584,Male,1,Yes,No,7,No,Fiber optic,Yes,Yes,Month-to-month,Yes,Bank transfer (automatic),66.61,426.04,Yes
C02585,Female,0,No,No,33,Yes,No,No internet service,No internet service,Month-to-month,No,Electronic check,90.88,2927.87,No
C02586,Male,1,No,No,54,Yes,Fiber optic,Yes,Yes,Month-to-month,Yes,Bank transfer (automatic),53.65,3046.38,No
C02587,Female,0,Yes,No,0,Yes,DSL,No internet service,No,Month-to-month,No,Electronic check,31.08,33.63,Yes
C02588,Female,0,No,No,32,Yes,Fiber optic,Yes,No internet service,Month-to-month,No,Credit card (automatic),104.24,3291.84,Yes
C02589,Male,0,Yes,No,50,No,DSL,No internet service,No,Month-to-month,Yes,Mailed check,100.8,4773.02,No
C02590,Male,0,Yes,No,57,Yes,Fiber optic,Yes,No internet service,One year,No,Credit card (automatic),53.1,3163.3,No
C02591,Female,0,Yes,No,30,Yes,No,No internet service,Yes,Two year,Yes,Mailed check,87.04,2709.46,No
C02592,Male,0,Yes,No,63,Yes,Fiber optic,Yes,Yes,One year,Yes,Mailed check,67.24,4390.01,No
C02593,Female,0,Yes,No,49,Yes,No,No,No,Month-to-month,No,Bank transfer (automatic),94.1,4558.73,Yes
C02594,Female,0,Yes,No,3,No,DSL,No,Yes,Month-to-month,Yes,Electronic check,57.01,173.26,Yes
C02595,Female,0,Yes,No,20,Yes,Fiber optic,No,No internet service,Two year,No,Bank transfer (automatic),71.56,1305.82,No
C02596,Female,1,Yes,No,68,Yes,Fiber optic,No,Yes,Month-to-month,Yes,Bank transfer (automatic),23.78,1536.19,No
C02597,Female,0,No,Yes,0,Yes,DSL,No internet service,No internet service,Month-to-month,No,Mailed check,35.49,38.52,Yes
C02598,Female,0,Yes,No,7,Yes,No,Yes,No,Two year,No,Electronic check,96.18,611.56,No
C02599,Female,0,Yes,No,25,Yes,DSL,Yes,Yes,Two year,Yes,Credit card (automatic),56.16,1348.29,No
C02600,Male,0,Yes,No,72,Yes,No,No,No,Month-to-month,Yes,Bank transfer (automatic),21.51,1464.05,Yes
C02601,Male,1,Yes,No,51,Yes,DSL,Yes,No,One year,Yes,Credit card (automatic),34.76,1641.66,Yes
C02602,Female,0,Yes,No,10,Yes,No,No,No internet service,Month-to-month,Yes,Bank transfer (automatic),59.16,641.81,No
C02603,Female,1,No,No,28,Yes,No,Yes,Yes,One year,No,Credit card (automatic),89.79,2326.01,No
C02604,Female,0,No,Yes,68,Yes,No,Yes,No,Month-to-month,No,Bank transfer (automatic),54.35,3687.94,Yes
C02605,Female,0,Yes,Yes,15,Yes,Fiber optic,No,No,Month-to-month,No,Electronic check,92.52,1482.03,Yes
C02606,Male,0,No,No,42,Yes,Fiber optic,Yes,No,One year,No,Mailed check,103.81,3927.39,No
C02607,Female,0,No,No,33,Yes,Fiber optic,No,No internet service,Month-to-month,No,Bank transfer (automatic),52.11,1584.99,Yes
C02608,Male,0,No,No,55,Yes,Fiber optic,No internet service,No internet service,One year,Yes,Bank transfer (automatic),98.04,5221.69,No
C02609,Female,0,Yes,No,54,Yes,DSL,No,No,Month-to-month,Yes,Credit card (automatic),30.69,1540.43,No
C02610,Male,1,Yes,Yes,60,Yes,DSL,Yes,Yes,Two year,No,Mailed check,59.53,3345.1,No
C02611,Male,0,No,No,8,Yes,Fiber optic,Yes,Yes,Two year,No,Mailed check,27.76,226.13,No
C02612,Male,0,Yes,No,33,Yes,Fiber optic,No internet service,No internet service,Month-to-month,No,Mailed check,23.25,716.71,Yes
C02613,Female,0,No,No,50,Yes,No,No internet service,No,One year,No,Credit card (automatic),24.45,1256.45,No
C02614,Male,0,Yes,Yes,30,No,Fiber optic,Yes,No internet service,Month-to-month,No,Bank transfer (automatic),28.48,925.4,No
C02615,Female,0,No,No,48,Yes,Fiber optic,Yes,No internet service,Month-to-month,No,Bank transfer (automatic),101.57,4611.53,Yes
C02616,Female,0,Yes,Yes,46,Yes,Fiber optic,Yes,No internet service,Month-to-month,No,Mailed check,72.37,3137.46,Yes
C02617,Female,0,No,No,27,Yes,No,No internet service,Yes,Two year,Yes,Mailed check,112.74,2746.52,No
C02618,Female,0,Yes,No,7,Yes,DSL,No internet service,No internet service,Two year,No,Credit card (automatic),71.8,453.81,No
C02619,Male,0,No,No,70,Yes,Fiber optic,Yes,No internet service,Two year,No,Bank transfer (automatic),80.87,5543.86,No
C02620,Male,1,Yes,No,60,Yes,DSL,No,No,Two year,No,Mailed check,36.45,2182.21,No
C02621,Male,0,Yes,Yes,65,No,DSL,No,Yes,Two year,No,Mailed check,72.06,4386.76,No
C02622,Female,1,No,No,21,Yes,Fiber optic,No internet service,No internet service,Month-to-month,No,Credit card (automatic),56.53,1145.1,No
C02623,Male,0,No,No,23,No,Fiber optic,No internet service,No internet service,Two year,Yes,Electronic check,111.14,2372.33,No
C02624,Male,0,Yes,No,23,Yes,Fiber optic,No,No internet service,One year,No,Credit card (automatic),111.39,2654.84,Yes
C02625,Male,1,Yes,No,2,Yes,No,No,Yes,Month-to-month,Yes,Bank transfer (automatic),37.85,74.08,Yes
C02626,Male,0,Yes,Yes,12,Yes,No,No internet service,No internet service,One year,Yes,Mailed check,80.01,1005.12,No
C02627,Male,0,No,No,22,Yes,Fiber optic,Yes,No internet service,Month-to-month,Yes,Mailed check,81.82,1818.15,Yes
C02628,Female,0,No,Yes,72,Yes,DSL,Yes,No,Month-to-month,Yes,Electronic check,74.25,5214.81,No
C02629,Female,0,Yes,No,14,Yes,DSL,No internet service,Yes,Month-to-month,Yes,Credit card (automatic),30.43,436.79,Yes
C02630,Male,0,Yes,Yes,37,Yes,DSL,Yes,Yes,Month-to-month,Yes,Mailed check,83.4,2781.64,No
C02631,Male,0,No,No,39,Yes,DSL,No internet service,No internet service,Month-to-month,Yes,Electronic check,97.91,3963.87,Yes
C02632,Female,0,No,No,26,Yes,Fiber optic,Yes,No,Two year,Yes,Credit card (automatic),52.52,1330.3,No
C02633,Female,0,No,No,67,Yes,Fiber optic,No internet service,No,One year,Yes,Bank transfer (automatic),69.46,4666.46,No
C02634,Male,0,No,No,6,Yes,DSL,No internet service,No internet service,Month-to-month,Yes,Electronic check,29.63,178.61,No
C02635,Male,0,No,No,63,Yes,DSL,No internet service,No,Month-to-month,No,Mailed check,111.07,7079.16,No
C02636,Male,0,Yes,Yes,54,No,DSL,Yes,Yes,Month-to-month,Yes,Credit card (automatic),28.95,1626.58,Yes
C02637,Male,0,No,No,22,Yes,DSL,No,No,Month-to-month,Yes,Electronic check,38.84,787.94,Yes
C02638,Female,0,Yes,No,56,Yes,DSL,No internet service,No internet service,Two year,No,Bank transfer (automatic),47.85,2673.69,Yes
C02639,Male,0,Yes,Yes,31,No,DSL,No internet service,No internet service,Month-to-month,Yes,Bank transfer (automatic),100.58,2858.04,No
C02640,Male,0,No,Yes,70,Yes,Fiber optic,Yes,No,One year,No,Credit card (automatic),88.07,5837.12,No
C02641,Male,0,Yes,Yes,2,Yes,Fiber optic,No,No,One year,No,Electronic check,18.7,35.08,Yes
C02642,Male,0,No,No,2,Yes,Fiber optic,Yes,No internet service,One year,Yes,Credit card (automatic),36.36,74.16,No
C02643,Male,0,Yes,No,39,No,DSL,No,No,Two year,No,Electronic check,93.02,3704.76,No
C02644,Female,0,No,Yes,67,Yes,Fiber optic,Yes,No,Month-to-month,No,Credit card (automatic),58.38,4170.32,No
C02645,Female,0,Yes,No,4,Yes,Fiber optic,No,Yes,Two year,No,Electronic check,20.62,82.84,Yes
C02646,Female,0,Yes,Yes,56,Yes,Fiber optic,No internet service,Yes,One year,No,Electronic check,114.39,6719.31,No
C02647,Female,0,Yes,No,68,Yes,DSL,No internet service,No internet service,Two year,No,Electronic check,33.12,2427.41,No
C02648,Female,0,No,Yes,35,Yes,No,No internet service,No internet service,One year,Yes,Bank transfer (automatic),69.05,2239.62,No
C02649,Male,1,Yes,Yes,63,Yes,DSL,Yes,No,Two year,Yes,Credit card (automatic),42.83,2817.54,No
C02650,Female,0,Yes,No,55,Yes,No,Yes,No,Two year,Yes,Bank transfer (automatic),91.75,4872.59,No
C02651,Female,0,No,No,15,Yes,Fiber optic,No internet service,No,Month-to-month,Yes,Credit card (automatic),95.67,1371.35,No
C02652,Male,1,Yes,No,62,Yes,DSL,No,No internet service,Two year,No,Bank transfer (automatic),57.72,3910.01,No
C02653,Male,1,No,No,51,Yes,DSL,Yes,No,One year,No,Credit card (automatic),83.84,4024.81,Yes
C02654,Male,0,Yes,Yes,0,Yes,DSL,No,No internet service,Month-to-month,Yes,Credit card (automatic),108.91,117.94,Yes
C02655,Female,0,No,No,41,Yes,Fiber optic,No internet service,No internet service,Two year,No,Bank transfer (automatic),99.48,4342.75,No
C02656,Female,0,No,Yes,47,Yes,No,No internet service,No,Month-to-month,No,Bank transfer (automatic),59.49,3007.76,No
C02657,Female,0,Yes,Yes,58,Yes,No,No internet service,Yes,One year,Yes,Bank transfer (automatic),62.15,3666.69,Yes
C02658,Male,0,No,No,56,Yes,No,Yes,Yes,Month-to-month,Yes,Bank transfer (automatic),106.69,6075.86,No
C02659,Female,1,No,Yes,34,Yes,DSL,Yes,No,Month-to-month,No,Mailed check,21.44,714.76,Yes
C02660,Female,0,No,No,21,Yes,Fiber optic,Yes,Yes,Two year,No,Bank transfer (automatic),20.28,417.44,Yes
C02661,Female,0,Yes,No,13,Yes,Fiber optic,Yes,Yes,Month-to-month,No,Electronic check,38.58,536.71,Yes
C02662,Male,0,Yes,No,6,Yes,DSL,Yes,No,Month-to-month,No,Bank transfer (automatic),100.76,590.99,Yes
C02663,Male,0,Yes,Yes,46,Yes,DSL,No internet service,No internet service,Month-to-month,Yes,Credit card (automatic),33.32,1528.64,No
C02664,Female,0,No,Yes,70,Yes,DSL,No internet service,No internet service,Month-to-month,No,Credit card (automatic),46.53,3580.46,Yes
C02665,Male,0,Yes,No,5,Yes,Fiber optic,No internet service,No,Two year,Yes,Bank transfer (automatic),80.91,392.76,Yes
C02666,Female,0,Yes,Yes,51,Yes,Fiber optic,No internet service,No,Two year,Yes,Bank transfer (automatic),36.42,1977.26,No
C02667,Male,0,No,Yes,42,Yes,DSL,No,No,Month-to-month,Yes,Mailed check,48.31,1938.61,No
C02668,Male,0,No,Yes,12,Yes,DSL,Yes,No,One year,Yes,Mailed check,64.69,702.54,No
C02669,Male,0,Yes,No,15,Yes,DSL,No internet service,No,Month-to-month,Yes,Electronic check,40.81,623.59,Yes
C02670,Male,0,No,No,20,No,Fiber optic,No,No internet service,One year,Yes,Bank transfer (automatic),117.24,2335.11,No
C02671,Female,1,No,Yes,50,Yes,Fiber optic,Yes,Yes,Month-to-month,Yes,Bank transfer (automatic),34.34,1815.44,Yes
C02672,Female,0,Yes,No,21,No,Fiber optic,No internet service,Yes,Month-to-month,Yes,Credit card (automatic),102.99,1948.31,No
C02673,Male,0,Yes,No,60,Yes,Fiber optic,Yes,No,Month-to-month,Yes,Bank transfer (automatic),65.01,3565.59,Yes
C02674,Male,0,No,Yes,26,Yes,DSL,Yes,No,One year,Yes,Electronic check,30.91,861.47,Yes
C02675,Male,1,No,Yes,7,Yes,No,Yes,No,Month-to-month,Yes,Bank transfer (automatic),29.85,208.15,Yes
C02676,Male,0,No,No,6,Yes,DSL,Yes,No internet service,Month-to-month,Yes,Credit card (automatic),68.03,408.7,Yes
C02677,Male,0,No,No,29,Yes,Fiber optic,No,Yes,Two year,No,Mailed check,53.35,1462.09,Yes
C02678,Male,0,Yes,No,29,Yes,Fiber optic,Yes,Yes,One year,No,Credit card (automatic),41.46,1304.76,No
C02679,Female,0,No,Yes,53,Yes,DSL,No,Yes,Month-to-month,Yes,Credit card (automatic),113.89,6536.47,No
C02680,Male,0,Yes,Yes,34,Yes,Fiber optic,No internet service,No internet service,Two year,No,Mailed check,64.34,2194.86,Yes
C02681,Male,0,Yes,No,11,Yes,DSL,No internet service,No internet service,Two year,No,Bank transfer (automatic),110.88,1150.85,No
C02682,Male,1,No,No,15,Yes,Fiber optic,No internet service,No,Month-to-month,No,Credit card (automatic),34.4,565.82,No
C02683,Female,1,No,No,41,Yes,Fiber optic,No internet service,Yes,One year,Yes,Electronic check,36.35,1607.33,No
C02684,Male,0,No,Yes,24,Yes,DSL,Yes,No internet service,Month-to-month,Yes,Bank transfer (automatic),77.6,1870.38,Yes
C02685,Female,0,Yes,Yes,49,Yes,Fiber optic,No,Yes,One year,Yes,Mailed check,44.99,2260.24,No
C02686,Male,0,No,No,67,Yes,DSL,Yes,No internet service,Month-to-month,No,Credit card (automatic),36.49,2415.33,No
C02687,Female,0,Yes,No,25,Yes,DSL,Yes,Yes,One year,No,Credit card (automatic),27.47,646.38,No
C02688,Female,0,Yes,No,40,Yes,Fiber optic,No,No internet service,Month-to-month,Yes,Bank transfer (automatic),25.63,1062.4,Yes
C02689,Female,0,Yes,No,60,Yes,DSL,No internet service,No,Month-to-month,Yes,Bank transfer (automatic),93.32,5788.6,No
C02690,Male,0,Yes,No,15,Yes,DSL,No,No internet service,Two year,No,Bank transfer (automatic),46.22,699.86,Yes
C02691,Female,0,Yes,No,37,Yes,DSL,Yes,No,Month-to-month,Yes,Mailed check,115.84,4555.63,No
C02692,Female,0,Yes,Yes,22,Yes,Fiber optic,Yes,No,Two year,No,Mailed check,36.31,791.13,No
C02693,Female,0,No,No,45,Yes,No,No internet service,No internet service,Two year,Yes,Bank transfer (automatic),53.44,2578.39,Yes
C02694,Female,0,No,Yes,54,No,No,Yes,Yes,Two year,Yes,Mailed check,55.49,2826.87,No
C02695,Female,0,Yes,No,10,Yes,No,No internet service,Yes,Month-to-month,Yes,Electronic check,68.02,743.02,No
C02696,Male,0,Yes,Yes,13,No,Fiber optic,Yes,No internet service,Two year,No,Electronic check,105.06,1285.22,No
C02697,Male,0,No,No,1,Yes,Fiber optic,No internet service,Yes,Month-to-month,Yes,Mailed check,101.48,94.58,Yes
C02698,Female,0,Yes,No,0,Yes,DSL,Yes,No internet service,Month-to-month,Yes,Bank transfer (automatic),19.0,19.39,No
C02699,Male,0,No,Yes,3,Yes,No,No internet service,Yes,Two year,No,Bank transfer (automatic),58.93,162.4,Yes
C02700,Male,0,No,No,51,Yes,Fiber optic,No internet service,Yes,One year,No,Electronic check,100.79,4798.9,No
C02701,Female,0,Yes,No,65,Yes,Fiber optic,No,Yes,Month-to-month,No,Mailed check,18.02,1224.95,No
C02702,Male,1,No,No,29,Yes,No,No,No internet service,Month-to-month,No,Credit card (automatic),71.36,1990.04,Yes
C02703,Male,1,Yes,Yes,64,Yes,No,Yes,Yes,Two year,Yes,Electronic check,43.95,2981.64,No
C02704,Female,0,Yes,Yes,53,Yes,DSL,No internet service,No internet service,One year,Yes,Mailed check,59.28,2925.4,No
C02705,Female,0,No,No,58,Yes,DSL,No internet service,No internet service,Month-to-month,Yes,Bank transfer (automatic),60.03,3401.87,Yes
C02706,Male,1,Yes,Yes,54,Yes,Fiber optic,No internet service,No,Two year,Yes,Bank transfer (automatic),57.18,3017.5,Yes
C02707,Female,0,Yes,No,14,Yes,No,No internet service,Yes,Month-to-month,No,Credit card (automatic),107.2,1494.92,Yes
C02708,Male,0,No,Yes,38,Yes,Fiber optic,No,No internet service,Month-to-month,Yes,Credit card (automatic),71.65,2673.9,No
C02709,Female,0,Yes,No,38,Yes,DSL,No,Yes,One year,Yes,Mailed check,108.37,4024.82,No
C02710,Female,1,Yes,No,46,No,No,No internet service,No internet service,Two year,Yes,Mailed check,90.67,4027.71,Yes
C02711,Female,0,No,No,58,Yes,Fiber optic,No,No,Month-to-month,No,Mailed check,53.11,2781.68,No
C02712,Female,0,Yes,No,8,Yes,No,Yes,Yes,Month-to-month,No,Electronic check,67.36,551.45,Yes
C02713,Male,1,No,No,49,Yes,No,Yes,Yes,Month-to-month,Yes,Credit card (automatic),56.99,2777.7,No
C02714,Male,0,Yes,No,60,Yes,No,No,Yes,Two year,Yes,Mailed check,100.86,5898.23,No
C02715,Male,0,Yes,No,8,Yes,No,No internet service,No,Month-to-month,Yes,Bank transfer (automatic),36.76,277.11,Yes
C02716,Male,1,Yes,No,30,Yes,Fiber optic,No internet service,Yes,Month-to-month,No,Credit card (automatic),111.64,3611.37,No
C02717,Female,0,Yes,No,65,Yes,Fiber optic,No,No,Two year,No,Bank transfer (automatic),76.04,4683.5,No
C02718,Female,0,No,No,1,Yes,Fiber optic,No,No internet service,Month-to-month,No,Credit card (automatic),79.18,85.85,No
C02719,Male,1,No,No,11,Yes,Fiber optic,No,No internet service,One year,No,Mailed check,69.68,723.14,No
C02720,Male,0,Yes,No,58,Yes,Fiber optic,No,Yes,Month-to-month,No,Bank transfer (automatic),73.45,4661.76,Yes
C02721,Female,0,No,No,12,Yes,DSL,No,No,Two year,Yes,Bank transfer (automatic),84.77,1000.93,No
C02722,Male,0,No,No,51,Yes,DSL,No,No,Month-to-month,Yes,Bank transfer (automatic),83.5,4286.37,No
C02723,Male,1,No,No,65,Yes,DSL,Yes,No,Month-to-month,Yes,Credit card (automatic),39.41,2458.57,No
C02724,Female,1,Yes,No,36,Yes,Fiber optic,Yes,Yes,Month-to-month,Yes,Mailed check,76.24,2985.72,Yes
C02725,Male,0,Yes,Yes,35,No,Fiber optic,Yes,No,One year,No,Bank transfer (automatic),53.46,1789.73,Yes
C02726,Male,0,No,No,31,Yes,DSL,Yes,No,One year,No,Bank transfer (automatic),81.7,2649.31,Yes
C02727,Female,0,Yes,No,27,Yes,No,No internet service,No,Month-to-month,Yes,Credit card (automatic),72.78,1776.61,Yes
C02728,Male,0,No,No,27,Yes,No,Yes,No,Month-to-month,Yes,Bank transfer (automatic),35.97,982.6,Yes
C02729,Female,0,No,No,40,Yes,DSL,No internet service,No internet service,Two year,Yes,Electronic check,91.47,3835.58,Yes
C02730,Female,0,No,No,65,Yes,No,Yes,Yes,Month-to-month,Yes,Mailed check,63.7,4116.38,Yes
C02731,Female,0,Yes,Yes,71,Yes,DSL,No,No,Month-to-month,Yes,Electronic check,73.14,5341.79,Yes
C02732,Female,0,Yes,No,63,Yes,Fiber optic,No internet service,No internet service,One year,No,Credit card (automatic),85.26,5659.35,No
C02733,Female,0,Yes,No,8,Yes,No,No internet service,Yes,Month-to-month,Yes,Bank transfer (automatic),83.29,666.35,Yes
C02734,Male,0,No,No,22,Yes,DSL,No,No,Month-to-month,No,Credit card (automatic),92.89,1928.36,Yes
C02735,Female,0,No,No,55,Yes,No,No internet service,Yes,Month-to-month,No,Bank transfer (automatic),38.68,2083.48,No
C02736,Female,0,No,Yes,39,Yes,Fiber optic,No internet service,No,Month-to-month,No,Credit card (automatic),29.04,1184.83,No
C02737,Female,1,No,No,24,Yes,No,No,No,Month-to-month,Yes,Credit card (automatic),84.92,1944.77,Yes
C02738,Female,1,Yes,No,22,Yes,DSL,No internet service,No internet service,One year,No,Mailed check,41.6,939.37,No
C02739,Male,0,Yes,Yes,8,Yes,DSL,Yes,Yes,One year,No,Bank transfer (automatic),29.46,219.1,Yes
C02740,Female,0,Yes,No,24,Yes,Fiber optic,No internet service,Yes,Month-to-month,No,Electronic check,31.12,811.16,No
C02741,Female,0,Yes,Yes,30,No,Fiber optic,Yes,Yes,Two year,Yes,Mailed check,49.28,1508.85,Yes
C02742,Male,0,Yes,Yes,30,Yes,No,Yes,No internet service,Month-to-month,Yes,Credit card (automatic),117.18,3493.09,No
C02743,Male,0,Yes,No,40,No,Fiber optic,Yes,No internet service,One year,Yes,Mailed check,33.73,1433.26,Yes
C02744,Female,0,No,Yes,19,Yes,DSL,Yes,No internet service,Month-to-month,Yes,Electronic check,47.85,963.18,Yes
C02745,Female,0,Yes,No,15,Yes,Fiber optic,No internet service,No internet service,One year,Yes,Credit card (automatic),110.07,1518.08,No
C02746,Female,0,Yes,No,64,Yes,Fiber optic,No,Yes,Month-to-month,No,Mailed check,114.33,7034.77,Yes
C02747,Female,0,No,No,29,Yes,DSL,Yes,Yes,Month-to-month,Yes,Bank transfer (automatic),40.88,1175.7,Yes
C02748,Female,0,Yes,No,18,Yes,Fiber optic,Yes,No,Month-to-month,No,Electronic check,106.05,1848.02,Yes
C02749,Female,0,No,No,46,Yes,Fiber optic,No,No internet service,Month-to-month,Yes,Electronic check,31.89,1413.34,No
C02750,Female,0,No,No,39,No,Fiber optic,No internet service,Yes,Month-to-month,No,Electronic check,94.15,3563.3,No
C02751,Male,1,No,No,42,Yes,DSL,Yes,No internet service,One year,No,Credit card (automatic),19.3,752.57,No
C02752,Male,0,Yes,No,16,Yes,DSL,No,No internet service,Two year,Yes,Mailed check,58.66,867.12,No
C02753,Female,0,No,No,52,Yes,Fiber optic,No,No internet service,Month-to-month,No,Credit card (automatic),42.73,2115.44,No
C02754,Male,0,Yes,Yes,14,Yes,Fiber optic,No internet service,Yes,Two year,Yes,Electronic check,88.4,1131.19,Yes
C02755,Female,0,Yes,Yes,61,Yes,Fiber optic,Yes,No,Two year,No,Bank transfer (automatic),19.61,1198.66,No
C02756,Female,0,No,Yes,30,Yes,DSL,Yes,Yes,Two year,Yes,Bank transfer (automatic),64.49,1800.48,No
C02757,Male,0,No,No,29,Yes,Fiber optic,Yes,No,One year,No,Mailed check,87.67,2322.54,No
C02758,Male,0,Yes,No,28,Yes,DSL,No internet service,No internet service,One year,No,Mailed check,22.67,677.56,No
C02759,Male,1,No,No,30,Yes,Fiber optic,Yes,No,Month-to-month,No,Mailed check,107.74,3288.77,No
C02760,Female,0,Yes,No,48,Yes,DSL,No internet service,No internet service,One year,No,Mailed check,54.12,2804.73,No
C02761,Female,0,No,No,36,Yes,Fiber optic,No,Yes,Two year,Yes,Bank transfer (automatic),34.53,1363.26,No
C02762,Female,0,Yes,No,9,Yes,Fiber optic,No internet service,No internet service,Month-to-month,Yes,Credit card (automatic),40.55,371.78,Yes
C02763,Female,1,No,Yes,41,Yes,Fiber optic,Yes,Yes,Month-to-month,No,Credit card (automatic),51.89,2253.43,Yes
C02764,Male,0,No,No,19,Yes,DSL,No,No,Month-to-month,No,Mailed check,37.84,670.0,No
C02765,Male,1,Yes,No,7,Yes,No,No,No internet service,Two year,Yes,Credit card (automatic),69.06,502.6,Yes
C02766,Female,0,No,No,61,Yes,DSL,No,No internet service,Month-to-month,No,Electronic check,81.29,5007.83,Yes
C02767,Female,0,No,Yes,22,Yes,Fiber optic,No,No,One year,Yes,Mailed check,61.34,1397.09,Yes
C02768,Female,0,Yes,No,43,Yes,Fiber optic,No internet service,No,Two year,Yes,Bank transfer (automatic),60.7,2403.76,No
C02769,Female,0,Yes,No,12,Yes,No,Yes,No,Two year,Yes,Credit card (automatic),96.17,1254.63,Yes
C02770,Female,0,No,No,24,Yes,No,No internet service,No internet service,Month-to-month,No,Bank transfer (automatic),48.1,1135.35,Yes
C02771,Male,0,No,No,28,Yes,DSL,No internet service,Yes,Two year,No,Mailed check,80.28,2371.83,Yes
C02772,Female,0,No,No,9,Yes,No,Yes,No internet service,Two year,Yes,Bank transfer (automatic),107.29,1060.36,No
C02773,Female,0,Yes,No,71,No,DSL,No internet service,No internet service,Month-to-month,No,Mailed check,40.15,3063.49,Yes
C02774,Female,0,Yes,No,22,Yes,Fiber optic,No,No,One year,No,Electronic check,79.99,1693.51,No
C02775,Female,0,No,Yes,42,Yes,DSL,No internet service,No internet service,Month-to-month,Yes,Credit card (automatic),112.8,4644.72,Yes
C02776,Male,0,No,Yes,41,Yes,Fiber optic,Yes,No,One year,Yes,Credit card (automatic),70.98,2996.7,Yes
C02777,Female,0,Yes,No,31,Yes,No,No internet service,No internet service,Month-to-month,Yes,Mailed check,115.69,3613.66,Yes
C02778,Female,0,No,Yes,42,Yes,No,No,Yes,Month-to-month,No,Mailed check,49.0,2021.08,Yes
C02779,Female,0,No,No,41,Yes,DSL,No,No internet service,Month-to-month,Yes,Credit card (automatic),74.43,3145.24,No
C02780,Male,0,Yes,Yes,5,Yes,Fiber optic,No,No,Month-to-month,No,Mailed check,49.1,265.61,Yes
C02781,Male,0,No,No,48,Yes,No,No internet service,No,Month-to-month,Yes,Credit card (automatic),18.37,848.16,No
C02782,Female,0,No,No,8,Yes,Fiber optic,Yes,No internet service,One year,No,Electronic check,117.73,871.83,No
C02783,Male,0,No,No,31,No,No,Yes,Yes,Month-to-month,Yes,Electronic check,42.01,1348.09,Yes
C02784,Female,0,No,No,26,Yes,DSL,Yes,No internet service,Month-to-month,No,Bank transfer (automatic),115.31,3051.78,Yes
C02785,Female,0,Yes,Yes,32,Yes,DSL,No internet service,No internet service,One year,No,Credit card (automatic),83.3,2881.83,No
C02786,Female,0,No,No,5,Yes,Fiber optic,Yes,Yes,One year,No,Bank transfer (automatic),108.39,568.25,Yes
C02787,Male,0,Yes,Yes,51,Yes,Fiber optic,Yes,No,Month-to-month,Yes,Mailed check,114.72,5730.32,No
C02788,Male,0,No,No,30,Yes,No,Yes,No,Two year,No,Credit card (automatic),74.78,2303.22,No
C02789,Female,0,Yes,No,4,Yes,DSL,Yes,Yes,Month-to-month,No,Bank transfer (automatic),117.97,506.08,Yes
C02790,Male,0,Yes,No,0,No,DSL,Yes,Yes,Two year,No,Bank transfer (automatic),94.73,91.84,Yes
C02791,Female,0,Yes,No,39,Yes,DSL,No,Yes,Month-to-month,No,Electronic check,70.38,2477.93,Yes
C02792,Female,0,No,Yes,48,Yes,Fiber optic,Yes,No internet service,One year,No,Mailed check,83.49,4108.78,No
C02793,Female,0,Yes,No,39,Yes,DSL,Yes,Yes,Two year,No,Electronic check,37.43,1321.36,No
C02794,Male,0,Yes,No,52,Yes,DSL,No,No,Two year,No,Credit card (automatic),19.1,1080.1,No
C02795,Male,0,No,No,55,Yes,No,No,No,One year,Yes,Electronic check,43.68,2242.98,No
C02796,Female,0,No,No,63,Yes,Fiber optic,No,No internet service,One year,Yes,Mailed check,61.5,3777.07,No
C02797,Male,1,No,No,71,Yes,No,Yes,Yes,Month-to-month,Yes,Mailed check,40.81,3156.13,Yes
C02798,Female,1,No,Yes,64,Yes,DSL,Yes,Yes,One year,Yes,Credit card (automatic),69.4,4068.44,No
C02799,Female,0,No,No,58,Yes,DSL,No internet service,No internet service,One year,Yes,Bank transfer (automatic),83.79,4378.06,No
C02800,Male,1,Yes,Yes,31,Yes,Fiber optic,Yes,No,Two year,Yes,Electronic check,83.58,2385.59,No
C02801,Male,0,No,No,36,Yes,DSL,No,No,Month-to-month,Yes,Electronic check,107.38,4241.45,No
C02802,Male,0,No,No,44,Yes,No,Yes,No,Month-to-month,No,Mailed check,114.63,5519.57,No
C02803,Female,1,No,No,12,No,No,Yes,No,One year,No,Mailed check,107.07,1255.19,Yes
C02804,Male,0,No,No,49,Yes,Fiber optic,Yes,No,Month-to-month,No,Credit card (automatic),80.02,4111.45,Yes
C02805,Female,0,Yes,No,42,Yes,No,Yes,No internet service,Month-to-month,No,Credit card (automatic),38.58,1696.82,No
C02806,Female,0,No,No,37,Yes,No,Yes,No internet service,Month-to-month,No,Credit card (automatic),112.35,3824.24,No
C02807,Male,0,No,No,60,Yes,Fiber optic,No internet service,No internet service,One year,Yes,Credit card (automatic),35.49,2016.59,Yes
C02808,Male,1,Yes,Yes,50,Yes,DSL,Yes,No internet service,Month-to-month,Yes,Mailed check,33.14,1785.91,Yes
C02809,Female,0,Yes,No,68,Yes,DSL,No internet service,Yes,Month-to-month,No,Bank transfer (automatic),49.76,3157.44,Yes
C02810,Male,0,No,No,71,Yes,DSL,Yes,Yes,Month-to-month,No,Bank transfer (automatic),75.36,5372.88,No
C02811,Female,0,No,No,60,Yes,No,Yes,No,Two year,No,Credit card (automatic),86.15,4904.5,Yes
C02812,Female,0,Yes,No,21,Yes,Fiber optic,No,No internet service,One year,Yes,Electronic check,19.33,410.61,No
C02813,Female,0,Yes,No,13,No,No,No internet service,No,Month-to-month,No,Mailed check,95.8,1169.81,No
C02814,Female,1,Yes,No,21,Yes,Fiber optic,Yes,No internet service,Month-to-month,No,Electronic check,35.5,703.12,No
C02815,Male,0,Yes,No,52,Yes,No,No,Yes,One year,Yes,Electronic check,47.65,2253.21,No
C02816,Female,1,Yes,Yes,63,Yes,DSL,No,No internet service,Month-to-month,No,Mailed check,50.21,3473.33,No
C02817,Male,0,Yes,No,64,Yes,Fiber optic,No internet service,Yes,One year,No,Mailed check,51.24,3025.6,No
C02818,Female,0,Yes,Yes,49,Yes,DSL,No internet service,Yes,Month-to-month,No,Credit card (automatic),94.04,4530.19,No
C02819,Male,0,No,No,49,Yes,Fiber optic,No internet service,No internet service,Two year,Yes,Mailed check,22.09,1064.56,No
C02820,Female,0,No,No,69,Yes,Fiber optic,Yes,Yes,Month-to-month,No,Bank transfer (automatic),37.65,2495.82,No
C02821,Female,1,Yes,Yes,50,Yes,DSL,Yes,No internet service,One year,Yes,Credit card (automatic),20.23,1070.97,No
C02822,Female,0,Yes,No,10,Yes,Fiber optic,Yes,Yes,Month-to-month,No,Electronic check,95.83,927.19,No
C02823,Male,0,No,No,36,Yes,DSL,No internet service,No internet service,Two year,No,Bank transfer (automatic),116.37,4294.43,No
C02824,Female,1,Yes,No,26,Yes,Fiber optic,No,No internet service,Two year,No,Bank transfer (automatic),83.95,2201.47,No
C02825,Male,0,No,No,46,Yes,Fiber optic,No,No internet service,One year,Yes,Credit card (automatic),77.01,3800.37,No
C02826,Female,0,Yes,Yes,46,Yes,Fiber optic,Yes,No,Month-to-month,No,Credit card (automatic),108.81,5325.08,Yes
C02827,Male,0,No,No,21,Yes,Fiber optic,Yes,No,Month-to-month,No,Mailed check,43.5,861.97,No
C02828,Female,0,No,No,21,Yes,DSL,No,No internet service,Two year,No,Bank transfer (automatic),24.65,543.54,No
C02829,Female,0,No,No,6,Yes,Fiber optic,No internet service,Yes,One year,No,Electronic check,69.0,438.22,No
C02830,Female,0,Yes,No,21,No,DSL,No internet service,No internet service,Month-to-month,No,Mailed check,44.03,1002.15,Yes
C02831,Male,0,No,No,60,Yes,No,Yes,Yes,Month-to-month,Yes,Mailed check,63.11,4137.4,No
C02832,Female,0,Yes,No,47,Yes,Fiber optic,No internet service,No,Month-to-month,Yes,Credit card (automatic),63.63,3132.35,No
C02833,Male,0,No,No,68,Yes,No,Yes,No internet service,Two year,No,Bank transfer (automatic),49.88,3357.87,No
C02834,Female,0,No,No,67,Yes,Fiber optic,No internet service,Yes,One year,Yes,Credit card (automatic),66.63,4279.37,No
C02835,Male,0,Yes,Yes,62,Yes,DSL,No internet service,Yes,One year,Yes,Mailed check,56.02,3726.55,No
C02836,Male,0,No,No,13,Yes,Fiber optic,Yes,No,One year,Yes,Mailed check,29.31,412.7,No
C02837,Female,0,Yes,No,24,Yes,Fiber optic,Yes,No,Month-to-month,Yes,Mailed check,104.67,2309.89,No
C02838,Female,0,No,No,4,No,Fiber optic,No internet service,No,Month-to-month,Yes,Credit card (automatic),88.13,356.35,Yes
C02839,Male,0,Yes,Yes,6,Yes,Fiber optic,Yes,No,Month-to-month,No,Bank transfer (automatic),22.13,122.93,Yes
C02840,Male,0,Yes,Yes,16,Yes,Fiber optic,Yes,No,One year,No,Mailed check,29.58,449.77,No
C02841,Female,0,Yes,No,20,Yes,Fiber optic,No,No internet service,Month-to-month,Yes,Electronic check,27.65,540.08,No
C02842,Male,1,Yes,Yes,1,Yes,Fiber optic,No,Yes,Month-to-month,Yes,Electronic check,24.17,23.26,Yes
C02843,Male,0,No,No,61,Yes,DSL,No,Yes,Month-to-month,No,Credit card (automatic),23.91,1521.52,No
C02844,Male,1,Yes,No,38,Yes,Fiber optic,No,No,Month-to-month,Yes,Mailed check,33.71,1173.11,No
C02845,Male,1,No,Yes,47,Yes,Fiber optic,Yes,No,One year,No,Credit card (automatic),102.79,4941.06,No
C02846,Male,0,No,No,47,Yes,Fiber optic,Yes,No internet service,Month-to-month,Yes,Credit card (automatic),100.82,4815.7,No
C02847,Female,1,Yes,Yes,70,Yes,DSL,No,Yes,Month-to-month,No,Bank transfer (automatic),96.31,7128.94,No
C02848,Female,0,Yes,Yes,10,Yes,No,Yes,Yes,One year,Yes,Credit card (automatic),79.47,730.6,No
C02849,Male,0,Yes,No,25,Yes,No,No,Yes,Month-to-month,Yes,Mailed check,90.35,2183.13,No
C02850,Male,1,Yes,No,22,Yes,DSL,No internet service,No,Month-to-month,Yes,Credit card (automatic),91.85,2100.36,No
C02851,Female,0,No,No,40,No,No,Yes,Yes,Month-to-month,Yes,Bank transfer (automatic),106.93,4458.29,Yes
C02852,Female,0,Yes,No,38,Yes,No,Yes,No internet service,Two year,No,Credit card (automatic),91.23,3431.81,Yes
C02853,Female,0,No,No,57,Yes,Fiber optic,No internet service,No,Month-to-month,No,Bank transfer (automatic),91.65,5184.11,No
C02854,Female,0,Yes,Yes,40,Yes,No,No,No internet service,One year,Yes,Credit card (automatic),98.41,4302.45,No
C02855,Female,0,Yes,Yes,17,Yes,Fiber optic,No,No,Two year,No,Credit card (automatic),73.64,1208.37,No
C02856,Male,0,Yes,Yes,41,Yes,DSL,No internet service,Yes,One year,Yes,Credit card (automatic),39.3,1498.55,No
C02857,Female,1,No,Yes,70,No,DSL,No,No,Month-to-month,Yes,Mailed check,26.45,2019.19,No
C02858,Male,0,Yes,No,42,Yes,DSL,Yes,No,One year,No,Electronic check,59.9,2671.58,Yes
C02859,Female,0,No,No,43,Yes,Fiber optic,No internet service,No internet service,Month-to-month,Yes,Mailed check,27.17,1106.87,Yes
C02860,Male,0,Yes,No,12,Yes,DSL,Yes,Yes,Month-to-month,No,Bank transfer (automatic),34.93,449.11,No
C02861,Female,0,Yes,No,0,Yes,DSL,No internet service,No,Month-to-month,Yes,Credit card (automatic),20.38,19.37,Yes
C02862,Female,1,Yes,Yes,15,Yes,Fiber optic,Yes,Yes,Month-to-month,Yes,Electronic check,48.02,767.47,No
C02863,Female,0,Yes,No,1,Yes,DSL,No internet service,No,Month-to-month,Yes,Bank transfer (automatic),115.0,117.96,No
C02864,Male,0,Yes,No,33,Yes,DSL,Yes,No internet service,Month-to-month,Yes,Mailed check,55.89,1837.94,Yes
C02865,Female,0,Yes,Yes,64,Yes,Fiber optic,Yes,Yes,Month-to-month,Yes,Bank transfer (automatic),42.09,2924.39,No
C02866,Male,0,No,No,32,Yes,Fiber optic,Yes,Yes,Month-to-month,Yes,Mailed check,58.34,1982.39,No
C02867,Female,0,No,Yes,47,Yes,Fiber optic,No,No internet service,One year,No,Credit card (automatic),48.13,2094.68,No
C02868,Male,1,No,No,62,Yes,Fiber optic,No,Yes,Two year,Yes,Credit card (automatic),85.39,5511.84,No
C02869,Female,0,No,No,55,Yes,Fiber optic,Yes,Yes,Month-to-month,Yes,Electronic check,81.45,4739.13,No
C02870,Male,0,No,No,47,Yes,DSL,No,Yes,One year,Yes,Credit card (automatic),20.73,982.32,No
C02871,Male,0,Yes,No,57,Yes,Fiber optic,Yes,Yes,Month-to-month,Yes,Bank transfer (automatic),69.13,3763.93,Yes
C02872,Female,0,Yes,Yes,20,Yes,Fiber optic,No internet service,No internet service,Month-to-month,No,Electronic check,21.62,409.44,No
C02873,Female,0,No,Yes,30,Yes,No,Yes,No internet service,Month-to-month,Yes,Bank transfer (automatic),85.74,2816.12,No
C02874,Female,0,No,No,29,No,DSL,Yes,No,Month-to-month,Yes,Credit card (automatic),111.58,3194.92,No
C02875,Male,0,No,No,58,Yes,No,Yes,No,Month-to-month,Yes,Electronic check,108.75,6331.25,Yes
C02876,Male,1,Yes,No,29,Yes,DSL,No,No,Month-to-month,Yes,Bank transfer (automatic),38.57,1140.49,Yes
C02877,Female,0,No,No,68,Yes,Fiber optic,No internet service,No,Month-to-month,No,Credit card (automatic),92.26,5772.58,No
C02878,Male,0,Yes,No,13,No,Fiber optic,No internet service,Yes,Month-to-month,No,Bank transfer (automatic),97.31,1159.1,No
C02879,Male,0,No,No,12,Yes,Fiber optic,No,Yes,Month-to-month,Yes,Bank transfer (automatic),104.44,1177.62,No
C02880,Female,0,Yes,No,52,Yes,No,No,No internet service,Month-to-month,No,Bank transfer (automatic),43.96,2087.2,Yes
C02881,Male,0,Yes,No,55,Yes,Fiber optic,No internet service,Yes,Month-to-month,Yes,Mailed check,63.08,3745.89,No
C02882,Female,0,No,No,49,Yes,Fiber optic,No,No internet service,Month-to-month,Yes,Electronic check,40.15,1828.86,No
C02883,Male,1,No,Yes,22,No,No,No internet service,No internet service,Month-to-month,Yes,Electronic check,20.43,424.88,No
C02884,Female,0,Yes,No,0,Yes,DSL,No,No internet service,Month-to-month,Yes,Electronic check,83.9,84.53,No
C02885,Female,1,No,No,23,Yes,Fiber optic,No,Yes,Month-to-month,Yes,Bank transfer (automatic),61.15,1517.9,Yes
C02886,Female,1,Yes,No,34,Yes,Fiber optic,No internet service,No internet service,Month-to-month,Yes,Electronic check,42.81,1324.26,No
C02887,Female,0,No,Yes,30,Yes,Fiber optic,No internet service,No,Two year,No,Mailed check,102.71,2906.27,No
C02888,Female,0,Yes,No,67,Yes,No,Yes,No internet service,Month-to-month,No,Mailed check,67.57,4723.99,No
C02889,Male,0,No,No,63,Yes,Fiber optic,Yes,No internet service,Month-to-month,Yes,Bank transfer (automatic),117.47,7429.0,Yes
C02890,Male,0,No,No,56,Yes,DSL,Yes,No,Month-to-month,No,Mailed check,97.34,5554.08,No
C02891,Female,0,Yes,Yes,1,Yes,Fiber optic,No internet service,No,Two year,Yes,Credit card (automatic),104.92,94.78,Yes
C02892,Male,0,Yes,No,9,Yes,No,Yes,No internet service,One year,No,Electronic check,95.33,920.91,Yes
C02893,Female,0,No,Yes,31,Yes,DSL,No internet service,No,One year,Yes,Electronic check,28.59,900.25,No
C02894,Female,1,No,No,45,Yes,DSL,No,No internet service,Two year,Yes,Credit card (automatic),24.5,1176.23,Yes
C02895,Female,1,Yes,No,49,Yes,DSL,No internet service,No internet service,Month-to-month,No,Mailed check,109.51,5863.68,Yes
C02896,Male,0,Yes,No,21,Yes,DSL,No,No,Two year,Yes,Bank transfer (automatic),31.82,699.25,No
C02897,Female,1,Yes,No,8,Yes,DSL,No internet service,No internet service,Month-to-month,Yes,Bank transfer (automatic),57.12,414.1,Yes
C02898,Male,0,Yes,No,23,Yes,Fiber optic,No,Yes,One year,Yes,Bank transfer (automatic),78.99,1893.63,No
C02899,Male,0,No,Yes,57,Yes,DSL,No,No,Month-to-month,Yes,Bank transfer (automatic),39.19,2262.19,No
C02900,Female,0,No,No,72,Yes,No,Yes,No,Month-to-month,Yes,Electronic check,40.53,2686.77,No
C02901,Female,0,Yes,No,68,Yes,DSL,Yes,No internet service,Two year,Yes,Mailed check,64.62,4192.4,Yes
C02902,Female,0,Yes,No,43,Yes,Fiber optic,No internet service,No internet service,Month-to-month,Yes,Bank transfer (automatic),54.09,2171.82,No
C02903,Male,0,Yes,Yes,6,No,DSL,No,Yes,Two year,Yes,Electronic check,85.66,557.63,No
C02904,Male,0,Yes,No,70,Yes,DSL,No,No internet service,Month-to-month,Yes,Credit card (automatic),25.51,1891.16,Yes
C02905,Female,1,No,No,11,Yes,DSL,No internet service,Yes,One year,No,Mailed check,66.88,765.23,No
C02906,Female,0,No,No,19,No,Fiber optic,Yes,No internet service,Two year,No,Credit card (automatic),35.43,708.62,No
C02907,Female,0,No,No,71,Yes,Fiber optic,No,No internet service,Month-to-month,Yes,Mailed check,78.67,5698.67,Yes
C02908,Male,0,No,No,36,Yes,Fiber optic,No,Yes,Two year,No,Bank transfer (automatic),29.62,1142.09,No
C02909,Female,0,Yes,No,14,Yes,Fiber optic,No internet service,No,One year,No,Credit card (automatic),37.76,499.95,No
C02910,Male,0,Yes,No,36,Yes,Fiber optic,Yes,Yes,One year,Yes,Bank transfer (automatic),98.39,3365.3,No
C02911,Female,0,No,No,5,Yes,No,No internet service,Yes,Month-to-month,Yes,Mailed check,41.52,211.41,Yes
C02912,Male,0,No,No,23,No,DSL,No internet service,Yes,Month-to-month,Yes,Credit card (automatic),91.71,2240.17,No
C02913,Female,1,No,Yes,69,Yes,DSL,No,Yes,One year,Yes,Electronic check,45.31,3336.35,No
C02914,Male,0,Yes,Yes,21,Yes,Fiber optic,No,No,Month-to-month,No,Electronic check,41.5,954.51,No
C02915,Female,0,Yes,No,65,Yes,No,No,Yes,Month-to-month,Yes,Electronic check,47.92,3278.19,No
C02916,Female,0,No,No,39,Yes,No,Yes,Yes,Month-to-month,No,Electronic check,106.09,3916.35,No
C02917,Female,1,No,No,47,Yes,Fiber optic,No internet service,No internet service,Two year,No,Mailed check,57.72,2566.7,No
C02918,Male,0,No,Yes,51,Yes,DSL,No,Yes,Month-to-month,Yes,Bank transfer (automatic),42.38,2137.86,Yes
C02919,Male,1,Yes,No,40,Yes,Fiber optic,No internet service,No internet service,One year,Yes,Bank transfer (automatic),71.66,2952.48,Yes
C02920,Female,0,No,No,2,Yes,DSL,Yes,No internet service,Two year,No,Mailed check,56.56,113.41,Yes
C02921,Female,0,No,Yes,67,Yes,DSL,Yes,No internet service,Month-to-month,No,Credit card (automatic),97.02,5938.03,No
C02922,Female,0,Yes,No,34,No,DSL,No,No internet service,Month-to-month,Yes,Electronic check,117.04,3964.96,Yes
C02923,Male,0,Yes,Yes,47,Yes,No,Yes,No internet service,One year,Yes,Mailed check,70.66,3531.64,No
C02924,Male,0,Yes,No,40,Yes,Fiber optic,No,No,Month-to-month,No,Credit card (automatic),63.17,2395.57,Yes
C02925,Male,0,Yes,No,48,Yes,DSL,No,No internet service,One year,Yes,Credit card (automatic),52.3,2578.2,No
C02926,Male,0,No,Yes,25,No,DSL,Yes,Yes,One year,No,Electronic check,115.33,2750.46,Yes
C02927,Female,1,Yes,No,61,Yes,No,No,No,One year,No,Mailed check,66.33,4091.18,Yes
C02928,Female,0,No,Yes,16,Yes,Fiber optic,No internet service,Yes,Month-to-month,No,Credit card (automatic),35.8,595.82,No
C02929,Female,0,No,No,47,No,DSL,Yes,No,One year,No,Credit card (automatic),114.92,5084.97,No
C02930,Male,0,No,Yes,42,Yes,No,Yes,No,One year,Yes,Mailed check,114.09,5021.35,No
C02931,Male,1,No,No,36,Yes,Fiber optic,No internet service,No internet service,Month-to-month,No,Mailed check,61.57,2294.77,No
C02932,Male,0,Yes,No,1,No,Fiber optic,Yes,Yes,One year,No,Mailed check,52.82,50.84,No
C02933,Female,1,Yes,No,28,Yes,Fiber optic,No,Yes,Two year,Yes,Bank transfer (automatic),86.04,2599.43,No
C02934,Male,0,Yes,Yes,3,Yes,Fiber optic,Yes,Yes,One year,Yes,Mailed check,100.89,319.65,Yes
C02935,Female,0,Yes,No,36,Yes,DSL,No internet service,Yes,Month-to-month,No,Credit card (automatic),67.85,2452.92,No
C02936,Female,1,No,Yes,50,Yes,DSL,Yes,No internet service,Month-to-month,Yes,Mailed check,51.08,2340.84,Yes
C02937,Female,0,Yes,Yes,38,Yes,Fiber optic,No internet service,Yes,Month-to-month,No,Credit card (automatic),48.14,1807.6,Yes
C02938,Female,0,Yes,No,55,Yes,Fiber optic,No internet service,Yes,Month-to-month,Yes,Electronic check,50.66,2691.48,No
C02939,Male,0,Yes,No,26,Yes,No,No,Yes,Month-to-month,No,Credit card (automatic),29.8,737.99,Yes
C02940,Female,1,No,No,22,Yes,No,No,No internet service,Two year,No,Bank transfer (automatic),95.86,2169.48,No
C02941,Male,0,Yes,No,32,Yes,Fiber optic,No internet service,No,Month-to-month,Yes,Bank transfer (automatic),28.5,988.92,No
C02942,Male,0,Yes,No,16,Yes,Fiber optic,No internet service,No internet service,Two year,Yes,Bank transfer (automatic),57.83,859.87,Yes
C02943,Male,0,Yes,No,58,Yes,Fiber optic,No,Yes,Month-to-month,No,Electronic check,101.49,6170.9,No
C02944,Female,0,No,Yes,59,Yes,DSL,No,No,Month-to-month,Yes,Mailed check,58.41,3530.08,Yes
C02945,Female,0,No,No,30,Yes,Fiber optic,No,No internet service,Month-to-month,No,Bank transfer (automatic),47.48,1471.98,No
C02946,Female,0,Yes,No,57,Yes,Fiber optic,Yes,Yes,Month-to-month,Yes,Bank transfer (automatic),112.83,6875.31,No
C02947,Female,0,No,Yes,1,Yes,Fiber optic,Yes,No internet service,Two year,No,Electronic check,30.65,29.89,Yes
C02948,Female,1,Yes,No,11,Yes,No,Yes,No,Two year,No,Mailed check,106.49,1190.03,Yes
C02949,Female,0,No,No,20,Yes,DSL,Yes,No internet service,Two year,No,Bank transfer (automatic),24.21,462.59,No
C02950,Female,0,No,No,28,Yes,Fiber optic,No,No internet service,Month-to-month,Yes,Electronic check,59.35,1590.08,No
C02951,Male,0,Yes,Yes,16,No,No,No,No internet service,One year,Yes,Credit card (automatic),81.17,1302.17,No
C02952,Male,0,No,No,37,Yes,Fiber optic,Yes,No internet service,Month-to-month,Yes,Electronic check,55.0,1834.47,Yes
C02953,Male,0,No,No,57,Yes,DSL,No,No,Two year,No,Electronic check,71.46,3868.02,Yes
C02954,Male,0,Yes,No,33,Yes,Fiber optic,No,Yes,Month-to-month,Yes,Credit card (automatic),38.4,1178.91,No
C02955,Male,0,Yes,No,32,No,No,Yes,Yes,Month-to-month,No,Bank transfer (automatic),74.9,2214.58,No
C02956,Male,1,No,No,4,Yes,DSL,No internet service,No internet service,Month-to-month,Yes,Bank transfer (automatic),31.46,122.94,Yes
C02957,Female,0,Yes,No,20,Yes,Fiber optic,Yes,Yes,Month-to-month,Yes,Bank transfer (automatic),97.61,1797.73,No
C02958,Female,0,Yes,No,58,Yes,Fiber optic,Yes,No,Month-to-month,No,Electronic check,76.38,4123.74,No
C02959,Female,1,No,No,59,No,DSL,No internet service,No internet service,Two year,No,Electronic check,66.19,4036.98,No
C02960,Female,0,No,No,7,Yes,Fiber optic,No internet service,No,Two year,Yes,Electronic check,23.47,169.26,No
C02961,Female,0,Yes,No,1,Yes,Fiber optic,No,No,Two year,No,Mailed check,67.98,74.03,Yes
C02962,Male,0,Yes,No,60,Yes,Fiber optic,No internet service,Yes,Month-to-month,No,Bank transfer (automatic),74.36,4836.62,Yes
C02963,Male,0,Yes,No,12,Yes,Fiber optic,No,No internet service,One year,No,Bank transfer (automatic),44.57,574.84,No
C02964,Male,0,No,No,41,Yes,DSL,Yes,No,Month-to-month,No,Bank transfer (automatic),85.76,3650.45,No
C02965,Female,0,No,No,60,Yes,DSL,No,Yes,Month-to-month,No,Mailed check,25.68,1468.87,No
C02966,Female,0,No,Yes,57,Yes,Fiber optic,No,No internet service,Month-to-month,Yes,Bank transfer (automatic),38.87,2072.98,Yes
C02967,Male,0,Yes,No,40,No,DSL,Yes,No internet service,Month-to-month,Yes,Electronic check,91.75,3999.87,Yes
C02968,Male,1,Yes,No,27,Yes,Fiber optic,Yes,No,One year,No,Mailed check,32.72,964.65,No
C02969,Female,0,Yes,Yes,56,Yes,Fiber optic,No,No internet service,Month-to-month,No,Credit card (automatic),42.55,2384.91,No
C02970,Female,0,Yes,No,50,Yes,DSL,Yes,No internet service,Month-to-month,Yes,Bank transfer (automatic),83.09,4194.73,Yes
C02971,Female,1,Yes,No,61,Yes,No,No,No internet service,One year,Yes,Credit card (automatic),90.88,4995.27,Yes
C02972,Female,0,No,No,37,Yes,Fiber optic,Yes,Yes,Month-to-month,No,Electronic check,23.15,796.35,No
C02973,Male,1,Yes,No,68,No,No,Yes,No,Two year,Yes,Bank transfer (automatic),30.66,2104.06,Yes
C02974,Female,0,Yes,No,56,Yes,DSL,Yes,Yes,Month-to-month,Yes,Bank transfer (automatic),62.61,3283.02,No
C02975,Female,0,No,Yes,4,Yes,No,No,No internet service,Two year,Yes,Bank transfer (automatic),77.28,307.8,No
C02976,Male,1,Yes,Yes,21,Yes,Fiber optic,No internet service,No,One year,Yes,Electronic check,63.38,1409.49,Yes
C02977,Male,0,No,No,58,Yes,No,No,Yes,One year,No,Electronic check,82.71,5085.76,No
C02978,Female,0,No,No,8,Yes,Fiber optic,No internet service,Yes,One year,Yes,Mailed check,93.6,802.96,Yes
C02979,Male,0,Yes,No,51,Yes,No,No internet service,Yes,Two year,Yes,Mailed check,112.95,5455.97,No
C02980,Male,0,Yes,No,24,Yes,Fiber optic,Yes,No,One year,No,Mailed check,52.99,1254.44,No
C02981,Male,0,Yes,Yes,15,Yes,Fiber optic,No,Yes,Month-to-month,Yes,Credit card (automatic),34.31,527.71,No
C02982,Male,0,No,No,39,Yes,DSL,Yes,No,Month-to-month,Yes,Bank transfer (automatic),44.41,1760.08,Yes
C02983,Male,0,No,No,68,Yes,Fiber optic,No,Yes,One year,No,Credit card (automatic),32.82,2454.52,Yes
C02984,Male,0,No,No,65,No,Fiber optic,No internet service,No,Month-to-month,No,Electronic check,57.42,3565.3,Yes
C02985,Female,1,No,No,29,Yes,No,No internet service,No,Month-to-month,No,Credit card (automatic),105.26,2790.84,No
C02986,Male,1,Yes,Yes,0,Yes,Fiber optic,No internet service,No,Month-to-month,No,Mailed check,52.71,51.53,No
C02987,Male,0,Yes,Yes,64,Yes,Fiber optic,No,No,Month-to-month,Yes,Bank transfer (automatic),32.88,2111.9,No
C02988,Female,0,Yes,Yes,65,No,No,Yes,Yes,Month-to-month,No,Bank transfer (automatic),70.26,4463.91,Yes
C02989,Male,0,No,No,44,Yes,No,No,No internet service,One year,Yes,Electronic check,117.19,4970.08,No
C02990,Female,0,No,Yes,45,Yes,No,No internet service,Yes,Two year,Yes,Credit card (automatic),36.82,1576.46,No
C02991,Male,0,Yes,No,38,Yes,DSL,No internet service,Yes,Two year,No,Mailed check,95.79,3587.23,Yes
C02992,Male,0,Yes,No,0,Yes,No,No internet service,No,Month-to-month,No,Mailed check,100.34,104.14,Yes
C02993,Male,1,Yes,No,11,Yes,Fiber optic,No,Yes,Month-to-month,Yes,Electronic check,58.13,594.52,Yes
C02994,Female,0,No,Yes,10,Yes,No,Yes,No internet service,One year,Yes,Credit card (automatic),79.96,858.06,No
C02995,Female,0,Yes,No,66,Yes,Fiber optic,No internet service,No,Month-to-month,Yes,Bank transfer (automatic),61.24,4155.92,No
C02996,Female,1,Yes,No,3,No,Fiber optic,No,No internet service,One year,Yes,Credit card (automatic),44.23,122.27,Yes
C02997,Male,0,No,Yes,40,Yes,DSL,Yes,Yes,Month-to-month,No,Electronic check,60.61,2193.36,No
C02998,Male,0,Yes,No,26,Yes,DSL,Yes,Yes,Two year,Yes,Bank transfer (automatic),27.53,651.55,No
C02999,Female,0,Yes,No,0,Yes,Fiber optic,No internet service,Yes,Month-to-month,No,Electronic check,88.7,81.43,Yes
C03000,Male,1,No,No,67,Yes,DSL,Yes,Yes,Two year,No,Bank transfer (automatic),100.92,6955.75,No
C03001,Male,0,No,No,1,Yes,Fiber optic,No,Yes,One year,No,Electronic check,48.74,53.04,Yes
C03002,Female,0,Yes,No,62,Yes,DSL,No,No,Month-to-month,Yes,Credit card (automatic),74.65,4288.86,No
C03003,Male,1,No,No,56,Yes,DSL,No,Yes,One year,Yes,Mailed check,41.21,2208.22,No
C03004,Female,0,Yes,No,57,Yes,DSL,Yes,No,Month-to-month,No,Credit card (automatic),30.75,1881.0,No
C03005,Female,0,Yes,No,11,Yes,DSL,No,Yes,One year,Yes,Mailed check,84.36,929.01,No
C03006,Male,0,No,No,64,Yes,DSL,No internet service,No,One year,Yes,Electronic check,31.41,1980.94,No
C03007,Female,0,No,No,43,Yes,Fiber optic,Yes,Yes,Month-to-month,Yes,Electronic check,96.2,4114.45,No
C03008,Female,1,Yes,No,29,No,Fiber optic,No,No,Month-to-month,No,Mailed check,45.18,1205.7,Yes
C03009,Female,0,Yes,No,49,Yes,DSL,No internet service,Yes,One year,No,Electronic check,99.85,4618.26,Yes
C03010,Female,0,Yes,No,24,Yes,DSL,No internet service,No,Month-to-month,No,Bank transfer (automatic),54.85,1438.04,No
C03011,Male,0,No,Yes,20,Yes,No,No internet service,No,Two year,No,Credit card (automatic),54.88,1129.08,No
C03012,Male,0,Yes,Yes,21,Yes,DSL,No,Yes,One year,Yes,Mailed check,93.06,1870.73,No
C03013,Male,0,No,Yes,41,Yes,Fiber optic,Yes,Yes,One year,No,Electronic check,69.03,3083.24,No
C03014,Male,1,Yes,No,43,Yes,Fiber optic,No,Yes,Month-to-month,No,Electronic check,38.1,1604.71,Yes
C03015,Female,0,No,No,17,Yes,DSL,No internet service,No internet service,One year,No,Mailed check,103.04,1625.86,Yes
C03016,Female,0,Yes,No,17,Yes,No,No,No internet service,Two year,Yes,Credit card (automatic),52.02,966.64,No
C03017,Male,1,Yes,No,69,Yes,Fiber optic,No internet service,Yes,Month-to-month,Yes,Bank transfer (automatic),28.28,2016.08,No
C03018,Male,1,Yes,No,37,Yes,No,Yes,No internet service,Month-to-month,Yes,Credit card (automatic),59.6,2316.7,No
C03019,Female,0,No,No,62,Yes,DSL,No internet service,No,Month-to-month,Yes,Electronic check,75.4,4228.37,No
C03020,Male,1,No,No,24,Yes,Fiber optic,Yes,No internet service,Month-to-month,No,Electronic check,78.99,1813.54,Yes
C03021,Male,0,Yes,No,21,Yes,Fiber optic,No,No,One year,Yes,Electronic check,101.56,2322.76,No
C03022,Female,0,Yes,No,20,Yes,DSL,Yes,Yes,Month-to-month,No,Electronic check,72.14,1343.4,Yes
C03023,Male,0,No,Yes,38,Yes,No,Yes,No internet service,One year,Yes,Credit card (automatic),40.37,1648.65,No
C03024,Male,0,Yes,No,56,Yes,No,No internet service,No internet service,Month-to-month,No,Bank transfer (automatic),44.17,2607.32,No
C03025,Male,0,Yes,Yes,36,Yes,Fiber optic,Yes,Yes,Month-to-month,No,Bank transfer (automatic),28.08,986.32,No
C03026,Male,1,No,No,21,Yes,No,No internet service,No internet service,Month-to-month,No,Mailed check,91.59,2072.15,Yes
C03027,Female,0,Yes,No,70,Yes,DSL,No internet service,No,Two year,Yes,Electronic check,28.59,2170.49,No
C03028,Male,0,No,Yes,41,Yes,Fiber optic,Yes,No internet service,One year,No,Mailed check,78.58,3458.17,Yes
C03029,Male,1,Yes,Yes,28,Yes,DSL,No,No,Month-to-month,No,Electronic check,77.69,2135.07,No
C03030,Male,0,Yes,No,0,Yes,No,Yes,Yes,One year,Yes,Credit card (automatic),96.55,98.23,No
C03031,Female,0,Yes,No,41,Yes,Fiber optic,Yes,No internet service,Month-to-month,Yes,Mailed check,25.46,1003.39,Yes
C03032,Female,0,No,No,45,Yes,No,No internet service,No,Month-to-month,No,Credit card (automatic),38.29,1595.53,No
C03033,Male,0,Yes,No,67,Yes,DSL,No,Yes,Month-to-month,No,Electronic check,108.96,7887.43,Yes
C03034,Male,0,No,Yes,16,Yes,DSL,No,No internet service,Two year,No,Mailed check,75.22,1319.34,No
C03035,Female,0,No,Yes,11,Yes,Fiber optic,No internet service,No,One year,No,Electronic check,63.77,639.54,Yes
C03036,Female,0,No,No,72,Yes,Fiber optic,Yes,No,One year,Yes,Bank transfer (automatic),92.77,6930.24,No
C03037,Female,0,Yes,No,40,Yes,DSL,Yes,No,Month-to-month,Yes,Electronic check,108.25,4719.05,No
C03038,Female,0,No,No,1,Yes,Fiber optic,Yes,No internet service,Month-to-month,No,Mailed check,44.3,45.26,Yes
C03039,Female,0,Yes,No,7,Yes,DSL,No internet service,Yes,One year,Yes,Credit card (automatic),108.15,688.48,Yes
C03040,Male,0,No,Yes,34,Yes,Fiber optic,Yes,Yes,Month-to-month,No,Credit card (automatic),28.87,886.35,No
C03041,Female,0,No,No,45,Yes,No,No,No internet service,Two year,No,Electronic check,115.77,5213.92,No
C03042,Male,1,No,No,17,Yes,Fiber optic,Yes,No,One year,No,Mailed check,34.49,637.92,No
C03043,Female,0,No,No,26,Yes,Fiber optic,No,Yes,Month-to-month,No,Bank transfer (automatic),44.62,1108.81,No
C03044,Female,0,Yes,No,53,Yes,DSL,No internet service,No,One year,No,Electronic check,27.66,1422.1,Yes
C03045,Female,0,No,No,70,No,DSL,Yes,No,Two year,Yes,Electronic check,98.37,7293.54,No
C03046,Female,0,No,Yes,35,Yes,DSL,Yes,No internet service,Month-to-month,Yes,Mailed check,116.42,4320.54,Yes
C03047,Female,0,Yes,No,30,No,No,Yes,Yes,One year,Yes,Mailed check,47.7,1557.97,Yes
C03048,Female,0,Yes,No,26,Yes,DSL,No internet service,Yes,Two year,Yes,Mailed check,50.56,1403.6,No
C03049,Female,1,Yes,Yes,9,Yes,No,No internet service,No,Month-to-month,Yes,Credit card (automatic),45.9,420.86,Yes
C03050,Male,0,No,No,3,Yes,Fiber optic,No internet service,No,Two year,Yes,Bank transfer (automatic),33.48,109.25,Yes
C03051,Female,0,Yes,No,60,Yes,No,No internet service,Yes,Month-to-month,No,Mailed check,96.74,5937.23,Yes
C03052,Male,0,No,No,2,Yes,DSL,Yes,No internet service,One year,Yes,Electronic check,24.07,49.12,No
C03053,Male,0,No,No,59,Yes,No,No internet service,Yes,One year,No,Credit card (automatic),114.78,6115.81,No
C03054,Male,0,Yes,No,18,No,No,No internet service,No internet service,One year,No,Bank transfer (automatic),110.73,1975.38,Yes
C03055,Male,0,Yes,No,50,Yes,Fiber optic,No internet service,No,Month-to-month,No,Credit card (automatic),29.84,1355.62,No
C03056,Male,0,Yes,No,69,Yes,No,No internet service,No internet service,One year,Yes,Credit card (automatic),70.95,5285.99,No
C03057,Male,0,No,No,54,Yes,DSL,No,No internet service,Month-to-month,Yes,Bank transfer (automatic),117.29,5713.56,Yes
C03058,Female,0,No,Yes,53,Yes,DSL,No internet service,Yes,Month-to-month,Yes,Mailed check,103.26,5261.53,No
C03059,Female,0,No,No,19,Yes,No,No,No,Month-to-month,No,Mailed check,89.51,1869.08,Yes
C03060,Male,1,No,No,43,Yes,DSL,Yes,No,One year,Yes,Mailed check,20.25,922.14,Yes
C03061,Male,0,No,Yes,46,Yes,DSL,No internet service,No,Month-to-month,Yes,Bank transfer (automatic),24.84,1201.52,Yes
C03062,Male,0,No,Yes,31,Yes,Fiber optic,No internet service,Yes,Month-to-month,Yes,Mailed check,97.4,3147.95,No
C03063,Female,1,No,No,2,Yes,No,No internet service,No,Two year,Yes,Electronic check,55.64,101.29,No
C03064,Male,0,No,No,66,Yes,No,No,No internet service,Month-to-month,No,Bank transfer (automatic),84.84,5362.25,No
C03065,Female,0,No,No,14,Yes,DSL,No internet service,No internet service,Month-to-month,No,Electronic check,91.92,1363.69,No
C03066,Male,0,Yes,No,71,No,Fiber optic,No,No,Month-to-month,No,Electronic check,60.22,4613.87,No
C03067,Female,0,Yes,Yes,68,Yes,Fiber optic,No,No,Month-to-month,No,Credit card (automatic),32.34,2133.17,Yes
C03068,Male,0,No,Yes,1,Yes,No,No,No internet service,One year,Yes,Bank transfer (automatic),56.67,53.94,Yes
C03069,Female,1,No,No,53,Yes,DSL,No,Yes,Month-to-month,No,Electronic check,105.1,5276.07,Yes
C03070,Male,0,No,No,46,Yes,DSL,No internet service,Yes,Month-to-month,No,Bank transfer (automatic),51.11,2373.66,No
C03071,Male,0,Yes,No,16,Yes,Fiber optic,Yes,Yes,Two year,No,Mailed check,24.26,371.97,Yes
C03072,Female,0,Yes,No,59,Yes,DSL,Yes,No internet service,Two year,No,Credit card (automatic),113.91,6077.3,No
C03073,Male,0,No,No,8,Yes,Fiber optic,No,Yes,One year,Yes,Credit card (automatic),86.07,673.51,No
C03074,Male,0,Yes,Yes,18,Yes,Fiber optic,No,No,Two year,No,Credit card (automatic),72.09,1311.57,No
C03075,Male,0,Yes,Yes,69,Yes,Fiber optic,Yes,Yes,Two year,No,Mailed check,100.91,7149.73,No
C03076,Female,0,No,No,54,Yes,Fiber optic,No internet service,No,Month-to-month,Yes,Mailed check,59.12,3092.21,No
C03077,Male,0,No,No,8,Yes,No,No internet service,No,One year,Yes,Bank transfer (automatic),116.51,897.39,Yes
C03078,Female,0,No,No,10,Yes,Fiber optic,No,No internet service,One year,Yes,Bank transfer (automatic),103.76,992.75,No
C03079,Female,0,Yes,No,18,Yes,No,No,Yes,Month-to-month,No,Electronic check,46.05,849.34,No
C03080,Male,0,No,No,5,Yes,Fiber optic,No internet service,Yes,Month-to-month,Yes,Bank transfer (automatic),55.1,263.58,No
C03081,Male,0,Yes,No,13,Yes,Fiber optic,Yes,No internet service,Month-to-month,No,Mailed check,45.57,641.8,No
C03082,Male,0,Yes,No,41,No,Fiber optic,Yes,Yes,One year,No,Credit card (automatic),83.93,3290.88,No
C03083,Female,0,Yes,No,0,Yes,Fiber optic,No,No,One year,Yes,Mailed check,81.93,86.7,Yes
C03084,Female,0,No,No,20,Yes,DSL,No,Yes,One year,Yes,Electronic check,70.25,1354.34,No
C03085,Female,0,No,Yes,22,Yes,Fiber optic,Yes,No,Month-to-month,Yes,Bank transfer (automatic),114.58,2588.69,No
C03086,Female,0,Yes,No,70,No,No,No internet service,No,Month-to-month,No,Electronic check,65.23,4747.85,Yes
C03087,Female,0,No,No,71,Yes,Fiber optic,Yes,No,Month-to-month,Yes,Bank transfer (automatic),96.37,6396.66,No
C03088,Male,0,Yes,No,61,Yes,Fiber optic,No,No internet service,Month-to-month,No,Mailed check,83.81,4989.68,No
C03089,Female,0,No,No,24,Yes,Fiber optic,Yes,Yes,Two year,No,Bank transfer (automatic),69.82,1550.87,Yes
C03090,Male,0,No,Yes,38,Yes,Fiber optic,Yes,No internet service,Two year,No,Mailed check,22.21,845.78,No
C03091,Male,0,No,Yes,36,Yes,Fiber optic,Yes,No internet service,Two year,No,Electronic check,83.75,3261.88,No
C03092,Female,0,No,Yes,62,Yes,DSL,Yes,No internet service,Two year,No,Credit card (automatic),82.26,5198.28,No
C03093,Female,1,No,No,54,Yes,DSL,Yes,No internet service,Two year,Yes,Electronic check,30.49,1712.87,No
C03094,Male,0,No,Yes,66,Yes,No,No,No,Month-to-month,Yes,Credit card (automatic),97.59,6161.47,No
C03095,Female,0,Yes,No,40,Yes,DSL,No,No internet service,Month-to-month,Yes,Bank transfer (automatic),64.7,2571.55,Yes
C03096,Female,1,Yes,No,67,Yes,Fiber optic,Yes,No,Month-to-month,No,Mailed check,50.41,3540.11,No
C03097,Female,0,No,Yes,54,Yes,Fiber optic,Yes,No internet service,Month-to-month,Yes,Mailed check,100.4,5021.81,No
C03098,Male,0,No,Yes,53,Yes,DSL,Yes,No,Month-to-month,Yes,Mailed check,52.34,2564.14,No
C03099,Male,0,Yes,No,48,Yes,DSL,No,No internet service,Month-to-month,No,Mailed check,80.19,3636.98,No
C03100,Male,0,No,No,24,Yes,No,No internet service,No,Two year,Yes,Bank transfer (automatic),79.79,1814.16,Yes
C03101,Male,1,Yes,No,44,Yes,Fiber optic,Yes,No,Month-to-month,No,Electronic check,23.28,1119.05,No
C03102,Female,0,Yes,No,26,No,DSL,No internet service,No internet service,Two year,No,Electronic check,60.28,1460.27,No
C03103,Female,1,Yes,No,47,Yes,DSL,No internet service,Yes,One year,Yes,Bank transfer (automatic),40.28,1743.66,No
C03104,Female,0,No,No,18,Yes,DSL,No internet service,No,One year,No,Mailed check,37.96,633.77,No
C03105,Female,0,Yes,No,58,Yes,Fiber optic,Yes,No internet service,One year,No,Credit card (automatic),83.5,4555.24,Yes
C03106,Male,0,No,No,41,Yes,No,No,Yes,Month-to-month,No,Electronic check,19.14,764.14,Yes
C03107,Male,0,Yes,No,51,No,DSL,No,No,One year,No,Electronic check,114.91,5505.45,No
C03108,Female,0,Yes,Yes,16,Yes,Fiber optic,No,No internet service,Month-to-month,Yes,Electronic check,57.54,844.74,Yes
C03109,Male,1,Yes,No,57,Yes,Fiber optic,No internet service,No internet service,Two year,No,Credit card (automatic),47.88,2530.81,Yes
C03110,Male,0,No,No,58,Yes,DSL,No,No internet service,Month-to-month,No,Bank transfer (automatic),110.0,6749.62,Yes
C03111,Male,1,No,No,10,Yes,Fiber optic,No,Yes,Month-to-month,No,Mailed check,66.67,669.38,Yes
C03112,Male,0,No,No,25,Yes,Fiber optic,No internet service,No internet service,One year,Yes,Bank transfer (automatic),79.43,2083.4,Yes
C03113,Female,0,No,No,49,Yes,Fiber optic,Yes,No internet service,One year,Yes,Mailed check,87.59,4014.39,Yes
C03114,Male,0,Yes,Yes,63,Yes,No,No,No,Month-to-month,Yes,Mailed check,105.14,6365.72,No
C03115,Male,0,No,No,53,Yes,Fiber optic,No internet service,No internet service,One year,Yes,Mailed check,30.97,1799.74,Yes
C03116,Male,0,No,No,34,Yes,DSL,Yes,No,Month-to-month,Yes,Credit card (automatic),26.17,816.05,No
C03117,Female,1,No,No,21,Yes,Fiber optic,No internet service,No internet service,One year,No,Credit card (automatic),117.37,2434.54,Yes
C03118,Male,1,Yes,No,66,Yes,DSL,No,No internet service,Month-to-month,No,Bank transfer (automatic),18.89,1195.82,Yes
C03119,Female,0,No,No,63,No,DSL,No internet service,No internet service,Month-to-month,Yes,Electronic check,88.82,5044.3,No
C03120,Female,0,Yes,No,65,Yes,Fiber optic,No internet service,No internet service,Month-to-month,Yes,Mailed check,79.11,5196.09,No
C03121,Female,0,Yes,No,22,Yes,DSL,Yes,No,Month-to-month,No,Mailed check,73.26,1627.84,No
C03122,Male,0,Yes,No,31,Yes,Fiber optic,No,No,Month-to-month,Yes,Bank transfer (automatic),96.58,2886.47,No
C03123,Male,0,No,No,17,Yes,DSL,No,No,Month-to-month,No,Credit card (automatic),117.25,1982.19,Yes
C03124,Female,0,No,No,69,Yes,No,No internet service,No,Month-to-month,Yes,Mailed check,22.69,1531.78,Yes
C03125,Female,0,No,No,63,Yes,DSL,Yes,No internet service,Month-to-month,No,Credit card (automatic),79.45,4969.52,No
C03126,Male,0,Yes,No,12,Yes,Fiber optic,Yes,Yes,Month-to-month,Yes,Electronic check,89.68,1151.07,Yes
C03127,Male,1,Yes,Yes,18,Yes,Fiber optic,No,No internet service,Month-to-month,Yes,Electronic check,48.59,912.05,No
C03128,Male,0,No,No,40,Yes,No,No internet service,No,One year,Yes,Credit card (automatic),107.29,4102.98,No
C03129,Male,1,Yes,No,30,Yes,Fiber optic,Yes,Yes,Two year,No,Mailed check,63.7,1811.45,Yes
C03130,Female,0,Yes,No,33,Yes,No,No internet service,No,Month-to-month,No,Credit card (automatic),34.45,1188.06,Yes
C03131,Male,0,Yes,No,26,Yes,Fiber optic,Yes,Yes,Two year,No,Mailed check,103.44,2541.26,No
C03132,Male,0,Yes,Yes,49,Yes,DSL,No internet service,No,Month-to-month,Yes,Bank transfer (automatic),112.29,5950.73,No
C03133,Male,1,No,No,65,Yes,Fiber optic,No internet service,No internet service,Month-to-month,No,Electronic check,27.95,1937.68,No
C03134,Female,0,No,No,66,Yes,Fiber optic,No,Yes,One year,No,Electronic check,93.17,5844.86,No
C03135,Female,0,Yes,No,33,Yes,DSL,No internet service,No,One year,Yes,Credit card (automatic),39.5,1382.1,No
C03136,Male,0,Yes,No,60,Yes,DSL,No internet service,No,Two year,Yes,Mailed check,18.67,1051.05,No
C03137,Female,0,Yes,Yes,50,Yes,DSL,No internet service,No,Month-to-month,Yes,Credit card (automatic),44.06,1993.65,Yes
C03138,Male,0,Yes,No,14,Yes,Fiber optic,No internet service,No internet service,One year,Yes,Bank transfer (automatic),103.49,1582.48,No
C03139,Male,0,No,No,57,Yes,DSL,No,No internet service,Month-to-month,Yes,Bank transfer (automatic),32.12,1926.54,No
C03140,Female,1,Yes,No,25,No,Fiber optic,No internet service,No,Month-to-month,Yes,Mailed check,31.07,775.04,Yes
C03141,Male,1,Yes,No,45,No,Fiber optic,No internet service,No internet service,Month-to-month,No,Credit card (automatic),91.9,4419.37,No
C03142,Female,0,Yes,No,52,Yes,No,No,No,Two year,Yes,Electronic check,58.64,2790.59,No
C03143,Male,0,No,No,68,Yes,No,Yes,Yes,Month-to-month,Yes,Bank transfer (automatic),32.85,2340.88,No
C03144,Male,0,Yes,Yes,69,Yes,DSL,Yes,No internet service,Two year,No,Bank transfer (automatic),41.0,3087.19,No
C03145,Female,0,No,No,58,Yes,DSL,Yes,No internet service,One year,No,Bank transfer (automatic),97.46,6012.86,No
C03146,Male,0,No,No,36,Yes,DSL,No,No,One year,Yes,Credit card (automatic),80.33,2852.36,No
C03147,Male,0,Yes,Yes,29,No,No,Yes,No,One year,No,Electronic check,94.09,2644.74,No
C03148,Male,0,Yes,No,32,Yes,DSL,No,No internet service,Two year,No,Mailed check,27.78,958.73,No
C03149,Female,0,No,No,69,Yes,Fiber optic,Yes,Yes,Month-to-month,Yes,Credit card (automatic),63.81,4219.3,No
C03150,Male,0,Yes,No,14,Yes,DSL,No internet service,Yes,Month-to-month,Yes,Credit card (automatic),97.71,1487.62,Yes
C03151,Male,0,No,No,38,Yes,Fiber optic,No,No internet service,One year,No,Credit card (automatic),44.58,1633.0,No
C03152,Female,1,Yes,No,49,Yes,DSL,No internet service,Yes,Month-to-month,Yes,Mailed check,34.92,1582.75,No
C03153,Male,0,Yes,No,1,Yes,Fiber optic,No,Yes,Month-to-month,No,Mailed check,56.18,53.21,Yes
C03154,Female,0,No,Yes,46,Yes,Fiber optic,No internet service,No internet service,Month-to-month,Yes,Mailed check,51.34,2370.84,No
C03155,Male,0,Yes,No,18,Yes,No,No,No,Month-to-month,No,Mailed check,36.55,609.36,Yes
C03156,Male,0,No,No,20,Yes,No,No internet service,No internet service,Month-to-month,Yes,Credit card (automatic),113.39,2213.35,Yes
C03157,Female,0,Yes,No,45,Yes,No,No internet service,Yes,Month-to-month,No,Mailed check,66.31,3226.16,Yes
C03158,Male,0,No,No,0,Yes,DSL,No,Yes,Two year,No,Electronic check,78.81,72.41,No
C03159,Male,0,Yes,No,11,Yes,DSL,No,No,Month-to-month,No,Credit card (automatic),30.11,338.8,No
C03160,Male,0,No,No,33,Yes,DSL,No internet service,No internet service,Two year,No,Credit card (automatic),79.0,2556.82,No
C03161,Male,0,Yes,Yes,42,Yes,Fiber optic,No internet service,No,Two year,No,Electronic check,73.53,3179.34,No
C03162,Male,0,No,No,7,Yes,DSL,Yes,No internet service,Month-to-month,No,Mailed check,111.19,776.71,No
C03163,Female,0,Yes,No,26,Yes,DSL,No internet service,Yes,One year,Yes,Credit card (automatic),59.23,1656.0,No
C03164,Female,1,Yes,No,22,Yes,DSL,No internet service,Yes,One year,Yes,Electronic check,96.21,2075.35,Yes
C03165,Male,1,Yes,No,39,Yes,DSL,No,No,One year,No,Electronic check,48.42,1891.56,No
C03166,Male,1,No,Yes,21,No,Fiber optic,No internet service,Yes,Month-to-month,Yes,Bank transfer (automatic),75.89,1475.8,No
C03167,Female,1,Yes,Yes,0,No,Fiber optic,Yes,Yes,Month-to-month,Yes,Credit card (automatic),110.7,110.49,No
C03168,Female,0,Yes,No,38,Yes,DSL,No internet service,No,Month-to-month,No,Mailed check,80.51,2823.64,No
C03169,Male,0,Yes,Yes,61,Yes,No,No internet service,Yes,One year,No,Electronic check,89.12,5526.7,No
C03170,Female,0,No,Yes,42,Yes,Fiber optic,Yes,Yes,Two year,No,Credit card (automatic),105.6,4370.8,No
C03171,Male,0,Yes,No,26,Yes,DSL,No,Yes,One year,Yes,Bank transfer (automatic),110.54,3036.92,No
C03172,Female,1,No,No,35,Yes,No,No internet service,No internet service,One year,Yes,Bank transfer (automatic),38.83,1336.89,No
C03173,Female,0,Yes,No,10,Yes,Fiber optic,No internet service,No,Two year,Yes,Mailed check,37.58,385.62,No
C03174,Male,0,No,No,17,Yes,Fiber optic,Yes,No internet service,One year,No,Credit card (automatic),73.05,1132.32,Yes
C03175,Female,0,Yes,No,31,No,Fiber optic,Yes,Yes,Month-to-month,Yes,Bank transfer (automatic),117.55,3797.11,Yes
C03176,Male,1,Yes,No,43,Yes,Fiber optic,Yes,No,Two year,No,Electronic check,67.02,3145.51,No
C03177,Female,0,No,No,35,Yes,No,No,No internet service,Month-to-month,Yes,Credit card (automatic),51.09,1769.47,No
C03178,Female,0,No,No,70,Yes,DSL,Yes,No internet service,Month-to-month,Yes,Mailed check,71.73,4528.88,No
C03179,Female,0,No,No,46,Yes,DSL,No,No,Month-to-month,No,Bank transfer (automatic),24.44,1147.54,Yes
C03180,Female,0,No,Yes,1,No,Fiber optic,Yes,No internet service,Two year,Yes,Bank transfer (automatic),35.72,33.19,Yes
C03181,Male,0,No,No,38,Yes,No,No,Yes,Month-to-month,Yes,Electronic check,32.89,1241.81,Yes
C03182,Female,0,Yes,Yes,42,Yes,Fiber optic,Yes,No,Month-to-month,No,Credit card (automatic),20.79,791.53,No
C03183,Female,0,No,No,3,Yes,No,Yes,Yes,Month-to-month,Yes,Credit card (automatic),90.22,267.56,Yes
C03184,Male,0,Yes,No,28,Yes,DSL,No internet service,No,Month-to-month,Yes,Credit card (automatic),50.55,1521.41,Yes
C03185,Female,0,No,Yes,63,Yes,No,Yes,Yes,Month-to-month,Yes,Bank transfer (automatic),34.85,2035.44,No
C03186,Male,1,No,Yes,26,Yes,DSL,No,No,One year,Yes,Mailed check,69.22,1799.12,No
C03187,Male,0,No,Yes,33,Yes,DSL,No,No internet service,Two year,No,Electronic check,50.34,1579.45,No
C03188,Male,0,Yes,No,16,Yes,Fiber optic,No,No internet service,Month-to-month,No,Mailed check,57.3,872.98,No
C03189,Female,0,Yes,No,5,No,DSL,Yes,No internet service,Month-to-month,Yes,Electronic check,49.55,254.85,Yes
C03190,Male,1,Yes,Yes,23,Yes,DSL,No internet service,Yes,Month-to-month,No,Mailed check,18.4,444.21,Yes
C03191,Female,0,Yes,Yes,56,Yes,Fiber optic,No,Yes,Month-to-month,Yes,Bank transfer (automatic),86.83,5225.5,No
C03192,Female,0,No,No,71,Yes,Fiber optic,No internet service,Yes,One year,Yes,Bank transfer (automatic),29.07,1972.43,No
C03193,Male,1,Yes,Yes,48,Yes,No,No,No internet service,One year,No,Mailed check,39.91,1751.23,No
C03194,Female,0,No,No,60,Yes,No,No internet service,No,One year,Yes,Electronic check,37.03,2196.15,No
C03195,Male,0,Yes,No,47,Yes,No,No internet service,No,Month-to-month,Yes,Credit card (automatic),51.14,2444.24,No
C03196,Female,0,Yes,Yes,48,Yes,Fiber optic,No internet service,No internet service,One year,Yes,Credit card (automatic),34.02,1711.21,Yes
C03197,Male,0,Yes,Yes,31,Yes,DSL,Yes,No,Month-to-month,No,Bank transfer (automatic),52.7,1717.37,Yes
C03198,Female,1,No,No,4,Yes,No,No internet service,No,Month-to-month,Yes,Bank transfer (automatic),42.33,181.63,No
C03199,Male,0,No,Yes,29,Yes,Fiber optic,No internet service,No internet service,Two year,Yes,Credit card (automatic),24.12,633.89,No
C03200,Female,1,No,Yes,63,Yes,Fiber optic,Yes,No,One year,Yes,Mailed check,105.06,7255.5,No
C03201,Female,1,No,Yes,39,Yes,Fiber optic,Yes,Yes,Two year,Yes,Bank transfer (automatic),48.56,2070.65,Yes
C03202,Female,0,No,No,55,Yes,Fiber optic,No,No internet service,Two year,No,Bank transfer (automatic),27.53,1373.5,No
C03203,Female,0,No,No,3,Yes,DSL,No,No internet service,One year,Yes,Bank transfer (automatic),70.15,202.59,Yes
C03204,Male,0,No,No,14,Yes,DSL,No,Yes,Two year,No,Credit card (automatic),30.33,447.17,Yes
C03205,Female,0,No,No,21,Yes,DSL,No internet service,Yes,Month-to-month,No,Electronic check,95.31,1992.91,No
C03206,Female,0,No,No,26,Yes,DSL,Yes,Yes,Month-to-month,Yes,Mailed check,24.16,565.93,No
C03207,Male,0,Yes,Yes,72,Yes,Fiber optic,No,No,Month-to-month,Yes,Credit card (automatic),64.46,4506.26,No
C03208,Male,1,No,No,33,Yes,No,Yes,No,Month-to-month,No,Electronic check,112.38,3767.09,Yes
C03209,Female,0,Yes,No,48,Yes,No,No internet service,No internet service,Month-to-month,Yes,Bank transfer (automatic),33.9,1750.73,No
C03210,Female,1,Yes,No,47,Yes,DSL,No,No,Month-to-month,Yes,Bank transfer (automatic),38.14,1910.62,No
C03211,Male,0,Yes,Yes,30,Yes,DSL,Yes,No internet service,One year,No,Credit card (automatic),78.05,2550.51,No
C03212,Male,0,Yes,No,70,Yes,No,No internet service,Yes,Two year,Yes,Electronic check,115.99,8067.22,No
C03213,Male,0,No,Yes,16,Yes,Fiber optic,No internet service,Yes,One year,No,Bank transfer (automatic),56.58,959.28,No
C03214,Female,0,Yes,No,2,Yes,Fiber optic,No,No,Month-to-month,No,Mailed check,82.86,152.49,Yes
C03215,Male,0,No,No,54,Yes,No,No,Yes,One year,No,Mailed check,33.23,1801.04,No
C03216,Female,0,Yes,No,47,Yes,No,No internet service,No,Month-to-month,Yes,Electronic check,82.14,4182.23,No
C03217,Male,0,No,No,19,Yes,DSL,Yes,Yes,Month-to-month,No,Mailed check,43.27,877.85,No
C03218,Male,1,Yes,No,63,Yes,Fiber optic,Yes,Yes,Month-to-month,Yes,Credit card (automatic),79.33,5153.33,Yes
C03219,Female,0,No,No,11,Yes,Fiber optic,No internet service,Yes,Month-to-month,No,Credit card (automatic),26.87,274.83,No
C03220,Male,0,Yes,No,18,Yes,No,Yes,No,Month-to-month,Yes,Credit card (automatic),70.5,1188.31,No
C03221,Male,0,Yes,Yes,11,Yes,Fiber optic,No,Yes,Two year,Yes,Bank transfer (automatic),41.74,475.55,No
C03222,Male,0,Yes,No,13,Yes,Fiber optic,No internet service,Yes,One year,Yes,Credit card (automatic),86.17,1081.13,Yes
C03223,Male,0,Yes,No,53,Yes,Fiber optic,Yes,Yes,One year,Yes,Bank transfer (automatic),92.77,4749.1,Yes
C03224,Female,0,Yes,Yes,51,Yes,Fiber optic,Yes,Yes,Month-to-month,No,Electronic check,102.81,5607.85,No
C03225,Male,0,No,No,46,Yes,Fiber optic,Yes,Yes,Two year,No,Bank transfer (automatic),117.24,4875.81,No
C03226,Male,0,No,No,62,Yes,DSL,No,No internet service,One year,Yes,Electronic check,63.94,3879.06,No
C03227,Male,0,No,Yes,5,Yes,No,Yes,Yes,Month-to-month,No,Mailed check,85.06,403.03,Yes
C03228,Male,1,Yes,Yes,45,Yes,Fiber optic,Yes,No,One year,Yes,Credit card (automatic),19.84,808.36,No
C03229,Female,0,No,No,8,Yes,No,No internet service,Yes,Month-to-month,No,Credit card (automatic),108.51,818.87,Yes
C03230,Female,0,No,No,69,Yes,No,Yes,No,Month-to-month,No,Bank transfer (automatic),79.57,5143.61,No
C03231,Male,0,Yes,No,46,No,Fiber optic,No,No internet service,Month-to-month,Yes,Bank transfer (automatic),60.13,2768.46,No
C03232,Female,0,No,Yes,55,No,Fiber optic,No,No,Month-to-month,Yes,Mailed check,61.43,3334.86,Yes
C03233,Female,0,Yes,Yes,41,Yes,No,Yes,No internet service,Month-to-month,No,Credit card (automatic),93.8,3824.03,Yes
C03234,Female,0,No,Yes,28,Yes,DSL,No,Yes,Month-to-month,No,Bank transfer (automatic),101.35,3052.29,No
C03235,Female,0,Yes,Yes,50,Yes,Fiber optic,No,No,Month-to-month,No,Bank transfer (automatic),98.79,4934.0,No
C03236,Male,0,Yes,No,61,Yes,No,Yes,No,Two year,Yes,Bank transfer (automatic),69.06,4329.78,No
C03237,Male,0,No,No,12,Yes,DSL,Yes,Yes,Month-to-month,Yes,Credit card (automatic),55.11,680.83,Yes
C03238,Male,0,Yes,No,63,Yes,Fiber optic,No internet service,Yes,Month-to-month,No,Bank transfer (automatic),112.55,7114.58,No
C03239,Female,0,No,No,53,Yes,DSL,Yes,No,Month-to-month,Yes,Mailed check,81.42,4146.77,No
C03240,Male,0,No,Yes,6,Yes,Fiber optic,Yes,No,Two year,No,Mailed check,72.37,469.23,No
C03241,Male,1,No,No,68,Yes,No,Yes,Yes,One year,No,Mailed check,77.83,5227.0,No
C03242,Female,0,No,Yes,13,Yes,DSL,No,Yes,Two year,No,Bank transfer (automatic),80.99,1067.85,Yes
C03243,Male,0,No,Yes,43,No,DSL,Yes,Yes,Month-to-month,No,Mailed check,89.31,3885.76,No
C03244,Female,0,No,No,9,Yes,DSL,No internet service,No internet service,Month-to-month,Yes,Electronic check,73.32,703.12,No
C03245,Female,1,No,No,14,Yes,Fiber optic,No internet service,Yes,One year,Yes,Bank transfer (automatic),105.54,1487.79,Yes
C03246,Female,0,Yes,Yes,46,Yes,DSL,No,No internet service,Month-to-month,No,Credit card (automatic),103.97,4741.4,Yes
C03247,Male,0,No,Yes,49,Yes,Fiber optic,No internet service,Yes,Two year,Yes,Electronic check,62.23,3024.91,No
C03248,Female,0,Yes,No,50,Yes,Fiber optic,No,No internet service,Two year,Yes,Credit card (automatic),34.85,1840.06,Yes
C03249,Female,0,No,No,25,Yes,Fiber optic,No internet service,No,Month-to-month,No,Credit card (automatic),75.67,1827.42,No
C03250,Male,0,Yes,No,59,Yes,No,Yes,No internet service,Two year,Yes,Credit card (automatic),80.07,5134.99,No
C03251,Male,1,Yes,No,3,Yes,Fiber optic,No internet service,No,One year,Yes,Electronic check,70.34,225.65,Yes
C03252,Male,0,No,Yes,62,Yes,DSL,No,No,Month-to-month,Yes,Mailed check,107.06, ,Yes
C03253,Male,0,Yes,No,22,Yes,No,No internet service,No,Month-to-month,Yes,Credit card (automatic),27.3,578.65,Yes
C03254,Female,0,Yes,Yes,45,Yes,Fiber optic,Yes,Yes,Month-to-month,No,Electronic check,46.74,2273.93,No
C03255,Male,0,Yes,No,66,Yes,No,No internet service,No internet service,Two year,Yes,Credit card (automatic),104.58,6596.33,No
C03256,Male,1,Yes,No,18,Yes,No,Yes,Yes,Month-to-month,Yes,Bank transfer (automatic),111.94,1941.44,Yes
C03257,Male,0,No,No,30,Yes,DSL,No,No,Month-to-month,No,Mailed check,60.59,1714.98,No
C03258,Female,0,No,Yes,60,Yes,DSL,Yes,Yes,One year,No,Mailed check,37.26,2036.36,No
C03259,Female,0,No,No,63,Yes,Fiber optic,Yes,No,Month-to-month,Yes,Mailed check,60.03,3765.59,No
C03260,Female,0,Yes,Yes,17,Yes,DSL,No,No internet service,Month-to-month,Yes,Electronic check,63.62,1136.67,Yes
C03261,Male,1,Yes,No,37,Yes,Fiber optic,No,Yes,One year,Yes,Mailed check,69.96,2671.35,Yes
C03262,Male,0,Yes,No,24,Yes,No,No internet service,No internet service,Month-to-month,Yes,Credit card (automatic),45.44,987.53,No
C03263,Male,1,Yes,Yes,37,Yes,Fiber optic,No internet service,Yes,Month-to-month,Yes,Electronic check,49.26,1831.14,No
C03264,Female,0,Yes,Yes,27,Yes,DSL,Yes,Yes,Month-to-month,No,Electronic check,83.56,2179.54,No
C03265,Male,1,No,No,0,Yes,DSL,No internet service,No internet service,Month-to-month,No,Mailed check,80.18,82.45,Yes
C03266,Male,0,No,Yes,67,Yes,Fiber optic,No internet service,Yes,Month-to-month,No,Electronic check,84.21,5535.05,Yes
C03267,Female,0,Yes,No,46,Yes,No,No,No,One year,Yes,Mailed check,55.73,2809.96,No
C03268,Male,0,No,No,33,No,No,No,Yes,Two year,Yes,Credit card (automatic),51.65,1816.42,Yes
C03269,Female,0,No,No,7,Yes,DSL,No,Yes,Month-to-month,No,Bank transfer (automatic),53.15,386.96,Yes
C03270,Male,0,Yes,No,5,Yes,DSL,Yes,No internet service,Two year,No,Electronic check,113.12,567.37,No
C03271,Male,0,Yes,Yes,34,Yes,No,Yes,No,One year,No,Electronic check,57.52,1991.32,Yes
C03272,Female,0,Yes,No,47,Yes,No,No,Yes,One year,Yes,Credit card (automatic),78.61,3651.91,No
C03273,Male,1,Yes,No,19,Yes,DSL,No internet service,No internet service,One year,No,Credit card (automatic),70.28,1414.01,Yes
C03274,Female,0,No,No,54,Yes,DSL,No internet service,No internet service,One year,Yes,Bank transfer (automatic),105.62,6169.15,No
C03275,Female,1,No,Yes,28,Yes,Fiber optic,No,Yes,Two year,Yes,Mailed check,54.91,1690.95,No
C03276,Male,0,Yes,Yes,0,No,DSL,No internet service,No internet service,Month-to-month,No,Bank transfer (automatic),61.41,62.62,No
C03277,Female,0,Yes,No,39,Yes,Fiber optic,No internet service,Yes,Month-to-month,Yes,Credit card (automatic),102.28,4134.03,Yes
C03278,Male,0,Yes,No,13,Yes,DSL,No,No internet service,Month-to-month,No,Electronic check,34.1,434.42,Yes
C03279,Male,0,No,Yes,1,No,No,Yes,Yes,Month-to-month,No,Bank transfer (automatic),77.43,69.82,No
C03280,Male,0,No,No,9,Yes,DSL,No,No,One year,Yes,Mailed check,57.99, ,Yes
C03281,Female,0,Yes,No,20,Yes,DSL,No internet service,No internet service,Month-to-month,Yes,Mailed check,116.58,2534.0,No
C03282,Female,1,No,No,37,Yes,Fiber optic,No,Yes,Month-to-month,No,Credit card (automatic),90.14,3575.06,Yes
C03283,Female,0,No,No,72,Yes,DSL,No internet service,Yes,Month-to-month,No,Credit card (automatic),19.06,1476.24,No
C03284,Male,0,No,No,15,Yes,Fiber optic,No,Yes,Month-to-month,No,Bank transfer (automatic),101.95,1499.32,Yes
C03285,Female,0,No,No,4,Yes,DSL,No internet service,No,One year,No,Bank transfer (automatic),88.32,368.37,No
C03286,Female,0,No,No,13,No,DSL,No,No internet service,One year,Yes,Mailed check,74.1,989.97,No
C03287,Female,0,Yes,No,23,Yes,No,No,No internet service,Month-to-month,No,Credit card (automatic),41.61,964.87,Yes
C03288,Male,1,No,No,14,Yes,Fiber optic,Yes,No,Month-to-month,No,Electronic check,32.93,428.9,Yes
C03289,Female,0,No,No,23,Yes,Fiber optic,Yes,No,Month-to-month,No,Mailed check,80.84,1887.37,No
C03290,Female,0,No,Yes,70,Yes,DSL,No,No internet service,Month-to-month,Yes,Electronic check,61.99,4164.51,No
C03291,Female,0,Yes,No,27,Yes,No,No,No internet service,One year,No,Electronic check,104.16,2926.83,No
C03292,Male,1,Yes,No,46,Yes,No,No,No,One year,No,Credit card (automatic),44.24,2216.1,Yes
C03293,Female,0,No,Yes,49,Yes,Fiber optic,Yes,No,Month-to-month,Yes,Electronic check,81.75,4188.14,No
C03294,Male,0,No,No,9,Yes,No,No,No,Month-to-month,No,Mailed check,42.88,367.36,Yes
C03295,Female,0,No,No,18,No,No,No,No internet service,Two year,No,Bank transfer (automatic),81.63,1459.13,No
C03296,Female,0,No,No,30,Yes,No,No,No internet service,One year,Yes,Mailed check,22.83,693.79,No
C03297,Female,0,No,No,33,Yes,No,Yes,No,Month-to-month,No,Mailed check,57.17,1971.94,Yes
C03298,Female,0,Yes,Yes,0,Yes,Fiber optic,No internet service,No internet service,Month-to-month,Yes,Credit card (automatic),35.27,32.79,Yes
C03299,Female,0,No,No,47,Yes,Fiber optic,Yes,No,Month-to-month,No,Mailed check,78.59,3712.64,No
C03300,Female,0,Yes,Yes,21,Yes,No,Yes,Yes,Two year,Yes,Mailed check,49.67,1118.2,Yes
C03301,Male,1,Yes,Yes,23,Yes,Fiber optic,Yes,No internet service,Month-to-month,No,Electronic check,95.15,1981.68,No
C03302,Female,1,Yes,No,44,Yes,Fiber optic,No internet service,Yes,Month-to-month,Yes,Mailed check,29.46,1355.24,Yes
C03303,Male,0,Yes,No,69,Yes,DSL,No,Yes,Two year,Yes,Electronic check,73.62,5466.29,No
C03304,Male,0,Yes,No,63,Yes,DSL,No,Yes,One year,No,Electronic check,77.37,5162.64,No
C03305,Female,1,No,No,71,Yes,DSL,No internet service,Yes,Month-to-month,No,Electronic check,20.21,1558.84,No
C03306,Female,0,Yes,No,30,Yes,DSL,No,No internet service,Month-to-month,Yes,Credit card (automatic),21.6,684.64,No
C03307,Female,1,Yes,No,8,Yes,Fiber optic,No internet service,Yes,Month-to-month,No,Mailed check,48.82,391.97,Yes
C03308,Female,0,Yes,No,15,Yes,Fiber optic,No,No internet service,One year,Yes,Mailed check,78.91,1178.19,No
C03309,Female,0,Yes,Yes,25,Yes,Fiber optic,No,No internet service,Month-to-month,Yes,Mailed check,114.26,2589.04,Yes
C03310,Female,0,No,No,21,Yes,Fiber optic,Yes,No internet service,Two year,No,Credit card (automatic),27.08,513.93,No
C03311,Female,1,Yes,No,15,Yes,No,No,Yes,Two year,Yes,Credit card (automatic),88.32,1361.75,Yes
C03312,Male,0,No,No,11,Yes,DSL,Yes,Yes,Month-to-month,No,Electronic check,87.27,916.85,Yes
C03313,Male,0,No,No,13,Yes,No,No,No,One year,No,Electronic check,84.95,1061.74,No
C03314,Female,0,Yes,No,48,Yes,DSL,No,No,Month-to-month,Yes,Electronic check,69.61,3546.48,Yes
C03315,Male,1,Yes,Yes,35,Yes,DSL,No,No internet service,Month-to-month,No,Electronic check,114.68,3701.74,Yes
C03316,Female,0,Yes,Yes,2,Yes,Fiber optic,No internet service,Yes,One year,Yes,Electronic check,68.18,130.46,No
C03317,Female,1,No,No,41,Yes,No,No,No internet service,Month-to-month,Yes,Bank transfer (automatic),101.83,4329.54,Yes
C03318,Male,0,No,No,61,No,DSL,No internet service,No internet service,Month-to-month,No,Bank transfer (automatic),44.25,2445.83,No
C03319,Female,1,No,No,31,Yes,DSL,No,Yes,Month-to-month,Yes,Bank transfer (automatic),98.63,3069.63,Yes
C03320,Male,0,No,No,23,Yes,DSL,Yes,No,Month-to-month,Yes,Bank transfer (automatic),117.65,2481.61,No
C03321,Male,0,No,No,19,Yes,Fiber optic,Yes,No internet service,Month-to-month,No,Mailed check,109.01,2179.58,No
C03322,Male,0,Yes,No,27,Yes,DSL,Yes,No internet service,One year,Yes,Mailed check,48.41,1342.25,No
C03323,Female,0,No,Yes,20,Yes,DSL,No internet service,No,Two year,No,Electronic check,102.62,2096.96,No
C03324,Male,0,No,No,67,Yes,Fiber optic,No,No internet service,One year,No,Mailed check,27.53,1741.69,No
C03325,Female,0,No,Yes,72,Yes,Fiber optic,No,No,Two year,No,Mailed check,85.77,6452.96,Yes
C03326,Male,0,Yes,No,25,Yes,Fiber optic,No,Yes,Month-to-month,Yes,Mailed check,52.21,1253.48,Yes
C03327,Female,0,No,Yes,67,Yes,No,No internet service,No internet service,Two year,Yes,Credit card (automatic),83.87,5698.88,No
C03328,Male,0,Yes,Yes,62,Yes,No,Yes,Yes,Month-to-month,No,Mailed check,59.22,3372.06,Yes
C03329,Male,1,Yes,No,5,Yes,DSL,No,Yes,Month-to-month,No,Credit card (automatic),18.9,86.87,No
C03330,Male,0,Yes,No,35,Yes,DSL,No internet service,Yes,Two year,Yes,Mailed check,41.13,1351.45,No
C03331,Male,0,Yes,No,47,No,No,No internet service,No,Month-to-month,Yes,Credit card (automatic),22.24,985.91,No
C03332,Female,0,No,No,30,Yes,Fiber optic,No,Yes,Month-to-month,No,Mailed check,60.73,1685.78,No
C03333,Female,0,Yes,Yes,33,Yes,Fiber optic,No internet service,No,Month-to-month,Yes,Credit card (automatic),102.01,3109.31,No
C03334,Male,0,No,No,36,Yes,Fiber optic,No internet service,No internet service,Month-to-month,Yes,Credit card (automatic),91.8,3555.32,Yes
C03335,Male,0,No,Yes,50,Yes,No,Yes,Yes,Month-to-month,No,Credit card (automatic),96.89,4897.43,Yes
C03336,Female,0,No,No,21,No,No,Yes,No internet service,Month-to-month,No,Bank transfer (automatic),98.72,2123.78,No
C03337,Female,0,Yes,No,43,No,DSL,Yes,Yes,Two year,Yes,Credit card (automatic),55.19,2272.46,No
C03338,Female,1,Yes,No,17,Yes,DSL,No internet service,Yes,Month-to-month,No,Credit card (automatic),68.6,1062.52,Yes
C03339,Female,1,No,No,64,Yes,Fiber optic,Yes,Yes,Month-to-month,Yes,Electronic check,68.85,4819.08,Yes
C03340,Female,0,Yes,No,6,No,DSL,No internet service,Yes,Month-to-month,Yes,Bank transfer (automatic),29.32,160.23,No
C03341,Male,0,Yes,Yes,4,Yes,No,No internet service,No internet service,Two year,Yes,Bank transfer (automatic),77.81,331.32,No
C03342,Male,0,Yes,No,2,Yes,DSL,No,Yes,Month-to-month,Yes,Mailed check,90.02,185.98,Yes
C03343,Female,0,Yes,No,25,Yes,Fiber optic,Yes,No internet service,Month-to-month,Yes,Bank transfer (automatic),79.1,1940.92,No
C03344,Female,0,Yes,Yes,44,Yes,No,No internet service,No,Month-to-month,Yes,Credit card (automatic),92.6,4275.35,Yes
C03345,Male,0,Yes,No,71,Yes,No,No,Yes,One year,No,Mailed check,29.89,2234.55,No
C03346,Male,0,No,No,33,Yes,Fiber optic,No,No,Two year,No,Electronic check,94.14,3341.66,No
C03347,Female,0,No,No,13,Yes,Fiber optic,Yes,Yes,One year,Yes,Bank transfer (automatic),38.81,509.06,No
C03348,Male,0,No,Yes,26,Yes,Fiber optic,No,No,One year,No,Credit card (automatic),105.68,2590.35,No
C03349,Female,0,No,No,9,Yes,No,No,No,Month-to-month,Yes,Electronic check,42.49,387.96,No
C03350,Male,0,Yes,No,34,Yes,DSL,No,Yes,Month-to-month,No,Credit card (automatic),67.2,2101.7,Yes
C03351,Female,0,No,No,53,Yes,Fiber optic,Yes,No,Month-to-month,Yes,Bank transfer (automatic),66.73,3449.14,No
C03352,Female,0,No,No,2,Yes,Fiber optic,No,Yes,Month-to-month,Yes,Electronic check,44.89,91.76,Yes
C03353,Female,0,Yes,No,56,Yes,No,Yes,No internet service,Month-to-month,No,Mailed check,54.17,2882.99,Yes
C03354,Male,0,Yes,No,16,Yes,Fiber optic,Yes,No,Month-to-month,Yes,Electronic check,36.56,627.67,No
C03355,Female,0,No,No,49,Yes,No,No internet service,No internet service,Month-to-month,Yes,Bank transfer (automatic),75.01,4025.43,No
C03356,Male,0,Yes,Yes,59,Yes,Fiber optic,Yes,Yes,One year,Yes,Mailed check,109.3,5901.73,No
C03357,Male,0,No,No,56,Yes,DSL,No internet service,No,Month-to-month,Yes,Bank transfer (automatic),49.66,2617.38,No
C03358,Female,0,Yes,Yes,48,Yes,No,No internet service,No,One year,Yes,Bank transfer (automatic),68.81,3285.05,Yes
C03359,Female,0,No,No,50,No,DSL,No,Yes,One year,No,Credit card (automatic),104.19,4728.08,Yes
C03360,Female,0,No,Yes,13,Yes,No,Yes,Yes,Month-to-month,Yes,Mailed check,63.25,755.31,No
C03361,Female,0,No,No,9,No,Fiber optic,No,Yes,Month-to-month,Yes,Bank transfer (automatic),101.13,983.1,Yes
C03362,Female,0,Yes,Yes,27,Yes,Fiber optic,No internet service,No,One year,Yes,Credit card (automatic),62.64,1537.55,No
C03363,Female,0,No,No,44,Yes,No,Yes,No internet service,One year,Yes,Mailed check,62.02,2591.06,No
C03364,Male,0,Yes,No,45,Yes,No,No internet service,No internet service,Month-to-month,Yes,Credit card (automatic),33.72,1494.22,Yes
C03365,Female,0,No,No,56,No,No,Yes,Yes,Month-to-month,No,Mailed check,30.5,1544.19,Yes
C03366,Female,0,Yes,Yes,22,Yes,Fiber optic,No,No,One year,Yes,Mailed check,79.15,1849.47,No
C03367,Female,0,No,No,63,Yes,Fiber optic,No internet service,Yes,One year,Yes,Bank transfer (automatic),100.73,6764.84,No
C03368,Male,0,No,No,32,Yes,Fiber optic,No internet service,No internet service,Month-to-month,No,Electronic check,31.54,988.02,No
C03369,Male,1,Yes,No,17,Yes,Fiber optic,No,No internet service,Month-to-month,Yes,Bank transfer (automatic),109.01,1742.64,Yes
C03370,Male,0,Yes,No,53,Yes,DSL,No internet service,Yes,Two year,No,Credit card (automatic),53.89,3080.3,Yes
C03371,Female,0,No,No,9,Yes,No,No,No internet service,Month-to-month,Yes,Bank transfer (automatic),60.53,564.22,No
C03372,Male,0,No,Yes,29,Yes,Fiber optic,Yes,Yes,Two year,No,Mailed check,107.45,3130.92,No
C03373,Male,0,No,Yes,57,Yes,DSL,No internet service,Yes,Month-to-month,No,Mailed check,107.63,6002.88,No
C03374,Male,0,No,No,56,Yes,No,Yes,No,Month-to-month,Yes,Bank transfer (automatic),70.49,3978.45,No
C03375,Female,0,Yes,No,18,Yes,Fiber optic,No,No,Month-to-month,No,Electronic check,45.68,781.05,No
C03376,Male,1,No,No,12,Yes,No,No,Yes,Month-to-month,No,Bank transfer (automatic),35.19,418.02,Yes
C03377,Female,1,Yes,No,2,Yes,DSL,No,No,Two year,No,Electronic check,45.16,93.68,No
C03378,Female,0,Yes,No,6,Yes,No,No internet service,Yes,Month-to-month,No,Credit card (automatic),96.06,566.14,Yes
C03379,Female,0,Yes,No,60,Yes,Fiber optic,No,Yes,Two year,No,Electronic check,50.46,3139.59,No
C03380,Male,0,Yes,No,57,Yes,DSL,No internet service,Yes,Month-to-month,No,Mailed check,87.46,5223.24,No
C03381,Female,0,No,No,36,Yes,Fiber optic,No,No internet service,Two year,No,Credit card (automatic),37.52,1419.26,No
C03382,Male,0,Yes,Yes,41,Yes,Fiber optic,Yes,No,Two year,No,Electronic check,65.85,2737.2,Yes
C03383,Male,0,No,Yes,23,Yes,DSL,No,Yes,One year,Yes,Electronic check,53.21,1146.58,Yes
C03384,Male,0,No,Yes,14,No,Fiber optic,No,No,Month-to-month,Yes,Bank transfer (automatic),68.36,995.43,No
C03385,Male,0,Yes,No,0,Yes,Fiber optic,Yes,No internet service,One year,Yes,Bank transfer (automatic),74.99,79.78,No
C03386,Male,0,No,No,49,Yes,Fiber optic,No,Yes,Month-to-month,Yes,Mailed check,117.09,5271.86,No
C03387,Male,0,Yes,No,2,Yes,DSL,No internet service,Yes,Two year,Yes,Electronic check,107.99,233.08,Yes
C03388,Female,0,Yes,No,7,No,DSL,No,No,Month-to-month,No,Bank transfer (automatic),87.59,667.24,Yes
C03389,Female,0,No,No,57,Yes,Fiber optic,No,Yes,Month-to-month,Yes,Bank transfer (automatic),33.37,1966.09,No
C03390,Male,0,Yes,Yes,42,Yes,Fiber optic,Yes,No internet service,Month-to-month,No,Mailed check,109.9,4256.75,No
C03391,Male,0,Yes,Yes,35,Yes,DSL,Yes,No internet service,One year,No,Electronic check,107.26,3869.49,No
C03392,Female,0,Yes,Yes,15,Yes,Fiber optic,No internet service,Yes,Two year,Yes,Electronic check,106.67,1553.99,No
C03393,Male,1,No,No,10,Yes,DSL,Yes,No internet service,Month-to-month,No,Credit card (automatic),65.9,633.12,No
C03394,Male,0,Yes,No,34,No,Fiber optic,No internet service,No,One year,No,Electronic check,35.07,1081.91,No
C03395,Male,0,Yes,No,26,Yes,No,No internet service,No,Two year,Yes,Bank transfer (automatic),93.44,2538.68,No
C03396,Male,0,Yes,No,38,Yes,DSL,No internet service,No internet service,Month-to-month,Yes,Bank transfer (automatic),56.85,2189.11,No
C03397,Female,0,Yes,No,12,Yes,Fiber optic,No internet service,No internet service,Month-to-month,No,Bank transfer (automatic),52.46,623.32,Yes
C03398,Male,0,No,Yes,16,Yes,DSL,Yes,Yes,One year,No,Bank transfer (automatic),57.08,892.95,No
C03399,Male,0,Yes,No,8,Yes,Fiber optic,Yes,Yes,One year,No,Electronic check,73.91,580.86,Yes
C03400,Male,0,Yes,No,30,Yes,No,Yes,No,Month-to-month,No,Electronic check,51.35,1526.05,No
C03401,Male,0,No,No,20,Yes,Fiber optic,No internet service,No,Two year,Yes,Bank transfer (automatic),86.99,1731.97,No
C03402,Female,0,Yes,No,16,Yes,No,Yes,No internet service,Month-to-month,No,Mailed check,82.77,1217.76,No
C03403,Male,0,No,No,40,Yes,Fiber optic,Yes,Yes,Two year,No,Bank transfer (automatic),68.89,2689.64,No
C03404,Male,0,No,No,36,Yes,DSL,No,No,Two year,No,Bank transfer (automatic),23.4,768.95,No
C03405,Male,0,No,No,15,Yes,Fiber optic,Yes,No,Two year,Yes,Credit card (automatic),111.65,1767.17,Yes
C03406,Female,0,No,No,51,Yes,DSL,No internet service,No internet service,Month-to-month,No,Mailed check,59.17,3031.09,No
C03407,Female,1,Yes,No,25,Yes,Fiber optic,No internet service,No,Month-to-month,No,Bank transfer (automatic),62.95,1668.02,Yes
C03408,Female,0,Yes,No,24,Yes,DSL,No internet service,No internet service,Month-to-month,Yes,Bank transfer (automatic),63.6,1504.82,Yes
C03409,Female,0,Yes,No,34,No,DSL,No internet service,No,Month-to-month,No,Mailed check,54.5,1724.44,Yes
C03410,Male,0,No,No,10,Yes,DSL,Yes,No internet service,One year,No,Credit card (automatic),85.46,820.34,No
C03411,Male,0,Yes,Yes,30,Yes,Fiber optic,No,Yes,Month-to-month,Yes,Credit card (automatic),19.39,550.74,No
C03412,Female,0,Yes,No,42,Yes,No,No,Yes,Month-to-month,Yes,Mailed check,105.35,4371.52,No
C03413,Female,0,Yes,No,9,Yes,Fiber optic,No internet service,No,Month-to-month,No,Mailed check,28.24,268.85,No
C03414,Male,0,No,No,41,Yes,DSL,No,No,Month-to-month,Yes,Credit card (automatic),117.97,4465.92,No
C03415,Female,0,No,Yes,2,Yes,Fiber optic,No,Yes,Month-to-month,No,Bank transfer (automatic),80.81,158.39,No
C03416,Female,1,No,No,44,Yes,DSL,Yes,Yes,One year,Yes,Electronic check,24.62,994.84,No
C03417,Male,0,No,No,2,Yes,DSL,Yes,No,One year,Yes,Electronic check,74.24,145.26,Yes
C03418,Male,0,No,No,12,Yes,Fiber optic,No internet service,Yes,Month-to-month,No,Bank transfer (automatic),51.13,623.69,No
C03419,Female,0,No,No,25,Yes,Fiber optic,No internet service,Yes,Two year,Yes,Bank transfer (automatic),113.3,2588.32,Yes
C03420,Female,0,No,No,44,Yes,DSL,Yes,No,Two year,Yes,Credit card (automatic),93.55,3759.44,No
C03421,Male,0,No,No,52,Yes,Fiber optic,No internet service,No,Month-to-month,Yes,Mailed check,68.7,3737.09,No
C03422,Male,0,Yes,Yes,34,Yes,Fiber optic,No internet service,Yes,One year,No,Credit card (automatic),60.98,2034.96,No
C03423,Female,0,Yes,Yes,9,Yes,Fiber optic,No internet service,No internet service,Month-to-month,No,Credit card (automatic),117.59,1026.85,No
C03424,Female,0,No,No,28,Yes,Fiber optic,No,Yes,Month-to-month,No,Mailed check,84.74,2461.14,No
C03425,Female,1,No,No,57,Yes,DSL,Yes,No,Month-to-month,Yes,Credit card (automatic),69.39,3626.76,Yes
C03426,Male,0,Yes,No,6,Yes,DSL,Yes,No internet service,Month-to-month,No,Credit card (automatic),57.79,371.69,Yes
C03427,Female,0,Yes,No,52,Yes,Fiber optic,Yes,No internet service,Two year,No,Credit card (automatic),50.46,2768.46,No
C03428,Female,0,Yes,Yes,28,Yes,No,No internet service,No internet service,Two year,Yes,Mailed check,88.54,2424.4,No
C03429,Male,0,No,No,0,Yes,Fiber optic,Yes,No internet service,Two year,Yes,Bank transfer (automatic),76.79,76.31,No
C03430,Female,0,Yes,Yes,50,No,DSL,No internet service,Yes,One year,No,Bank transfer (automatic),102.82,5035.83,No
C03431,Male,1,No,Yes,1,Yes,DSL,No internet service,No,One year,Yes,Mailed check,73.36,77.54,Yes
C03432,Male,0,No,No,26,Yes,Fiber optic,No internet service,Yes,Two year,Yes,Bank transfer (automatic),76.23,1795.28,Yes
C03433,Male,1,No,No,14,Yes,No,No internet service,No internet service,Month-to-month,No,Bank transfer (automatic),65.74,951.91,Yes
C03434,Female,0,No,No,42,Yes,No,Yes,No,Month-to-month,Yes,Bank transfer (automatic),94.26,3802.58,No
C03435,Male,0,Yes,No,4,No,DSL,No,Yes,One year,No,Mailed check,59.5,251.31,Yes
C03436,Female,0,No,No,6,Yes,Fiber optic,No,Yes,Month-to-month,No,Electronic check,103.19,679.06,Yes
C03437,Male,1,No,No,38,Yes,Fiber optic,No internet service,Yes,Month-to-month,Yes,Bank transfer (automatic),50.7,1841.44,Yes
C03438,Female,0,Yes,No,72,Yes,DSL,Yes,No,Month-to-month,Yes,Credit card (automatic),87.26,6214.68,Yes
C03439,Female,0,No,No,2,Yes,Fiber optic,No,Yes,One year,Yes,Bank transfer (automatic),107.3,216.64,Yes
C03440,Male,0,Yes,Yes,33,Yes,Fiber optic,No internet service,No internet service,Month-to-month,No,Mailed check,94.91,3164.01,No
C03441,Female,0,No,Yes,58,Yes,Fiber optic,Yes,No internet service,Month-to-month,Yes,Bank transfer (automatic),52.26,2822.89,Yes
C03442,Female,1,No,Yes,21,Yes,Fiber optic,No,Yes,Month-to-month,No,Electronic check,88.63,1892.22,Yes
C03443,Female,0,Yes,Yes,35,Yes,Fiber optic,Yes,Yes,Month-to-month,No,Bank transfer (automatic),38.7,1415.16,Yes
C03444,Female,1,Yes,Yes,61,Yes,Fiber optic,No internet service,No internet service,Two year,No,Mailed check,23.82,1582.06,Yes
C03445,Female,0,Yes,No,53,Yes,Fiber optic,No,Yes,Month-to-month,No,Bank transfer (automatic),97.14,5380.49,No
C03446,Male,0,Yes,No,21,Yes,DSL,Yes,No internet service,One year,Yes,Electronic check,98.8,2117.67,No
C03447,Female,0,Yes,Yes,54,Yes,DSL,No,Yes,One year,No,Mailed check,20.29,1037.21,No
C03448,Female,0,No,Yes,49,No,Fiber optic,Yes,Yes,Month-to-month,No,Electronic check,112.78,5081.82,No
C03449,Male,0,No,No,36,Yes,No,No,No internet service,Two year,No,Credit card (automatic),62.59,2313.78,Yes
C03450,Female,1,No,No,32,Yes,DSL,No,No,One year,No,Mailed check,108.53,3559.91,No
C03451,Male,1,Yes,No,67,Yes,Fiber optic,No internet service,No internet service,One year,No,Credit card (automatic),96.82,6927.22,No
C03452,Female,1,Yes,Yes,63,Yes,Fiber optic,No,Yes,Month-to-month,Yes,Mailed check,108.07,6735.02,No
C03453,Female,0,No,No,72,Yes,Fiber optic,No internet service,No,Month-to-month,Yes,Electronic check,101.34,6817.89,No
C03454,Female,0,No,No,49,Yes,DSL,Yes,No,Two year,Yes,Credit card (automatic),115.4,5343.29,No
C03455,Female,1,Yes,Yes,26,Yes,Fiber optic,Yes,Yes,One year,Yes,Mailed check,80.91,2093.73,No
C03456,Female,0,No,No,8,No,Fiber optic,No,Yes,Two year,Yes,Mailed check,40.73,313.59,Yes
C03457,Female,0,Yes,No,9,Yes,DSL,No,Yes,Two year,No,Bank transfer (automatic),56.96,479.86,Yes
C03458,Male,0,Yes,No,69,Yes,DSL,No,No,Month-to-month,No,Credit card (automatic),93.19,5925.8,Yes
C03459,Male,1,No,Yes,26,Yes,Fiber optic,Yes,No,Two year,No,Bank transfer (automatic),33.7,860.84,Yes
C03460,Female,0,No,Yes,8,Yes,Fiber optic,Yes,No,Month-to-month,No,Bank transfer (automatic),110.98,858.99,Yes
C03461,Male,0,No,No,16,No,No,No,No,One year,No,Credit card (automatic),38.53,673.85,No
C03462,Female,0,Yes,No,1,Yes,Fiber optic,Yes,No internet service,Month-to-month,No,Mailed check,105.6,113.13,Yes
C03463,Female,0,Yes,No,38,Yes,DSL,No,Yes,Month-to-month,No,Mailed check,66.37,2362.41,Yes
C03464,Male,0,Yes,Yes,43,Yes,DSL,No internet service,Yes,One year,Yes,Electronic check,102.06,4610.95,Yes
C03465,Male,0,No,Yes,27,Yes,DSL,No,No,Two year,No,Bank transfer (automatic),113.83,3061.24,Yes
C03466,Male,0,Yes,No,54,Yes,Fiber optic,No internet service,Yes,One year,No,Credit card (automatic),60.21,3528.42,No
C03467,Male,0,No,No,35,Yes,Fiber optic,No,No,Month-to-month,No,Mailed check,87.66,3134.5,Yes
C03468,Male,0,Yes,No,70,Yes,Fiber optic,No internet service,Yes,Month-to-month,Yes,Bank transfer (automatic),40.67,2678.36,No
C03469,Male,0,Yes,Yes,55,No,DSL,Yes,Yes,Two year,No,Credit card (automatic),98.08,5066.39,Yes
C03470,Female,1,Yes,No,5,Yes,Fiber optic,Yes,Yes,Month-to-month,Yes,Electronic check,99.99,546.68,Yes
C03471,Male,0,Yes,No,20,Yes,DSL,Yes,Yes,Month-to-month,No,Electronic check,47.52,1029.91,No
C03472,Female,0,Yes,No,55,Yes,DSL,Yes,No,One year,No,Mailed check,20.41,1118.7,No
C03473,Male,0,No,No,39,Yes,No,No,No,Month-to-month,Yes,Electronic check,61.12,2414.16,Yes
C03474,Female,1,No,No,54,Yes,No,Yes,No internet service,One year,No,Bank transfer (automatic),35.0,1907.8,No
C03475,Female,0,Yes,No,24,Yes,Fiber optic,Yes,No internet service,Month-to-month,No,Mailed check,99.86,2522.93,No
C03476,Male,0,No,No,2,Yes,DSL,Yes,No,Two year,Yes,Credit card (automatic),44.11,87.77,No
C03477,Male,0,No,Yes,57,Yes,No,No,No internet service,Two year,No,Credit card (automatic),112.37,5921.67,No
C03478,Male,0,Yes,No,57,Yes,Fiber optic,Yes,No,Two year,No,Bank transfer (automatic),115.18,6334.54,No
C03479,Male,0,No,Yes,46,Yes,DSL,No,No internet service,One year,No,Mailed check,108.88,5076.87,No
C03480,Male,1,Yes,Yes,29,Yes,Fiber optic,Yes,No,Month-to-month,Yes,Electronic check,77.96,2193.5,Yes
C03481,Male,0,Yes,Yes,0,No,DSL,No,No internet service,One year,No,Mailed check,44.74,47.55,No
C03482,Female,1,Yes,No,53,Yes,DSL,No,Yes,Two year,Yes,Electronic check,98.73,5701.44,No
C03483,Female,0,Yes,No,48,Yes,Fiber optic,No,No internet service,One year,Yes,Mailed check,88.16,4013.32,No
C03484,Female,0,No,No,48,Yes,DSL,No,No internet service,One year,No,Mailed check,115.72,5986.87,No
C03485,Male,0,Yes,Yes,12,Yes,Fiber optic,Yes,Yes,One year,No,Bank transfer (automatic),55.73,697.61,No
C03486,Female,0,No,Yes,53,Yes,Fiber optic,Yes,No internet service,One year,No,Bank transfer (automatic),23.88,1287.65,No
C03487,Male,0,No,Yes,52,Yes,No,No,No,One year,Yes,Credit card (automatic),117.84,5674.71,No
C03488,Male,0,Yes,Yes,62,Yes,DSL,No,Yes,Month-to-month,No,Bank transfer (automatic),101.83,6201.02,No
C03489,Male,0,Yes,Yes,41,Yes,DSL,Yes,No internet service,Month-to-month,Yes,Credit card (automatic),40.15,1809.23,No
C03490,Female,0,No,Yes,53,Yes,Fiber optic,No,Yes,One year,Yes,Bank transfer (automatic),90.56,4942.09,No
C03491,Male,1,No,No,29,Yes,Fiber optic,Yes,No internet service,Month-to-month,Yes,Electronic check,18.07,533.64,No
C03492,Female,0,Yes,No,50,Yes,Fiber optic,Yes,No,Two year,Yes,Bank transfer (automatic),73.78,3346.38,Yes
C03493,Female,0,No,No,50,Yes,No,Yes,No,One year,Yes,Credit card (automatic),54.28,2616.78,No
C03494,Female,0,No,No,56,Yes,Fiber optic,No internet service,No internet service,Month-to-month,No,Bank transfer (automatic),56.13,3135.83,No
C03495,Female,0,Yes,No,62,Yes,No,Yes,No internet service,Two year,No,Bank transfer (automatic),42.45,2706.47,No
C03496,Female,1,No,No,0,Yes,Fiber optic,No internet service,No,One year,No,Electronic check,45.48,48.73,Yes
C03497,Male,0,No,No,56,Yes,Fiber optic,No internet service,Yes,One year,Yes,Credit card (automatic),63.47,3524.51,No
C03498,Female,0,Yes,No,57,Yes,No,Yes,No,Month-to-month,Yes,Electronic check,42.81,2330.1,Yes
C03499,Male,0,Yes,Yes,39,Yes,DSL,No internet service,Yes,Two year,Yes,Bank transfer (automatic),64.64,2410.68,Yes
C03500,Female,0,Yes,Yes,37,Yes,Fiber optic,Yes,No,Month-to-month,No,Mailed check,75.73,2599.04,No
C03501,Female,0,Yes,Yes,52,Yes,Fiber optic,No,Yes,One year,No,Credit card (automatic),89.11,4305.23,No
C03502,Male,0,Yes,No,33,Yes,Fiber optic,Yes,No,Month-to-month,No,Electronic check,85.71,2718.3,No
C03503,Male,0,No,No,30,Yes,Fiber optic,Yes,Yes,One year,Yes,Mailed check,42.2,1333.5,No
C03504,Female,0,No,No,58,Yes,No,No internet service,No internet service,One year,No,Mailed check,21.92,1249.29,No
C03505,Female,0,Yes,No,57,Yes,DSL,No,Yes,One year,Yes,Credit card (automatic),101.27,6187.5,No
C03506,Female,0,No,No,15,Yes,No,No,No internet service,Month-to-month,No,Electronic check,105.23,1720.24,No
C03507,Male,1,No,No,60,Yes,No,No internet service,Yes,Two year,No,Mailed check,115.89,6362.95,No
C03508,Female,0,No,No,23,Yes,DSL,No internet service,No internet service,One year,Yes,Mailed check,113.97,2731.84,No
C03509,Male,0,Yes,No,10,Yes,DSL,No internet service,Yes,Month-to-month,Yes,Bank transfer (automatic),81.38,746.3,Yes
C03510,Male,0,No,No,64,Yes,Fiber optic,No,Yes,Two year,Yes,Electronic check,107.43,6286.6,Yes
C03511,Female,1,No,No,17,Yes,DSL,No internet service,Yes,One year,No,Mailed check,62.8,1019.72,No
C03512,Female,1,No,No,14,Yes,Fiber optic,Yes,Yes,Two year,Yes,Mailed check,96.73,1246.32,No
C03513,Female,0,Yes,Yes,19,Yes,Fiber optic,No internet service,No internet service,Two year,No,Electronic check,113.53,2227.38,No
C03514,Male,1,Yes,No,35,Yes,No,No internet service,No internet service,Two year,Yes,Electronic check,97.63,3564.75,No
C03515,Female,0,Yes,No,12,Yes,DSL,Yes,No,One year,No,Electronic check,59.58,734.87,No
C03516,Female,0,No,No,11,Yes,Fiber optic,No internet service,Yes,One year,No,Bank transfer (automatic),55.78,622.83,No
C03517,Female,1,No,Yes,28,Yes,No,No internet service,No internet service,Month-to-month,No,Bank transfer (automatic),47.15,1394.46,Yes
C03518,Female,0,Yes,Yes,15,Yes,Fiber optic,Yes,Yes,Month-to-month,No,Bank transfer (automatic),54.71,865.39,Yes
C03519,Female,0,Yes,No,14,Yes,DSL,No internet service,No internet service,One year,No,Electronic check,100.06,1504.57,No
C03520,Male,0,No,No,66,Yes,DSL,Yes,No internet service,Month-to-month,No,Bank transfer (automatic),88.15,6042.7,No
C03521,Male,1,No,No,43,Yes,Fiber optic,No internet service,Yes,Two year,No,Electronic check,42.99,1795.28,No
C03522,Female,0,No,No,1,Yes,DSL,No internet service,No,Month-to-month,No,Credit card (automatic),89.15,89.59,Yes
C03523,Male,0,Yes,No,7,Yes,DSL,No,No internet service,Month-to-month,No,Electronic check,55.94,390.84,Yes
C03524,Female,0,No,No,59,Yes,Fiber optic,No internet service,No,Month-to-month,No,Mailed check,73.78,4011.63,Yes
C03525,Male,0,No,No,19,Yes,Fiber optic,No,No,Month-to-month,No,Bank transfer (automatic),55.04,1110.96,No
C03526,Female,0,No,No,11,Yes,DSL,No internet service,Yes,Month-to-month,No,Electronic check,70.16,835.48,Yes
C03527,Male,0,Yes,No,48,Yes,Fiber optic,No,No internet service,Month-to-month,Yes,Electronic check,90.98,4790.13,Yes
C03528,Male,0,No,Yes,61,Yes,Fiber optic,Yes,Yes,Two year,No,Credit card (automatic),91.11,5277.57,No
C03529,Male,0,No,Yes,29,Yes,Fiber optic,Yes,No,Month-to-month,No,Mailed check,93.32,2487.42,No
C03530,Female,1,Yes,No,54,Yes,Fiber optic,Yes,No internet service,Month-to-month,No,Mailed check,57.1,2843.54,Yes
C03531,Female,0,Yes,Yes,30,Yes,DSL,Yes,Yes,Month-to-month,Yes,Bank transfer (automatic),87.05,2770.43,Yes
C03532,Female,0,Yes,No,7,Yes,Fiber optic,No,Yes,Month-to-month,Yes,Mailed check,41.87,300.81,No
C03533,Male,0,No,No,58,Yes,Fiber optic,Yes,No,Month-to-month,Yes,Mailed check,65.74,4008.23,No
C03534,Female,0,No,No,67,Yes,No,Yes,No,One year,No,Bank transfer (automatic),76.31,5527.11,Yes
C03535,Male,0,No,No,71,Yes,Fiber optic,No internet service,Yes,Two year,No,Credit card (automatic),86.65,5815.34,No
C03536,Male,0,No,No,7,Yes,DSL,Yes,No,Month-to-month,No,Electronic check,109.2,743.62,Yes
C03537,Male,0,No,Yes,41,Yes,DSL,No,Yes,One year,Yes,Credit card (automatic),48.48,2103.91,No
C03538,Female,0,No,Yes,45,Yes,Fiber optic,Yes,No,Month-to-month,Yes,Credit card (automatic),102.53,4391.82,No
C03539,Female,0,Yes,No,5,Yes,No,No internet service,Yes,Month-to-month,No,Bank transfer (automatic),49.11,245.85,No
C03540,Male,0,Yes,Yes,69,No,Fiber optic,No,No internet service,Two year,Yes,Credit card (automatic),73.19,4992.99,No
C03541,Female,0,No,No,7,Yes,Fiber optic,Yes,No internet service,Month-to-month,Yes,Bank transfer (automatic),100.81,719.12,No
C03542,Female,1,Yes,Yes,19,Yes,DSL,No,Yes,Two year,Yes,Credit card (automatic),90.31,1883.43,No
C03543,Male,0,No,No,70,Yes,DSL,Yes,No,Month-to-month,No,Electronic check,104.29,6721.7,No
C03544,Male,0,No,No,40,Yes,Fiber optic,No internet service,No,Month-to-month,Yes,Mailed check,99.49,3967.38,Yes
C03545,Male,0,Yes,No,49,Yes,DSL,No,Yes,Month-to-month,Yes,Credit card (automatic),45.63,2441.12,No
C03546,Male,0,No,No,36,No,DSL,Yes,No internet service,Month-to-month,Yes,Mailed check,117.29,4093.97,No
C03547,Female,0,No,Yes,54,Yes,DSL,No,No internet service,Two year,Yes,Credit card (automatic),111.7,6322.05,Yes
C03548,Male,0,No,Yes,5,Yes,No,No internet service,Yes,Month-to-month,Yes,Electronic check,61.02,331.29,Yes
C03549,Male,0,Yes,No,49,No,DSL,No internet service,Yes,Two year,No,Electronic check,22.72,1055.52,No
C03550,Female,0,Yes,No,4,Yes,DSL,Yes,No internet service,Two year,Yes,Bank transfer (automatic),48.35,177.21,Yes
C03551,Female,0,No,No,13,Yes,Fiber optic,No,Yes,One year,Yes,Credit card (automatic),101.62,1208.95,Yes
C03552,Female,0,Yes,No,36,Yes,Fiber optic,No internet service,No,Month-to-month,Yes,Electronic check,113.09,3723.55,Yes
C03553,Male,0,No,No,32,Yes,Fiber optic,No,No internet service,Month-to-month,Yes,Credit card (automatic),101.17,3140.65,No
C03554,Female,0,Yes,No,11,Yes,Fiber optic,No internet service,No,Month-to-month,No,Mailed check,57.67,586.95,No
C03555,Male,0,No,No,58,Yes,Fiber optic,No,Yes,Two year,Yes,Credit card (automatic),23.65,1345.64,Yes
C03556,Male,1,Yes,Yes,22,Yes,Fiber optic,Yes,Yes,Month-to-month,Yes,Electronic check,69.76,1612.72,Yes
C03557,Female,0,Yes,No,63,Yes,No,Yes,No,Two year,Yes,Bank transfer (automatic),55.64,3363.86,No
C03558,Male,0,Yes,Yes,1,Yes,DSL,No internet service,No,One year,No,Credit card (automatic),30.3,30.18,No
C03559,Male,0,Yes,Yes,17,Yes,Fiber optic,No,No,Month-to-month,Yes,Bank transfer (automatic),28.59,449.81,Yes
C03560,Male,1,Yes,Yes,21,Yes,Fiber optic,No,Yes,One year,Yes,Credit card (automatic),33.3,727.03,No
C03561,Male,0,Yes,Yes,43,Yes,DSL,Yes,No internet service,Month-to-month,Yes,Electronic check,38.58,1598.45,No
C03562,Female,0,Yes,No,29,Yes,Fiber optic,No,No,Two year,Yes,Bank transfer (automatic),93.38,2510.46,Yes
C03563,Female,0,No,Yes,11,Yes,Fiber optic,Yes,No internet service,Month-to-month,No,Electronic check,56.17,674.06,Yes
C03564,Male,0,Yes,No,41,Yes,DSL,No internet service,No internet service,Two year,Yes,Credit card (automatic),61.69,2665.68,No
C03565,Female,0,Yes,No,69,Yes,Fiber optic,No,Yes,Two year,Yes,Electronic check,77.84,5534.59,No
C03566,Female,0,No,Yes,9,Yes,Fiber optic,No,No internet service,Two year,No,Credit card (automatic),114.01,1071.85,Yes
C03567,Female,0,Yes,Yes,18,Yes,Fiber optic,No,No,Month-to-month,No,Bank transfer (automatic),93.65,1660.58,No
C03568,Male,0,No,No,34,Yes,DSL,Yes,No,Two year,No,Electronic check,82.57,2694.15,No
C03569,Male,0,No,No,53,Yes,Fiber optic,No internet service,No,Month-to-month,No,Credit card (automatic),92.38,4896.13,No
C03570,Female,1,No,No,9,Yes,Fiber optic,Yes,No internet service,One year,Yes,Mailed check,89.93,862.02,No
C03571,Male,0,No,Yes,16,Yes,Fiber optic,No internet service,No,Month-to-month,No,Credit card (automatic),87.02,1521.47,No
C03572,Male,1,No,Yes,17,Yes,DSL,Yes,Yes,Month-to-month,No,Mailed check,67.64,1174.09,Yes
C03573,Female,0,No,Yes,44,Yes,DSL,No internet service,No internet service,Month-to-month,Yes,Mailed check,74.68,3204.67,Yes
C03574,Male,0,Yes,No,6,Yes,No,No internet service,Yes,Month-to-month,No,Electronic check,64.15,401.7,Yes
C03575,Male,0,Yes,No,48,Yes,DSL,No,No internet service,Month-to-month,Yes,Electronic check,57.5,2868.78,Yes
C03576,Male,0,No,No,31,Yes,Fiber optic,No internet service,No internet service,Two year,Yes,Bank transfer (automatic),45.08,1326.9,No
C03577,Female,0,No,No,23,Yes,No,No internet service,No,Month-to-month,No,Mailed check,53.52,1215.08,Yes
C03578,Male,0,Yes,Yes,62,Yes,DSL,No,Yes,One year,Yes,Electronic check,60.85,3496.55,No
C03579,Female,0,No,No,59,Yes,Fiber optic,Yes,No,Month-to-month,Yes,Electronic check,75.94,4392.89,No
C03580,Male,0,Yes,No,58,Yes,Fiber optic,No,No internet service,One year,Yes,Bank transfer (automatic),67.99,4150.65,No
C03581,Female,0,No,No,64,Yes,Fiber optic,No,No internet service,Two year,Yes,Mailed check,28.79,1773.98,No
C03582,Female,0,Yes,No,17,Yes,No,Yes,No,Month-to-month,No,Bank transfer (automatic),52.0,907.52,No
C03583,Male,1,Yes,No,62,Yes,Fiber optic,No,No,One year,Yes,Credit card (automatic),55.62,3329.57,No
C03584,Female,0,No,No,12,No,Fiber optic,No internet service,Yes,Two year,Yes,Electronic check,88.69,989.16,No
C03585,Female,0,No,Yes,24,Yes,Fiber optic,No,No,Two year,No,Electronic check,51.29,1290.39,No
C03586,Male,0,No,Yes,40,Yes,DSL,No,No,Month-to-month,Yes,Electronic check,18.8,765.43,Yes
C03587,Male,0,No,No,54,Yes,DSL,No,No internet service,Month-to-month,Yes,Electronic check,26.43,1520.12,No
C03588,Female,1,Yes,Yes,42,Yes,No,No,No,One year,No,Credit card (automatic),67.7,2945.17,No
C03589,Male,0,Yes,Yes,40,Yes,DSL,No,Yes,Month-to-month,No,Bank transfer (automatic),36.85,1567.51,Yes
C03590,Male,1,No,Yes,27,Yes,DSL,No internet service,Yes,Two year,Yes,Bank transfer (automatic),67.46,1695.72,No
C03591,Female,1,Yes,No,43,Yes,DSL,No internet service,No,Month-to-month,No,Credit card (automatic),75.42,3317.38,No
C03592,Female,0,Yes,No,34,Yes,No,No internet service,No internet service,Two year,No,Credit card (automatic),111.34,3685.15,No
C03593,Male,0,No,No,34,Yes,DSL,Yes,No,Month-to-month,No,Credit card (automatic),83.56,2981.11,Yes
C03594,Male,0,No,No,42,Yes,Fiber optic,No internet service,Yes,Month-to-month,No,Electronic check,21.1,900.39,Yes
C03595,Male,0,No,Yes,43,Yes,No,Yes,No internet service,Two year,No,Credit card (automatic),56.07,2196.03,No
C03596,Male,1,Yes,No,24,Yes,Fiber optic,No,Yes,Two year,Yes,Bank transfer (automatic),97.35,2352.08,No
C03597,Male,0,Yes,No,9,Yes,DSL,Yes,Yes,Two year,No,Electronic check,44.06,415.91,Yes
C03598,Female,1,No,Yes,21,Yes,Fiber optic,Yes,No internet service,Two year,Yes,Electronic check,110.5,2210.41,No
C03599,Female,0,No,No,29,Yes,DSL,No internet service,Yes,Month-to-month,Yes,Bank transfer (automatic),70.9,2119.64,No
C03600,Male,0,Yes,Yes,11,Yes,Fiber optic,No,No,Month-to-month,Yes,Mailed check,27.24,320.07,Yes
C03601,Female,0,No,No,12,Yes,No,No,Yes,Month-to-month,No,Mailed check,42.17,462.03,No
C03602,Male,0,No,No,69,Yes,Fiber optic,No,No,Month-to-month,Yes,Electronic check,108.63,7612.43,No
C03603,Male,0,No,No,20,Yes,Fiber optic,No internet service,No,Month-to-month,No,Mailed check,117.15,2524.63,Yes
C03604,Female,0,Yes,No,53,No,Fiber optic,No internet service,No,Two year,No,Mailed check,104.3,5114.88,Yes
C03605,Female,0,Yes,No,9,Yes,Fiber optic,Yes,No internet service,Month-to-month,Yes,Mailed check,50.07,429.83,Yes
C03606,Female,1,No,Yes,70,Yes,No,No internet service,No,Month-to-month,Yes,Credit card (automatic),94.88,6808.87,No
C03607,Male,0,No,No,15,Yes,Fiber optic,No,Yes,Month-to-month,No,Electronic check,40.22,613.58,Yes
C03608,Female,0,Yes,No,28,No,Fiber optic,No internet service,Yes,Month-to-month,Yes,Bank transfer (automatic),56.45,1673.35,No
C03609,Male,0,No,No,57,No,DSL,Yes,No,Month-to-month,No,Bank transfer (automatic),87.72,5129.09,No
C03610,Female,0,No,No,14,Yes,Fiber optic,Yes,No internet service,One year,No,Electronic check,114.89,1632.86,Yes
C03611,Female,0,No,Yes,40,Yes,Fiber optic,Yes,No,Month-to-month,No,Electronic check,61.92,2452.95,Yes
C03612,Male,0,Yes,No,57,Yes,Fiber optic,No,No,One year,No,Credit card (automatic),67.58,3527.14,Yes
C03613,Female,0,No,Yes,1,Yes,Fiber optic,No internet service,Yes,Two year,Yes,Bank transfer (automatic),40.02,40.75,No
C03614,Female,0,Yes,Yes,1,Yes,DSL,No internet service,Yes,One year,Yes,Mailed check,58.32,54.31,Yes
C03615,Male,0,No,Yes,57,No,No,No internet service,No,One year,No,Mailed check,24.3,1522.46,Yes
C03616,Female,0,No,Yes,19,Yes,Fiber optic,No,Yes,Month-to-month,Yes,Mailed check,103.86,1806.99,Yes
C03617,Male,0,Yes,No,66,Yes,No,Yes,No,Month-to-month,Yes,Credit card (automatic),20.33,1227.92,No
C03618,Male,0,Yes,No,67,Yes,DSL,Yes,No internet service,Month-to-month,Yes,Electronic check,86.35,6117.92,Yes
C03619,Female,0,No,No,64,Yes,Fiber optic,No,Yes,Two year,Yes,Electronic check,45.32,2669.12,No
C03620,Male,0,Yes,No,72,Yes,Fiber optic,No internet service,Yes,One year,Yes,Mailed check,65.61,4634.24,No
C03621,Female,0,No,No,60,Yes,Fiber optic,No internet service,Yes,Month-to-month,Yes,Electronic check,46.16,3006.4,No
C03622,Female,0,Yes,Yes,27,Yes,DSL,Yes,No internet service,Month-to-month,Yes,Mailed check,58.01,1656.45,Yes
C03623,Male,0,No,No,72,Yes,No,No internet service,Yes,Two year,Yes,Bank transfer (automatic),72.68,4953.35,No
C03624,Female,1,No,No,25,Yes,DSL,No,Yes,One year,Yes,Credit card (automatic),82.09,1950.06,Yes
C03625,Male,1,Yes,No,42,Yes,DSL,No,Yes,One year,No,Electronic check,112.03,4792.09,No
C03626,Male,0,Yes,No,0,Yes,No,No internet service,No internet service,Two year,Yes,Bank transfer (automatic),51.22,51.08,No
C03627,Male,0,Yes,No,70,Yes,Fiber optic,No,Yes,One year,Yes,Electronic check,76.49,4943.89,No
C03628,Female,0,Yes,No,43,Yes,No,Yes,No internet service,One year,No,Credit card (automatic),108.17,4333.76,No
C03629,Male,0,No,No,69,Yes,No,Yes,No,Month-to-month,Yes,Bank transfer (automatic),47.02,3440.92,No
C03630,Male,0,Yes,No,25,Yes,Fiber optic,No internet service,Yes,Month-to-month,Yes,Electronic check,104.5,2531.4,No
C03631,Male,0,No,No,22,Yes,No,No,No internet service,Two year,Yes,Bank transfer (automatic),113.76,2652.39,Yes
C03632,Male,0,No,No,38,Yes,DSL,No,Yes,One year,No,Electronic check,102.75,3662.29,No
C03633,Female,0,No,No,63,Yes,No,No internet service,Yes,Month-to-month,No,Mailed check,74.99,4818.32,Yes
C03634,Female,0,No,Yes,40,Yes,Fiber optic,No,Yes,One year,Yes,Bank transfer (automatic),90.21,3612.09,No
C03635,Female,0,Yes,No,57,Yes,No,No internet service,Yes,Month-to-month,Yes,Credit card (automatic),66.11,3637.42,No
C03636,Male,0,Yes,No,15,Yes,Fiber optic,No internet service,No internet service,Two year,Yes,Bank transfer (automatic),77.73,1191.27,Yes
C03637,Female,1,No,No,56,No,Fiber optic,No,No,Month-to-month,No,Credit card (automatic),115.45,5979.71,Yes
C03638,Male,0,Yes,No,53,Yes,No,Yes,No,Two year,No,Bank transfer (automatic),43.11,2447.72,No
C03639,Male,1,No,No,65,Yes,DSL,No,Yes,Month-to-month,Yes,Electronic check,97.25,6628.95,No
C03640,Female,0,No,No,4,Yes,Fiber optic,No,No internet service,Month-to-month,No,Bank transfer (automatic),68.62,262.79,Yes
C03641,Male,1,No,No,28,Yes,No,No,No internet service,Month-to-month,No,Electronic check,35.69,1015.34,Yes
C03642,Male,1,Yes,No,6,Yes,No,No,No,Two year,Yes,Electronic check,82.35,533.84,No
C03643,Male,0,Yes,No,29,Yes,Fiber optic,No,No,Month-to-month,No,Credit card (automatic),97.24,2776.14,Yes
C03644,Female,0,Yes,No,55,Yes,Fiber optic,Yes,No internet service,Month-to-month,No,Bank transfer (automatic),74.88,4005.84,Yes
C03645,Female,0,Yes,No,46,Yes,DSL,No internet service,No,One year,Yes,Electronic check,101.74,4959.86,No
C03646,Female,0,Yes,No,54,Yes,Fiber optic,Yes,No internet service,Month-to-month,No,Credit card (automatic),54.59,2653.77,No
C03647,Female,0,Yes,Yes,53,Yes,No,No internet service,Yes,Month-to-month,No,Credit card (automatic),109.38,6013.23,No
C03648,Female,0,No,No,72,Yes,DSL,No,Yes,Month-to-month,No,Bank transfer (automatic),82.83,5624.79,Yes
C03649,Female,0,Yes,Yes,64,Yes,DSL,Yes,Yes,Two year,No,Mailed check,98.32,6536.94,No
C03650,Female,0,No,No,42,Yes,DSL,No internet service,Yes,Month-to-month,Yes,Credit card (automatic),45.3,1878.97,No
C03651,Female,1,No,No,63,Yes,DSL,Yes,No internet service,Month-to-month,Yes,Credit card (automatic),62.61,3566.0,Yes
C03652,Female,1,Yes,No,3,Yes,Fiber optic,No,Yes,Month-to-month,Yes,Mailed check,108.96,351.35,No
C03653,Male,0,No,No,52,Yes,DSL,Yes,No,Month-to-month,No,Mailed check,23.09,1211.86,Yes
C03654,Female,0,Yes,Yes,38,Yes,Fiber optic,No,No,Month-to-month,No,Electronic check,58.4,2136.47,Yes
C03655,Female,0,No,No,69,Yes,DSL,Yes,Yes,Month-to-month,No,Mailed check,96.03,6895.59,No
C03656,Female,0,Yes,No,36,No,No,No internet service,No internet service,Month-to-month,Yes,Credit card (automatic),92.38,3322.98,Yes
C03657,Female,1,Yes,Yes,13,No,Fiber optic,Yes,Yes,Month-to-month,No,Bank transfer (automatic),103.16,1216.35,No
C03658,Male,1,Yes,Yes,52,Yes,Fiber optic,Yes,No internet service,Two year,No,Credit card (automatic),91.94,4924.55,No
C03659,Female,0,No,No,69,Yes,No,No internet service,No,Month-to-month,No,Electronic check,112.71,8507.3,Yes
C03660,Female,0,No,No,1,Yes,DSL,Yes,No internet service,Month-to-month,No,Bank transfer (automatic),67.83,64.06,Yes
C03661,Female,0,Yes,No,4,Yes,No,Yes,No,Two year,No,Mailed check,80.43,345.07,Yes
C03662,Male,0,Yes,No,48,Yes,DSL,No,Yes,Two year,No,Electronic check,102.77,5052.33,No
C03663,Female,0,Yes,No,40,Yes,Fiber optic,No,No internet service,One year,Yes,Bank transfer (automatic),88.17,3229.07,No
C03664,Male,0,No,No,40,Yes,DSL,No,No internet service,Month-to-month,No,Electronic check,28.21,1180.3,No
C03665,Male,0,No,No,6,Yes,No,Yes,No,Month-to-month,Yes,Credit card (automatic),54.7,324.36,Yes
C03666,Female,0,No,No,41,Yes,Fiber optic,Yes,No internet service,Month-to-month,Yes,Electronic check,73.26,3180.12,No
C03667,Female,1,Yes,No,41,Yes,DSL,No,Yes,Month-to-month,Yes,Bank transfer (automatic),93.47,3936.31,Yes
C03668,Male,0,Yes,No,61,Yes,Fiber optic,Yes,Yes,Month-to-month,No,Electronic check,72.36,3975.02,Yes
C03669,Female,0,Yes,No,28,Yes,No,Yes,No internet service,One year,No,Mailed check,95.75,2480.62,Yes
C03670,Male,0,Yes,No,25,Yes,DSL,No internet service,No internet service,Month-to-month,Yes,Credit card (automatic),101.76,2468.92,Yes
C03671,Male,0,Yes,No,5,Yes,Fiber optic,No internet service,Yes,One year,Yes,Credit card (automatic),44.51,221.74,Yes
C03672,Female,0,Yes,No,41,Yes,DSL,No internet service,Yes,Month-to-month,Yes,Mailed check,79.61,3546.1,No
C03673,Male,1,Yes,Yes,47,Yes,DSL,No internet service,Yes,Month-to-month,No,Electronic check,73.71,3687.46,Yes
C03674,Male,0,No,No,20,Yes,No,No internet service,No,Two year,No,Mailed check,40.73,863.74,Yes
C03675,Female,1,Yes,No,53,Yes,Fiber optic,No internet service,No internet service,Two year,No,Bank transfer (automatic),66.99,3578.57,Yes
C03676,Female,0,Yes,No,68,Yes,DSL,No internet service,No internet service,Month-to-month,No,Mailed check,72.86,4551.05,No
C03677,Male,0,No,No,12,Yes,No,Yes,Yes,One year,Yes,Credit card (automatic),99.73,1255.59,No
C03678,Female,0,Yes,Yes,41,Yes,No,No internet service,Yes,Month-to-month,Yes,Mailed check,64.1,2410.78,Yes
C03679,Male,0,No,Yes,50,No,No,No internet service,No internet service,Month-to-month,No,Mailed check,26.09,1197.91,No
C03680,Female,0,Yes,No,1,Yes,DSL,No,No internet service,One year,No,Bank transfer (automatic),66.73,63.46,No
C03681,Female,0,Yes,No,13,No,Fiber optic,No,No,Month-to-month,No,Mailed check,101.8,1435.24,Yes
C03682,Male,0,Yes,No,28,Yes,No,No internet service,No,Month-to-month,Yes,Mailed check,75.13,2208.79,Yes
C03683,Male,0,Yes,No,10,Yes,DSL,No,Yes,Month-to-month,Yes,Mailed check,49.89,456.66,No
C03684,Female,0,Yes,No,25,Yes,Fiber optic,No internet service,No,Month-to-month,Yes,Credit card (automatic),110.1,2983.11,Yes
C03685,Female,0,Yes,Yes,10,Yes,No,No internet service,Yes,Month-to-month,Yes,Mailed check,33.57,354.73,Yes
C03686,Male,0,Yes,No,65,Yes,DSL,Yes,No,Month-to-month,No,Electronic check,50.69,3363.15,No
C03687,Female,1,No,No,43,Yes,Fiber optic,No,No internet service,Two year,No,Electronic check,61.71,2455.56,Yes
C03688,Female,0,No,No,24,Yes,No,No internet service,Yes,One year,No,Credit card (automatic),91.8,2123.94,No
C03689,Female,0,Yes,Yes,56,Yes,Fiber optic,No,No internet service,Month-to-month,No,Mailed check,101.57,5461.18,No
C03690,Male,1,No,Yes,1,Yes,No,Yes,Yes,Month-to-month,Yes,Mailed check,23.86,24.53,No
C03691,Female,0,Yes,No,43,Yes,No,No,Yes,One year,No,Mailed check,97.2,4253.05,No
C03692,Male,0,No,No,49,Yes,No,No internet service,Yes,Month-to-month,No,Credit card (automatic),90.05,4215.87,No
C03693,Female,0,No,No,59,Yes,Fiber optic,No,Yes,Month-to-month,Yes,Mailed check,107.47,6101.18,Yes
C03694,Male,0,Yes,No,16,Yes,DSL,No internet service,Yes,One year,No,Bank transfer (automatic),108.04,1735.02,No
C03695,Male,0,No,No,43,Yes,Fiber optic,No,No internet service,Month-to-month,No,Mailed check,95.75,4401.68,Yes
C03696,Female,0,Yes,No,56,Yes,No,Yes,No,Month-to-month,No,Credit card (automatic),37.02,1918.14,Yes
C03697,Female,0,No,Yes,58,Yes,DSL,Yes,No,Month-to-month,No,Bank transfer (automatic),49.39,2993.95,No
C03698,Male,0,Yes,No,12,Yes,DSL,Yes,No,Month-to-month,No,Credit card (automatic),111.63,1472.36,No
C03699,Male,0,Yes,Yes,71,Yes,Fiber optic,No internet service,Yes,Month-to-month,No,Mailed check,77.82,5801.19,No
C03700,Male,0,Yes,Yes,19,Yes,Fiber optic,No internet service,Yes,Two year,Yes,Mailed check,71.88,1349.76,No
C03701,Male,0,No,Yes,28,Yes,No,Yes,No,Month-to-month,No,Mailed check,109.57,3210.11,Yes
C03702,Male,0,No,Yes,14,Yes,No,No internet service,No internet service,One year,No,Mailed check,105.42,1582.35,No
C03703,Male,0,No,Yes,10,Yes,DSL,No internet service,Yes,One year,No,Mailed check,90.75,956.23,Yes
C03704,Female,1,No,No,18,Yes,DSL,No internet service,No internet service,Month-to-month,No,Electronic check,106.23,1725.8,Yes
C03705,Male,0,No,No,9,No,Fiber optic,No,Yes,Month-to-month,Yes,Mailed check,29.38,244.93,Yes
C03706,Female,0,Yes,No,53,No,DSL,No,Yes,Month-to-month,No,Mailed check,93.75,4578.35,No
C03707,Male,0,Yes,Yes,43,Yes,DSL,Yes,Yes,One year,Yes,Bank transfer (automatic),114.56,4464.83,No
C03708,Male,0,No,No,28,Yes,Fiber optic,No internet service,Yes,Month-to-month,Yes,Mailed check,22.9,668.71,No
C03709,Female,0,No,No,39,Yes,DSL,No internet service,No,One year,Yes,Electronic check,40.3,1498.58,No
C03710,Male,0,Yes,No,44,No,Fiber optic,No,No,Two year,No,Mailed check,97.4,4475.84,No
C03711,Female,0,Yes,No,13,Yes,DSL,No internet service,No,One year,No,Bank transfer (automatic),70.0,940.23,Yes
C03712,Male,0,No,No,21,Yes,Fiber optic,No internet service,No,Two year,No,Electronic check,26.66,562.5,No
C03713,Female,0,No,No,64,Yes,Fiber optic,Yes,Yes,One year,No,Mailed check,44.8,2614.72,No
C03714,Female,0,Yes,No,0,Yes,DSL,No,Yes,Two year,Yes,Electronic check,50.41,48.45,No
C03715,Male,0,No,No,69,No,Fiber optic,Yes,Yes,Two year,Yes,Bank transfer (automatic),50.11,3130.58,No
C03716,Female,0,No,Yes,70,Yes,DSL,No,No,One year,Yes,Credit card (automatic),105.77,8011.05,No
C03717,Female,0,No,No,18,Yes,Fiber optic,Yes,No internet service,Two year,Yes,Credit card (automatic),84.2,1457.59,No
C03718,Female,0,No,No,23,Yes,DSL,No,No internet service,Two year,No,Credit card (automatic),91.49,1933.8,No
C03719,Female,0,No,No,15,Yes,No,Yes,No internet service,Month-to-month,Yes,Electronic check,19.36,261.51,No
C03720,Female,0,Yes,Yes,40,Yes,No,No internet service,No,One year,No,Credit card (automatic),60.75,2484.2,No
C03721,Female,0,No,Yes,15,Yes,Fiber optic,No internet service,No,Month-to-month,Yes,Credit card (automatic),49.78,764.77,Yes
C03722,Male,0,No,No,57,Yes,No,Yes,Yes,Two year,No,Electronic check,103.19,6464.04,No
C03723,Female,1,Yes,No,28,Yes,Fiber optic,Yes,Yes,Month-to-month,No,Mailed check,113.39,3040.69,Yes
C03724,Female,0,Yes,Yes,70,Yes,DSL,Yes,No,Two year,No,Credit card (automatic),60.33,3840.09,Yes
C03725,Male,0,No,No,62,No,DSL,No internet service,Yes,Two year,Yes,Bank transfer (automatic),115.31,7548.69,No
C03726,Female,0,No,No,29,Yes,Fiber optic,No internet service,No,Two year,No,Mailed check,19.44,541.73,No
C03727,Female,0,Yes,Yes,43,No,Fiber optic,No,No,Month-to-month,Yes,Bank transfer (automatic),50.57,2100.86,Yes
C03728,Female,0,Yes,Yes,1,Yes,No,No,No internet service,One year,No,Electronic check,95.49,103.28,Yes
C03729,Female,0,No,Yes,4,Yes,No,No,No internet service,One year,Yes,Mailed check,54.01,219.3,Yes
C03730,Male,0,No,No,36,Yes,Fiber optic,Yes,No internet service,Two year,Yes,Electronic check,110.1,3884.61,No
C03731,Female,0,Yes,Yes,34,Yes,Fiber optic,No,No,Two year,No,Credit card (automatic),39.85,1476.99,No
C03732,Female,0,No,Yes,29,Yes,DSL,No,Yes,One year,Yes,Electronic check,97.57,2696.71,No
C03733,Male,0,No,No,6,Yes,DSL,No,Yes,One year,No,Electronic check,38.17,207.1,No
C03734,Female,0,Yes,No,61,Yes,DSL,No internet service,No internet service,Month-to-month,No,Mailed check,37.71,2176.5,No
C03735,Female,0,Yes,No,29,Yes,Fiber optic,No internet service,No internet service,Two year,No,Mailed check,62.57,1649.09,Yes
C03736,Male,0,Yes,No,34,Yes,DSL,Yes,No internet service,Month-to-month,Yes,Credit card (automatic),112.49,3754.09,No
C03737,Female,0,Yes,No,29,Yes,No,No,No,One year,Yes,Bank transfer (automatic),76.55,2366.94,No
C03738,Male,0,No,No,36,No,No,No,Yes,Two year,Yes,Bank transfer (automatic),81.5,3212.84,No
C03739,Female,1,Yes,Yes,47,Yes,DSL,No internet service,No,Month-to-month,No,Bank transfer (automatic),18.97,927.31,No
C03740,Female,0,Yes,Yes,55,Yes,Fiber optic,No,No internet service,Month-to-month,Yes,Bank transfer (automatic),23.66,1412.2,Yes
C03741,Female,0,Yes,No,40,Yes,Fiber optic,No,Yes,Month-to-month,No,Electronic check,24.69,969.53,Yes
C03742,Female,0,Yes,No,12,Yes,Fiber optic,No internet service,Yes,Two year,No,Mailed check,99.96,1152.19,Yes
C03743,Male,0,Yes,Yes,63,Yes,Fiber optic,No internet service,No,Month-to-month,No,Bank transfer (automatic),41.69,2444.84,No
C03744,Male,0,No,Yes,20,Yes,Fiber optic,No internet service,Yes,Month-to-month,Yes,Bank transfer (automatic),50.88,1017.78,Yes
C03745,Male,0,No,No,1,Yes,Fiber optic,No internet service,Yes,One year,Yes,Mailed check,79.0,76.27,No
C03746,Female,1,No,No,2,Yes,DSL,No internet service,No internet service,Month-to-month,No,Mailed check,76.4,140.81,No
C03747,Male,0,No,Yes,56,Yes,DSL,Yes,No internet service,Two year,Yes,Electronic check,59.05,3592.45,Yes
C03748,Male,0,No,No,28,Yes,No,No internet service,No,Month-to-month,Yes,Credit card (automatic),18.43,477.2,No
C03749,Male,0,No,Yes,1,Yes,No,No internet service,Yes,Month-to-month,Yes,Mailed check,62.96,65.98,Yes
C03750,Male,0,Yes,Yes,59,Yes,Fiber optic,No internet service,No internet service,Month-to-month,Yes,Mailed check,91.89,4953.17,Yes
C03751,Female,0,Yes,Yes,22,Yes,DSL,No internet service,No internet service,Month-to-month,Yes,Mailed check,41.52,918.39,No
C03752,Male,1,Yes,Yes,71,Yes,Fiber optic,Yes,No,Month-to-month,Yes,Electronic check,88.84,6528.16,Yes
C03753,Male,0,No,No,64,No,Fiber optic,No internet service,No internet service,One year,Yes,Mailed check,19.52,1182.95,No
C03754,Female,0,Yes,No,3,Yes,Fiber optic,Yes,No,Month-to-month,No,Mailed check,108.8,298.7,No
C03755,Female,0,No,Yes,50,Yes,DSL,No,No internet service,Month-to-month,Yes,Bank transfer (automatic),113.0,5755.5,No
C03756,Male,0,No,No,44,Yes,No,Yes,No internet service,Month-to-month,Yes,Bank transfer (automatic),18.25,819.53,No
C03757,Male,1,No,No,12,Yes,No,Yes,Yes,Month-to-month,Yes,Electronic check,63.78,736.58,Yes
C03758,Female,0,Yes,No,25,Yes,No,No internet service,No internet service,Two year,Yes,Bank transfer (automatic),59.38,1447.74,Yes
C03759,Female,0,No,Yes,35,Yes,No,No internet service,Yes,Month-to-month,Yes,Electronic check,102.19,3251.61,Yes
C03760,Male,0,Yes,Yes,10,Yes,DSL,No internet service,Yes,Two year,Yes,Bank transfer (automatic),72.07,691.26,Yes
C03761,Male,0,No,No,52,Yes,DSL,No,Yes,Month-to-month,Yes,Mailed check,79.14,4430.18,No
C03762,Male,0,No,Yes,20,Yes,Fiber optic,Yes,Yes,Month-to-month,No,Mailed check,38.25,714.71,Yes
C03763,Male,0,No,Yes,68,Yes,Fiber optic,No,No internet service,Month-to-month,Yes,Mailed check,25.71,1737.11,No
C03764,Male,0,No,No,58,Yes,No,No,No internet service,Month-to-month,Yes,Mailed check,87.23,5238.26,Yes
C03765,Female,0,No,No,46,Yes,DSL,No internet service,Yes,Two year,No,Mailed check,80.07,3906.34,No
C03766,Male,0,Yes,No,8,Yes,DSL,No,Yes,Month-to-month,No,Mailed check,101.23,742.0,Yes
C03767,Male,0,Yes,No,1,Yes,Fiber optic,No internet service,Yes,Month-to-month,No,Credit card (automatic),102.47,104.35,Yes
C03768,Male,1,No,Yes,10,Yes,Fiber optic,Yes,No,One year,No,Credit card (automatic),81.1,831.65,Yes
C03769,Female,0,No,Yes,36,Yes,Fiber optic,Yes,No internet service,One year,Yes,Mailed check,71.84,2429.71,No
C03770,Male,0,Yes,No,57,Yes,Fiber optic,No,Yes,Two year,No,Mailed check,109.4,5650.69,No
C03771,Female,1,Yes,Yes,11,Yes,No,No internet service,No,Two year,No,Bank transfer (automatic),98.13,1153.77,No
C03772,Male,1,No,No,51,Yes,Fiber optic,Yes,No internet service,One year,Yes,Electronic check,106.24,5353.3,Yes
C03773,Female,0,No,No,3,Yes,DSL,Yes,No internet service,Two year,No,Electronic check,117.58,321.75,No
C03774,Female,0,Yes,No,19,Yes,No,No internet service,Yes,Two year,No,Mailed check,58.35,1125.95,No
C03775,Female,1,Yes,No,43,Yes,Fiber optic,Yes,No,Month-to-month,Yes,Electronic check,89.69,3761.73,Yes
C03776,Female,0,Yes,No,60,Yes,Fiber optic,Yes,No internet service,One year,Yes,Electronic check,86.81,4771.29,No
C03777,Male,0,Yes,Yes,56,No,Fiber optic,No,No internet service,Month-to-month,No,Bank transfer (automatic),35.41,1898.53,No
C03778,Female,0,No,Yes,38,Yes,Fiber optic,No,No internet service,One year,No,Bank transfer (automatic),81.65,2995.24,No
C03779,Male,0,Yes,Yes,2,Yes,DSL,No internet service,No internet service,Two year,No,Bank transfer (automatic),60.81,123.44,No
C03780,Male,0,No,Yes,21,Yes,No,Yes,No,Month-to-month,No,Mailed check,63.06,1298.66,Yes
C03781,Female,0,Yes,No,57,Yes,Fiber optic,No,Yes,Two year,Yes,Mailed check,36.01,1891.23,Yes
C03782,Male,1,Yes,No,5,Yes,No,No,Yes,Two year,Yes,Mailed check,92.47,474.86,Yes
C03783,Male,0,No,Yes,51,Yes,No,Yes,No internet service,Month-to-month,No,Credit card (automatic),87.79,4682.17,Yes
C03784,Male,0,No,No,51,No,DSL,No internet service,Yes,Month-to-month,No,Mailed check,71.23,3638.04,Yes
C03785,Female,0,Yes,Yes,54,Yes,DSL,No,No internet service,Two year,No,Credit card (automatic),33.67,1659.4,No
C03786,Female,0,Yes,No,15,Yes,Fiber optic,No internet service,Yes,Two year,No,Electronic check,73.69,1017.63,No
C03787,Male,0,Yes,Yes,17,Yes,Fiber optic,No internet service,No,Month-to-month,No,Bank transfer (automatic),28.01,518.52,Yes
C03788,Male,0,Yes,No,14,Yes,DSL,No internet service,Yes,Month-to-month,Yes,Electronic check,51.94,681.98,No
C03789,Male,0,No,Yes,28,Yes,Fiber optic,No,No,One year,No,Credit card (automatic),55.24,1487.17,No
C03790,Female,1,Yes,Yes,38,Yes,DSL,No internet service,No,Month-to-month,Yes,Mailed check,106.34,4192.47,Yes
C03791,Female,0,Yes,No,8,Yes,DSL,Yes,No internet service,Month-to-month,Yes,Mailed check,59.56,504.29,Yes
C03792,Male,0,No,No,41,Yes,Fiber optic,No,No,Month-to-month,Yes,Bank transfer (automatic),77.85,3454.23,No
C03793,Male,0,No,No,17,Yes,DSL,No,No internet service,Month-to-month,Yes,Mailed check,105.48,1755.57,No
C03794,Female,0,No,No,41,Yes,DSL,Yes,No internet service,One year,Yes,Electronic check,60.58,2728.33,No
C03795,Male,0,No,Yes,22,No,Fiber optic,No internet service,No,One year,Yes,Bank transfer (automatic),106.37,2154.75,No
C03796,Female,0,Yes,No,69,Yes,DSL,No,No internet service,One year,No,Electronic check,31.65,2326.47,No
C03797,Female,0,Yes,Yes,23,No,Fiber optic,Yes,No,One year,Yes,Credit card (automatic),54.48,1195.93,No
C03798,Male,0,No,Yes,63,Yes,Fiber optic,Yes,No,Month-to-month,No,Electronic check,27.47,1881.9,No
C03799,Female,0,Yes,No,12,Yes,No,No internet service,No internet service,Month-to-month,No,Credit card (automatic),74.09,954.73,Yes
C03800,Male,0,No,No,6,Yes,Fiber optic,No,No internet service,Month-to-month,Yes,Bank transfer (automatic),113.73,718.17,No
C03801,Male,0,Yes,No,13,Yes,Fiber optic,No internet service,Yes,Month-to-month,Yes,Electronic check,83.7,1110.68,Yes
C03802,Male,0,Yes,No,30,Yes,DSL,Yes,No,Month-to-month,No,Mailed check,80.61,2280.19,Yes
C03803,Male,1,No,No,65,Yes,No,No internet service,No,Month-to-month,No,Electronic check,45.82,2955.62,Yes
C03804,Female,0,Yes,No,12,Yes,DSL,Yes,No,Month-to-month,Yes,Mailed check,111.11,1209.26,No
C03805,Male,0,No,No,57,No,DSL,No internet service,Yes,Month-to-month,No,Credit card (automatic),65.15,3869.08,No
C03806,Female,0,Yes,Yes,50,Yes,DSL,No,Yes,One year,No,Mailed check,44.7,2063.3,No
C03807,Female,0,Yes,No,25,Yes,DSL,No internet service,Yes,One year,No,Bank transfer (automatic),116.77,2778.13,No
C03808,Male,1,No,No,24,Yes,Fiber optic,No internet service,No internet service,Two year,Yes,Bank transfer (automatic),60.31,1373.63,Yes
C03809,Female,0,No,No,69,Yes,No,No internet service,No internet service,Two year,No,Credit card (automatic),55.15,4024.5,No
C03810,Male,1,No,No,52,Yes,Fiber optic,No internet service,Yes,One year,No,Mailed check,21.5,1095.78,No
C03811,Male,1,No,No,17,Yes,DSL,Yes,No,Month-to-month,No,Electronic check,35.83,613.32,No
C03812,Male,1,Yes,No,66,Yes,No,No internet service,Yes,One year,No,Electronic check,98.92,6148.25,No
C03813,Male,0,Yes,No,29,Yes,Fiber optic,No,No internet service,Month-to-month,Yes,Bank transfer (automatic),66.27,1858.06,No
C03814,Male,1,Yes,No,5,Yes,Fiber optic,No internet service,No,Month-to-month,Yes,Credit card (automatic),113.49,568.8,No
C03815,Female,0,No,Yes,59,Yes,Fiber optic,No internet service,Yes,Month-to-month,No,Bank transfer (automatic),26.39,1461.78,Yes
C03816,Female,0,No,No,63,Yes,Fiber optic,No,No internet service,Month-to-month,Yes,Credit card (automatic),79.59,5204.52,No
C03817,Male,0,Yes,Yes,32,No,DSL,Yes,Yes,Month-to-month,No,Bank transfer (automatic),90.0,2850.78,No
C03818,Male,0,Yes,Yes,51,Yes,No,No internet service,No internet service,One year,Yes,Bank transfer (automatic),80.12,4481.37,No
C03819,Male,1,Yes,No,17,Yes,DSL,Yes,No,Two year,Yes,Electronic check,70.99,1145.65,Yes
C03820,Male,0,No,No,62,Yes,Fiber optic,No,No,One year,Yes,Electronic check,75.83,4603.73,No
C03821,Female,0,No,No,26,Yes,DSL,No internet service,No,One year,Yes,Credit card (automatic),86.95,2452.71,Yes
C03822,Female,0,Yes,Yes,19,Yes,Fiber optic,No internet service,No internet service,Month-to-month,No,Credit card (automatic),104.33,2135.3,Yes
C03823,Female,0,Yes,Yes,36,Yes,Fiber optic,No internet service,Yes,Month-to-month,Yes,Credit card (automatic),51.63,1852.8,No
C03824,Male,0,Yes,No,19,Yes,Fiber optic,No internet service,No,One year,No,Mailed check,63.97,1123.93,No
C03825,Male,0,No,No,45,Yes,DSL,No,Yes,Month-to-month,Yes,Electronic check,81.59,3604.57,Yes
C03826,Male,0,Yes,No,54,Yes,Fiber optic,Yes,No,Month-to-month,No,Bank transfer (automatic),49.42,2715.29,No
C03827,Male,0,No,Yes,29,Yes,No,No internet service,No,Month-to-month,No,Electronic check,35.88,989.37,No
C03828,Male,0,No,Yes,57,Yes,DSL,No,No internet service,Two year,No,Bank transfer (automatic),114.62,6129.75,No
C03829,Male,0,No,No,31,Yes,DSL,Yes,No,One year,No,Mailed check,37.47,1168.87,No
C03830,Female,0,Yes,Yes,70,Yes,Fiber optic,No,No,Month-to-month,Yes,Bank transfer (automatic),41.27,2701.71,Yes
C03831,Male,0,No,No,19,Yes,Fiber optic,No internet service,No internet service,One year,No,Electronic check,79.87,1631.2,Yes
C03832,Female,1,Yes,No,51,Yes,DSL,No,No,Month-to-month,No,Mailed check,25.74,1200.96,No
C03833,Female,1,Yes,Yes,39,Yes,Fiber optic,No,No internet service,Month-to-month,Yes,Mailed check,21.4,915.96,No
C03834,Female,1,Yes,No,68,Yes,Fiber optic,Yes,Yes,Month-to-month,Yes,Electronic check,24.4,1671.79,No
C03835,Male,1,No,No,16,Yes,DSL,No internet service,No,Month-to-month,Yes,Bank transfer (automatic),30.33,532.21,Yes
C03836,Female,0,No,No,14,Yes,DSL,No,No internet service,One year,No,Mailed check,60.92,895.78,No
C03837,Female,0,No,No,63,Yes,DSL,Yes,No,Month-to-month,Yes,Mailed check,100.93,5917.17,No
C03838,Female,0,No,Yes,65,Yes,DSL,No,Yes,Two year,No,Electronic check,52.2,3208.04,Yes
C03839,Female,0,No,No,54,Yes,No,No,No internet service,Month-to-month,Yes,Electronic check,60.75,3022.62,No
C03840,Female,1,No,Yes,34,Yes,DSL,Yes,No,One year,No,Bank transfer (automatic),78.03,2774.57,No
C03841,Female,0,No,No,29,Yes,DSL,No,No,One year,Yes,Bank transfer (automatic),48.21,1305.44,No
C03842,Male,1,No,Yes,48,Yes,No,No,No internet service,One year,Yes,Electronic check,61.25,3066.17,No
C03843,Male,0,Yes,No,54,Yes,Fiber optic,Yes,No internet service,One year,No,Mailed check,56.63,3277.89,No
C03844,Male,1,Yes,Yes,20,Yes,No,No internet service,No,Two year,No,Bank transfer (automatic),52.19,1025.37,Yes
C03845,Male,0,No,Yes,0,Yes,Fiber optic,Yes,No internet service,Month-to-month,No,Electronic check,56.84,58.67,Yes
C03846,Male,0,Yes,Yes,5,Yes,No,Yes,No internet service,One year,Yes,Credit card (automatic),19.11,103.1,Yes
C03847,Male,1,Yes,No,25,Yes,Fiber optic,Yes,No,One year,Yes,Credit card (automatic),106.63,2800.7,Yes
C03848,Male,0,Yes,Yes,49,Yes,Fiber optic,No internet service,No internet service,Month-to-month,Yes,Bank transfer (automatic),115.73,5252.0,Yes
C03849,Male,0,No,No,32,Yes,DSL,No,No,Month-to-month,Yes,Mailed check,104.25,3197.56,Yes
C03850,Female,0,Yes,No,45,Yes,Fiber optic,No,No internet service,Month-to-month,No,Credit card (automatic),18.57,841.61,No
C03851,Male,0,Yes,No,34,Yes,DSL,No internet service,No internet service,Month-to-month,No,Bank transfer (automatic),93.09,3015.84,Yes
C03852,Female,0,No,No,18,Yes,Fiber optic,No,Yes,Month-to-month,Yes,Mailed check,75.31,1357.19,Yes
C03853,Female,0,Yes,Yes,54,Yes,Fiber optic,Yes,No,Month-to-month,No,Credit card (automatic),27.42,1614.78,No
C03854,Female,0,No,Yes,52,Yes,DSL,No internet service,Yes,One year,Yes,Mailed check,111.29,5732.87,Yes
C03855,Female,0,No,No,70,Yes,DSL,No,Yes,Month-to-month,No,Mailed check,95.62,6374.35,No
C03856,Male,1,No,No,60,Yes,Fiber optic,No,No internet service,Two year,No,Bank transfer (automatic),32.53,1813.84,Yes
C03857,Female,0,No,No,27,Yes,Fiber optic,Yes,No internet service,Month-to-month,Yes,Credit card (automatic),114.4,3336.58,Yes
C03858,Male,0,No,Yes,51,Yes,Fiber optic,No internet service,Yes,One year,Yes,Bank transfer (automatic),30.62,1477.23,No
C03859,Male,0,Yes,No,25,Yes,Fiber optic,Yes,No,Month-to-month,Yes,Credit card (automatic),63.47,1489.52,No
C03860,Female,0,No,No,63,Yes,Fiber optic,No internet service,No internet service,Month-to-month,Yes,Mailed check,33.9,2157.54,Yes
C03861,Male,0,Yes,No,44,Yes,Fiber optic,No,Yes,Month-to-month,Yes,Mailed check,33.02,1441.75,Yes
C03862,Male,0,No,No,60,Yes,Fiber optic,No,No,One year,Yes,Electronic check,114.78,6729.32,No
C03863,Male,0,No,No,20,Yes,DSL,No internet service,No,Month-to-month,No,Credit card (automatic),75.21,1527.86,Yes
C03864,Female,0,Yes,No,1,Yes,Fiber optic,No,No internet service,Two year,Yes,Bank transfer (automatic),43.92,44.53,No
C03865,Female,1,No,No,10,No,DSL,No internet service,No,Month-to-month,No,Mailed check,95.64,873.84,Yes
C03866,Male,0,Yes,No,38,Yes,Fiber optic,No internet service,Yes,One year,Yes,Electronic check,105.52,3941.53,No
C03867,Male,0,No,No,70,Yes,Fiber optic,Yes,No,Month-to-month,Yes,Bank transfer (automatic),109.76,8022.78,No
C03868,Female,0,No,Yes,45,Yes,DSL,Yes,No internet service,One year,Yes,Mailed check,111.3,4889.98,No
C03869,Male,1,No,Yes,59,Yes,No,Yes,Yes,Month-to-month,Yes,Mailed check,108.56,7042.55,Yes
C03870,Male,0,No,No,34,Yes,DSL,No,No,Month-to-month,Yes,Electronic check,81.89,2636.91,No
C03871,Male,0,No,No,69,No,DSL,No,Yes,Month-to-month,Yes,Bank transfer (automatic),52.25,3602.63,No
C03872,Female,0,No,No,68,Yes,Fiber optic,No,Yes,Month-to-month,Yes,Mailed check,110.56,7779.6,No
C03873,Female,0,Yes,No,15,Yes,No,Yes,Yes,Month-to-month,Yes,Credit card (automatic),30.25,458.09,No
C03874,Male,0,No,Yes,62,Yes,DSL,No internet service,No,Two year,Yes,Mailed check,34.88,1963.2,No
C03875,Male,0,No,No,1,Yes,DSL,Yes,No internet service,Month-to-month,Yes,Electronic check,61.38,61.55,Yes
C03876,Male,1,No,No,43,Yes,Fiber optic,No internet service,No,Month-to-month,No,Bank transfer (automatic),46.37,2179.91,No
C03877,Male,0,No,No,31,Yes,Fiber optic,No,Yes,Two year,Yes,Bank transfer (automatic),79.57,2420.62,Yes
C03878,Female,0,Yes,No,21,Yes,Fiber optic,Yes,Yes,Month-to-month,Yes,Bank transfer (automatic),108.53,2104.17,Yes
C03879,Female,1,No,Yes,68,Yes,No,No internet service,No,Month-to-month,No,Electronic check,67.1,4125.92,Yes
C03880,Male,0,No,No,48,Yes,DSL,No internet service,Yes,One year,Yes,Credit card (automatic),73.39,3460.91,No
C03881,Female,0,No,No,10,Yes,DSL,No,Yes,Two year,No,Bank transfer (automatic),60.31,565.14,No
C03882,Male,0,Yes,No,10,Yes,Fiber optic,No,No internet service,One year,No,Credit card (automatic),88.76,947.02,No
C03883,Female,0,Yes,Yes,8,Yes,Fiber optic,Yes,No,Month-to-month,Yes,Electronic check,28.07,244.87,No
C03884,Female,0,Yes,No,22,Yes,Fiber optic,Yes,No,Two year,Yes,Electronic check,22.86,547.23,Yes
C03885,Female,0,Yes,No,5,Yes,No,No,No,Month-to-month,Yes,Electronic check,82.13,400.35,No
C03886,Male,0,Yes,No,19,Yes,No,Yes,No internet service,Two year,No,Credit card (automatic),71.49,1346.02,Yes
C03887,Female,0,No,No,55,Yes,DSL,No internet service,No,Two year,Yes,Bank transfer (automatic),58.74,3111.22,No
C03888,Male,0,No,No,63,Yes,No,No,No,Two year,Yes,Mailed check,51.4,2997.96,No
C03889,Female,0,Yes,No,57,Yes,Fiber optic,No internet service,No internet service,Month-to-month,No,Electronic check,23.18,1336.86,Yes
C03890,Male,0,Yes,No,36,Yes,No,No,No,Month-to-month,No,Electronic check,86.06,2903.72,No
C03891,Male,0,Yes,No,50,Yes,Fiber optic,No internet service,No internet service,One year,No,Electronic check,60.15,2742.48,No
C03892,Female,0,Yes,No,68,Yes,No,No internet service,Yes,Month-to-month,Yes,Bank transfer (automatic),62.53,4549.2,No
C03893,Female,0,Yes,No,3,Yes,No,Yes,Yes,Month-to-month,Yes,Mailed check,107.34,341.25,Yes
C03894,Male,0,No,No,66,Yes,DSL,No,Yes,Two year,Yes,Mailed check,91.75,6571.77,No
C03895,Male,0,Yes,No,52,Yes,Fiber optic,No internet service,Yes,One year,No,Credit card (automatic),39.94,2005.19,No
C03896,Female,0,Yes,No,28,Yes,Fiber optic,No internet service,No internet service,Month-to-month,Yes,Mailed check,83.72,2517.97,Yes
C03897,Male,0,No,No,32,Yes,Fiber optic,Yes,No internet service,Month-to-month,Yes,Mailed check,31.23,979.06,No
C03898,Female,1,Yes,No,32,Yes,DSL,No internet service,Yes,Month-to-month,Yes,Bank transfer (automatic),37.41,1094.83,No
C03899,Male,0,Yes,Yes,11,Yes,DSL,Yes,Yes,Month-to-month,No,Bank transfer (automatic),89.41,975.22,Yes
C03900,Male,0,No,No,16,Yes,Fiber optic,Yes,No,Month-to-month,Yes,Bank transfer (automatic),30.59,494.71,No
C03901,Male,0,Yes,No,21,Yes,Fiber optic,No,Yes,Two year,Yes,Bank transfer (automatic),46.02,953.29,Yes
C03902,Female,0,No,Yes,0,Yes,Fiber optic,No internet service,No internet service,One year,No,Mailed check,107.81,113.96,No
C03903,Female,0,Yes,No,36,Yes,Fiber optic,Yes,No,Month-to-month,No,Mailed check,91.83,3207.91,Yes
C03904,Female,0,No,No,34,Yes,DSL,Yes,No,Month-to-month,No,Mailed check,110.95,4089.97,No
C03905,Female,0,Yes,No,24,Yes,No,No internet service,No internet service,One year,Yes,Electronic check,106.18,2331.29,Yes
C03906,Female,0,Yes,No,12,Yes,Fiber optic,Yes,Yes,Two year,No,Credit card (automatic),49.26,617.18,No
C03907,Male,1,No,No,70,No,No,Yes,No,Two year,Yes,Bank transfer (automatic),81.24,6174.7,No
C03908,Male,0,No,Yes,49,Yes,No,No,No,Month-to-month,Yes,Bank transfer (automatic),55.87,2766.74,No
C03909,Male,0,Yes,No,34,Yes,No,No,No internet service,Two year,No,Credit card (automatic),87.71,3207.99,No
C03910,Female,1,No,Yes,52,Yes,Fiber optic,No,No,Month-to-month,Yes,Bank transfer (automatic),52.85,2853.64,No
C03911,Male,0,Yes,No,27,Yes,Fiber optic,No,Yes,Month-to-month,No,Electronic check,18.13,441.98,No
C03912,Male,0,Yes,Yes,15,Yes,Fiber optic,No internet service,No,Two year,Yes,Credit card (automatic),27.39,424.92,Yes
C03913,Female,0,No,No,49,Yes,DSL,No internet service,No internet service,Month-to-month,No,Electronic check,95.1,4805.81,No
C03914,Male,1,Yes,Yes,56,Yes,No,No,No internet service,Month-to-month,No,Credit card (automatic),26.4,1330.57,No
C03915,Male,0,Yes,Yes,47,Yes,Fiber optic,No,Yes,Month-to-month,No,Electronic check,77.94,3596.63,Yes
C03916,Male,0,Yes,No,41,Yes,Fiber optic,No,No,Month-to-month,Yes,Electronic check,103.78,3862.5,No
C03917,Male,0,No,No,0,Yes,Fiber optic,No,No,Month-to-month,Yes,Credit card (automatic),92.11,88.3,Yes
C03918,Female,0,No,No,46,Yes,Fiber optic,Yes,No internet service,One year,No,Mailed check,59.34,2995.28,No
C03919,Male,1,No,No,45,Yes,Fiber optic,No,Yes,Month-to-month,No,Bank transfer (automatic),38.86,1902.68,Yes
C03920,Male,1,No,Yes,30,Yes,DSL,No internet service,No,Month-to-month,No,Credit card (automatic),110.25,3429.78,No
C03921,Male,0,No,Yes,17,Yes,Fiber optic,No internet service,No internet service,Two year,Yes,Mailed check,74.64,1235.09,Yes
C03922,Female,0,Yes,Yes,71,Yes,No,Yes,No internet service,Month-to-month,Yes,Electronic check,58.54,4070.26,Yes
C03923,Female,0,Yes,Yes,27,Yes,Fiber optic,No,Yes,Two year,No,Mailed check,112.21,2749.86,No
C03924,Male,0,Yes,Yes,19,Yes,DSL,No,No,Month-to-month,No,Electronic check,39.5,726.23,Yes
C03925,Female,0,Yes,No,51,Yes,Fiber optic,No internet service,Yes,One year,No,Mailed check,62.23,3354.24,Yes
C03926,Male,0,Yes,No,35,Yes,Fiber optic,No,No internet service,Month-to-month,No,Mailed check,28.86,1014.01,No
C03927,Male,0,No,No,40,Yes,No,No,No,Two year,No,Bank transfer (automatic),30.49,1213.91,No
C03928,Male,1,No,No,47,Yes,No,No internet service,No internet service,Month-to-month,No,Credit card (automatic),57.86,2497.02,No
C03929,Male,0,Yes,Yes,26,Yes,DSL,Yes,No internet service,Two year,Yes,Credit card (automatic),87.97,2478.89,Yes
C03930,Male,0,No,No,11,Yes,DSL,Yes,No,Month-to-month,No,Mailed check,51.89,546.03,Yes
C03931,Female,1,Yes,Yes,12,Yes,DSL,Yes,No internet service,One year,Yes,Mailed check,86.96,1019.08,No
C03932,Female,0,No,No,68,Yes,DSL,No internet service,No,Month-to-month,Yes,Electronic check,98.52,6472.53,No
C03933,Male,0,No,No,36,Yes,Fiber optic,No internet service,Yes,Month-to-month,No,Bank transfer (automatic),105.76,3676.95,No
C03934,Female,0,No,No,30,No,Fiber optic,No internet service,No internet service,Month-to-month,No,Electronic check,22.47,687.49,Yes
C03935,Female,0,No,No,23,Yes,No,No internet service,Yes,Month-to-month,No,Credit card (automatic),95.37,2249.24,No
C03936,Male,0,Yes,No,52,Yes,DSL,Yes,No,Month-to-month,Yes,Bank transfer (automatic),32.71,1734.45,No
C03937,Female,0,Yes,Yes,66,Yes,DSL,Yes,Yes,One year,Yes,Credit card (automatic),87.83,5296.52,Yes
C03938,Male,0,No,No,56,Yes,Fiber optic,No,No,Month-to-month,No,Mailed check,55.17,3379.65,No
C03939,Female,0,No,No,39,Yes,Fiber optic,Yes,Yes,Month-to-month,No,Credit card (automatic),88.78,3610.6,No
C03940,Male,0,No,No,34,Yes,DSL,Yes,No internet service,Month-to-month,No,Bank transfer (automatic),39.38,1441.41,No
C03941,Female,0,No,No,63,Yes,DSL,Yes,Yes,Month-to-month,Yes,Mailed check,82.5,4843.73,No
C03942,Female,0,No,No,62,Yes,Fiber optic,Yes,Yes,Month-to-month,Yes,Credit card (automatic),30.55,2057.79,No
C03943,Male,0,No,No,28,Yes,DSL,No internet service,No internet service,One year,No,Bank transfer (automatic),34.97,1022.57,No
C03944,Male,0,No,No,70,No,Fiber optic,Yes,No,Month-to-month,No,Electronic check,79.45,5562.3,Yes
C03945,Female,1,Yes,No,60,Yes,No,Yes,No,Two year,No,Electronic check,51.68,2805.07,No
C03946,Female,0,Yes,No,61,Yes,DSL,Yes,Yes,Month-to-month,No,Mailed check,88.38,5125.06,Yes
C03947,Male,0,No,Yes,4,Yes,Fiber optic,No internet service,Yes,Month-to-month,No,Mailed check,86.52,369.53,Yes
C03948,Male,0,Yes,No,9,No,No,No internet service,Yes,Two year,No,Bank transfer (automatic),80.16,704.01,No
C03949,Male,0,No,No,21,No,Fiber optic,No internet service,No internet service,Month-to-month,No,Credit card (automatic),91.05,1980.22,No
C03950,Male,0,Yes,Yes,55,Yes,DSL,Yes,No,Month-to-month,Yes,Bank transfer (automatic),97.39,5603.7,Yes
C03951,Female,0,Yes,No,5,Yes,DSL,No internet service,Yes,Two year,Yes,Mailed check,109.14,575.78,Yes
C03952,Female,0,No,No,6,Yes,No,No,Yes,Two year,No,Mailed check,26.05,152.62,Yes
C03953,Male,0,Yes,Yes,2,Yes,DSL,No internet service,No,One year,No,Electronic check,75.15,162.62,Yes
C03954,Female,1,Yes,No,14,Yes,No,No,Yes,Month-to-month,No,Mailed check,92.88,1246.28,Yes
C03955,Female,0,No,Yes,67,Yes,No,No,No internet service,One year,No,Credit card (automatic),39.69,2837.96,No
C03956,Male,0,No,No,52,Yes,No,Yes,Yes,Two year,No,Electronic check,44.36,2272.0,No
C03957,Male,1,No,No,52,Yes,No,Yes,No,Two year,No,Electronic check,44.7,2200.85,Yes
C03958,Male,0,Yes,No,21,No,No,Yes,No,Month-to-month,No,Electronic check,75.23,1530.37,No
C03959,Female,0,No,Yes,45,Yes,No,Yes,Yes,Month-to-month,No,Bank transfer (automatic),54.62,2605.16,Yes
C03960,Male,0,No,No,56,Yes,Fiber optic,No,No internet service,Month-to-month,Yes,Credit card (automatic),84.61,4847.02,No
C03961,Male,0,Yes,No,38,Yes,DSL,No internet service,No,Month-to-month,No,Bank transfer (automatic),79.02,2784.57,Yes
C03962,Male,0,No,No,62,Yes,DSL,No internet service,No internet service,One year,Yes,Bank transfer (automatic),83.71,4799.7,Yes
C03963,Female,1,Yes,No,41,Yes,Fiber optic,No internet service,Yes,Month-to-month,Yes,Bank transfer (automatic),43.23,1838.79,No
C03964,Female,0,Yes,No,23,Yes,DSL,No,No,Month-to-month,Yes,Mailed check,94.74,2065.49,Yes
C03965,Female,0,No,No,46,Yes,No,Yes,No internet service,Month-to-month,Yes,Credit card (automatic),84.4,3656.18,Yes
C03966,Female,0,Yes,No,68,Yes,No,No,No,Month-to-month,No,Mailed check,31.06,2217.47,No
C03967,Female,1,Yes,No,60,Yes,Fiber optic,No,No internet service,Month-to-month,No,Credit card (automatic),38.02,2200.29,No
C03968,Male,1,No,No,36,Yes,No,No internet service,Yes,Month-to-month,Yes,Credit card (automatic),48.1,1582.1,Yes
C03969,Female,0,No,Yes,43,Yes,Fiber optic,No,No,Month-to-month,Yes,Mailed check,111.6,4726.66,Yes
C03970,Male,0,No,Yes,71,Yes,Fiber optic,No internet service,No internet service,Two year,No,Mailed check,50.63,3644.47,No
C03971,Male,0,No,No,54,Yes,No,Yes,No,Month-to-month,No,Bank transfer (automatic),19.99,1101.37,No
C03972,Female,1,Yes,No,36,Yes,No,Yes,Yes,Month-to-month,Yes,Mailed check,32.16,1055.53,No
C03973,Male,0,No,No,20,Yes,No,No internet service,No,Month-to-month,Yes,Credit card (automatic),21.22,420.46,Yes
C03974,Female,0,Yes,No,66,No,Fiber optic,No internet service,No internet service,Month-to-month,Yes,Electronic check,58.28,3738.44,Yes
C03975,Female,0,No,No,71,Yes,DSL,Yes,Yes,Month-to-month,Yes,Bank transfer (automatic),97.72,6867.26,No
C03976,Female,0,No,No,5,Yes,Fiber optic,No,No,Month-to-month,No,Credit card (automatic),63.04,286.31,No
C03977,Male,0,No,No,2,Yes,Fiber optic,Yes,No internet service,Month-to-month,No,Mailed check,101.9,195.47,Yes
C03978,Female,1,Yes,Yes,8,Yes,No,Yes,No,Month-to-month,Yes,Credit card (automatic),22.75,187.22,No
C03979,Female,0,Yes,Yes,28,Yes,Fiber optic,Yes,No,One year,No,Credit card (automatic),64.97,1683.06,No
C03980,Male,0,Yes,Yes,11,Yes,No,Yes,No,Month-to-month,Yes,Credit card (automatic),96.71,1161.51,Yes
C03981,Female,0,Yes,Yes,64,Yes,DSL,No,No,Month-to-month,Yes,Electronic check,85.47,6010.43,No
C03982,Female,0,No,No,66,Yes,Fiber optic,Yes,Yes,One year,Yes,Electronic check,103.28,6626.22,No
C03983,Female,0,Yes,No,13,Yes,Fiber optic,No,Yes,Month-to-month,Yes,Bank transfer (automatic),45.38,611.29,Yes
C03984,Male,0,No,No,60,Yes,No,Yes,No internet service,Month-to-month,No,Bank transfer (automatic),68.09,4195.99,Yes
C03985,Male,0,Yes,No,10,Yes,Fiber optic,Yes,No internet service,Month-to-month,No,Bank transfer (automatic),85.69,799.86,Yes
C03986,Female,0,Yes,No,57,Yes,DSL,Yes,Yes,Month-to-month,Yes,Bank transfer (automatic),34.85,1942.03,Yes
C03987,Male,0,No,No,26,Yes,No,Yes,Yes,Month-to-month,No,Electronic check,99.58,2837.97,No
C03988,Male,0,No,No,2,Yes,DSL,Yes,Yes,Two year,No,Mailed check,49.15,90.98,No
C03989,Female,1,No,No,31,Yes,Fiber optic,No,Yes,Two year,No,Mailed check,27.33,859.97,No
C03990,Female,0,No,No,60,Yes,Fiber optic,No,No,Two year,No,Credit card (automatic),94.57,5786.75,No
C03991,Female,0,No,Yes,68,Yes,No,No internet service,No internet service,Month-to-month,Yes,Credit card (automatic),88.5,5617.83,No
C03992,Male,1,Yes,Yes,8,Yes,DSL,No internet service,No internet service,Month-to-month,Yes,Credit card (automatic),106.37,856.96,Yes
C03993,Female,1,No,Yes,61,Yes,Fiber optic,No,No internet service,Month-to-month,No,Credit card (automatic),107.21,7085.83,No
C03994,Male,0,Yes,No,21,Yes,DSL,No,No,Month-to-month,No,Electronic check,45.85,888.84,Yes
C03995,Male,0,Yes,Yes,33,Yes,Fiber optic,Yes,Yes,Month-to-month,Yes,Credit card (automatic),82.14,2542.42,Yes
C03996,Male,0,No,No,7,Yes,Fiber optic,No,No internet service,Month-to-month,No,Electronic check,117.91,785.03,No
C03997,Male,0,Yes,No,71,No,Fiber optic,No,Yes,Month-to-month,No,Electronic check,42.38,3160.02,No
C03998,Female,0,No,No,57,Yes,No,No,Yes,Month-to-month,No,Electronic check,65.29,3779.03,Yes
C03999,Female,0,Yes,No,46,Yes,Fiber optic,Yes,No internet service,Month-to-month,Yes,Electronic check,109.02,5018.48,No
C04000,Female,0,No,No,53,Yes,No,No,Yes,One year,Yes,Credit card (automatic),28.31,1588.07,Yes
C04001,Female,0,Yes,No,63,Yes,No,No,No,Month-to-month,No,Mailed check,110.82,7649.48,No
C04002,Male,0,Yes,Yes,10,Yes,Fiber optic,Yes,No internet service,Two year,No,Credit card (automatic),66.82,627.57,No
C04003,Male,0,Yes,No,17,Yes,DSL,No internet service,No internet service,Month-to-month,Yes,Bank transfer (automatic),107.3,1937.94,No
C04004,Male,0,Yes,Yes,2,Yes,DSL,Yes,Yes,Month-to-month,Yes,Bank transfer (automatic),80.14,156.12,Yes
C04005,Male,0,No,No,35,Yes,Fiber optic,No,Yes,Month-to-month,Yes,Electronic check,85.14,2768.92,No
C04006,Male,0,No,No,36,Yes,DSL,No internet service,Yes,Month-to-month,Yes,Electronic check,95.3,3263.73,Yes
C04007,Female,0,No,No,2,Yes,DSL,No internet service,No,Month-to-month,Yes,Electronic check,24.71,48.42,Yes
C04008,Female,0,Yes,No,48,No,DSL,No,No internet service,Month-to-month,No,Bank transfer (automatic),80.78,4186.98,No
C04009,Male,1,Yes,Yes,0,Yes,Fiber optic,No,Yes,One year,No,Credit card (automatic),110.39,109.91,Yes
C04010,Female,1,No,No,57,Yes,DSL,No,Yes,Month-to-month,No,Mailed check,113.61,6623.81,No
C04011,Male,0,Yes,Yes,51,Yes,DSL,Yes,No,Month-to-month,No,Bank transfer (automatic),114.83,5309.62,Yes
C04012,Female,1,Yes,No,59,Yes,Fiber optic,Yes,No,Two year,Yes,Credit card (automatic),82.58,4447.37,No
C04013,Female,0,No,Yes,8,Yes,DSL,No internet service,Yes,Month-to-month,Yes,Electronic check,81.33,707.68,Yes
C04014,Female,0,Yes,No,63,Yes,DSL,No internet service,Yes,One year,No,Credit card (automatic),73.25,4927.0,No
C04015,Female,0,Yes,No,39,Yes,Fiber optic,No internet service,No internet service,Month-to-month,Yes,Bank transfer (automatic),78.76,3065.28,No
C04016,Female,0,Yes,No,63,Yes,No,No,No internet service,Month-to-month,Yes,Electronic check,79.21,4691.21,No
C04017,Male,0,Yes,No,50,Yes,DSL,No,No,Month-to-month,Yes,Mailed check,22.24,1009.74,No
C04018,Male,0,No,No,47,Yes,Fiber optic,No internet service,No,Month-to-month,Yes,Mailed check,26.89,1383.98,No
C04019,Male,1,Yes,No,2,Yes,DSL,No,No,One year,Yes,Credit card (automatic),79.94,144.07,Yes
C04020,Female,1,Yes,No,50,Yes,Fiber optic,No internet service,No,Month-to-month,No,Electronic check,49.42,2341.35,No
C04021,Male,1,No,Yes,32,Yes,DSL,No,No internet service,Month-to-month,No,Credit card (automatic),48.14,1597.14,Yes
C04022,Male,0,Yes,Yes,61,Yes,Fiber optic,No internet service,No,Month-to-month,Yes,Bank transfer (automatic),37.34,2477.22,Yes
C04023,Male,1,No,Yes,49,Yes,Fiber optic,No internet service,No internet service,Two year,No,Electronic check,98.11,4439.2,No
C04024,Female,0,No,No,5,Yes,DSL,No internet service,Yes,Two year,No,Electronic check,114.43,603.49,Yes
C04025,Male,0,No,No,64,Yes,No,No internet service,Yes,Two year,Yes,Electronic check,80.78,4995.97,No
C04026,Female,0,No,No,4,Yes,Fiber optic,Yes,Yes,One year,Yes,Bank transfer (automatic),112.54,466.34,Yes
C04027,Female,1,No,No,21,Yes,DSL,No internet service,No,One year,No,Credit card (automatic),106.39,2053.95,No
C04028,Female,0,No,Yes,15,Yes,Fiber optic,Yes,No internet service,Month-to-month,Yes,Mailed check,39.79,640.4,Yes
C04029,Male,0,No,No,71,Yes,DSL,No internet service,No,Two year,No,Mailed check,33.35,2465.99,No
C04030,Male,1,Yes,No,11,Yes,DSL,No internet service,Yes,Month-to-month,Yes,Bank transfer (automatic),39.16,470.01,No
C04031,Male,0,Yes,No,61,Yes,Fiber optic,No internet service,Yes,Month-to-month,No,Electronic check,27.62,1685.64,No
C04032,Female,0,Yes,No,16,Yes,No,Yes,Yes,One year,No,Credit card (automatic),76.29,1315.29,Yes
C04033,Female,0,No,No,47,Yes,No,No internet service,No,Month-to-month,No,Mailed check,46.27,2192.26,No
C04034,Female,0,No,No,6,Yes,Fiber optic,No internet service,No,Month-to-month,Yes,Mailed check,109.29,657.42,No
C04035,Female,0,Yes,Yes,28,Yes,No,Yes,Yes,Month-to-month,No,Electronic check,79.34,2041.4,Yes
C04036,Female,0,Yes,No,45,Yes,Fiber optic,No,Yes,Month-to-month,No,Credit card (automatic),53.96,2580.77,Yes
C04037,Male,0,Yes,No,51,No,DSL,Yes,Yes,Two year,No,Bank transfer (automatic),116.46,5835.17,No
C04038,Male,0,No,Yes,63,No,Fiber optic,No,Yes,Month-to-month,Yes,Credit card (automatic),113.32,7281.98,No
C04039,Male,0,No,No,59,Yes,Fiber optic,No internet service,No internet service,Two year,Yes,Credit card (automatic),95.86,5826.19,No
C04040,Female,0,Yes,Yes,37,Yes,DSL,Yes,Yes,Month-to-month,Yes,Electronic check,97.17,3792.9,Yes
C04041,Female,0,No,No,22,Yes,Fiber optic,No internet service,Yes,One year,No,Bank transfer (automatic),115.73,2584.43,Yes
C04042,Male,0,No,No,19,Yes,DSL,No internet service,Yes,Month-to-month,No,Electronic check,78.05,1518.51,No
C04043,Female,0,No,Yes,72,Yes,Fiber optic,No internet service,Yes,Two year,Yes,Bank transfer (automatic),106.0,7663.68,No
C04044,Female,0,No,No,44,Yes,Fiber optic,Yes,No internet service,Month-to-month,No,Electronic check,24.48,1101.67,No
C04045,Female,0,Yes,No,66,No,Fiber optic,No internet service,No internet service,Month-to-month,No,Electronic check,73.41,4791.02,No
C04046,Female,1,Yes,Yes,31,Yes,Fiber optic,No,Yes,Month-to-month,No,Bank transfer (automatic),68.25,2232.71,No
C04047,Male,0,Yes,No,35,Yes,DSL,No internet service,Yes,Month-to-month,Yes,Electronic check,21.77,809.27,No
C04048,Female,0,Yes,No,60,Yes,Fiber optic,No internet service,Yes,Month-to-month,No,Bank transfer (automatic),26.7,1607.48,No
C04049,Female,0,No,Yes,52,Yes,DSL,No internet service,Yes,One year,No,Electronic check,20.18,975.2,No
C04050,Male,0,Yes,No,14,Yes,DSL,No,No internet service,Two year,Yes,Bank transfer (automatic),47.4,646.81,Yes
C04051,Female,0,No,No,38,Yes,Fiber optic,Yes,No,One year,Yes,Credit card (automatic),23.35,947.63,Yes
C04052,Female,1,Yes,No,15,Yes,Fiber optic,Yes,No,Month-to-month,Yes,Bank transfer (automatic),60.32,980.21,No
C04053,Female,0,No,No,55,Yes,Fiber optic,No,No internet service,Month-to-month,Yes,Electronic check,99.27,5205.48,No
C04054,Female,0,Yes,No,2,Yes,DSL,Yes,No,Two year,No,Mailed check,79.38,172.77,Yes
C04055,Female,0,Yes,No,60,Yes,No,Yes,No internet service,Two year,No,Electronic check,85.38,4894.03,No
C04056,Male,0,Yes,No,67,Yes,No,Yes,No,Month-to-month,Yes,Mailed check,21.15,1535.76,No
C04057,Male,0,No,No,1,Yes,No,No internet service,Yes,Two year,No,Mailed check,101.95,110.83,No
C04058,Female,0,No,No,46,Yes,DSL,No internet service,No,Month-to-month,Yes,Electronic check,32.62,1501.97,No
C04059,Female,0,Yes,Yes,5,Yes,DSL,No internet service,Yes,Two year,Yes,Mailed check,48.27,263.1,No
C04060,Female,0,Yes,No,26,Yes,Fiber optic,No,No,Two year,No,Credit card (automatic),69.68,1829.53,No
C04061,Female,0,No,Yes,24,Yes,DSL,No,No internet service,One year,No,Bank transfer (automatic),111.0,2599.47,No
C04062,Male,0,Yes,No,37,Yes,DSL,Yes,No internet service,Month-to-month,No,Electronic check,117.81,4629.37,No
C04063,Male,0,No,Yes,66,Yes,Fiber optic,No,No,One year,No,Electronic check,96.27,5856.34,Yes
C04064,Female,0,No,No,33,Yes,No,No,No internet service,Month-to-month,Yes,Mailed check,90.93,2830.64,Yes
C04065,Male,0,No,No,29,Yes,Fiber optic,No,No,One year,Yes,Electronic check,70.77,1934.63,No
C04066,Male,0,Yes,No,6,Yes,DSL,No,No,Month-to-month,No,Bank transfer (automatic),84.56,519.75,No
C04067,Female,0,No,No,64,No,DSL,No,No internet service,One year,Yes,Mailed check,32.44,2162.89,No
C04068,Female,0,No,Yes,22,Yes,DSL,No,Yes,Two year,Yes,Credit card (automatic),44.92,1054.93,Yes
C04069,Female,1,No,Yes,33,Yes,DSL,No internet service,Yes,Month-to-month,No,Credit card (automatic),116.46,4150.53,No
C04070,Male,0,No,No,6,No,DSL,Yes,No,Month-to-month,No,Bank transfer (automatic),115.96,747.95,No
C04071,Male,0,No,No,21,Yes,DSL,No internet service,Yes,One year,Yes,Credit card (automatic),50.3,1094.75,Yes
C04072,Female,0,Yes,No,40,Yes,DSL,Yes,Yes,Month-to-month,Yes,Bank transfer (automatic),42.1,1823.71,Yes
C04073,Male,0,Yes,No,65,Yes,DSL,No internet service,No,Month-to-month,Yes,Bank transfer (automatic),40.95,2542.26,No
C04074,Male,0,No,No,24,Yes,No,No internet service,Yes,Month-to-month,No,Credit card (automatic),66.49,1667.66,Yes
C04075,Female,0,Yes,No,40,No,Fiber optic,No internet service,Yes,Month-to-month,Yes,Credit card (automatic),40.38,1478.45,No
C04076,Female,0,No,No,63,Yes,No,No internet service,No,One year,Yes,Mailed check,82.85,4828.32,No
C04077,Male,0,Yes,Yes,26,Yes,Fiber optic,Yes,No internet service,One year,Yes,Bank transfer (automatic),25.48,626.19,No
C04078,Female,0,No,No,21,Yes,Fiber optic,No,No,Month-to-month,Yes,Credit card (automatic),28.37,548.43,Yes
C04079,Female,0,No,No,3,Yes,Fiber optic,No internet service,Yes,Month-to-month,No,Electronic check,45.69,149.84,Yes
C04080,Female,0,Yes,No,66,Yes,Fiber optic,Yes,Yes,Month-to-month,Yes,Credit card (automatic),95.74,6276.18,No
C04081,Female,0,No,No,8,Yes,DSL,No,Yes,Month-to-month,No,Bank transfer (automatic),50.33,435.39,Yes
C04082,Male,1,Yes,No,15,Yes,Fiber optic,No internet service,No,One year,No,Electronic check,65.08,971.64,Yes
C04083,Male,0,No,No,10,Yes,DSL,No,No,Month-to-month,No,Bank transfer (automatic),83.66,870.01,Yes
C04084,Female,0,Yes,No,51,Yes,No,No,No,Month-to-month,No,Bank transfer (automatic),96.85,4763.23,No
C04085,Male,0,No,Yes,26,No,DSL,No,No,Two year,No,Bank transfer (automatic),48.71,1380.61,No
C04086,Female,0,Yes,No,51,No,DSL,No internet service,No,Month-to-month,Yes,Credit card (automatic),91.1,4213.91,No
C04087,Female,0,Yes,No,44,No,Fiber optic,Yes,No internet service,One year,Yes,Mailed check,46.61,2131.81,Yes
C04088,Male,1,Yes,Yes,1,Yes,DSL,Yes,No internet service,Month-to-month,No,Mailed check,82.45,89.88,Yes
C04089,Male,0,No,No,22,Yes,No,Yes,No internet service,Month-to-month,No,Electronic check,63.09,1467.97,No
C04090,Male,0,No,No,0,Yes,Fiber optic,No internet service,Yes,Month-to-month,No,Mailed check,110.66,117.91,Yes
C04091,Female,0,No,No,4,Yes,Fiber optic,No internet service,Yes,One year,Yes,Bank transfer (automatic),116.21,446.17,No
C04092,Male,0,No,No,34,Yes,DSL,Yes,Yes,Two year,Yes,Mailed check,95.41,3212.7,No
C04093,Female,0,Yes,No,19,Yes,Fiber optic,No,No internet service,Month-to-month,No,Electronic check,109.55,1930.0,No
C04094,Female,0,No,No,6,Yes,DSL,No internet service,No,Month-to-month,No,Credit card (automatic),31.65,185.21,Yes
C04095,Female,0,No,No,29,Yes,DSL,Yes,Yes,Month-to-month,No,Mailed check,83.45,2182.13,No
C04096,Male,0,No,Yes,32,Yes,Fiber optic,No,No,One year,Yes,Bank transfer (automatic),37.84,1278.39,No
C04097,Male,0,Yes,No,72,Yes,DSL,No,No,One year,Yes,Credit card (automatic),45.7,3588.52,No
C04098,Female,0,Yes,No,48,Yes,Fiber optic,No,Yes,One year,Yes,Mailed check,70.28,3508.95,No
C04099,Male,1,No,Yes,28,Yes,Fiber optic,No,Yes,Two year,Yes,Electronic check,92.2,2741.81,Yes
C04100,Female,0,Yes,No,34,Yes,No,Yes,Yes,Month-to-month,Yes,Bank transfer (automatic),90.15,3073.36,Yes
C04101,Male,0,Yes,Yes,6,Yes,Fiber optic,Yes,No,One year,Yes,Electronic check,104.95,590.87,No
C04102,Male,1,No,No,28,Yes,DSL,No internet service,Yes,One year,No,Bank transfer (automatic),73.93,2161.46,No
C04103,Male,0,Yes,No,42,Yes,No,Yes,No,Month-to-month,No,Credit card (automatic),110.63,4459.94,Yes
C04104,Male,0,Yes,No,1,No,Fiber optic,No,No,Two year,No,Mailed check,106.79,105.93,Yes
C04105,Male,0,No,Yes,67,Yes,DSL,No internet service,No,Month-to-month,Yes,Mailed check,102.91,7447.49,No
C04106,Male,0,Yes,No,37,Yes,Fiber optic,No,No,One year,No,Electronic check,40.95,1476.65,No
C04107,Male,1,No,No,57,Yes,Fiber optic,No,No internet service,One year,Yes,Mailed check,71.14,3884.16,No
C04108,Male,0,Yes,No,20,Yes,DSL,Yes,No internet service,Two year,No,Electronic check,91.62,1660.78,No
C04109,Male,0,No,Yes,61,Yes,No,No,No,Month-to-month,Yes,Bank transfer (automatic),115.61,7336.35,No
C04110,Male,0,Yes,No,26,Yes,No,Yes,No,Month-to-month,Yes,Mailed check,19.16,469.79,Yes
C04111,Female,0,No,No,67,No,Fiber optic,Yes,Yes,Two year,Yes,Bank transfer (automatic),50.71,3492.31,No
C04112,Female,0,Yes,No,38,Yes,DSL,No,Yes,One year,No,Bank transfer (automatic),52.24,1932.16,No
C04113,Female,0,No,No,46,Yes,DSL,No,Yes,Month-to-month,Yes,Electronic check,46.85,2279.09,Yes
C04114,Female,0,Yes,No,14,Yes,Fiber optic,Yes,No internet service,One year,No,Credit card (automatic),99.74,1505.25,No
C04115,Female,0,No,Yes,72,Yes,DSL,Yes,No,Month-to-month,Yes,Mailed check,22.51,1535.05,No
C04116,Male,0,No,No,14,Yes,DSL,No,Yes,One year,Yes,Credit card (automatic),53.94,799.31,Yes
C04117,Female,0,Yes,No,2,Yes,Fiber optic,No,No,Two year,No,Credit card (automatic),89.17,165.96,Yes
C04118,Male,0,No,No,32,Yes,Fiber optic,Yes,No,Month-to-month,Yes,Mailed check,58.67,1742.61,No
C04119,Female,0,No,No,60,Yes,DSL,Yes,No internet service,Month-to-month,Yes,Credit card (automatic),32.41,1916.77,Yes
C04120,Female,0,No,No,67,Yes,Fiber optic,No internet service,No,Two year,Yes,Bank transfer (automatic),79.09,5113.04,No
C04121,Female,0,No,No,62,Yes,DSL,No internet service,No internet service,Two year,Yes,Bank transfer (automatic),70.26,4780.54,No
C04122,Female,0,No,No,40,Yes,Fiber optic,No,Yes,Two year,No,Mailed check,116.18,4929.73,No
C04123,Female,1,Yes,No,66,Yes,Fiber optic,Yes,No,Month-to-month,Yes,Electronic check,92.85,6606.38,Yes
C04124,Female,1,No,No,35,Yes,DSL,No,Yes,Two year,No,Electronic check,116.62,3784.55,No
C04125,Female,0,Yes,Yes,34,Yes,No,No internet service,No,Month-to-month,No,Electronic check,36.64,1299.07,Yes
C04126,Female,0,Yes,No,13,Yes,No,Yes,Yes,Month-to-month,Yes,Electronic check,94.16,1249.61,Yes
C04127,Male,1,Yes,Yes,57,Yes,No,Yes,No,Month-to-month,No,Bank transfer (automatic),73.16,3835.88,No
C04128,Male,0,Yes,No,23,Yes,Fiber optic,No internet service,No,Two year,Yes,Credit card (automatic),89.25,2173.31,Yes
C04129,Female,0,No,No,14,Yes,No,No,Yes,Two year,Yes,Electronic check,64.76,970.79,No
C04130,Female,0,Yes,No,26,Yes,Fiber optic,No internet service,No,One year,No,Electronic check,39.24,1104.73,Yes
C04131,Female,0,Yes,Yes,44,Yes,DSL,No,No,One year,Yes,Mailed check,22.57,1080.44,No
C04132,Male,0,No,No,19,No,Fiber optic,No internet service,No internet service,Month-to-month,Yes,Electronic check,101.83,1783.01,Yes
C04133,Female,0,Yes,Yes,26,Yes,No,No,Yes,Month-to-month,No,Credit card (automatic),99.48,2784.18,No
C04134,Male,0,No,No,24,Yes,No,No internet service,No,Month-to-month,No,Mailed check,34.25,895.22,No
C04135,Male,0,Yes,No,43,Yes,DSL,No internet service,No internet service,Month-to-month,No,Credit card (automatic),82.52,3683.76,No
C04136,Female,0,No,No,52,Yes,DSL,Yes,Yes,Month-to-month,No,Mailed check,91.77,4470.31,No
C04137,Male,0,No,No,49,Yes,Fiber optic,No internet service,No,Two year,Yes,Mailed check,73.76,3542.56,No
C04138,Female,1,Yes,Yes,10,Yes,No,No,No,One year,No,Electronic check,49.72,456.44,Yes
C04139,Male,0,No,No,25,Yes,No,No,No internet service,Two year,Yes,Mailed check,106.09,2389.28,Yes
C04140,Female,0,Yes,No,47,Yes,DSL,Yes,Yes,Month-to-month,Yes,Mailed check,82.24,4190.01,No
C04141,Male,0,Yes,No,15,Yes,DSL,Yes,No internet service,Month-to-month,No,Electronic check,90.02,1477.86,Yes
C04142,Female,0,Yes,No,5,Yes,Fiber optic,Yes,No,Month-to-month,No,Credit card (automatic),83.21,450.94,No
C04143,Female,0,Yes,No,23,Yes,DSL,No internet service,Yes,Month-to-month,No,Electronic check,90.13,1970.98,No
C04144,Female,0,Yes,Yes,49,Yes,DSL,No,No internet service,Month-to-month,No,Mailed check,32.51,1631.58,Yes
C04145,Male,0,No,No,48,Yes,Fiber optic,Yes,No internet service,Month-to-month,No,Electronic check,110.26,5292.16,Yes
C04146,Male,1,No,No,9,Yes,DSL,Yes,No internet service,Month-to-month,Yes,Bank transfer (automatic),46.58,418.89,Yes
C04147,Female,0,Yes,No,49,Yes,No,No,Yes,One year,Yes,Bank transfer (automatic),101.66,4909.94,No
C04148,Male,0,Yes,No,14,Yes,No,No,Yes,Month-to-month,No,Credit card (automatic),107.34,1635.36,Yes
C04149,Female,1,No,No,54,Yes,DSL,No,No internet service,Month-to-month,No,Electronic check,83.12,4749.61,Yes
C04150,Female,0,No,No,41,Yes,Fiber optic,No internet service,Yes,Month-to-month,Yes,Bank transfer (automatic),77.83,3412.4,No
C04151,Female,0,No,No,9,Yes,Fiber optic,No internet service,No,Month-to-month,Yes,Credit card (automatic),28.9,235.89,No
C04152,Male,0,No,No,25,Yes,Fiber optic,No,No internet service,Month-to-month,No,Bank transfer (automatic),61.62,1513.37,Yes
C04153,Female,1,No,No,59,Yes,No,No internet service,No internet service,Month-to-month,Yes,Credit card (automatic),79.16,4761.96,Yes
C04154,Male,0,Yes,No,31,Yes,DSL,Yes,Yes,One year,No,Credit card (automatic),26.19,837.66,No
C04155,Male,0,No,No,50,Yes,No,Yes,No internet service,Month-to-month,Yes,Electronic check,29.15,1572.61,Yes
C04156,Male,0,Yes,Yes,54,Yes,Fiber optic,Yes,No internet service,Two year,No,Electronic check,117.35,5914.87,No
C04157,Male,0,Yes,No,2,Yes,DSL,No,No internet service,Month-to-month,Yes,Electronic check,51.22,94.04,Yes
C04158,Female,0,Yes,Yes,67,No,Fiber optic,No,Yes,Month-to-month,No,Credit card (automatic),52.97,3828.08,No
C04159,Male,0,Yes,No,24,Yes,Fiber optic,No internet service,No internet service,Month-to-month,Yes,Electronic check,43.15,1036.97,No
C04160,Female,0,No,No,57,Yes,DSL,No,Yes,Month-to-month,No,Electronic check,82.6,4745.13,No
C04161,Male,1,Yes,Yes,34,Yes,No,No,No,Month-to-month,No,Bank transfer (automatic),65.31,2393.74,No
C04162,Female,0,No,No,42,Yes,DSL,No,Yes,Two year,No,Electronic check,97.04,4279.31,No
C04163,Male,0,Yes,No,26,Yes,DSL,Yes,No internet service,Month-to-month,Yes,Bank transfer (automatic),69.25,1883.59,Yes
C04164,Female,0,Yes,Yes,62,Yes,Fiber optic,No internet service,Yes,One year,No,Mailed check,19.54,1135.41,No
C04165,Male,0,Yes,Yes,8,Yes,Fiber optic,Yes,No,Month-to-month,Yes,Credit card (automatic),66.27,543.03,No
C04166,Female,0,Yes,No,65,Yes,Fiber optic,No internet service,Yes,Month-to-month,No,Credit card (automatic),23.52,1513.53,No
C04167,Male,0,No,No,15,Yes,Fiber optic,No internet service,No,Month-to-month,Yes,Bank transfer (automatic),100.68,1543.74,No
C04168,Male,0,Yes,Yes,64,No,Fiber optic,No,No,Month-to-month,No,Mailed check,29.37,1908.13,Yes
C04169,Female,0,No,No,1,No,Fiber optic,No internet service,No internet service,Month-to-month,Yes,Electronic check,39.7,35.94,Yes
C04170,Female,0,Yes,No,1,Yes,Fiber optic,Yes,No,Two year,No,Electronic check,64.0,62.0,Yes
C04171,Female,0,No,No,6,Yes,DSL,No internet service,No internet service,One year,Yes,Electronic check,37.52,223.22,No
C04172,Female,0,No,No,39,Yes,Fiber optic,Yes,No,Two year,Yes,Electronic check,71.92,2805.0,No
C04173,Male,0,No,Yes,19,Yes,No,No internet service,Yes,Month-to-month,No,Mailed check,64.07,1119.81,No
C04174,Female,0,No,No,43,Yes,Fiber optic,Yes,Yes,One year,No,Mailed check,113.25,5257.91,No
C04175,Female,1,Yes,No,59,Yes,Fiber optic,No,Yes,One year,Yes,Electronic check,26.84,1531.09,No
C04176,Male,0,Yes,No,1,Yes,Fiber optic,No internet service,No internet service,One year,Yes,Credit card (automatic),75.67,75.51,No
C04177,Male,0,Yes,Yes,38,No,DSL,No,No,Two year,No,Credit card (automatic),90.04,3533.56,Yes
C04178,Female,0,No,No,53,Yes,DSL,No internet service,Yes,One year,Yes,Bank transfer (automatic),30.76,1701.71,No
C04179,Male,0,No,No,30,Yes,DSL,No,No,Two year,Yes,Credit card (automatic),81.65,2389.75,Yes
C04180,Female,0,Yes,Yes,67,Yes,Fiber optic,No,No internet service,One year,No,Bank transfer (automatic),104.42,6477.18,No
C04181,Male,0,Yes,Yes,48,Yes,DSL,Yes,No internet service,Month-to-month,Yes,Mailed check,96.76,4372.61,No
C04182,Male,0,No,No,2,Yes,DSL,No internet service,Yes,One year,No,Electronic check,111.52,208.1,Yes
C04183,Male,1,Yes,No,39,Yes,No,Yes,Yes,Month-to-month,No,Bank transfer (automatic),90.06,3332.6,Yes
C04184,Female,0,No,No,28,Yes,Fiber optic,Yes,No,Two year,Yes,Credit card (automatic),57.4,1640.52,No
C04185,Female,1,Yes,Yes,9,Yes,DSL,No internet service,Yes,Two year,No,Credit card (automatic),110.05,997.53,Yes
C04186,Male,0,No,No,69,Yes,DSL,No internet service,No,Month-to-month,Yes,Electronic check,40.54,2611.87,No
C04187,Female,0,Yes,No,16,Yes,Fiber optic,Yes,No internet service,Month-to-month,No,Electronic check,76.37,1266.28,No
C04188,Female,1,Yes,No,6,Yes,DSL,Yes,No,Month-to-month,Yes,Electronic check,94.57,517.91,Yes
C04189,Male,0,Yes,Yes,16,Yes,DSL,Yes,No internet service,Month-to-month,Yes,Electronic check,105.23,1821.61,No
C04190,Male,0,No,Yes,60,Yes,No,No,No,Month-to-month,No,Mailed check,109.65,6666.09,No
C04191,Female,0,No,No,43,Yes,Fiber optic,No,No internet service,One year,Yes,Bank transfer (automatic),26.5,1160.11,No
C04192,Female,0,No,No,59,Yes,No,Yes,No,One year,Yes,Mailed check,90.61,5117.07,Yes
C04193,Male,1,No,No,33,Yes,Fiber optic,No,Yes,Two year,Yes,Bank transfer (automatic),38.41,1270.48,Yes
C04194,Female,0,Yes,No,8,Yes,DSL,No,No,Month-to-month,No,Credit card (automatic),95.91,755.96,No
C04195,Female,0,Yes,No,28,No,Fiber optic,No,No,Month-to-month,Yes,Electronic check,88.07,2688.26,No
C04196,Female,0,Yes,No,14,Yes,DSL,No internet service,Yes,Month-to-month,Yes,Bank transfer (automatic),36.14,463.08,Yes
C04197,Male,0,Yes,No,40,No,DSL,No,No,Two year,Yes,Bank transfer (automatic),101.28,4017.77,No
C04198,Male,0,No,No,19,Yes,DSL,Yes,Yes,Month-to-month,No,Mailed check,64.18,1290.52,Yes
C04199,Female,0,Yes,Yes,70,No,No,No,Yes,Month-to-month,Yes,Bank transfer (automatic),72.39,5112.48,Yes
C04200,Female,0,Yes,No,27,Yes,Fiber optic,No internet service,No internet service,Month-to-month,Yes,Bank transfer (automatic),115.14,3149.33,Yes
C04201,Female,0,Yes,Yes,22,Yes,Fiber optic,No internet service,No,Two year,No,Mailed check,83.66,1991.89,No
C04202,Female,0,No,No,71,No,Fiber optic,Yes,No internet service,Month-to-month,Yes,Bank transfer (automatic),76.86,5321.39,No
C04203,Male,0,No,No,37,Yes,DSL,Yes,No,One year,Yes,Mailed check,19.68,655.64,No
C04204,Female,0,Yes,Yes,12,Yes,Fiber optic,No,No,One year,Yes,Electronic check,37.92,493.78,Yes
C04205,Female,0,No,Yes,35,Yes,DSL,Yes,No,One year,No,Credit card (automatic),20.66,655.57,No
C04206,Male,0,Yes,No,18,Yes,DSL,No,No internet service,Month-to-month,No,Mailed check,51.33,978.9,No
C04207,Male,1,No,No,52,Yes,Fiber optic,No,No,Month-to-month,No,Bank transfer (automatic),52.45,2530.81,Yes
C04208,Female,0,No,No,41,Yes,DSL,Yes,No internet service,Month-to-month,No,Electronic check,71.03,2633.05,Yes
C04209,Male,0,No,Yes,53,Yes,Fiber optic,Yes,Yes,Month-to-month,Yes,Bank transfer (automatic),86.98,4475.95,No
C04210,Female,0,Yes,No,68,Yes,Fiber optic,No,No,One year,No,Credit card (automatic),35.93,2621.14,No
C04211,Male,0,No,No,53,Yes,Fiber optic,No,Yes,Month-to-month,No,Mailed check,78.17,3759.32,Yes
C04212,Female,0,Yes,No,24,Yes,No,Yes,No internet service,Month-to-month,No,Credit card (automatic),109.7,2507.84,No
C04213,Female,0,Yes,No,14,Yes,Fiber optic,Yes,No internet service,Month-to-month,No,Mailed check,36.5,488.42,Yes
C04214,Male,0,Yes,No,38,Yes,Fiber optic,No,Yes,One year,No,Credit card (automatic),83.91,2930.18,No
C04215,Male,0,Yes,No,32,Yes,Fiber optic,No internet service,Yes,Month-to-month,No,Electronic check,22.56,663.09,Yes
C04216,Female,0,No,No,22,Yes,DSL,Yes,Yes,One year,Yes,Bank transfer (automatic),71.11,1692.13,Yes
C04217,Female,0,No,No,59,Yes,No,No,Yes,Month-to-month,No,Credit card (automatic),92.15,5649.21,No
C04218,Male,0,Yes,No,66,No,Fiber optic,Yes,Yes,Two year,No,Mailed check,21.4,1359.05,No
C04219,Female,0,Yes,No,27,Yes,Fiber optic,No,Yes,One year,Yes,Bank transfer (automatic),51.37,1314.4,No
C04220,Female,1,No,Yes,49,Yes,DSL,Yes,Yes,Month-to-month,No,Bank transfer (automatic),105.8,4710.24,Yes
C04221,Male,0,No,No,71,Yes,No,Yes,No internet service,Month-to-month,No,Mailed check,40.55,2797.74,Yes
C04222,Female,0,No,No,0,Yes,Fiber optic,No,No internet service,Month-to-month,No,Credit card (automatic),90.29,86.7,Yes
C04223,Male,1,Yes,No,26,Yes,DSL,No,Yes,Month-to-month,No,Electronic check,79.22,2231.53,No
C04224,Male,0,Yes,No,53,Yes,DSL,Yes,No,Month-to-month,No,Bank transfer (automatic),34.37,1719.79,Yes
C04225,Male,0,No,No,36,No,Fiber optic,Yes,No,Two year,Yes,Electronic check,92.17,3255.17,No
C04226,Male,1,Yes,No,57,Yes,DSL,Yes,Yes,One year,No,Credit card (automatic),71.21,4206.73,Yes
C04227,Female,1,Yes,Yes,34,Yes,DSL,No internet service,No,Month-to-month,No,Mailed check,29.2,957.29,Yes
C04228,Female,0,Yes,No,4,Yes,DSL,Yes,No internet service,One year,No,Electronic check,112.94,477.22,No
C04229,Female,0,Yes,No,31,Yes,DSL,Yes,No internet service,Month-to-month,Yes,Electronic check,67.2,2177.47,No
C04230,Male,0,Yes,No,29,Yes,DSL,Yes,Yes,Two year,Yes,Bank transfer (automatic),92.51,2433.54,Yes
C04231,Male,0,Yes,No,61,Yes,Fiber optic,No,Yes,Month-to-month,Yes,Bank transfer (automatic),39.77,2598.62,No
C04232,Female,1,No,Yes,10,Yes,Fiber optic,Yes,No,One year,Yes,Credit card (automatic),31.72,308.57,Yes
C04233,Male,0,No,No,11,Yes,Fiber optic,Yes,No internet service,One year,Yes,Credit card (automatic),92.13,931.52,Yes
C04234,Male,1,No,No,10,Yes,No,No,No internet service,Month-to-month,Yes,Bank transfer (automatic),85.38,887.67,No
C04235,Male,0,No,No,41,Yes,DSL,No,No,Month-to-month,Yes,Electronic check,45.41,1953.84,Yes
C04236,Male,0,No,Yes,72,Yes,Fiber optic,No internet service,Yes,Month-to-month,Yes,Mailed check,92.63,6097.14,No
C04237,Male,0,Yes,Yes,45,No,Fiber optic,No internet service,Yes,Two year,Yes,Bank transfer (automatic),68.5,2992.44,No
C04238,Female,0,No,No,59,Yes,Fiber optic,Yes,No internet service,Month-to-month,No,Mailed check,52.86,3365.42,No
C04239,Male,1,No,No,62,No,DSL,No,No internet service,One year,Yes,Mailed check,96.69,6197.93,Yes
C04240,Female,0,Yes,No,43,Yes,Fiber optic,Yes,Yes,One year,Yes,Electronic check,79.68,3449.48,No
C04241,Male,0,No,No,44,Yes,Fiber optic,No,No internet service,Two year,Yes,Bank transfer (automatic),68.73,3026.61,Yes
C04242,Male,0,No,No,17,Yes,DSL,No internet service,Yes,Month-to-month,Yes,Credit card (automatic),95.31, ,Yes
C04243,Female,0,No,No,70,Yes,DSL,Yes,No,Month-to-month,Yes,Credit card (automatic),72.48,5228.87,Yes
C04244,Male,0,Yes,No,57,Yes,Fiber optic,No internet service,Yes,One year,No,Bank transfer (automatic),111.85,5825.68,No
C04245,Male,1,No,Yes,63,Yes,Fiber optic,No internet service,Yes,Month-to-month,No,Electronic check,99.81,6079.45,Yes
C04246,Female,0,No,No,71,Yes,DSL,No internet service,No internet service,Two year,No,Credit card (automatic),53.82,3841.59,No
C04247,Male,0,No,No,25,Yes,DSL,Yes,No,Month-to-month,Yes,Mailed check,64.49,1686.52,Yes
C04248,Female,0,No,No,10,Yes,Fiber optic,No,Yes,Month-to-month,Yes,Electronic check,113.73,1192.52,No
C04249,Female,0,Yes,No,62,Yes,Fiber optic,Yes,No,Two year,Yes,Electronic check,107.52,6806.91,No
C04250,Female,1,Yes,Yes,34,No,Fiber optic,Yes,Yes,Month-to-month,No,Electronic check,37.12,1283.92,Yes
C04251,Female,0,Yes,No,69,Yes,Fiber optic,Yes,No internet service,Month-to-month,No,Electronic check,45.43,3051.76,No
C04252,Female,1,No,Yes,50,No,DSL,Yes,Yes,Month-to-month,Yes,Bank transfer (automatic),54.44,2904.21,Yes
C04253,Female,0,Yes,Yes,18,Yes,DSL,No,No,Month-to-month,No,Bank transfer (automatic),105.98,2066.51,Yes
C04254,Male,0,Yes,No,25,Yes,Fiber optic,Yes,No,Two year,No,Electronic check,110.74,2960.26,No
C04255,Male,1,No,Yes,44,Yes,DSL,Yes,Yes,Month-to-month,No,Bank transfer (automatic),98.23,4643.62,No
C04256,Female,1,No,No,28,Yes,Fiber optic,No,Yes,Month-to-month,Yes,Bank transfer (automatic),45.57,1380.29,No
C04257,Female,0,Yes,No,20,Yes,Fiber optic,No,No,Month-to-month,Yes,Credit card (automatic),106.71,2007.03,Yes
C04258,Female,0,Yes,Yes,15,Yes,Fiber optic,No,Yes,Two year,No,Mailed check,21.29,320.24,No
C04259,Female,0,Yes,No,47,Yes,DSL,No,No,Month-to-month,No,Electronic check,60.28,2852.73,No
C04260,Female,0,Yes,No,2,Yes,DSL,Yes,No,Two year,Yes,Electronic check,55.76,111.19,No
C04261,Female,1,No,Yes,6,Yes,Fiber optic,Yes,No internet service,Two year,Yes,Mailed check,71.52,459.03,No
C04262,Male,0,No,Yes,3,Yes,DSL,Yes,No,Month-to-month,No,Mailed check,74.06,214.41,No
C04263,Male,0,Yes,No,53,Yes,DSL,Yes,No,Two year,No,Mailed check,40.54,2003.08,No
C04264,Male,0,Yes,Yes,2,Yes,DSL,No internet service,Yes,One year,Yes,Credit card (automatic),38.46,73.45,Yes
C04265,Female,0,Yes,No,30,Yes,Fiber optic,No,Yes,Month-to-month,No,Bank transfer (automatic),98.36,2740.19,Yes
C04266,Female,0,Yes,No,8,Yes,No,Yes,No internet service,Month-to-month,No,Bank transfer (automatic),25.62,201.06,Yes
C04267,Female,0,No,No,42,Yes,Fiber optic,Yes,Yes,Two year,No,Credit card (automatic),67.33,2611.14,Yes
C04268,Female,1,No,No,2,No,Fiber optic,Yes,Yes,Two year,Yes,Bank transfer (automatic),37.16,68.19,No
C04269,Male,0,No,Yes,1,Yes,Fiber optic,No internet service,Yes,One year,No,Electronic check,49.96,49.47,No
C04270,Female,1,No,No,30,No,Fiber optic,Yes,No internet service,Two year,No,Credit card (automatic),45.73,1399.65,Yes
C04271,Male,0,Yes,Yes,50,Yes,DSL,Yes,No,Month-to-month,Yes,Bank transfer (automatic),88.85,4538.14,No
C04272,Male,0,Yes,No,8,No,No,No,No,Two year,Yes,Credit card (automatic),63.6,467.31,No
C04273,Female,0,No,No,36,Yes,No,No,Yes,Two year,No,Bank transfer (automatic),47.94,1888.61,No
C04274,Female,0,Yes,Yes,59,Yes,Fiber optic,Yes,No,Month-to-month,Yes,Bank transfer (automatic),101.14,5515.83,No
C04275,Female,0,Yes,No,45,Yes,DSL,No,Yes,Month-to-month,Yes,Electronic check,26.58,1234.49,Yes
C04276,Male,0,Yes,No,54,No,Fiber optic,No,No internet service,Month-to-month,No,Mailed check,94.64,5507.79,No
C04277,Female,0,No,Yes,23,Yes,DSL,Yes,No internet service,Two year,No,Electronic check,42.83,1060.9,No
C04278,Male,0,Yes,No,68,Yes,Fiber optic,No,Yes,Month-to-month,Yes,Electronic check,109.8,7484.51,Yes
C04279,Male,0,Yes,Yes,10,Yes,Fiber optic,No internet service,No internet service,One year,No,Bank transfer (automatic),18.56,177.34,No
C04280,Male,0,No,Yes,44,Yes,Fiber optic,No internet service,No internet service,Month-to-month,Yes,Credit card (automatic),73.67,3454.04,No
C04281,Male,0,Yes,Yes,31,No,No,No,Yes,Month-to-month,No,Electronic check,80.23,2543.14,Yes
C04282,Male,0,No,No,2,Yes,No,Yes,No internet service,One year,Yes,Electronic check,75.73,160.28,No
C04283,Male,0,Yes,No,68,Yes,DSL,No internet service,No internet service,Month-to-month,No,Credit card (automatic),99.5,6630.67,No
C04284,Female,0,No,No,51,Yes,Fiber optic,Yes,No internet service,Two year,Yes,Electronic check,29.22,1613.44,No
C04285,Male,0,No,No,16,Yes,No,Yes,No internet service,Month-to-month,Yes,Bank transfer (automatic),59.56,1034.84,Yes
C04286,Male,0,Yes,No,3,Yes,No,No internet service,No internet service,Two year,No,Credit card (automatic),104.37,327.97,Yes
C04287,Female,0,No,No,49,No,Fiber optic,Yes,No,Month-to-month,Yes,Credit card (automatic),106.87,5700.14,No
C04288,Female,0,No,No,39,Yes,DSL,No,No internet service,Two year,Yes,Bank transfer (automatic),67.83,2620.77,No
C04289,Male,1,Yes,No,3,Yes,Fiber optic,No,Yes,One year,No,Credit card (automatic),73.8,207.87,Yes
C04290,Male,0,Yes,Yes,71,Yes,Fiber optic,No,Yes,Month-to-month,No,Bank transfer (automatic),94.39,6910.65,No
C04291,Male,0,Yes,No,52,Yes,DSL,No,No internet service,Month-to-month,No,Credit card (automatic),95.96,5142.98,No
C04292,Male,0,No,Yes,33,Yes,No,No,No internet service,Month-to-month,Yes,Bank transfer (automatic),106.81,3518.61,No
C04293,Male,1,Yes,No,17,No,Fiber optic,Yes,Yes,One year,Yes,Mailed check,102.39,1657.3,No
C04294,Female,0,No,No,19,No,No,No internet service,No internet service,Two year,No,Mailed check,59.44,1157.45,No
C04295,Male,0,Yes,No,32,Yes,DSL,No internet service,No internet service,Month-to-month,No,Bank transfer (automatic),82.98,2485.83,Yes
C04296,Female,0,No,No,4,Yes,No,Yes,No,Month-to-month,Yes,Credit card (automatic),66.32,278.72,Yes
C04297,Male,0,No,No,26,Yes,Fiber optic,No internet service,No internet service,One year,Yes,Mailed check,29.8,837.84,Yes
C04298,Male,0,Yes,No,15,Yes,DSL,No internet service,No,Month-to-month,No,Mailed check,100.17,1402.37,Yes
C04299,Male,0,No,No,8,Yes,No,No internet service,No,One year,Yes,Electronic check,78.18,665.5,No
C04300,Female,0,Yes,Yes,9,No,No,Yes,No,Month-to-month,No,Bank transfer (automatic),23.8,201.28,Yes
C04301,Female,0,Yes,Yes,25,Yes,Fiber optic,No internet service,No,One year,No,Electronic check,85.69,2142.43,Yes
C04302,Male,0,No,No,27,Yes,No,Yes,No,Two year,Yes,Mailed check,46.31,1357.71,Yes
C04303,Male,0,No,No,25,Yes,No,No internet service,No internet service,Month-to-month,No,Electronic check,24.93,571.23,No
C04304,Male,0,Yes,No,50,Yes,Fiber optic,Yes,No,Month-to-month,Yes,Credit card (automatic),78.66,3610.31,Yes
C04305,Male,0,No,Yes,38,No,DSL,No internet service,Yes,Month-to-month,No,Mailed check,91.22,3784.38,No
C04306,Male,0,Yes,No,14,Yes,Fiber optic,No internet service,No,One year,Yes,Mailed check,69.73,909.61,Yes
C04307,Female,0,Yes,No,70,Yes,Fiber optic,No internet service,No,Month-to-month,Yes,Mailed check,18.56,1258.16,No
C04308,Female,0,No,No,53,No,Fiber optic,No,No internet service,Two year,No,Electronic check,75.69,3978.67,No
C04309,Male,0,Yes,Yes,34,Yes,DSL,Yes,No internet service,One year,No,Bank transfer (automatic),18.66,571.85,Yes
C04310,Male,0,No,Yes,3,Yes,No,Yes,No internet service,Month-to-month,No,Credit card (automatic),110.64,311.21,Yes
C04311,Male,0,No,No,66,Yes,No,No internet service,No internet service,Two year,Yes,Mailed check,44.73,3146.08,Yes
C04312,Female,0,Yes,No,54,No,Fiber optic,No internet service,No,Month-to-month,Yes,Mailed check,105.1,5696.8,Yes
C04313,Female,0,Yes,Yes,33,No,No,No,No,Two year,No,Bank transfer (automatic),19.21,620.48,Yes
C04314,Female,0,Yes,No,11,No,DSL,No internet service,No internet service,Month-to-month,Yes,Bank transfer (automatic),27.72,316.02,No
C04315,Female,1,No,No,7,Yes,Fiber optic,Yes,No,One year,Yes,Bank transfer (automatic),63.14,426.49,No
C04316,Male,0,No,Yes,21,Yes,Fiber optic,No,No internet service,Two year,Yes,Mailed check,93.86,1946.83,Yes
C04317,Male,0,Yes,No,16,Yes,Fiber optic,No,No internet service,One year,No,Electronic check,112.26,1973.52,No
C04318,Female,0,Yes,No,15,Yes,Fiber optic,Yes,No,Two year,Yes,Electronic check,70.11,1109.34,No
C04319,Male,1,No,No,29,Yes,Fiber optic,Yes,No internet service,Month-to-month,Yes,Electronic check,53.55,1569.71,No
C04320,Male,0,No,No,3,Yes,Fiber optic,No,Yes,Two year,Yes,Electronic check,22.46,67.74,No
C04321,Female,0,No,No,23,Yes,DSL,Yes,Yes,One year,No,Credit card (automatic),76.37,1877.45,No
C04322,Female,0,No,No,63,Yes,DSL,No,No,One year,No,Mailed check,56.0,3599.17,No
C04323,Male,0,Yes,Yes,63,No,Fiber optic,No,Yes,Month-to-month,No,Credit card (automatic),108.91,6640.78,No
C04324,Female,0,No,No,0,Yes,Fiber optic,Yes,No internet service,Month-to-month,No,Credit card (automatic),66.01,64.92,No
C04325,Male,0,Yes,No,49,Yes,DSL,No,No internet service,One year,Yes,Credit card (automatic),94.54,4339.12,No
C04326,Male,0,No,Yes,72,Yes,Fiber optic,Yes,Yes,Month-to-month,Yes,Credit card (automatic),102.82,8083.41,No
C04327,Female,0,No,No,42,Yes,No,No,No,One year,Yes,Mailed check,27.83,1204.44,No
C04328,Male,0,No,Yes,28,Yes,DSL,No,No internet service,Two year,No,Electronic check,62.08,1702.98,No
C04329,Male,0,No,No,35,Yes,Fiber optic,No,No,Two year,Yes,Credit card (automatic),107.37,3652.64,Yes
C04330,Female,0,No,Yes,15,Yes,No,No internet service,No internet service,Month-to-month,Yes,Bank transfer (automatic),60.45,980.56,No
C04331,Female,1,No,No,29,No,No,No internet service,No internet service,Two year,No,Mailed check,74.52,2100.71,No
C04332,Male,0,Yes,No,68,Yes,Fiber optic,Yes,No internet service,Month-to-month,No,Credit card (automatic),105.31,7528.25,Yes
C04333,Male,0,No,No,44,Yes,Fiber optic,No,Yes,Month-to-month,No,Mailed check,41.26,1937.23,Yes
C04334,Female,0,No,No,31,Yes,DSL,No,No internet service,Two year,Yes,Mailed check,107.46,3604.29,No
C04335,Female,0,Yes,No,9,Yes,No,No internet service,No internet service,Month-to-month,No,Mailed check,57.7,506.12,Yes
C04336,Male,0,Yes,No,66,Yes,No,No internet service,No internet service,Month-to-month,Yes,Credit card (automatic),77.3,5372.53,No
C04337,Male,1,No,No,11,Yes,DSL,No internet service,No internet service,Month-to-month,No,Mailed check,50.8,539.45,Yes
C04338,Male,0,No,No,52,Yes,DSL,No,No internet service,Month-to-month,Yes,Mailed check,70.71,4003.44,Yes
C04339,Male,1,No,No,22,Yes,DSL,No internet service,No internet service,Two year,No,Bank transfer (automatic),22.93,455.14,No
C04340,Male,0,Yes,No,20,Yes,Fiber optic,No,No internet service,Month-to-month,Yes,Mailed check,24.53,497.49,No
C04341,Male,1,Yes,No,12,Yes,DSL,No,Yes,Month-to-month,Yes,Electronic check,59.47,715.06,Yes
C04342,Male,0,Yes,No,27,Yes,Fiber optic,Yes,No,One year,No,Credit card (automatic),51.5,1495.52,Yes
C04343,Male,0,Yes,No,49,Yes,Fiber optic,No internet service,No,Month-to-month,No,Bank transfer (automatic),79.58,3678.18,Yes
C04344,Female,0,No,Yes,30,Yes,No,No internet service,No,One year,Yes,Electronic check,21.79,599.74,Yes
C04345,Male,0,Yes,No,1,Yes,No,No,No internet service,Two year,Yes,Electronic check,34.77,37.18,No
C04346,Male,0,Yes,No,19,Yes,Fiber optic,No internet service,No internet service,One year,Yes,Mailed check,38.96,718.05,No
C04347,Male,0,No,No,11,Yes,Fiber optic,Yes,Yes,Two year,No,Mailed check,62.05,658.65,No
C04348,Female,0,Yes,Yes,29,Yes,Fiber optic,Yes,No internet service,Month-to-month,No,Electronic check,42.68,1140.02,No
C04349,Female,0,Yes,No,65,Yes,Fiber optic,No,No internet service,Two year,No,Credit card (automatic),31.77,2238.54,No
C04350,Male,1,No,No,70,Yes,Fiber optic,Yes,No,Month-to-month,No,Mailed check,77.76,5587.94,Yes
C04351,Female,0,Yes,No,72,Yes,No,No internet service,No,Month-to-month,No,Electronic check,92.39,6907.76,No
C04352,Male,0,No,Yes,8,Yes,DSL,No,No internet service,One year,Yes,Bank transfer (automatic),86.53,747.33,Yes
C04353,Male,0,Yes,No,35,Yes,No,No internet service,No internet service,Month-to-month,Yes,Mailed check,45.62,1706.51,No
C04354,Male,0,No,Yes,3,No,DSL,Yes,Yes,Two year,No,Bank transfer (automatic),103.44,307.33,No
C04355,Female,0,No,No,36,Yes,Fiber optic,No,No internet service,One year,Yes,Electronic check,79.18,2656.52,No
C04356,Female,1,No,No,42,Yes,No,Yes,No internet service,Two year,No,Electronic check,79.47,3452.77,No
C04357,Male,0,Yes,No,56,Yes,Fiber optic,No internet service,Yes,Month-to-month,No,Electronic check,39.28,2265.99,Yes
C04358,Female,0,Yes,No,24,No,No,No internet service,No,Month-to-month,No,Credit card (automatic),42.22,921.49,No
C04359,Male,1,Yes,No,2,No,No,Yes,No internet service,One year,Yes,Credit card (automatic),65.48,141.42,No
C04360,Male,0,No,Yes,33,Yes,Fiber optic,No internet service,Yes,Month-to-month,No,Credit card (automatic),41.78,1333.31,Yes
C04361,Female,1,Yes,No,31,Yes,DSL,No,Yes,Month-to-month,Yes,Electronic check,86.81,2652.78,Yes
C04362,Female,0,Yes,No,45,Yes,DSL,No,No,One year,No,Credit card (automatic),48.86,2204.76,No
C04363,Male,0,No,No,7,Yes,No,No,No internet service,Two year,Yes,Electronic check,33.19,251.47,No
C04364,Male,0,Yes,Yes,44,No,Fiber optic,Yes,No,One year,Yes,Bank transfer (automatic),33.16,1362.89,No
C04365,Female,0,Yes,No,29,Yes,Fiber optic,No,No internet service,Month-to-month,No,Mailed check,30.72,867.48,No
C04366,Female,0,Yes,Yes,53,Yes,DSL,Yes,No internet service,Month-to-month,No,Bank transfer (automatic),61.98,3285.82,No
C04367,Male,0,No,No,71,Yes,DSL,Yes,No,One year,Yes,Mailed check,18.3,1427.12,No
C04368,Male,0,No,No,16,No,Fiber optic,No internet service,No,Month-to-month,Yes,Credit card (automatic),72.24,1141.91,Yes
C04369,Female,0,No,Yes,55,Yes,DSL,No,No internet service,Month-to-month,Yes,Bank transfer (automatic),47.83,2577.27,Yes
C04370,Female,0,Yes,Yes,9,Yes,Fiber optic,Yes,Yes,Month-to-month,Yes,Electronic check,73.25,716.61,No
C04371,Male,1,Yes,Yes,71,Yes,No,No,Yes,Month-to-month,No,Mailed check,111.54,8175.13,Yes
C04372,Male,0,Yes,No,35,Yes,DSL,No internet service,Yes,Month-to-month,Yes,Bank transfer (automatic),104.9,3424.46,No
C04373,Female,0,No,Yes,54,No,Fiber optic,Yes,Yes,Month-to-month,No,Bank transfer (automatic),75.64,3819.72,No
C04374,Female,0,No,No,56,Yes,DSL,No internet service,No,One year,Yes,Bank transfer (automatic),59.81,3446.12,Yes
C04375,Male,1,No,No,44,Yes,Fiber optic,Yes,No internet service,Month-to-month,No,Mailed check,87.84,3839.49,No
C04376,Female,0,No,No,28,Yes,Fiber optic,No,No internet service,One year,Yes,Bank transfer (automatic),110.31,2785.35,No
C04377,Female,0,Yes,No,55,Yes,DSL,No,No,Month-to-month,No,Credit card (automatic),66.95,3644.39,No
C04378,Female,0,No,Yes,34,Yes,Fiber optic,No internet service,No,Two year,No,Electronic check,27.93,1033.13,No
C04379,Female,0,No,Yes,48,Yes,Fiber optic,No,No internet service,Month-to-month,No,Credit card (automatic),94.61,4765.96,No
C04380,Male,0,Yes,No,44,Yes,No,Yes,No internet service,Month-to-month,No,Mailed check,19.05,848.02,Yes
C04381,Male,0,Yes,No,33,Yes,Fiber optic,No,No,Month-to-month,Yes,Electronic check,94.46,2927.15,No
C04382,Female,0,Yes,No,8,No,No,No,Yes,Month-to-month,No,Credit card (automatic),26.49,204.95,Yes
C04383,Female,0,Yes,Yes,21,Yes,Fiber optic,Yes,No,Month-to-month,Yes,Electronic check,28.66,661.64,No
C04384,Male,0,No,No,68,Yes,DSL,No,No,Two year,Yes,Electronic check,96.17,6747.59,No
C04385,Male,0,Yes,Yes,37,Yes,DSL,Yes,No internet service,Two year,Yes,Bank transfer (automatic),86.95,3073.21,No
C04386,Male,1,No,No,46,Yes,No,No,No internet service,Month-to-month,No,Credit card (automatic),74.19,3575.18,Yes
C04387,Male,0,Yes,No,18,Yes,DSL,No internet service,No,Month-to-month,No,Mailed check,100.06,1653.88,Yes
C04388,Female,0,Yes,No,51,Yes,No,Yes,No,One year,No,Bank transfer (automatic),103.14,5123.99,No
C04389,Male,1,No,No,35,Yes,No,No,No,One year,Yes,Credit card (automatic),63.75,2110.37,No
C04390,Female,0,No,No,15,Yes,No,No,No,Month-to-month,Yes,Mailed check,117.63,1904.2,No
C04391,Male,0,Yes,Yes,10,Yes,Fiber optic,No internet service,No,One year,No,Credit card (automatic),53.76,562.88,No
C04392,Male,0,Yes,Yes,28,Yes,DSL,No internet service,Yes,Month-to-month,No,Bank transfer (automatic),35.15,983.71,Yes
C04393,Female,0,Yes,Yes,41,Yes,DSL,No internet service,Yes,One year,No,Credit card (automatic),102.6,4129.03,Yes
C04394,Female,1,Yes,No,20,Yes,Fiber optic,Yes,No internet service,Month-to-month,No,Credit card (automatic),59.56,1276.63,No
C04395,Male,0,No,No,17,Yes,Fiber optic,Yes,No internet service,Month-to-month,Yes,Electronic check,105.45,1683.45,Yes
C04396,Female,0,Yes,Yes,19,No,Fiber optic,No internet service,No internet service,Month-to-month,Yes,Electronic check,24.12,419.3,Yes
C04397,Female,1,No,No,21,Yes,Fiber optic,Yes,No internet service,One year,No,Electronic check,29.11,654.32,Yes
C04398,Female,1,No,No,53,Yes,No,No internet service,No,Month-to-month,Yes,Bank transfer (automatic),22.03,1250.84,Yes
C04399,Male,0,Yes,No,36,Yes,DSL,Yes,No internet service,One year,No,Bank transfer (automatic),78.2,2670.54,No
C04400,Male,0,No,No,34,No,DSL,No internet service,No internet service,Two year,No,Credit card (automatic),101.19,3230.79,No
C04401,Female,0,Yes,No,11,No,Fiber optic,Yes,No,One year,No,Bank transfer (automatic),58.27,669.34,No
C04402,Male,0,Yes,No,39,Yes,No,No internet service,Yes,Month-to-month,No,Mailed check,27.07,980.43,No
C04403,Female,1,No,No,70,Yes,No,No internet service,No internet service,Month-to-month,No,Bank transfer (automatic),55.35,3969.0,No
C04404,Male,0,No,No,54,Yes,No,No internet service,No internet service,Month-to-month,Yes,Credit card (automatic),52.8,2965.95,No
C04405,Female,0,Yes,Yes,32,Yes,No,Yes,Yes,One year,Yes,Electronic check,82.35,2699.49,No
C04406,Male,0,Yes,No,22,Yes,No,Yes,Yes,Two year,No,Electronic check,83.22,1804.08,Yes
C04407,Male,0,No,No,25,Yes,No,No internet service,Yes,Month-to-month,Yes,Electronic check,28.3,752.24,No
C04408,Female,0,Yes,Yes,1,Yes,Fiber optic,No,Yes,Two year,Yes,Bank transfer (automatic),60.02,65.18,Yes
C04409,Male,0,No,No,2,Yes,Fiber optic,No internet service,No,Month-to-month,Yes,Mailed check,82.25,171.27,Yes
C04410,Male,0,No,No,56,Yes,DSL,Yes,No,Month-to-month,No,Electronic check,43.89,2418.0,Yes
C04411,Male,0,No,No,61,Yes,No,No internet service,No,Month-to-month,No,Credit card (automatic),58.71,3936.36,Yes
C04412,Male,0,Yes,Yes,70,Yes,Fiber optic,No internet service,No,One year,No,Bank transfer (automatic),79.37,5499.69,No
C04413,Male,1,No,No,45,No,No,No,No,Month-to-month,Yes,Electronic check,58.29,2421.74,Yes
C04414,Female,0,No,No,67,Yes,DSL,No,No,Month-to-month,Yes,Electronic check,21.09,1323.33,Yes
C04415,Male,0,No,Yes,30,Yes,Fiber optic,Yes,No,One year,Yes,Bank transfer (automatic),40.26,1171.07,Yes
C04416,Male,0,No,No,18,Yes,DSL,No,No internet service,Month-to-month,Yes,Credit card (automatic),95.61,1607.78,Yes
C04417,Female,0,Yes,Yes,17,Yes,No,Yes,No internet service,Month-to-month,Yes,Mailed check,42.85,768.99,Yes
C04418,Female,0,No,Yes,17,Yes,No,No,No,Month-to-month,Yes,Credit card (automatic),99.77,1531.27,No
C04419,Male,1,No,No,54,Yes,Fiber optic,No,No,Month-to-month,Yes,Electronic check,64.69,3427.51,No
C04420,Female,0,No,No,0,Yes,Fiber optic,Yes,No,Month-to-month,Yes,Credit card (automatic),65.29,70.23,Yes
C04421,Female,0,No,No,69,Yes,DSL,No internet service,No internet service,Month-to-month,No,Bank transfer (automatic),95.05,6057.04,No
C04422,Female,0,No,Yes,56,Yes,No,Yes,No internet service,One year,Yes,Credit card (automatic),56.33,3202.48,No
C04423,Female,1,No,No,27,Yes,Fiber optic,No,Yes,Month-to-month,No,Bank transfer (automatic),41.85,1228.0,Yes
C04424,Male,0,Yes,No,51,Yes,DSL,No,No internet service,One year,No,Bank transfer (automatic),28.5,1328.96,No
C04425,Male,0,Yes,No,9,Yes,No,Yes,Yes,Month-to-month,Yes,Electronic check,85.19,743.67,Yes
C04426,Male,0,No,Yes,31,Yes,DSL,Yes,No,Month-to-month,Yes,Mailed check,64.99,1828.4,No
C04427,Male,0,No,No,7,Yes,DSL,Yes,No internet service,Month-to-month,No,Credit card (automatic),98.94,717.82,No
C04428,Female,0,Yes,Yes,8,No,Fiber optic,Yes,No,Month-to-month,Yes,Credit card (automatic),63.77,501.74,Yes
C04429,Male,0,Yes,No,0,Yes,Fiber optic,No internet service,Yes,Month-to-month,Yes,Bank transfer (automatic),59.48,64.8,Yes
C04430,Female,0,No,No,58,Yes,No,Yes,No,Month-to-month,Yes,Mailed check,47.89,2883.89,Yes
C04431,Male,0,Yes,No,54,Yes,No,Yes,No internet service,Two year,No,Mailed check,37.94,2090.53,No
C04432,Female,0,No,No,65,Yes,DSL,No internet service,No,Two year,No,Credit card (automatic),101.04,7106.57,No
C04433,Male,0,No,No,71,Yes,DSL,No,No internet service,Month-to-month,No,Credit card (automatic),27.52,1809.2,No
C04434,Female,0,Yes,Yes,70,Yes,Fiber optic,Yes,No,One year,No,Credit card (automatic),108.21,8004.1,No
C04435,Male,0,No,No,72,Yes,Fiber optic,No internet service,No,One year,Yes,Bank transfer (automatic),20.69,1558.15,No
C04436,Male,0,Yes,Yes,1,Yes,No,No internet service,No internet service,Two year,No,Bank transfer (automatic),70.23,72.66,Yes
C04437,Male,0,Yes,Yes,57,Yes,DSL,No,No,Month-to-month,Yes,Credit card (automatic),23.83,1395.82,No
C04438,Female,0,No,No,52,Yes,DSL,Yes,No internet service,Month-to-month,Yes,Bank transfer (automatic),95.96,4615.05,Yes
C04439,Male,0,No,Yes,11,Yes,DSL,No,Yes,Month-to-month,Yes,Credit card (automatic),39.15,457.7,No
C04440,Male,0,No,Yes,9,No,DSL,No,No internet service,Month-to-month,Yes,Electronic check,74.59,689.46,Yes
C04441,Male,0,No,Yes,71,Yes,DSL,Yes,No,Month-to-month,No,Electronic check,109.64,8207.09,Yes
C04442,Male,0,No,No,64,Yes,Fiber optic,No,No internet service,Two year,No,Bank transfer (automatic),82.93,5706.74,Yes
C04443,Female,0,No,Yes,23,Yes,No,No,No,Two year,No,Bank transfer (automatic),35.83,831.08,No
C04444,Male,0,Yes,No,5,Yes,No,No,No,Month-to-month,No,Electronic check,97.67,532.97,No
C04445,Female,0,No,Yes,24,Yes,DSL,Yes,Yes,Month-to-month,No,Mailed check,62.15,1375.02,Yes
C04446,Female,1,No,No,0,Yes,DSL,Yes,No internet service,Month-to-month,Yes,Credit card (automatic),19.32,17.4,Yes
C04447,Female,0,No,Yes,50,Yes,Fiber optic,No,Yes,Month-to-month,Yes,Credit card (automatic),66.68,3220.61,Yes
C04448,Female,0,No,No,27,Yes,DSL,No internet service,No,One year,No,Electronic check,99.25,2527.84,No
C04449,Female,0,No,No,3,Yes,Fiber optic,No internet service,No,Month-to-month,Yes,Electronic check,61.0,184.96,No
C04450,Female,0,No,No,71,Yes,Fiber optic,No internet service,No internet service,Two year,Yes,Credit card (automatic),93.84,6369.88,No
C04451,Female,0,No,No,60,Yes,No,Yes,No,Two year,Yes,Bank transfer (automatic),88.55,5512.92,No
C04452,Female,1,Yes,Yes,66,Yes,DSL,No internet service,No,One year,Yes,Credit card (automatic),63.69,4577.93,No
C04453,Male,0,No,Yes,72,Yes,DSL,Yes,No internet service,One year,Yes,Electronic check,50.33,3818.9,No
C04454,Female,0,Yes,No,1,Yes,DSL,Yes,No,Month-to-month,No,Bank transfer (automatic),90.65,89.2,Yes
C04455,Male,0,No,No,56,No,Fiber optic,No internet service,No,Month-to-month,No,Mailed check,54.89,3372.31,Yes
C04456,Female,0,Yes,No,57,Yes,DSL,Yes,No internet service,Month-to-month,Yes,Bank transfer (automatic),35.01,2103.8,No
C04457,Male,0,No,Yes,57,Yes,DSL,No internet service,No,One year,No,Credit card (automatic),50.09,3032.65,No
C04458,Female,0,No,No,19,Yes,DSL,Yes,No internet service,Month-to-month,Yes,Mailed check,105.68,1889.35,Yes
C04459,Male,0,No,Yes,28,Yes,DSL,No,Yes,Two year,No,Credit card (automatic),46.34,1346.02,No
C04460,Male,0,Yes,Yes,67,No,No,No internet service,Yes,Month-to-month,No,Credit card (automatic),41.5,2541.73,Yes
C04461,Male,1,No,No,4,Yes,No,No,No,Month-to-month,No,Electronic check,31.34,118.72,Yes
C04462,Female,0,No,No,46,Yes,Fiber optic,No internet service,Yes,Month-to-month,Yes,Mailed check,23.52,977.28,No
C04463,Female,0,Yes,Yes,57,No,No,No internet service,Yes,Two year,No,Credit card (automatic),115.67,6863.82,No
C04464,Female,0,No,No,58,Yes,DSL,No,No internet service,Month-to-month,Yes,Credit card (automatic),71.68,3759.11,No
C04465,Female,0,No,Yes,43,Yes,No,No,Yes,Month-to-month,Yes,Bank transfer (automatic),90.96,3871.52,No
C04466,Male,0,No,No,55,Yes,Fiber optic,No,No,Month-to-month,Yes,Electronic check,95.3,5397.56,Yes
C04467,Male,0,No,Yes,66,Yes,DSL,No internet service,Yes,One year,No,Electronic check,53.23,3376.16,No
C04468,Male,0,Yes,Yes,55,Yes,Fiber optic,No internet service,Yes,Two year,No,Credit card (automatic),97.89,5241.04,No
C04469,Male,0,Yes,No,8,Yes,Fiber optic,Yes,No internet service,Month-to-month,Yes,Credit card (automatic),114.15,980.44,Yes
C04470,Male,0,Yes,Yes,17,Yes,Fiber optic,Yes,Yes,Two year,No,Credit card (automatic),92.18,1692.87,No
C04471,Female,0,Yes,No,22,Yes,No,No,Yes,Month-to-month,No,Bank transfer (automatic),89.17,2102.48,No
C04472,Male,0,No,No,25,Yes,Fiber optic,No,No,One year,No,Credit card (automatic),61.22,1607.0,No
C04473,Male,0,No,Yes,26,Yes,No,No,No,Month-to-month,No,Electronic check,102.13,2537.23,Yes
C04474,Female,0,Yes,No,16,Yes,No,Yes,No internet service,Month-to-month,No,Mailed check,26.88,393.5,Yes
C04475,Male,0,No,No,49,Yes,Fiber optic,Yes,Yes,One year,No,Mailed check,92.97,4545.23,No
C04476,Female,0,Yes,Yes,8,Yes,Fiber optic,No internet service,Yes,Month-to-month,No,Bank transfer (automatic),54.2,470.4,No
C04477,Male,0,Yes,Yes,57,Yes,DSL,No,No internet service,Month-to-month,No,Credit card (automatic),74.6,4016.95,Yes
C04478,Female,0,Yes,Yes,48,Yes,Fiber optic,No,No,Two year,No,Bank transfer (automatic),107.3,4851.21,No
C04479,Male,0,Yes,No,70,Yes,DSL,No,No,Two year,Yes,Mailed check,78.5,5802.33,No
C04480,Female,0,No,No,0,Yes,DSL,Yes,Yes,Month-to-month,Yes,Mailed check,20.56,20.94,Yes
C04481,Female,0,Yes,No,21,Yes,Fiber optic,Yes,Yes,One year,No,Electronic check,90.26,1859.18,No
C04482,Female,1,No,No,65,Yes,DSL,No internet service,No internet service,Two year,No,Mailed check,110.9,7731.36,No
C04483,Female,0,No,No,36,No,No,Yes,No internet service,Month-to-month,Yes,Electronic check,82.2,3008.04,No
C04484,Female,0,Yes,No,40,Yes,No,No internet service,No internet service,Two year,No,Mailed check,104.14,4515.73,No
C04485,Male,0,Yes,No,2,Yes,DSL,Yes,No,Month-to-month,Yes,Credit card (automatic),100.53,195.76,Yes
C04486,Female,0,No,No,55,Yes,DSL,No,No,One year,Yes,Electronic check,104.13,5663.09,No
C04487,Male,0,Yes,No,18,No,No,No internet service,No,Month-to-month,No,Electronic check,52.41,863.06,Yes
C04488,Male,0,Yes,No,70,Yes,DSL,No internet service,No internet service,Month-to-month,Yes,Electronic check,65.42,4458.22,Yes
C04489,Female,0,Yes,No,27,Yes,No,Yes,No,Month-to-month,Yes,Mailed check,102.8,2597.8,No
C04490,Male,0,Yes,No,13,No,Fiber optic,Yes,No internet service,Month-to-month,No,Bank transfer (automatic),109.04,1285.08,Yes
C04491,Female,0,No,No,43,Yes,Fiber optic,No,No internet service,Two year,Yes,Credit card (automatic),32.68,1336.6,No
C04492,Male,0,No,Yes,34,Yes,DSL,No internet service,No,Two year,Yes,Bank transfer (automatic),36.15,1226.8,No
C04493,Male,0,No,No,34,Yes,Fiber optic,Yes,No,Month-to-month,Yes,Mailed check,52.68,1700.62,No
C04494,Female,1,Yes,No,69,Yes,No,No internet service,Yes,Month-to-month,No,Mailed check,95.03,6044.42,Yes
C04495,Female,0,Yes,No,26,Yes,DSL,No,No,Month-to-month,Yes,Mailed check,105.5,2716.41,No
C04496,Male,0,No,Yes,29,Yes,No,No,Yes,Month-to-month,Yes,Credit card (automatic),76.02,2049.31,Yes
C04497,Male,0,Yes,No,45,Yes,Fiber optic,No internet service,Yes,Month-to-month,No,Mailed check,29.33,1210.56,No
C04498,Female,0,Yes,Yes,12,Yes,No,No,No internet service,Two year,Yes,Electronic check,48.37,633.86,No
C04499,Male,0,Yes,No,60,Yes,No,No,No,One year,Yes,Credit card (automatic),103.7,6192.08,No
C04500,Female,0,Yes,No,16,Yes,Fiber optic,Yes,No,Month-to-month,Yes,Bank transfer (automatic),52.76,895.2,No
C04501,Male,0,Yes,Yes,17,Yes,No,Yes,Yes,Month-to-month,No,Mailed check,28.28,449.11,No
C04502,Female,0,No,No,0,Yes,No,No,No,One year,No,Credit card (automatic),48.21,47.84,Yes
C04503,Male,0,Yes,No,25,No,No,No internet service,Yes,Month-to-month,Yes,Mailed check,98.67,2264.44,Yes
C04504,Male,0,No,No,42,Yes,DSL,Yes,Yes,Month-to-month,Yes,Bank transfer (automatic),67.35,2778.8,No
C04505,Female,0,Yes,No,51,Yes,No,No internet service,Yes,Month-to-month,No,Mailed check,35.16,1910.22,No
C04506,Female,0,No,No,65,Yes,Fiber optic,Yes,Yes,Month-to-month,No,Mailed check,49.26,3453.41,No
C04507,Male,1,Yes,No,56,Yes,Fiber optic,No internet service,No internet service,Month-to-month,Yes,Credit card (automatic),113.36,6372.29,No
C04508,Female,0,No,No,23,No,No,No internet service,No internet service,One year,No,Credit card (automatic),61.2,1347.47,No
C04509,Male,1,Yes,No,60,Yes,DSL,Yes,No,Month-to-month,Yes,Bank transfer (automatic),62.16,3903.75,No
C04510,Female,0,No,No,14,Yes,Fiber optic,No internet service,No internet service,One year,Yes,Bank transfer (automatic),33.31,479.3,No
C04511,Male,0,No,No,15,No,Fiber optic,Yes,No,Month-to-month,No,Mailed check,48.46,722.61,Yes
C04512,Female,0,Yes,Yes,26,Yes,Fiber optic,Yes,Yes,Two year,Yes,Mailed check,99.47,2573.48,No
C04513,Male,0,Yes,No,39,Yes,DSL,No internet service,No internet service,Month-to-month,No,Bank transfer (automatic),96.62,3763.07,No
C04514,Male,0,No,Yes,14,Yes,DSL,Yes,No internet service,Month-to-month,No,Bank transfer (automatic),61.55,834.0,No
C04515,Male,0,Yes,Yes,65,Yes,Fiber optic,Yes,No,Month-to-month,Yes,Credit card (automatic),107.37,7005.53,No
C04516,Female,0,No,No,19,Yes,Fiber optic,Yes,No internet service,Month-to-month,No,Mailed check,56.03,970.33,No
C04517,Female,0,No,No,28,Yes,DSL,Yes,No,Month-to-month,No,Electronic check,104.43,2965.08,No
C04518,Male,0,No,No,44,No,DSL,No,No,One year,No,Mailed check,21.16,930.33,Yes
C04519,Male,0,No,No,31,Yes,DSL,No,No internet service,Month-to-month,No,Mailed check,52.72,1608.35,Yes
C04520,Male,0,Yes,No,29,Yes,Fiber optic,No internet service,No internet service,Month-to-month,No,Mailed check,103.51,2896.12,No
C04521,Male,0,No,Yes,71,Yes,Fiber optic,No internet service,Yes,Month-to-month,Yes,Credit card (automatic),108.13,7864.22,No
C04522,Male,1,No,No,31,Yes,DSL,No,No internet service,One year,No,Mailed check,93.64,2894.12,No
C04523,Male,1,No,No,8,Yes,Fiber optic,No,No internet service,Two year,Yes,Electronic check,84.99,625.64,No
C04524,Male,0,Yes,Yes,53,Yes,Fiber optic,No internet service,No internet service,One year,No,Electronic check,99.55,5143.67,Yes
C04525,Female,0,Yes,Yes,51,Yes,DSL,Yes,No,One year,No,Electronic check,88.76,4143.35,No
C04526,Male,0,No,No,15,Yes,DSL,Yes,No,One year,Yes,Mailed check,43.42,635.56,No
C04527,Male,0,No,No,62,Yes,DSL,Yes,Yes,One year,Yes,Electronic check,64.62,4032.75,No
C04528,Male,0,Yes,No,28,Yes,Fiber optic,No internet service,No,Month-to-month,Yes,Bank transfer (automatic),84.07,2302.66,Yes
C04529,Female,0,No,No,11,Yes,Fiber optic,Yes,No,One year,Yes,Credit card (automatic),76.78,817.83,Yes
C04530,Male,0,No,No,12,Yes,DSL,No,No internet service,One year,Yes,Mailed check,106.51,1222.18,Yes
C04531,Male,0,Yes,Yes,52,No,DSL,No,No,Month-to-month,Yes,Mailed check,65.38,3319.37,No
C04532,Male,1,Yes,Yes,15,No,No,No internet service,No internet service,One year,Yes,Bank transfer (automatic),35.8,490.74,No
C04533,Male,0,No,No,34,Yes,No,No,No,Month-to-month,No,Bank transfer (automatic),39.46,1474.17,Yes
C04534,Female,0,Yes,No,53,Yes,Fiber optic,No,No internet service,Month-to-month,Yes,Bank transfer (automatic),102.61,5498.52,No
C04535,Female,0,No,Yes,62,Yes,Fiber optic,Yes,No internet service,Month-to-month,Yes,Credit card (automatic),18.87,1201.8,No
C04536,Female,0,Yes,No,35,Yes,No,No internet service,No internet service,One year,No,Credit card (automatic),104.91,3439.16,No
C04537,Male,1,No,No,66,Yes,DSL,Yes,Yes,Two year,No,Mailed check,23.56,1686.64,Yes
C04538,Female,0,No,No,22,Yes,DSL,Yes,Yes,Month-to-month,No,Mailed check,57.17,1275.64,Yes
C04539,Female,1,Yes,No,63,Yes,Fiber optic,No,No,Month-to-month,Yes,Electronic check,98.02,6069.51,Yes
C04540,Female,0,Yes,Yes,18,Yes,DSL,No,No internet service,Month-to-month,No,Bank transfer (automatic),58.76,1102.78,No
C04541,Female,0,Yes,No,4,Yes,No,No,No internet service,Month-to-month,Yes,Mailed check,100.23,385.23,No
C04542,Female,0,No,No,52,Yes,Fiber optic,Yes,Yes,Two year,No,Bank transfer (automatic),28.03,1584.26,No
C04543,Male,0,Yes,No,55,No,No,Yes,No internet service,Month-to-month,Yes,Mailed check,69.15,3551.71,No
C04544,Male,1,No,No,67,Yes,DSL,Yes,No internet service,Month-to-month,Yes,Bank transfer (automatic),76.25,5449.11,Yes
C04545,Female,0,Yes,No,67,Yes,DSL,No,No internet service,Month-to-month,Yes,Mailed check,107.09,7844.62,No
C04546,Female,0,No,No,7,Yes,No,No internet service,Yes,Two year,No,Bank transfer (automatic),27.36,191.2,No
C04547,Female,0,Yes,No,45,Yes,Fiber optic,Yes,No,Month-to-month,No,Bank transfer (automatic),51.86,2509.5,No
C04548,Male,0,Yes,No,51,Yes,No,No,Yes,One year,No,Credit card (automatic),83.93,3913.65,No
C04549,Female,1,Yes,Yes,43,No,DSL,No,No internet service,Month-to-month,Yes,Electronic check,115.99,5107.86,No
C04550,Male,0,Yes,Yes,1,Yes,DSL,Yes,Yes,Month-to-month,Yes,Bank transfer (automatic),102.83,99.87,Yes
C04551,Male,0,No,Yes,3,Yes,Fiber optic,No,No internet service,One year,Yes,Mailed check,102.65,299.59,Yes
C04552,Female,0,No,Yes,48,Yes,DSL,No internet service,No internet service,Month-to-month,Yes,Bank transfer (automatic),69.72,3313.34,Yes
C04553,Female,0,Yes,No,62,Yes,No,Yes,No internet service,One year,Yes,Bank transfer (automatic),74.43,4703.98,No
C04554,Male,1,No,Yes,13,Yes,DSL,Yes,No internet service,Month-to-month,Yes,Mailed check,103.86,1381.51,No
C04555,Male,0,Yes,No,3,Yes,DSL,No internet service,No,One year,Yes,Mailed check,104.96,300.92,Yes
C04556,Male,1,Yes,No,29,Yes,Fiber optic,No internet service,No,One year,No,Credit card (automatic),98.23,2782.55,No
C04557,Male,0,Yes,Yes,22,Yes,Fiber optic,No,No,One year,Yes,Bank transfer (automatic),99.86,2086.87,Yes
C04558,Female,0,Yes,Yes,71,Yes,DSL,No internet service,No,Month-to-month,No,Bank transfer (automatic),105.96,7722.58,Yes
C04559,Female,0,Yes,Yes,67,Yes,DSL,No,No,One year,Yes,Credit card (automatic),29.38,1811.78,Yes
C04560,Female,0,Yes,No,40,Yes,Fiber optic,No internet service,No,Two year,Yes,Credit card (automatic),47.26,1861.51,No
C04561,Female,0,No,No,69,Yes,DSL,No,Yes,Month-to-month,No,Electronic check,115.61,8740.48,Yes
C04562,Male,0,Yes,No,16,Yes,Fiber optic,No,No,Month-to-month,No,Electronic check,72.48,1273.05,Yes
C04563,Female,0,No,Yes,72,Yes,No,Yes,No,Two year,Yes,Bank transfer (automatic),35.65,2576.02,No
C04564,Female,0,No,No,32,Yes,DSL,No,Yes,Month-to-month,Yes,Mailed check,68.31,2075.51,Yes
C04565,Female,0,No,No,34,Yes,DSL,Yes,No internet service,One year,Yes,Credit card (automatic),82.58,2854.61,No
C04566,Female,1,Yes,No,3,Yes,Fiber optic,Yes,Yes,One year,No,Bank transfer (automatic),100.82,301.76,Yes
C04567,Male,1,Yes,No,12,No,Fiber optic,No internet service,No,Month-to-month,No,Electronic check,99.22,1081.69,No
C04568,Female,0,No,Yes,14,Yes,Fiber optic,No,No,One year,Yes,Credit card (automatic),22.92,352.27,No
C04569,Male,0,No,No,35,Yes,No,Yes,Yes,One year,Yes,Electronic check,63.35,2140.61,No
C04570,Male,0,Yes,No,13,Yes,No,Yes,Yes,Month-to-month,Yes,Credit card (automatic),20.06,255.53,No
C04571,Female,0,No,Yes,7,Yes,DSL,No internet service,No,Two year,No,Credit card (automatic),106.82,749.77,No
C04572,Female,0,Yes,Yes,44,Yes,DSL,No,No,Month-to-month,No,Bank transfer (automatic),35.39,1675.62,No
C04573,Male,0,Yes,No,63,Yes,DSL,No,No internet service,Month-to-month,Yes,Electronic check,80.49,5374.23,Yes
C04574,Female,0,No,No,5,Yes,Fiber optic,Yes,No internet service,Two year,Yes,Bank transfer (automatic),75.06,353.2,No
C04575,Female,0,No,No,40,Yes,DSL,Yes,No internet service,Month-to-month,No,Mailed check,80.55,3361.48,No
C04576,Female,1,No,No,70,Yes,No,No,No internet service,Two year,No,Mailed check,74.34,5593.63,Yes
C04577,Male,0,Yes,No,29,Yes,Fiber optic,Yes,No internet service,Month-to-month,Yes,Bank transfer (automatic),89.56,2708.54,No
C04578,Male,1,Yes,Yes,13,Yes,DSL,No,No,Month-to-month,Yes,Electronic check,80.61,972.31,Yes
C04579,Male,0,No,No,5,Yes,No,No internet service,No,Month-to-month,Yes,Bank transfer (automatic),27.03,136.2,No
C04580,Female,0,Yes,No,68,No,Fiber optic,No internet service,Yes,One year,Yes,Mailed check,54.68,3970.01,No
C04581,Female,0,No,No,29,No,No,No,No internet service,Two year,Yes,Bank transfer (automatic),72.66,1978.86,No
C04582,Male,0,Yes,No,7,Yes,Fiber optic,No,No,Two year,No,Credit card (automatic),50.52,356.37,Yes
C04583,Male,0,No,No,63,Yes,Fiber optic,No internet service,No internet service,Two year,No,Mailed check,94.03,6124.77,No
C04584,Female,0,No,Yes,58,Yes,DSL,No,Yes,One year,No,Mailed check,49.79,2966.0,Yes
C04585,Female,0,Yes,No,51,No,Fiber optic,No internet service,No,One year,No,Credit card (automatic),100.87,4739.62,No
C04586,Female,0,No,No,6,Yes,Fiber optic,No,Yes,Month-to-month,No,Bank transfer (automatic),32.67,187.3,No
C04587,Male,0,Yes,Yes,6,Yes,No,Yes,No,Two year,Yes,Credit card (automatic),94.94,575.58,Yes
C04588,Female,0,No,No,15,Yes,No,Yes,No internet service,One year,Yes,Credit card (automatic),36.35,513.49,No
C04589,Male,0,No,No,11,Yes,No,Yes,Yes,Two year,No,Electronic check,70.8,752.9,No
C04590,Male,0,No,No,38,Yes,Fiber optic,No internet service,No internet service,Month-to-month,No,Electronic check,50.05,1869.6,No
C04591,Female,1,Yes,No,28,Yes,Fiber optic,Yes,No internet service,Month-to-month,No,Electronic check,81.73,2065.83,Yes
C04592,Male,0,No,No,55,No,Fiber optic,Yes,No,One year,Yes,Electronic check,39.27,2164.35,Yes
C04593,Male,0,No,Yes,7,Yes,Fiber optic,No internet service,No internet service,Month-to-month,Yes,Credit card (automatic),97.54,750.34,Yes
C04594,Female,0,Yes,No,53,Yes,DSL,No,No,Month-to-month,No,Bank transfer (automatic),75.36,3920.8,No
C04595,Female,0,No,No,68,Yes,DSL,No internet service,No internet service,Two year,Yes,Electronic check,113.73,7384.54,No
C04596,Female,0,Yes,Yes,9,Yes,DSL,Yes,Yes,Month-to-month,No,Mailed check,89.18,762.97,Yes
C04597,Female,1,Yes,No,47,Yes,Fiber optic,No internet service,Yes,Month-to-month,Yes,Electronic check,78.74,3712.01,Yes
C04598,Female,1,No,No,37,Yes,DSL,No,No,Month-to-month,No,Bank transfer (automatic),100.92,3701.19,No
C04599,Female,0,Yes,Yes,6,No,Fiber optic,Yes,No internet service,Month-to-month,No,Credit card (automatic),39.97,257.18,Yes
C04600,Male,0,No,Yes,21,Yes,DSL,No,Yes,One year,No,Mailed check,81.27,1754.2,No
C04601,Male,0,Yes,No,57,Yes,Fiber optic,Yes,No internet service,Two year,Yes,Bank transfer (automatic),57.04,3185.38,Yes
C04602,Male,1,No,No,63,Yes,DSL,Yes,No internet service,Two year,No,Bank transfer (automatic),92.38,5686.95,No
C04603,Female,0,No,Yes,26,Yes,Fiber optic,Yes,No,One year,No,Bank transfer (automatic),20.45,536.72,No
C04604,Male,0,No,No,7,Yes,No,No internet service,No internet service,One year,No,Credit card (automatic),60.77,404.41,No
C04605,Female,0,Yes,Yes,17,Yes,Fiber optic,No,Yes,Month-to-month,No,Mailed check,83.17,1392.07,No
C04606,Female,0,No,No,61,No,DSL,No internet service,Yes,Two year,No,Mailed check,64.06,3739.66,Yes
C04607,Male,0,Yes,No,41,Yes,Fiber optic,No internet service,No,Month-to-month,Yes,Mailed check,41.8,1719.1,Yes
C04608,Male,0,No,No,31,Yes,No,Yes,No,Month-to-month,Yes,Bank transfer (automatic),64.43,2015.95,Yes
C04609,Female,0,Yes,No,0,Yes,Fiber optic,No internet service,Yes,Two year,Yes,Mailed check,102.97,110.11,Yes
C04610,Male,0,No,Yes,57,Yes,Fiber optic,Yes,Yes,Two year,Yes,Credit card (automatic),38.68,2095.04,No
C04611,Male,0,No,No,33,Yes,Fiber optic,Yes,No,Month-to-month,Yes,Bank transfer (automatic),54.72,1951.93,Yes
C04612,Male,0,No,No,39,Yes,Fiber optic,Yes,Yes,One year,No,Mailed check,117.03,4596.36,No
C04613,Male,0,No,Yes,61,No,No,No,No internet service,Month-to-month,Yes,Mailed check,109.28,6968.5,Yes
C04614,Female,0,Yes,No,41,No,DSL,No internet service,Yes,Month-to-month,Yes,Electronic check,21.4,897.0,No
C04615,Male,0,No,No,67,Yes,No,Yes,No internet service,Month-to-month,Yes,Bank transfer (automatic),71.03,5072.19,No
C04616,Female,0,No,No,40,Yes,Fiber optic,No,Yes,Month-to-month,No,Bank transfer (automatic),24.54,1013.63,No
C04617,Male,1,No,No,25,Yes,Fiber optic,No internet service,No internet service,Month-to-month,No,Electronic check,110.39,2489.89,Yes
C04618,Male,0,Yes,No,67,Yes,Fiber optic,No internet service,No internet service,Month-to-month,No,Bank transfer (automatic),62.15,4072.67,No
C04619,Female,0,No,Yes,46,Yes,DSL,Yes,Yes,Month-to-month,No,Bank transfer (automatic),59.84,2993.97,No
C04620,Female,0,No,No,55,Yes,DSL,No,Yes,Month-to-month,Yes,Mailed check,45.29,2466.76,Yes
C04621,Male,1,Yes,No,16,Yes,DSL,No internet service,No internet service,Two year,Yes,Credit card (automatic),74.88,1276.77,No
C04622,Female,1,No,No,48,Yes,Fiber optic,Yes,No,One year,Yes,Bank transfer (automatic),32.5,1675.12,No
C04623,Female,0,Yes,No,40,Yes,Fiber optic,No internet service,No internet service,Two year,No,Electronic check,97.9,3784.88,Yes
C04624,Male,0,Yes,Yes,7,Yes,No,Yes,No,Month-to-month,Yes,Credit card (automatic),67.12,503.45,Yes
C04625,Female,0,No,No,18,Yes,Fiber optic,No,Yes,One year,Yes,Electronic check,74.65,1310.76,Yes
C04626,Male,0,Yes,No,66,Yes,Fiber optic,Yes,No,Two year,Yes,Electronic check,102.08,6097.72,No
C04627,Female,0,Yes,No,41,Yes,Fiber optic,Yes,No internet service,Month-to-month,Yes,Bank transfer (automatic),36.51,1555.11,No
C04628,Male,0,Yes,No,56,Yes,No,No,Yes,Month-to-month,No,Electronic check,35.52,2116.54,No
C04629,Male,0,Yes,No,12,Yes,DSL,Yes,No,Month-to-month,Yes,Electronic check,60.08,713.98,Yes
C04630,Female,1,Yes,No,15,Yes,DSL,No internet service,No internet service,Month-to-month,Yes,Bank transfer (automatic),96.61,1354.49,Yes
C04631,Male,0,Yes,No,68,Yes,DSL,Yes,No,Month-to-month,Yes,Credit card (automatic),23.85,1659.19,No
C04632,Male,0,Yes,No,30,Yes,No,No,Yes,Month-to-month,Yes,Mailed check,97.52,3065.01,Yes
C04633,Male,0,Yes,No,64,Yes,Fiber optic,No internet service,No,Month-to-month,No,Mailed check,68.08,4492.03,No
C04634,Female,0,No,No,59,Yes,Fiber optic,Yes,No internet service,One year,Yes,Electronic check,74.18,4250.39,No
C04635,Male,0,No,No,24,No,DSL,Yes,No internet service,Month-to-month,No,Credit card (automatic),74.44,1739.51,Yes
C04636,Female,1,No,No,69,Yes,Fiber optic,No,Yes,Month-to-month,Yes,Electronic check,23.62,1645.78,Yes
C04637,Male,0,No,Yes,56,Yes,No,No internet service,No internet service,One year,Yes,Bank transfer (automatic),42.98,2259.29,No
C04638,Female,0,No,No,9,Yes,Fiber optic,No,No internet service,Month-to-month,No,Electronic check,93.53,900.05,Yes
C04639,Female,0,No,Yes,6,Yes,DSL,No internet service,No,Month-to-month,Yes,Bank transfer (automatic),59.23,327.11,Yes
C04640,Female,0,Yes,No,9,Yes,No,No,Yes,Month-to-month,Yes,Electronic check,74.05,664.66,No
C04641,Male,1,No,No,54,No,DSL,No internet service,No,Month-to-month,No,Electronic check,112.49,6511.14,No
C04642,Male,1,Yes,No,10,Yes,Fiber optic,No,No internet service,Month-to-month,Yes,Bank transfer (automatic),22.63,227.63,No
C04643,Female,0,Yes,No,20,No,DSL,Yes,No internet service,Month-to-month,No,Mailed check,62.97,1325.13,Yes
C04644,Female,1,No,No,31,Yes,No,No,No internet service,Month-to-month,No,Credit card (automatic),54.13,1590.63,No
C04645,Male,0,No,Yes,9,No,No,No,No,Two year,Yes,Bank transfer (automatic),28.64,254.95,No
C04646,Male,0,No,No,24,Yes,DSL,Yes,No internet service,Two year,No,Credit card (automatic),113.08,2829.57,No
C04647,Male,0,No,Yes,49,Yes,No,No,No,Month-to-month,Yes,Electronic check,114.15,6027.76,Yes
C04648,Male,0,Yes,Yes,70,Yes,No,No,No internet service,Month-to-month,Yes,Mailed check,49.15,3538.93,No
C04649,Male,0,Yes,Yes,34,Yes,Fiber optic,No,No internet service,Month-to-month,No,Mailed check,112.67,3633.7,No
C04650,Female,0,No,No,54,Yes,Fiber optic,Yes,No,Two year,No,Bank transfer (automatic),21.52,1079.87,No
C04651,Female,1,Yes,No,38,Yes,Fiber optic,No,No internet service,Two year,Yes,Electronic check,116.09,4712.76,No
C04652,Male,0,Yes,No,34,Yes,DSL,No,No internet service,Month-to-month,Yes,Bank transfer (automatic),101.59,3491.39,Yes
C04653,Male,1,No,No,37,Yes,Fiber optic,No internet service,Yes,Month-to-month,Yes,Credit card (automatic),39.43,1366.67,Yes
C04654,Female,0,Yes,Yes,69,Yes,DSL,No,No,Month-to-month,Yes,Electronic check,77.95,5363.14,No
C04655,Female,0,No,Yes,4,No,DSL,No internet service,Yes,Two year,Yes,Mailed check,97.83,362.07,No
C04656,Female,0,No,Yes,37,Yes,Fiber optic,No,No internet service,Two year,Yes,Mailed check,49.93,1701.53,Yes
C04657,Female,0,No,No,3,Yes,DSL,No,No internet service,Month-to-month,No,Credit card (automatic),53.38,173.59,No
C04658,Female,0,No,Yes,63,Yes,Fiber optic,No,No,One year,No,Mailed check,80.9,5142.19,No
C04659,Male,0,Yes,No,43,Yes,Fiber optic,No internet service,Yes,Month-to-month,Yes,Credit card (automatic),32.71,1335.9,No
C04660,Female,0,No,No,3,Yes,DSL,No,No internet service,One year,Yes,Mailed check,29.82,96.28,No
C04661,Female,0,Yes,No,45,Yes,DSL,No internet service,Yes,Two year,No,Credit card (automatic),42.98,2127.08,No
C04662,Female,0,Yes,No,31,Yes,Fiber optic,No internet service,Yes,Month-to-month,No,Credit card (automatic),92.13,3075.49,No
C04663,Female,0,No,Yes,3,Yes,No,Yes,Yes,Month-to-month,Yes,Mailed check,54.66,172.1,Yes
C04664,Male,0,Yes,No,71,Yes,Fiber optic,No,Yes,One year,No,Mailed check,68.74,5331.57,Yes
C04665,Female,0,No,Yes,27,No,No,No internet service,No internet service,Month-to-month,Yes,Credit card (automatic),37.55,952.49,Yes
C04666,Female,0,Yes,No,1,No,No,No,Yes,Two year,Yes,Bank transfer (automatic),37.41,40.24,Yes
C04667,Female,1,No,No,44,Yes,Fiber optic,No,No,Month-to-month,Yes,Bank transfer (automatic),83.05,3550.96,No
C04668,Male,1,Yes,Yes,27,Yes,Fiber optic,Yes,No,Two year,Yes,Mailed check,28.84,705.83,No
C04669,Female,0,Yes,Yes,47,No,Fiber optic,No internet service,No,Month-to-month,No,Bank transfer (automatic),84.78,3612.0,No
C04670,Male,1,Yes,Yes,11,Yes,DSL,No,No internet service,Month-to-month,Yes,Mailed check,58.07,598.89,Yes
C04671,Female,0,Yes,Yes,60,Yes,DSL,Yes,No internet service,Month-to-month,Yes,Credit card (automatic),85.13,5393.31,Yes
C04672,Male,1,No,Yes,30,Yes,DSL,Yes,Yes,Month-to-month,No,Bank transfer (automatic),56.17,1818.79,Yes
C04673,Male,0,No,Yes,30,Yes,DSL,Yes,No internet service,Month-to-month,Yes,Bank transfer (automatic),102.61,2849.25,Yes
C04674,Male,0,No,Yes,58,Yes,DSL,No internet service,No,One year,No,Credit card (automatic),23.56,1460.87,No
C04675,Female,0,No,Yes,40,Yes,DSL,No internet service,Yes,Month-to-month,Yes,Mailed check,107.33,4512.56,Yes
C04676,Male,0,No,No,0,Yes,Fiber optic,Yes,No,Month-to-month,Yes,Electronic check,44.87,40.85,Yes
C04677,Female,0,No,Yes,42,Yes,Fiber optic,Yes,No internet service,Month-to-month,No,Bank transfer (automatic),22.25,977.75,No
C04678,Female,0,No,No,47,Yes,Fiber optic,No internet service,No,Month-to-month,No,Bank transfer (automatic),74.24,3167.14,No
C04679,Female,0,Yes,No,22,Yes,Fiber optic,Yes,No,Two year,Yes,Mailed check,40.44,847.43,No
C04680,Female,1,Yes,No,13,Yes,Fiber optic,No,Yes,Two year,Yes,Bank transfer (automatic),63.92,836.1,Yes
C04681,Female,0,No,Yes,3,Yes,Fiber optic,No internet service,No internet service,Month-to-month,No,Mailed check,98.23,318.81,No
C04682,Female,0,No,No,61,Yes,Fiber optic,No internet service,Yes,One year,Yes,Electronic check,97.15,5458.4,Yes
C04683,Male,0,Yes,No,0,Yes,DSL,No internet service,No,One year,Yes,Credit card (automatic),78.04,75.67,No
C04684,Female,1,No,Yes,42,Yes,No,Yes,No internet service,Two year,Yes,Credit card (automatic),115.79,4937.99,No
C04685,Female,0,Yes,No,61,Yes,Fiber optic,No,No internet service,Month-to-month,Yes,Credit card (automatic),64.38,4115.85,Yes
C04686,Female,0,Yes,Yes,25,Yes,Fiber optic,No,Yes,Month-to-month,No,Bank transfer (automatic),21.94,594.07,Yes
C04687,Female,0,No,No,14,Yes,Fiber optic,No,No internet service,Month-to-month,No,Credit card (automatic),99.94,1390.44,Yes
C04688,Female,0,Yes,No,52,Yes,No,No internet service,No internet service,Two year,Yes,Bank transfer (automatic),40.13,2229.04,No
C04689,Female,0,Yes,No,46,Yes,Fiber optic,No,Yes,One year,No,Credit card (automatic),35.62,1676.87,No
C04690,Female,0,Yes,No,1,Yes,No,Yes,Yes,Month-to-month,No,Electronic check,25.0,23.52,Yes
C04691,Male,0,Yes,No,42,Yes,DSL,Yes,Yes,Month-to-month,No,Mailed check,50.79,2167.13,Yes
C04692,Male,0,No,Yes,0,Yes,No,Yes,Yes,One year,Yes,Mailed check,50.62,48.74,No
C04693,Male,0,Yes,No,29,Yes,No,Yes,Yes,Two year,Yes,Electronic check,48.28,1457.14,No
C04694,Male,0,No,No,22,Yes,DSL,No internet service,Yes,Month-to-month,Yes,Bank transfer (automatic),77.32,1627.74,No
C04695,Female,1,Yes,No,60,Yes,DSL,No,Yes,One year,Yes,Mailed check,93.15,5323.91,No
C04696,Male,0,Yes,No,71,Yes,No,No internet service,No,Month-to-month,No,Mailed check,111.78,8643.29,No
C04697,Female,0,No,No,50,Yes,Fiber optic,Yes,No internet service,Month-to-month,No,Mailed check,27.41,1482.52,No
C04698,Male,0,No,No,53,Yes,DSL,Yes,No internet service,Month-to-month,No,Bank transfer (automatic),33.04,1734.22,No
C04699,Female,0,Yes,Yes,1,Yes,Fiber optic,No internet service,No internet service,One year,Yes,Electronic check,76.98,81.07,No
C04700,Female,0,No,No,4,No,No,No,No,Two year,Yes,Electronic check,27.81,121.96,No
C04701,Male,1,Yes,Yes,56,Yes,No,No internet service,No,Month-to-month,No,Credit card (automatic),55.08,2830.7,No
C04702,Female,0,No,No,31,Yes,DSL,No,No,Month-to-month,No,Bank transfer (automatic),80.46,2547.22,No
C04703,Female,0,No,No,37,Yes,Fiber optic,Yes,No,Month-to-month,No,Credit card (automatic),96.05,3378.64,Yes
C04704,Female,0,Yes,No,50,Yes,Fiber optic,Yes,No internet service,Month-to-month,Yes,Electronic check,39.76,2107.29,No
C04705,Male,0,Yes,No,25,Yes,DSL,Yes,No,Month-to-month,No,Electronic check,84.8,1951.0,Yes
C04706,Male,0,No,No,49,Yes,DSL,No,Yes,Month-to-month,Yes,Mailed check,82.59,4280.67,No
C04707,Female,0,No,No,53,Yes,DSL,Yes,No internet service,Month-to-month,Yes,Bank transfer (automatic),103.96,5179.96,Yes
C04708,Female,0,No,No,17,Yes,DSL,Yes,No,Month-to-month,Yes,Credit card (automatic),49.37,831.91,No
C04709,Male,0,No,Yes,50,Yes,Fiber optic,Yes,No,Month-to-month,No,Electronic check,93.01,4942.38,No
C04710,Male,0,No,No,12,Yes,DSL,No internet service,No internet service,Two year,Yes,Mailed check,93.2,1021.65,Yes
C04711,Female,1,No,No,22,Yes,Fiber optic,No,Yes,Month-to-month,No,Electronic check,41.92,1001.22,No
C04712,Male,0,Yes,No,56,Yes,Fiber optic,No internet service,No internet service,One year,No,Credit card (automatic),80.12,4233.08,No
C04713,Female,0,No,Yes,71,Yes,DSL,No,No internet service,Two year,No,Bank transfer (automatic),85.52,6072.8,No
C04714,Female,0,Yes,Yes,4,Yes,Fiber optic,No,Yes,One year,No,Credit card (automatic),45.44,190.29,Yes
C04715,Male,0,No,Yes,47,Yes,DSL,No,Yes,Month-to-month,No,Bank transfer (automatic),63.18,2745.86,No
C04716,Male,0,No,No,41,Yes,Fiber optic,No,No,Month-to-month,Yes,Credit card (automatic),61.58,2579.69,No
C04717,Female,0,No,No,44,Yes,DSL,Yes,No internet service,One year,Yes,Credit card (automatic),95.35,4208.46,Yes
C04718,Female,0,No,Yes,57,Yes,Fiber optic,No internet service,Yes,Month-to-month,No,Credit card (automatic),18.07,1047.67,No
C04719,Female,0,Yes,No,5,Yes,Fiber optic,Yes,Yes,Month-to-month,Yes,Electronic check,68.1,351.57,No
C04720,Male,0,Yes,Yes,53,Yes,Fiber optic,No internet service,No,Month-to-month,Yes,Credit card (automatic),36.43,1900.14,Yes
C04721,Female,0,Yes,No,20,Yes,DSL,No internet service,Yes,Month-to-month,No,Mailed check,82.68,1587.05,No
C04722,Female,0,Yes,No,11,Yes,No,Yes,No,Month-to-month,Yes,Mailed check,86.04,886.6,Yes
C04723,Female,0,Yes,Yes,32,Yes,Fiber optic,No internet service,No,One year,Yes,Electronic check,68.11,2370.91,No
C04724,Female,0,Yes,Yes,1,Yes,Fiber optic,Yes,No internet service,Month-to-month,Yes,Credit card (automatic),72.2,70.78,Yes
C04725,Female,0,Yes,No,46,Yes,Fiber optic,No internet service,Yes,Month-to-month,Yes,Credit card (automatic),49.51,2178.26,No
C04726,Female,0,No,No,41,Yes,No,No,No internet service,Two year,Yes,Mailed check,49.33,1841.53,No
C04727,Female,0,Yes,No,37,Yes,Fiber optic,No,Yes,Month-to-month,No,Credit card (automatic),92.51,3594.84,Yes
C04728,Female,0,Yes,No,2,Yes,Fiber optic,No internet service,No internet service,One year,Yes,Credit card (automatic),31.17,62.69,No
C04729,Male,1,No,No,55,Yes,Fiber optic,Yes,Yes,Month-to-month,Yes,Bank transfer (automatic),95.15,4909.8,No
C04730,Female,0,Yes,No,2,Yes,Fiber optic,Yes,Yes,Month-to-month,Yes,Mailed check,83.5,180.14,No
C04731,Female,0,Yes,No,19,Yes,Fiber optic,No,No internet service,Two year,Yes,Bank transfer (automatic),106.45,2198.02,No
C04732,Female,1,No,Yes,28,Yes,Fiber optic,Yes,Yes,Month-to-month,Yes,Electronic check,44.01,1326.1,No
C04733,Female,0,Yes,No,51,Yes,Fiber optic,Yes,No internet service,Month-to-month,Yes,Mailed check,68.62,3542.3,Yes
C04734,Female,0,Yes,No,29,Yes,Fiber optic,No internet service,Yes,Two year,Yes,Credit card (automatic),21.9,619.0,Yes
C04735,Female,0,No,Yes,59,Yes,Fiber optic,Yes,Yes,One year,Yes,Mailed check,109.25,6009.87,Yes
C04736,Female,0,No,No,68,Yes,DSL,Yes,Yes,One year,Yes,Bank transfer (automatic),85.54,5673.91,No
C04737,Male,0,No,No,55,Yes,Fiber optic,No internet service,No,Month-to-month,No,Electronic check,80.29,4515.02,No
C04738,Male,0,Yes,No,2,No,Fiber optic,Yes,No,Month-to-month,No,Bank transfer (automatic),91.27,172.56,Yes
C04739,Male,0,Yes,No,56,Yes,Fiber optic,No,Yes,One year,Yes,Mailed check,46.43,2581.34,No
C04740,Female,0,Yes,No,15,Yes,Fiber optic,No internet service,No,Month-to-month,No,Credit card (automatic),78.39,1193.04,Yes
C04741,Female,0,No,Yes,64,Yes,Fiber optic,Yes,No internet service,Month-to-month,Yes,Bank transfer (automatic),98.09,6568.34,No
C04742,Male,0,No,No,71,Yes,DSL,No,No,One year,No,Credit card (automatic),27.03,1762.28,Yes
C04743,Male,0,Yes,No,6,Yes,Fiber optic,No,Yes,Month-to-month,No,Electronic check,113.88,733.43,Yes
C04744,Male,0,Yes,No,7,Yes,DSL,No,No internet service,Month-to-month,No,Credit card (automatic),107.19,743.74,No
C04745,Male,0,Yes,Yes,50,Yes,DSL,Yes,Yes,Month-to-month,Yes,Mailed check,114.3,5808.65,Yes
C04746,Female,0,Yes,No,10,Yes,No,Yes,No internet service,Month-to-month,Yes,Bank transfer (automatic),98.83,1075.33,No
C04747,Male,0,Yes,No,70,Yes,Fiber optic,No,Yes,One year,No,Electronic check,47.43,3099.63,No
C04748,Female,1,Yes,No,39,Yes,DSL,Yes,No internet service,Two year,No,Electronic check,76.16,3198.64,No
C04749,Male,0,Yes,Yes,41,Yes,DSL,No,No,Month-to-month,Yes,Credit card (automatic),30.02,1305.76,Yes
C04750,Female,0,No,No,62,Yes,DSL,No,No internet service,Month-to-month,No,Bank transfer (automatic),93.42,6364.33,Yes
C04751,Male,1,No,Yes,15,Yes,DSL,No,No,Month-to-month,Yes,Bank transfer (automatic),33.36,489.7,Yes
C04752,Female,0,No,No,40,Yes,DSL,No,Yes,Month-to-month,Yes,Bank transfer (automatic),104.68,3874.71,No
C04753,Female,0,No,No,72,Yes,DSL,No internet service,Yes,Month-to-month,Yes,Bank transfer (automatic),42.06,2734.07,No
C04754,Male,0,No,No,1,No,No,No internet service,No internet service,Two year,No,Bank transfer (automatic),34.04,36.03,Yes
C04755,Female,1,No,No,12,Yes,Fiber optic,No,No internet service,Month-to-month,Yes,Credit card (automatic),25.09,279.2,No
C04756,Female,0,No,No,10,Yes,DSL,No,No,Month-to-month,No,Bank transfer (automatic),89.14,856.82,Yes
C04757,Male,0,No,Yes,24,Yes,No,No,No internet service,Two year,Yes,Credit card (automatic),36.62,964.54,No
C04758,Female,0,Yes,No,9,Yes,No,No,No internet service,Month-to-month,Yes,Credit card (automatic),37.77,335.99,No
C04759,Female,0,No,No,12,Yes,DSL,No,Yes,Two year,No,Electronic check,34.97,397.08,Yes
C04760,Male,0,Yes,No,62,Yes,DSL,Yes,No internet service,Month-to-month,No,Mailed check,48.58,3164.51,Yes
C04761,Female,1,Yes,No,33,Yes,DSL,Yes,No internet service,Month-to-month,No,Bank transfer (automatic),112.12,3530.91,No
C04762,Female,0,No,No,26,Yes,Fiber optic,Yes,No internet service,Two year,Yes,Mailed check,66.66,1743.91,No
C04763,Female,0,No,No,30,Yes,Fiber optic,Yes,No,Month-to-month,No,Bank transfer (automatic),44.09,1232.05,No
C04764,Male,0,No,Yes,70,Yes,Fiber optic,No,No,Month-to-month,Yes,Electronic check,35.04,2433.59,No
C04765,Female,1,Yes,No,35,Yes,Fiber optic,Yes,No,Month-to-month,Yes,Mailed check,19.89,641.66,No
C04766,Female,0,Yes,Yes,34,Yes,DSL,No,No,One year,No,Credit card (automatic),54.5,1954.21,No
C04767,Female,0,Yes,Yes,67,Yes,DSL,Yes,Yes,One year,No,Bank transfer (automatic),29.01,1891.24,No
C04768,Male,0,Yes,No,2,Yes,Fiber optic,Yes,No,Month-to-month,No,Mailed check,20.7,39.9,No
C04769,Female,0,Yes,No,34,Yes,Fiber optic,No,Yes,One year,No,Credit card (automatic),28.3,1057.22,No
C04770,Male,0,Yes,Yes,54,Yes,Fiber optic,No,No internet service,One year,No,Bank transfer (automatic),49.85,2869.41,No
C04771,Male,0,No,No,37,Yes,DSL,No internet service,Yes,Month-to-month,Yes,Credit card (automatic),93.09,3481.48,No
C04772,Female,0,No,Yes,63,Yes,No,No internet service,Yes,Month-to-month,No,Bank transfer (automatic),24.7,1694.35,Yes
C04773,Female,0,No,Yes,64,Yes,Fiber optic,Yes,No internet service,Month-to-month,No,Bank transfer (automatic),85.87,5178.47,No
C04774,Male,0,Yes,No,24,Yes,DSL,Yes,No,Month-to-month,Yes,Credit card (automatic),80.05,1949.44,Yes
C04775,Male,1,No,Yes,59,Yes,Fiber optic,No internet service,No,Month-to-month,Yes,Electronic check,106.2,6803.48,Yes
C04776,Male,0,No,Yes,17,Yes,Fiber optic,Yes,Yes,Month-to-month,No,Bank transfer (automatic),36.4,627.43,Yes
C04777,Male,0,Yes,Yes,17,Yes,Fiber optic,No internet service,Yes,Month-to-month,No,Mailed check,97.43,1592.7,Yes
C04778,Male,0,Yes,No,71,No,Fiber optic,No,No,Month-to-month,No,Credit card (automatic),104.49,7881.21,No
C04779,Female,1,No,Yes,0,Yes,Fiber optic,No internet service,Yes,One year,No,Mailed check,115.65,107.3,Yes
C04780,Female,0,No,No,25,Yes,Fiber optic,No,No,Month-to-month,No,Bank transfer (automatic),98.85,2299.25,Yes
C04781,Female,1,Yes,No,45,Yes,DSL,Yes,Yes,Two year,Yes,Electronic check,30.38,1430.29,No
C04782,Male,0,Yes,No,30,Yes,Fiber optic,Yes,No internet service,Two year,No,Bank transfer (automatic),112.71,3090.06,No
C04783,Female,0,No,Yes,61,Yes,DSL,No internet service,No,One year,Yes,Mailed check,99.5,5524.01,No
C04784,Female,0,No,No,18,Yes,No,No,Yes,Two year,No,Electronic check,39.23,689.06,No
C04785,Female,0,No,No,40,Yes,No,No internet service,No,Two year,Yes,Electronic check,34.52,1352.61,No
C04786,Male,0,Yes,No,9,Yes,DSL,No,No,Month-to-month,No,Mailed check,111.64,998.66,No
C04787,Male,0,No,Yes,15,Yes,DSL,No internet service,Yes,One year,No,Credit card (automatic),33.57,527.79,No
C04788,Female,0,Yes,Yes,12,Yes,No,Yes,Yes,Month-to-month,Yes,Mailed check,95.71,1164.34,Yes
C04789,Female,1,Yes,Yes,54,Yes,Fiber optic,Yes,Yes,One year,Yes,Credit card (automatic),58.53,3295.61,No
C04790,Female,0,Yes,No,14,Yes,Fiber optic,No internet service,No internet service,Month-to-month,No,Bank transfer (automatic),90.38,1151.41,Yes
C04791,Female,0,No,No,48,Yes,DSL,Yes,No internet service,Month-to-month,Yes,Bank transfer (automatic),27.19,1257.01,Yes
C04792,Female,0,No,No,25,Yes,DSL,Yes,Yes,Month-to-month,Yes,Mailed check,90.51,2473.82,No
C04793,Male,0,No,No,41,No,DSL,No internet service,No internet service,Two year,Yes,Credit card (automatic),69.19,2795.81,Yes
C04794,Male,0,No,No,63,Yes,No,No internet service,Yes,Month-to-month,Yes,Mailed check,108.04,6428.75,No
C04795,Male,0,No,No,63,Yes,Fiber optic,No internet service,No,Month-to-month,No,Bank transfer (automatic),36.84,2549.34,Yes
C04796,Male,0,Yes,Yes,0,Yes,Fiber optic,Yes,Yes,Month-to-month,No,Credit card (automatic),28.94,28.43,No
C04797,Male,1,Yes,No,57,Yes,No,No internet service,Yes,Month-to-month,Yes,Bank transfer (automatic),37.62,2135.24,Yes
C04798,Female,0,Yes,No,69,Yes,Fiber optic,Yes,No,Two year,No,Mailed check,25.86,1685.77,No
C04799,Male,0,Yes,No,48,Yes,No,No internet service,Yes,One year,Yes,Mailed check,116.02,5743.1,No
C04800,Male,0,Yes,Yes,13,Yes,No,No internet service,Yes,Month-to-month,Yes,Credit card (automatic),30.29,370.71,Yes
C04801,Male,0,No,No,48,No,DSL,No internet service,No internet service,Month-to-month,No,Bank transfer (automatic),38.09,1868.52,Yes
C04802,Male,0,Yes,Yes,46,Yes,No,No,No internet service,Month-to-month,Yes,Credit card (automatic),98.97,4787.02,No
C04803,Female,0,Yes,No,48,Yes,Fiber optic,No internet service,No internet service,Month-to-month,No,Credit card (automatic),42.68,2111.08,Yes
C04804,Female,0,No,No,31,Yes,Fiber optic,Yes,No internet service,Two year,Yes,Mailed check,40.23,1144.96,Yes
C04805,Male,0,No,No,38,Yes,Fiber optic,No internet service,No internet service,One year,Yes,Electronic check,85.23,2966.54,No
C04806,Male,0,Yes,No,47,Yes,DSL,No internet service,Yes,Month-to-month,No,Mailed check,57.88,2906.62,No
C04807,Female,1,No,No,33,No,No,Yes,No internet service,One year,No,Electronic check,101.55,3622.3,Yes
C04808,Male,1,No,No,56,Yes,DSL,No,No,Month-to-month,No,Bank transfer (automatic),81.83,4248.56,No
C04809,Male,0,No,No,51,Yes,Fiber optic,No internet service,No internet service,One year,No,Bank transfer (automatic),46.82,2328.34,Yes
C04810,Male,0,No,No,22,Yes,Fiber optic,No,No internet service,Month-to-month,No,Mailed check,77.79,1764.11,No
C04811,Female,1,No,No,44,Yes,Fiber optic,No internet service,Yes,One year,No,Credit card (automatic),104.65,4913.55,Yes
C04812,Male,0,No,Yes,55,Yes,DSL,Yes,No internet service,Month-to-month,Yes,Electronic check,54.45,3239.71,Yes
C04813,Male,0,No,Yes,35,Yes,DSL,Yes,Yes,Two year,Yes,Electronic check,91.65,3335.21,Yes
C04814,Female,0,No,No,52,Yes,Fiber optic,Yes,No internet service,Month-to-month,No,Bank transfer (automatic),59.58,2879.72,No
C04815,Male,0,No,No,9,Yes,Fiber optic,Yes,No,Month-to-month,No,Electronic check,72.31,685.72,Yes
C04816,Male,0,Yes,No,28,Yes,Fiber optic,No internet service,Yes,Month-to-month,Yes,Bank transfer (automatic),91.37,2742.06,No
C04817,Female,0,No,No,51,Yes,Fiber optic,No internet service,No internet service,Month-to-month,No,Electronic check,24.05,1190.07,No
C04818,Male,0,Yes,Yes,65,Yes,Fiber optic,No,No,Month-to-month,Yes,Mailed check,63.49,4122.02,No
C04819,Male,0,Yes,Yes,47,Yes,No,No internet service,No,One year,No,Bank transfer (automatic),27.52,1207.14,Yes
C04820,Male,0,Yes,No,48,Yes,DSL,No,No internet service,One year,No,Electronic check,90.5,4174.17,No
C04821,Female,0,Yes,No,24,Yes,Fiber optic,Yes,No,Month-to-month,No,Mailed check,78.78,2030.56,No
C04822,Male,0,Yes,Yes,51,Yes,Fiber optic,No internet service,Yes,One year,No,Mailed check,50.69,2372.61,Yes
C04823,Male,0,Yes,Yes,26,Yes,DSL,Yes,No internet service,One year,Yes,Credit card (automatic),25.63,701.35,Yes
C04824,Female,0,Yes,No,3,Yes,DSL,Yes,Yes,Month-to-month,No,Credit card (automatic),110.58,305.04,No
C04825,Male,1,Yes,No,18,Yes,No,Yes,No,Month-to-month,Yes,Electronic check,49.5,854.04,Yes
C04826,Female,1,No,No,44,Yes,DSL,No,No,Month-to-month,No,Credit card (automatic),45.54,2036.79,No
C04827,Male,1,Yes,No,70,Yes,Fiber optic,No,No internet service,Month-to-month,Yes,Credit card (automatic),28.1,1771.6,No
C04828,Female,0,Yes,Yes,36,Yes,DSL,No,Yes,One year,Yes,Credit card (automatic),75.74,2822.28,No
C04829,Male,0,No,No,62,Yes,DSL,No,No,Two year,No,Bank transfer (automatic),44.57,2661.76,No
C04830,Female,0,No,No,56,No,Fiber optic,No internet service,No,One year,Yes,Mailed check,102.29,6013.01,No
C04831,Male,0,Yes,No,40,Yes,Fiber optic,Yes,No,Month-to-month,No,Electronic check,86.28,3779.23,No
C04832,Male,0,Yes,No,58,Yes,Fiber optic,No,No,One year,No,Electronic check,18.39,1048.81,No
C04833,Female,0,No,No,29,Yes,DSL,Yes,No,One year,Yes,Credit card (automatic),74.57,1959.25,No
C04834,Male,0,Yes,No,32,Yes,Fiber optic,No internet service,No,Month-to-month,No,Credit card (automatic),41.18,1409.71,No
C04835,Female,0,No,Yes,53,No,No,No internet service,Yes,Two year,No,Bank transfer (automatic),19.54,988.93,No
C04836,Female,0,Yes,No,46,Yes,Fiber optic,No,Yes,Month-to-month,No,Credit card (automatic),79.94,3418.82,Yes
C04837,Male,0,Yes,Yes,38,Yes,No,No internet service,No internet service,Month-to-month,No,Bank transfer (automatic),38.49,1573.55,Yes
C04838,Female,0,Yes,Yes,31,Yes,DSL,Yes,No,Month-to-month,No,Electronic check,107.96,3167.73,Yes
C04839,Male,0,No,No,71,No,Fiber optic,Yes,No,Month-to-month,Yes,Bank transfer (automatic),75.34,5461.78,Yes
C04840,Male,0,Yes,No,4,Yes,Fiber optic,No,No internet service,Two year,No,Mailed check,38.92,148.02,Yes
C04841,Female,1,No,Yes,4,Yes,No,No,Yes,Month-to-month,No,Bank transfer (automatic),115.91,483.34,No
C04842,Female,0,No,Yes,34,Yes,Fiber optic,Yes,No internet service,Month-to-month,No,Bank transfer (automatic),72.64,2543.23,Yes
C04843,Female,0,Yes,No,2,Yes,DSL,No,Yes,Month-to-month,Yes,Credit card (automatic),34.55,69.23,Yes
C04844,Female,0,No,No,24,Yes,Fiber optic,Yes,Yes,Month-to-month,No,Bank transfer (automatic),69.72,1691.69,No
C04845,Female,1,No,No,41,Yes,No,No,Yes,Month-to-month,Yes,Credit card (automatic),113.93,4416.31,No
C04846,Female,0,Yes,Yes,29,Yes,No,No,Yes,Month-to-month,Yes,Bank transfer (automatic),60.42,1584.65,Yes
C04847,Male,1,Yes,No,14,Yes,No,Yes,No,One year,Yes,Electronic check,60.53,898.39,Yes
C04848,Female,1,Yes,No,20,Yes,Fiber optic,Yes,No internet service,Month-to-month,No,Credit card (automatic),64.11,1382.03,Yes
C04849,Male,0,Yes,Yes,44,No,DSL,No,Yes,One year,Yes,Electronic check,46.01,2136.95,Yes
C04850,Female,0,No,No,69,Yes,DSL,No,Yes,Month-to-month,No,Electronic check,34.18,2456.49,No
C04851,Female,0,Yes,Yes,57,Yes,Fiber optic,No internet service,Yes,One year,No,Credit card (automatic),75.89,4301.44,Yes
C04852,Male,0,Yes,Yes,39,Yes,DSL,No,No,Two year,No,Credit card (automatic),107.42,4259.68,No
C04853,Female,1,No,No,10,Yes,Fiber optic,No internet service,No,Month-to-month,Yes,Electronic check,91.57,950.79,No
C04854,Male,1,Yes,No,17,No,Fiber optic,No internet service,Yes,Month-to-month,Yes,Mailed check,27.62,425.05,Yes
C04855,Male,0,Yes,No,32,Yes,DSL,No,No internet service,Two year,Yes,Electronic check,58.08,1830.19,Yes
C04856,Female,0,No,No,18,Yes,DSL,Yes,No,Month-to-month,No,Bank transfer (automatic),18.53,315.17,No
C04857,Male,0,No,No,50,Yes,No,No,Yes,One year,Yes,Mailed check,48.79,2373.36,No
C04858,Female,0,No,No,26,Yes,Fiber optic,No,No internet service,Month-to-month,No,Bank transfer (automatic),84.94,2318.52,No
C04859,Male,0,No,No,60,Yes,DSL,No,No,Month-to-month,Yes,Mailed check,47.02,2744.12,No
C04860,Female,0,Yes,Yes,19,Yes,No,No internet service,Yes,Month-to-month,No,Bank transfer (automatic),102.06,2031.87,No
C04861,Male,1,No,Yes,36,Yes,No,No,No internet service,Two year,No,Mailed check,65.74,2589.97,No
C04862,Male,0,No,No,52,Yes,Fiber optic,No,No,Month-to-month,Yes,Mailed check,84.92,4789.76,Yes
C04863,Female,0,No,Yes,15,Yes,Fiber optic,No internet service,No internet service,One year,No,Mailed check,106.39,1700.45,No
C04864,Male,0,Yes,No,55,Yes,DSL,No,No,One year,Yes,Electronic check,86.28,5080.42,No
C04865,Female,0,Yes,No,42,No,No,Yes,No internet service,Month-to-month,Yes,Mailed check,107.73,4428.68,Yes
C04866,Female,0,No,No,47,Yes,DSL,Yes,Yes,Month-to-month,No,Credit card (automatic),98.81,4859.17,No
C04867,Female,0,No,No,33,Yes,DSL,Yes,Yes,Month-to-month,No,Mailed check,74.71,2547.78,Yes
C04868,Male,0,Yes,No,68,Yes,DSL,Yes,No internet service,Month-to-month,No,Electronic check,47.72,3558.35,No
C04869,Male,1,Yes,No,56,Yes,DSL,No,No internet service,One year,No,Bank transfer (automatic),47.81,2717.47,Yes
C04870,Female,0,No,Yes,14,Yes,DSL,Yes,Yes,Month-to-month,Yes,Electronic check,105.53,1456.67,No
C04871,Male,0,No,No,40,Yes,Fiber optic,No internet service,Yes,Month-to-month,No,Bank transfer (automatic),23.39,998.71,No
C04872,Male,0,No,No,65,Yes,DSL,No,No,One year,No,Electronic check,112.14,7652.93,No
C04873,Male,0,Yes,No,20,Yes,Fiber optic,Yes,Yes,One year,No,Electronic check,50.71,938.11,No
C04874,Female,0,Yes,No,39,Yes,No,No,No internet service,Month-to-month,Yes,Bank transfer (automatic),91.89,3652.72,Yes
C04875,Male,0,No,No,55,Yes,DSL,Yes,No,One year,Yes,Credit card (automatic),51.0,2856.78,No
C04876,Male,0,No,Yes,19,Yes,Fiber optic,Yes,Yes,Month-to-month,No,Bank transfer (automatic),113.33,2209.95,Yes
C04877,Male,1,Yes,No,37,Yes,DSL,No,No,One year,Yes,Electronic check,21.65,871.78,No
C04878,Female,0,Yes,No,40,Yes,Fiber optic,No internet service,Yes,Month-to-month,Yes,Bank transfer (automatic),53.33,2176.73,No
C04879,Male,0,No,Yes,12,Yes,DSL,No,No internet service,Month-to-month,No,Electronic check,104.75,1350.02,Yes
C04880,Male,0,No,No,12,Yes,No,No,No,Month-to-month,Yes,Electronic check,45.41,529.49,No
C04881,Male,0,No,No,41,Yes,DSL,No internet service,No,One year,Yes,Electronic check,45.56,1702.6,No
C04882,Female,0,Yes,Yes,13,Yes,DSL,No internet service,Yes,One year,Yes,Credit card (automatic),107.88,1367.44,No
C04883,Male,0,Yes,No,69,Yes,Fiber optic,No,No,Month-to-month,Yes,Credit card (automatic),101.06,7018.7,No
C04884,Male,1,Yes,No,38,No,Fiber optic,No,Yes,Two year,Yes,Electronic check,28.58,1158.44,No
C04885,Male,0,No,Yes,51,Yes,Fiber optic,No,Yes,Two year,No,Mailed check,76.02,3979.26,No
C04886,Female,0,No,No,28,Yes,DSL,No,No,Month-to-month,No,Credit card (automatic),40.34,1116.46,Yes
C04887,Female,0,No,No,21,Yes,Fiber optic,No internet service,Yes,One year,No,Mailed check,39.51,823.38,Yes
C04888,Female,0,Yes,Yes,35,Yes,No,Yes,No,Month-to-month,No,Mailed check,79.54,3060.43,No
C04889,Male,0,Yes,No,51,Yes,Fiber optic,No internet service,No internet service,Two year,No,Mailed check,30.39,1438.71,Yes
C04890,Male,0,Yes,No,29,Yes,DSL,No internet service,No internet service,Month-to-month,Yes,Bank transfer (automatic),64.98,1773.43,No
C04891,Male,1,No,No,20,Yes,No,No,Yes,Month-to-month,Yes,Electronic check,43.58,893.44,No
C04892,Male,0,No,No,10,Yes,Fiber optic,Yes,No,Month-to-month,Yes,Bank transfer (automatic),103.39,1075.55,No
C04893,Female,0,Yes,No,39,Yes,Fiber optic,Yes,No internet service,Month-to-month,No,Mailed check,73.45,2804.38,No
C04894,Female,0,No,Yes,49,Yes,DSL,Yes,No,One year,No,Bank transfer (automatic),39.51,1754.83,No
C04895,Female,0,Yes,No,38,Yes,DSL,Yes,No internet service,Month-to-month,Yes,Bank transfer (automatic),110.65,4223.21,No
C04896,Female,0,Yes,No,18,Yes,Fiber optic,No,No internet service,Month-to-month,No,Credit card (automatic),100.29,1676.82,No
C04897,Female,0,No,No,18,Yes,Fiber optic,Yes,No internet service,Month-to-month,Yes,Bank transfer (automatic),44.53,730.37,No
C04898,Male,0,Yes,No,27,Yes,Fiber optic,Yes,No internet service,Two year,Yes,Credit card (automatic),114.11,2985.31,No
C04899,Female,0,No,No,25,Yes,Fiber optic,No internet service,Yes,Two year,Yes,Electronic check,44.77,1037.69,Yes
C04900,Male,0,No,Yes,14,Yes,DSL,No internet service,No,Month-to-month,No,Bank transfer (automatic),47.26,653.57,Yes
C04901,Male,0,No,No,68,Yes,No,Yes,No,Month-to-month,Yes,Mailed check,56.6,4050.24,Yes
C04902,Female,0,No,No,24,Yes,DSL,Yes,No,Month-to-month,No,Electronic check,34.48,752.55,No
C04903,Male,0,No,No,18,Yes,No,Yes,No,Two year,No,Bank transfer (automatic),86.7,1560.57,No
C04904,Female,0,No,No,44,Yes,Fiber optic,Yes,No internet service,One year,Yes,Bank transfer (automatic),73.73,3242.16,No
C04905,Female,0,No,No,58,Yes,Fiber optic,No,No,One year,Yes,Credit card (automatic),107.45,5611.1,No
C04906,Female,0,No,Yes,33,Yes,DSL,Yes,No internet service,Two year,No,Credit card (automatic),42.09,1455.15,No
C04907,Female,0,Yes,No,48,Yes,DSL,Yes,No internet service,Month-to-month,No,Mailed check,35.02,1543.03,No
C04908,Male,0,No,Yes,6,No,No,Yes,Yes,One year,Yes,Credit card (automatic),53.86,351.08,No
C04909,Male,0,No,Yes,38,Yes,No,No internet service,No,Month-to-month,No,Mailed check,32.61,1273.72,No
C04910,Male,0,Yes,No,4,Yes,Fiber optic,No internet service,No,Month-to-month,Yes,Bank transfer (automatic),112.62,431.36,Yes
C04911,Female,0,No,No,10,Yes,Fiber optic,No internet service,No,Month-to-month,No,Electronic check,89.74,973.73,No
C04912,Male,0,Yes,No,43,Yes,Fiber optic,No internet service,Yes,Month-to-month,No,Mailed check,97.62,4114.09,No
C04913,Female,1,Yes,No,14,Yes,Fiber optic,No internet service,No internet service,Two year,Yes,Bank transfer (automatic),92.8,1236.91,Yes
C04914,Male,0,No,No,2,Yes,No,No internet service,No internet service,Month-to-month,No,Mailed check,42.28,82.61,No
C04915,Male,0,Yes,Yes,13,No,Fiber optic,No internet service,No,Two year,Yes,Mailed check,32.07,426.21,No
C04916,Female,1,Yes,No,56,No,No,No internet service,No internet service,One year,Yes,Mailed check,60.94,3565.25,No
C04917,Female,0,No,Yes,42,Yes,Fiber optic,Yes,No internet service,One year,Yes,Bank transfer (automatic),100.9,4374.95,No
C04918,Male,0,Yes,No,27,Yes,No,Yes,Yes,Two year,No,Bank transfer (automatic),51.05,1494.47,Yes
C04919,Male,0,Yes,No,71,Yes,No,No,Yes,Month-to-month,Yes,Electronic check,18.96,1468.98,No
C04920,Male,0,Yes,Yes,28,No,Fiber optic,No,No internet service,Month-to-month,No,Bank transfer (automatic),84.01,2209.76,Yes
C04921,Female,0,Yes,Yes,64,Yes,Fiber optic,No,Yes,Month-to-month,No,Credit card (automatic),38.01,2633.35,No
C04922,Male,0,No,Yes,25,Yes,Fiber optic,No,No internet service,Month-to-month,No,Bank transfer (automatic),72.28,1664.85,Yes
C04923,Male,0,No,No,1,Yes,Fiber optic,No,No internet service,Two year,No,Electronic check,19.49,21.27,No
C04924,Male,0,No,No,8,Yes,DSL,No internet service,No internet service,Month-to-month,No,Credit card (automatic),68.88,524.52,No
C04925,Female,1,No,No,19,Yes,Fiber optic,No internet service,No internet service,Month-to-month,Yes,Mailed check,57.36,1038.79,Yes
C04926,Female,0,No,No,13,Yes,DSL,No internet service,No internet service,Month-to-month,No,Mailed check,106.04,1356.89,No
C04927,Female,1,Yes,No,11,Yes,DSL,No internet service,Yes,Month-to-month,No,Electronic check,90.18,928.84,No
C04928,Female,0,Yes,No,27,Yes,Fiber optic,Yes,Yes,One year,No,Bank transfer (automatic),21.6,621.43,No
C04929,Male,0,No,Yes,71,Yes,Fiber optic,Yes,No internet service,Month-to-month,Yes,Credit card (automatic),96.95,6366.83,Yes
C04930,Female,0,No,No,14,Yes,Fiber optic,No,Yes,One year,Yes,Credit card (automatic),97.12,1343.17,Yes
C04931,Female,1,No,No,17,Yes,Fiber optic,No internet service,Yes,One year,No,Mailed check,84.34,1550.53,No
C04932,Male,1,Yes,No,72,Yes,No,No,No,One year,Yes,Bank transfer (automatic),110.93,8203.23,No
C04933,Male,0,Yes,Yes,14,Yes,Fiber optic,Yes,Yes,Month-to-month,Yes,Mailed check,98.33,1406.13,Yes
C04934,Female,0,No,No,60,No,No,No internet service,No internet service,One year,No,Mailed check,39.89,2630.18,No
C04935,Male,0,Yes,No,45,Yes,DSL,No,No internet service,Month-to-month,Yes,Electronic check,56.15,2285.47,No
C04936,Female,0,No,Yes,67,Yes,DSL,No internet service,No,Month-to-month,No,Mailed check,52.99,3422.37,No
C04937,Female,0,No,Yes,40,Yes,DSL,No,No internet service,One year,No,Mailed check,68.49,2534.14,No
C04938,Female,0,Yes,No,43,Yes,No,No internet service,No,One year,Yes,Mailed check,113.37,4567.38,No
C04939,Female,0,Yes,No,16,Yes,Fiber optic,Yes,No internet service,Month-to-month,No,Electronic check,79.56,1200.66,Yes
C04940,Male,0,No,No,41,Yes,Fiber optic,No internet service,No,Two year,No,Electronic check,49.29,2072.18,No
C04941,Male,1,No,No,48,Yes,No,No internet service,No,Month-to-month,No,Electronic check,112.15,5137.84,Yes
C04942,Male,0,Yes,No,72,Yes,Fiber optic,No internet service,No,One year,Yes,Bank transfer (automatic),88.03,6546.29,No
C04943,Male,1,Yes,No,7,Yes,No,No,Yes,Two year,No,Electronic check,44.61,327.14,Yes
C04944,Female,0,Yes,Yes,11,Yes,DSL,No internet service,Yes,Month-to-month,No,Electronic check,108.65,1171.7,Yes
C04945,Female,0,Yes,No,1,Yes,No,No internet service,No,Two year,Yes,Credit card (automatic),52.42,52.8,Yes
C04946,Female,0,No,Yes,57,Yes,Fiber optic,Yes,No internet service,One year,Yes,Mailed check,69.62,3676.34,No
C04947,Female,1,No,No,6,Yes,DSL,No,Yes,One year,No,Electronic check,65.92,415.5,No
C04948,Male,0,No,No,66,Yes,DSL,No internet service,No,One year,No,Bank transfer (automatic),110.36,7165.94,No
C04949,Female,0,No,No,26,No,Fiber optic,No internet service,No,One year,Yes,Bank transfer (automatic),44.57,1236.38,No
C04950,Female,0,No,Yes,21,Yes,Fiber optic,No,No internet service,Month-to-month,No,Electronic check,51.33,1083.58,No
C04951,Female,0,Yes,Yes,71,Yes,DSL,Yes,Yes,One year,No,Mailed check,84.02,6200.18,No
C04952,Female,0,Yes,No,52,Yes,DSL,Yes,Yes,Month-to-month,No,Credit card (automatic),106.66,5389.45,No
C04953,Female,0,No,No,39,Yes,Fiber optic,Yes,No internet service,Two year,No,Mailed check,29.49,1120.61,Yes
C04954,Female,0,Yes,No,64,Yes,DSL,No,Yes,Month-to-month,Yes,Bank transfer (automatic),38.99,2463.67,No
C04955,Male,1,Yes,No,55,Yes,No,Yes,Yes,Month-to-month,Yes,Credit card (automatic),112.8,6372.79,Yes
C04956,Male,0,Yes,Yes,46,Yes,No,No,No,Two year,Yes,Bank transfer (automatic),95.73,4409.33,No
C04957,Female,0,No,No,23,No,DSL,Yes,Yes,Month-to-month,Yes,Electronic check,52.61,1283.67,No
C04958,Female,0,No,Yes,71,Yes,No,No,Yes,Month-to-month,No,Bank transfer (automatic),53.76,3477.1,No
C04959,Male,1,No,No,52,Yes,Fiber optic,Yes,Yes,One year,Yes,Bank transfer (automatic),64.95,3647.96,Yes
C04960,Female,0,No,No,69,Yes,DSL,No,No,Month-to-month,Yes,Credit card (automatic),85.38,6393.2,No
C04961,Male,0,No,No,70,Yes,No,No,Yes,Month-to-month,No,Credit card (automatic),74.1,4921.5,No
C04962,Male,0,No,No,40,Yes,DSL,No,No internet service,Month-to-month,Yes,Bank transfer (automatic),95.61,3519.04,No
C04963,Female,1,Yes,Yes,26,Yes,Fiber optic,No internet service,Yes,Month-to-month,Yes,Mailed check,23.42,617.67,Yes
C04964,Female,0,Yes,Yes,69,No,Fiber optic,No internet service,Yes,Month-to-month,No,Credit card (automatic),99.9,6292.26,No
C04965,Female,0,Yes,No,72,Yes,No,No,No internet service,Month-to-month,No,Mailed check,23.81,1621.65,No
C04966,Male,0,No,No,8,Yes,DSL,Yes,Yes,Month-to-month,Yes,Mailed check,106.1,850.08,No
C04967,Male,0,Yes,No,46,Yes,Fiber optic,No internet service,Yes,Month-to-month,Yes,Bank transfer (automatic),22.33,1050.56,No
C04968,Male,0,No,No,43,Yes,No,No internet service,No,Month-to-month,Yes,Mailed check,30.78,1242.62,No
C04969,Female,0,No,No,54,Yes,No,No internet service,Yes,One year,No,Mailed check,36.02,2113.42,No
C04970,Female,0,Yes,No,71,Yes,DSL,No,No internet service,One year,No,Bank transfer (automatic),40.31,2679.6,No
C04971,Female,0,Yes,No,18,Yes,DSL,No,No,Month-to-month,Yes,Mailed check,58.18,974.7,Yes
C04972,Male,0,Yes,Yes,71,Yes,DSL,No internet service,Yes,Month-to-month,No,Mailed check,83.55,5531.42,Yes
C04973,Male,0,No,No,46,Yes,DSL,Yes,Yes,Two year,Yes,Mailed check,107.26,5357.81,No
C04974,Male,0,No,Yes,6,Yes,No,No,No,One year,Yes,Mailed check,70.45,454.72,No
C04975,Male,0,No,Yes,37,Yes,DSL,No internet service,No,Month-to-month,No,Bank transfer (automatic),71.25,2390.05,No
C04976,Female,0,Yes,No,9,Yes,No,No internet service,Yes,Month-to-month,No,Electronic check,49.93,469.74,Yes
C04977,Male,0,Yes,No,69,No,DSL,No internet service,Yes,Month-to-month,Yes,Credit card (automatic),98.07,6189.6,Yes
C04978,Female,0,No,No,55,Yes,DSL,No internet service,No,Two year,Yes,Mailed check,29.05,1462.04,Yes
C04979,Male,0,No,No,66,Yes,Fiber optic,Yes,Yes,Two year,Yes,Credit card (automatic),48.11,2906.01,No
C04980,Female,1,Yes,No,43,Yes,Fiber optic,No,No,Two year,Yes,Mailed check,27.7,1269.62,Yes
C04981,Male,0,No,No,28,Yes,DSL,No internet service,No internet service,Month-to-month,Yes,Bank transfer (automatic),39.42,1087.74,No
C04982,Male,0,Yes,Yes,31,Yes,No,Yes,No,Month-to-month,Yes,Credit card (automatic),76.66,2403.57,No
C04983,Male,0,Yes,Yes,69,Yes,DSL,No,No internet service,Month-to-month,No,Credit card (automatic),30.6,1913.27,No
C04984,Female,0,No,No,11,Yes,No,No,No,Month-to-month,Yes,Bank transfer (automatic),28.06,333.41,No
C04985,Male,0,Yes,No,64,Yes,DSL,No internet service,Yes,Month-to-month,No,Mailed check,100.59,7058.39,No
C04986,Male,0,Yes,No,30,No,Fiber optic,No,No,One year,No,Mailed check,29.83,847.5,No
C04987,Male,0,No,No,43,Yes,Fiber optic,No internet service,No,Month-to-month,Yes,Bank transfer (automatic),78.81,3494.91,No
C04988,Male,0,No,No,48,Yes,Fiber optic,No,No internet service,Two year,No,Bank transfer (automatic),53.2,2644.92,No
C04989,Male,0,Yes,Yes,5,No,Fiber optic,No,No,Month-to-month,No,Bank transfer (automatic),107.64,588.39,Yes
C04990,Male,0,Yes,No,10,Yes,DSL,No internet service,Yes,Month-to-month,Yes,Electronic check,88.76,884.72,No
C04991,Female,0,No,No,11,Yes,DSL,No internet service,No,Two year,Yes,Bank transfer (automatic),23.94,249.54,Yes
C04992,Female,0,Yes,No,56,Yes,Fiber optic,No internet service,No,One year,No,Mailed check,107.55,5854.5,No
C04993,Male,0,Yes,No,5,Yes,Fiber optic,No internet service,No internet service,Month-to-month,Yes,Bank transfer (automatic),59.39,305.24,No
C04994,Female,1,Yes,Yes,44,Yes,No,No,No,One year,No,Mailed check,47.82,2092.5,No
C04995,Male,0,Yes,No,7,Yes,DSL,Yes,No,Month-to-month,Yes,Bank transfer (automatic),85.28,546.74,Yes
C04996,Male,0,No,No,56,Yes,DSL,Yes,No internet service,Month-to-month,Yes,Electronic check,89.8,5337.94,Yes
C04997,Male,0,Yes,No,71,Yes,DSL,No internet service,No,Month-to-month,No,Bank transfer (automatic),48.33,3681.42,No
C04998,Female,0,Yes,No,30,Yes,Fiber optic,No internet service,No,Month-to-month,Yes,Credit card (automatic),53.17,1588.19,Yes
C04999,Female,0,No,No,15,Yes,DSL,Yes,No,One year,Yes,Electronic check,33.63,506.82,No
C05000,Female,0,Yes,No,32,No,Fiber optic,Yes,Yes,Month-to-month,Yes,Mailed check,77.34,2470.71,No
C05001,Female,0,Yes,No,50,No,Fiber optic,No,Yes,One year,Yes,Credit card (automatic),113.69,5718.32,No
C05002,Male,0,Yes,Yes,53,Yes,Fiber optic,No,Yes,One year,Yes,Mailed check,59.66,2910.68,No
C05003,Male,0,Yes,No,46,Yes,Fiber optic,No,Yes,Month-to-month,No,Bank transfer (automatic),117.62,5338.7,No
C05004,Female,0,No,Yes,42,Yes,Fiber optic,Yes,Yes,Month-to-month,Yes,Bank transfer (automatic),35.64,1481.28,Yes
C05005,Female,0,No,No,46,Yes,No,Yes,No internet service,Month-to-month,Yes,Bank transfer (automatic),97.61,4937.01,No
C05006,Female,0,Yes,Yes,15,No,Fiber optic,No,No,One year,Yes,Bank transfer (automatic),110.81,1512.11,No
C05007,Male,0,Yes,No,15,Yes,No,No,No internet service,One year,No,Electronic check,86.81,1253.23,Yes
C05008,Female,0,No,Yes,67,Yes,Fiber optic,No,No,One year,No,Credit card (automatic),28.93,1936.76,No
C05009,Female,0,Yes,No,42,Yes,Fiber optic,Yes,Yes,Month-to-month,No,Bank transfer (automatic),50.65,2275.03,Yes
C05010,Male,0,Yes,Yes,62,Yes,No,No internet service,Yes,Month-to-month,Yes,Bank transfer (automatic),26.57,1634.57,Yes
C05011,Female,1,No,Yes,45,Yes,No,No internet service,Yes,Month-to-month,Yes,Electronic check,78.17,3370.62,Yes
C05012,Female,0,Yes,Yes,33,Yes,DSL,No internet service,Yes,Month-to-month,Yes,Credit card (automatic),117.81,3915.15,Yes
C05013,Female,0,No,No,41,Yes,Fiber optic,No,No,One year,Yes,Credit card (automatic),55.48,2182.34,No
C05014,Male,0,Yes,Yes,50,Yes,DSL,No,No internet service,Month-to-month,Yes,Bank transfer (automatic),34.29,1731.07,Yes
C05015,Female,0,No,No,13,Yes,DSL,No internet service,No,Month-to-month,Yes,Electronic check,44.86,605.32,No
C05016,Female,0,Yes,No,33,Yes,No,No internet service,No,Month-to-month,No,Credit card (automatic),75.08,2492.89,Yes
C05017,Female,0,Yes,No,52,Yes,No,No,Yes,Month-to-month,No,Mailed check,74.9,3980.2,Yes
C05018,Male,0,No,Yes,6,Yes,Fiber optic,No,No internet service,One year,Yes,Mailed check,40.98,223.2,Yes
C05019,Male,0,No,Yes,5,Yes,Fiber optic,No internet service,Yes,Month-to-month,No,Mailed check,93.07,480.13,No
C05020,Male,0,No,No,11,Yes,Fiber optic,No,Yes,Two year,Yes,Electronic check,26.8,322.49,No
C05021,Male,1,No,No,43,Yes,No,No,No internet service,Two year,No,Electronic check,80.3,3447.13,No
C05022,Female,0,No,Yes,17,Yes,No,No,No,Two year,No,Mailed check,60.57,1092.03,No
C05023,Male,0,No,Yes,31,Yes,No,No internet service,No internet service,One year,No,Bank transfer (automatic),30.72,961.63,No
C05024,Male,0,No,No,9,Yes,Fiber optic,No,Yes,One year,Yes,Bank transfer (automatic),81.44,762.86,No
C05025,Female,0,No,Yes,18,No,DSL,No,No internet service,One year,No,Mailed check,85.3,1477.03,No
C05026,Female,0,No,No,1,Yes,DSL,No internet service,Yes,Month-to-month,Yes,Mailed check,62.0,67.79,No
C05027,Female,0,Yes,No,58,Yes,DSL,No internet service,No,Month-to-month,Yes,Credit card (automatic),97.8,5349.24,No
C05028,Female,0,Yes,No,34,Yes,Fiber optic,No internet service,No,One year,Yes,Electronic check,68.93,2183.83,No
C05029,Female,0,Yes,No,12,Yes,DSL,No internet service,No internet service,Month-to-month,No,Electronic check,46.58,508.15,No
C05030,Male,0,Yes,No,38,No,Fiber optic,No internet service,Yes,Month-to-month,No,Mailed check,113.36,4343.17,No
C05031,Female,0,Yes,No,68,Yes,No,No internet service,No internet service,Two year,No,Mailed check,112.4,7824.96,Yes
C05032,Female,0,No,No,60,No,No,No internet service,No internet service,Month-to-month,No,Mailed check,27.56,1703.05,No
C05033,Male,0,Yes,Yes,64,Yes,DSL,No,Yes,Month-to-month,Yes,Electronic check,112.61,6734.59,Yes
C05034,Male,0,No,No,29,Yes,DSL,No internet service,No,One year,No,Bank transfer (automatic),95.55,2854.87,No
C05035,Male,0,No,No,26,No,No,No,No internet service,Month-to-month,Yes,Bank transfer (automatic),28.66,695.25,Yes
C05036,Female,0,No,No,23,Yes,No,No internet service,Yes,Two year,No,Mailed check,69.93,1690.42,No
C05037,Male,0,No,No,22,Yes,No,No internet service,Yes,Month-to-month,Yes,Credit card (automatic),21.5,451.74,Yes
C05038,Male,0,No,No,67,Yes,No,No internet service,No,Two year,No,Electronic check,76.89,5071.31,No
C05039,Female,1,No,No,10,Yes,DSL,No internet service,No internet service,One year,No,Mailed check,111.32,1083.64,Yes
C05040,Male,0,Yes,No,62,Yes,No,No internet service,No internet service,Month-to-month,Yes,Mailed check,54.82,3308.92,No
C05041,Male,0,No,No,66,Yes,DSL,No internet service,No,Month-to-month,No,Mailed check,68.86,4745.59,Yes
C05042,Female,0,No,Yes,61,Yes,DSL,No,No internet service,Month-to-month,No,Electronic check,40.76,2733.89,No
C05043,Male,0,Yes,Yes,45,Yes,Fiber optic,No,No internet service,Month-to-month,No,Credit card (automatic),72.09,3261.78,No
C05044,Female,0,No,No,62,Yes,No,Yes,Yes,Month-to-month,Yes,Bank transfer (automatic),98.26,5971.54,No
C05045,Female,0,Yes,No,2,Yes,Fiber optic,No,No,Two year,Yes,Credit card (automatic),39.53,75.8,No
C05046,Male,0,No,No,59,Yes,DSL,No internet service,No internet service,Month-to-month,Yes,Mailed check,73.35,4435.39,No
C05047,Female,0,No,No,37,Yes,No,No,Yes,Two year,No,Bank transfer (automatic),53.46,1958.71,No
C05048,Male,1,No,No,69,Yes,DSL,Yes,Yes,Month-to-month,Yes,Bank transfer (automatic),92.79,6751.88,Yes
C05049,Male,0,Yes,No,6,Yes,Fiber optic,Yes,Yes,Two year,No,Bank transfer (automatic),88.2,540.49,No
C05050,Female,0,Yes,No,67,Yes,Fiber optic,No,No internet service,Month-to-month,Yes,Mailed check,87.88,5784.24,No
C05051,Female,0,No,No,41,Yes,DSL,Yes,No,Month-to-month,Yes,Bank transfer (automatic),55.78,2494.19,Yes
C05052,Male,0,No,No,7,Yes,Fiber optic,No internet service,No internet service,One year,No,Bank transfer (automatic),77.93,492.19,Yes
C05053,Female,0,No,Yes,37,Yes,DSL,No internet service,No,Month-to-month,No,Electronic check,83.11,3191.61,No
C05054,Female,0,Yes,No,2,No,Fiber optic,No internet service,No internet service,Two year,Yes,Electronic check,86.08,169.09,No
C05055,Male,0,No,Yes,6,Yes,Fiber optic,No internet service,Yes,Month-to-month,No,Credit card (automatic),75.53,418.89,Yes
C05056,Male,0,Yes,Yes,38,Yes,DSL,Yes,No,Month-to-month,No,Bank transfer (automatic),104.68,3653.8,No
C05057,Female,1,No,No,59,Yes,Fiber optic,Yes,No internet service,Month-to-month,Yes,Bank transfer (automatic),42.88,2605.47,Yes
C05058,Male,0,No,Yes,7,Yes,Fiber optic,Yes,No internet service,One year,No,Electronic check,23.58,153.43,No
C05059,Female,1,Yes,Yes,19,Yes,Fiber optic,Yes,No,Month-to-month,No,Credit card (automatic),114.25,2325.34,No
C05060,Male,0,No,Yes,28,Yes,Fiber optic,No,No internet service,Month-to-month,No,Credit card (automatic),24.07,648.47,Yes
C05061,Female,0,No,No,39,Yes,No,Yes,No,Month-to-month,Yes,Mailed check,108.3,4091.79,No
C05062,Male,0,No,Yes,0,Yes,Fiber optic,No internet service,Yes,Month-to-month,Yes,Credit card (automatic),79.23,81.77,No
C05063,Female,0,Yes,No,46,Yes,Fiber optic,No internet service,Yes,Month-to-month,Yes,Bank transfer (automatic),109.87,4771.16,Yes
C05064,Female,0,Yes,No,36,Yes,DSL,No internet service,No internet service,Two year,Yes,Bank transfer (automatic),74.5,2417.58,Yes
C05065,Female,0,No,No,70,Yes,Fiber optic,Yes,No internet service,Month-to-month,No,Electronic check,100.1,6931.09,No
C05066,Female,0,Yes,No,21,Yes,DSL,No internet service,No internet service,One year,No,Electronic check,90.13,1903.28,No
C05067,Male,0,No,No,36,Yes,Fiber optic,Yes,No,Month-to-month,No,Mailed check,70.51,2510.89,No
C05068,Male,1,Yes,No,5,No,Fiber optic,Yes,No,Month-to-month,Yes,Mailed check,54.33,269.37,No
C05069,Male,0,Yes,Yes,66,Yes,No,No internet service,Yes,Month-to-month,Yes,Bank transfer (automatic),18.29,1247.15,No
C05070,Male,0,No,No,60,Yes,DSL,No internet service,No internet service,Month-to-month,Yes,Electronic check,43.09,2764.15,No
C05071,Female,0,No,No,25,Yes,No,No internet service,Yes,Month-to-month,No,Electronic check,113.18,2753.39,Yes
C05072,Male,0,No,No,33,Yes,DSL,No,No,Month-to-month,Yes,Electronic check,45.55,1590.36,Yes
C05073,Male,0,No,No,62,Yes,Fiber optic,No,No internet service,Month-to-month,Yes,Bank transfer (automatic),93.19,5272.44,No
C05074,Female,0,No,Yes,21,No,DSL,No,No internet service,Two year,Yes,Bank transfer (automatic),68.85,1440.14,No
C05075,Female,0,Yes,No,17,Yes,No,No internet service,No internet service,Month-to-month,Yes,Credit card (automatic),48.85,809.88,No
C05076,Female,0,Yes,Yes,17,Yes,Fiber optic,No internet service,No,Month-to-month,Yes,Bank transfer (automatic),117.11,1977.31,No
C05077,Female,0,No,No,51,Yes,DSL,No,No internet service,Month-to-month,Yes,Electronic check,22.7,1063.11,No
C05078,Male,0,No,No,15,Yes,DSL,No,No internet service,Month-to-month,No,Bank transfer (automatic),76.21,1060.58,Yes
C05079,Male,0,Yes,Yes,6,Yes,Fiber optic,Yes,No,One year,Yes,Electronic check,64.15,369.0,No
C05080,Female,0,Yes,Yes,12,Yes,No,Yes,Yes,Month-to-month,Yes,Electronic check,25.65,293.86,Yes
C05081,Female,1,Yes,Yes,71,Yes,Fiber optic,No internet service,No,One year,Yes,Electronic check,39.41,2733.81,No
C05082,Female,1,No,Yes,63,Yes,Fiber optic,Yes,Yes,Month-to-month,No,Electronic check,87.42,5460.38,No
C05083,Female,0,No,No,69,Yes,No,Yes,No,Month-to-month,No,Credit card (automatic),28.83,1878.34,No
C05084,Female,0,No,No,20,Yes,Fiber optic,No,No,Two year,Yes,Mailed check,98.1,2008.78,No
C05085,Male,0,No,Yes,32,Yes,DSL,No,No,Month-to-month,Yes,Mailed check,80.51,2512.34,Yes
C05086,Female,0,Yes,Yes,35,Yes,DSL,No,No internet service,One year,Yes,Mailed check,28.09,896.66,No
C05087,Female,0,Yes,No,38,Yes,Fiber optic,No internet service,No internet service,Month-to-month,No,Electronic check,46.68,1682.91,Yes
C05088,Male,0,Yes,Yes,1,Yes,No,No internet service,Yes,Two year,No,Electronic check,31.72,32.1,No
C05089,Male,0,Yes,No,43,Yes,Fiber optic,No,No,Month-to-month,No,Credit card (automatic),97.76,4293.54,Yes
C05090,Male,0,No,Yes,2,Yes,DSL,No,Yes,Month-to-month,No,Credit card (automatic),71.3,151.15,No
C05091,Female,0,Yes,No,20,No,Fiber optic,Yes,No internet service,One year,Yes,Credit card (automatic),18.28,346.99,No
C05092,Female,0,Yes,No,21,Yes,DSL,No,Yes,Month-to-month,No,Electronic check,72.29,1536.98,No
C05093,Female,0,No,Yes,49,Yes,No,No,No,Month-to-month,Yes,Bank transfer (automatic),66.28,3232.2,No
C05094,Male,0,Yes,No,65,Yes,DSL,No internet service,No internet service,Two year,No,Mailed check,82.31,5723.07,No
C05095,Male,0,No,No,50,Yes,No,No,No internet service,One year,No,Credit card (automatic),21.48,1123.4,No
C05096,Male,0,No,Yes,31,Yes,Fiber optic,No internet service,No internet service,One year,Yes,Credit card (automatic),21.54,618.59,No
C05097,Female,1,Yes,No,38,Yes,Fiber optic,Yes,No,One year,No,Mailed check,52.94,2196.31,No
C05098,Female,0,Yes,No,37,Yes,Fiber optic,No internet service,Yes,Two year,Yes,Credit card (automatic),86.85,3120.4,Yes
C05099,Male,0,No,No,10,Yes,No,Yes,No,Two year,Yes,Mailed check,84.66,923.57,No
C05100,Female,0,No,Yes,69,Yes,Fiber optic,No,No internet service,One year,Yes,Mailed check,45.83,3026.43,No
C05101,Female,0,Yes,No,67,Yes,Fiber optic,Yes,No internet service,Month-to-month,Yes,Bank transfer (automatic),39.61,2637.38,Yes
C05102,Female,0,Yes,Yes,17,Yes,DSL,No internet service,No internet service,Month-to-month,No,Bank transfer (automatic),86.31,1482.08,Yes
C05103,Male,0,Yes,Yes,8,Yes,DSL,No internet service,No internet service,One year,No,Credit card (automatic),20.71,151.22,No
C05104,Female,0,Yes,Yes,12,No,Fiber optic,No,Yes,Two year,No,Credit card (automatic),73.68,922.3,Yes
C05105,Male,0,Yes,No,45,Yes,Fiber optic,No,No internet service,Month-to-month,No,Credit card (automatic),60.41,2503.53,No
C05106,Male,0,Yes,Yes,2,Yes,Fiber optic,Yes,No,Month-to-month,No,Electronic check,41.91,78.19,Yes
C05107,Female,1,Yes,Yes,7,No,No,No internet service,Yes,Month-to-month,Yes,Credit card (automatic),70.03,469.64,Yes
C05108,Female,0,No,No,47,Yes,DSL,No,Yes,Month-to-month,No,Bank transfer (automatic),39.72,2038.87,No
C05109,Female,0,Yes,No,10,Yes,DSL,Yes,No,Two year,Yes,Credit card (automatic),74.43,814.73,Yes
C05110,Female,0,No,No,5,No,Fiber optic,No,No,Month-to-month,Yes,Credit card (automatic),32.9,164.15,Yes
C05111,Female,0,Yes,No,1,Yes,DSL,Yes,Yes,One year,Yes,Mailed check,58.57,58.96,Yes
C05112,Male,0,Yes,Yes,51,Yes,DSL,No internet service,Yes,One year,No,Credit card (automatic),69.04,3318.12,No
C05113,Female,1,Yes,No,26,Yes,Fiber optic,No,No,Two year,No,Electronic check,21.17,541.4,No
C05114,Male,0,No,Yes,20,Yes,Fiber optic,Yes,Yes,Month-to-month,Yes,Credit card (automatic),79.07,1734.61,No
C05115,Female,0,Yes,Yes,46,Yes,DSL,Yes,Yes,Two year,No,Credit card (automatic),93.03,4528.26,No
C05116,Female,0,No,Yes,12,Yes,DSL,No,No internet service,One year,Yes,Bank transfer (automatic),113.61,1417.14,Yes
C05117,Male,0,No,No,38,Yes,DSL,Yes,No internet service,One year,Yes,Bank transfer (automatic),38.31,1391.26,Yes
C05118,Male,0,No,Yes,35,Yes,No,Yes,No,Month-to-month,Yes,Bank transfer (automatic),38.87,1432.03,No
C05119,Female,0,Yes,No,49,Yes,Fiber optic,Yes,No,Month-to-month,Yes,Credit card (automatic),48.48,2597.18,Yes
C05120,Male,0,No,No,45,Yes,DSL,No,Yes,One year,No,Electronic check,107.08,5288.85,Yes
C05121,Female,0,No,Yes,49,Yes,Fiber optic,Yes,No internet service,Month-to-month,No,Mailed check,58.69,2933.21,Yes
C05122,Male,0,No,No,15,Yes,Fiber optic,Yes,Yes,Month-to-month,No,Credit card (automatic),48.18,673.66,No
C05123,Male,0,No,Yes,10,Yes,Fiber optic,No,Yes,One year,No,Credit card (automatic),92.12,1006.7,No
C05124,Female,0,No,Yes,38,Yes,Fiber optic,No internet service,Yes,One year,No,Credit card (automatic),21.8,835.26,No
C05125,Male,0,No,Yes,4,Yes,No,No internet service,No internet service,Month-to-month,Yes,Mailed check,72.88,264.6,Yes
C05126,Female,0,No,Yes,33,Yes,No,No internet service,Yes,Month-to-month,No,Mailed check,63.02,1905.59,No
C05127,Male,0,Yes,Yes,45,Yes,DSL,Yes,No,Month-to-month,Yes,Bank transfer (automatic),80.49,3678.02,Yes
C05128,Female,0,No,Yes,59,Yes,Fiber optic,No internet service,Yes,Two year,No,Credit card (automatic),91.11,5735.96,No
C05129,Male,0,No,No,47,Yes,Fiber optic,Yes,Yes,Two year,No,Bank transfer (automatic),50.5,2583.09,No
C05130,Male,0,Yes,No,72,Yes,DSL,Yes,Yes,Month-to-month,No,Electronic check,81.64,6400.57,Yes
C05131,Female,0,No,No,40,Yes,No,Yes,No internet service,Month-to-month,Yes,Electronic check,70.43,2861.49,Yes
C05132,Male,0,Yes,No,32,Yes,No,No internet service,No,Month-to-month,Yes,Credit card (automatic),31.4,1101.54,No
C05133,Male,0,No,Yes,17,Yes,Fiber optic,Yes,Yes,Month-to-month,Yes,Electronic check,106.17,1678.4,No
C05134,Female,0,No,Yes,49,Yes,DSL,Yes,No internet service,Two year,No,Bank transfer (automatic),93.46,4208.29,No
C05135,Male,0,No,No,59,Yes,DSL,Yes,Yes,Month-to-month,No,Bank transfer (automatic),110.17,5889.39,No
C05136,Male,0,Yes,No,23,Yes,DSL,Yes,No internet service,Month-to-month,Yes,Electronic check,90.04,2184.46,Yes
C05137,Male,0,Yes,Yes,5,Yes,Fiber optic,Yes,No internet service,Month-to-month,Yes,Mailed check,42.48,230.1,Yes
C05138,Female,0,Yes,No,0,Yes,DSL,Yes,Yes,Month-to-month,Yes,Mailed check,61.05,65.2,Yes
C05139,Male,0,Yes,No,46,Yes,Fiber optic,No,No,Two year,Yes,Electronic check,56.69,2837.03,No
C05140,Female,1,No,No,48,Yes,No,Yes,Yes,One year,No,Bank transfer (automatic),21.58,1045.8,Yes
C05141,Male,0,No,No,8,Yes,DSL,No internet service,No internet service,One year,Yes,Mailed check,59.05,497.25,No
C05142,Female,0,No,Yes,1,Yes,No,Yes,Yes,Month-to-month,Yes,Bank transfer (automatic),52.56,50.84,Yes
C05143,Female,1,No,No,47,Yes,Fiber optic,Yes,No,Two year,Yes,Bank transfer (automatic),18.39,910.41,No
C05144,Male,0,No,Yes,29,Yes,Fiber optic,Yes,No,Month-to-month,No,Mailed check,102.71,3129.33,No
C05145,Male,1,No,No,30,Yes,DSL,No,No,Two year,No,Mailed check,32.39,959.19,No
C05146,Male,0,Yes,Yes,19,Yes,DSL,Yes,Yes,Two year,No,Electronic check,68.1,1175.84,No
C05147,Male,0,Yes,No,52,Yes,Fiber optic,No internet service,Yes,Month-to-month,No,Electronic check,96.47,4781.93,No
C05148,Female,0,Yes,Yes,54,Yes,Fiber optic,No internet service,Yes,Two year,No,Electronic check,78.45,4562.65,Yes
C05149,Male,0,Yes,No,3,Yes,Fiber optic,Yes,No internet service,Month-to-month,Yes,Electronic check,34.94, ,No
C05150,Female,0,Yes,No,6,Yes,DSL,No internet service,No internet service,One year,No,Credit card (automatic),79.82,469.83,No
C05151,Male,0,No,No,40,Yes,Fiber optic,No internet service,No internet service,Month-to-month,Yes,Electronic check,93.76,4085.98,No
C05152,Male,0,No,No,44,Yes,Fiber optic,No internet service,No,Month-to-month,No,Mailed check,103.48,4431.5,No
C05153,Male,0,Yes,No,10,Yes,Fiber optic,No internet service,Yes,Month-to-month,Yes,Bank transfer (automatic),49.87,481.55,Yes
C05154,Female,0,Yes,No,11,Yes,DSL,No internet service,No internet service,Month-to-month,No,Mailed check,21.39,248.02,No
C05155,Female,0,No,No,49,Yes,Fiber optic,Yes,No internet service,Month-to-month,No,Credit card (automatic),78.79,3748.98,No
C05156,Female,0,No,Yes,33,Yes,No,No,No,Month-to-month,No,Electronic check,40.58,1324.74,No
C05157,Male,0,Yes,No,8,Yes,No,Yes,No,One year,Yes,Credit card (automatic),96.09,802.92,No
C05158,Male,0,Yes,No,44,Yes,No,No,No internet service,Month-to-month,Yes,Mailed check,85.99,3730.68,Yes
C05159,Female,0,Yes,No,5,No,DSL,Yes,No,Month-to-month,Yes,Bank transfer (automatic),95.32,459.66,No
C05160,Female,0,Yes,Yes,16,Yes,Fiber optic,No internet service,No,Two year,No,Credit card (automatic),114.75,1658.05,Yes
C05161,Female,0,No,No,52,Yes,Fiber optic,Yes,No internet service,Two year,No,Electronic check,76.45,4262.08,No
C05162,Female,0,No,No,16,Yes,Fiber optic,Yes,Yes,Month-to-month,Yes,Bank transfer (automatic),108.43,1744.15,Yes
C05163,Female,0,Yes,No,4,Yes,DSL,Yes,No internet service,Month-to-month,No,Mailed check,82.19,351.86,Yes
C05164,Male,0,No,No,70,Yes,Fiber optic,No internet service,No,One year,Yes,Bank transfer (automatic),36.17,2591.57,No
C05165,Female,1,No,Yes,16,Yes,No,No,Yes,One year,No,Bank transfer (automatic),97.93,1473.08,No
C05166,Male,0,No,Yes,37,Yes,Fiber optic,Yes,No internet service,Month-to-month,No,Credit card (automatic),87.37,3144.22,No
C05167,Female,0,No,Yes,60,Yes,Fiber optic,No,Yes,One year,Yes,Mailed check,115.79,6832.43,No
C05168,Male,0,Yes,No,72,Yes,Fiber optic,Yes,No internet service,Month-to-month,Yes,Credit card (automatic),42.34,3194.64,No
C05169,Female,0,No,No,59,Yes,Fiber optic,No internet service,No,Month-to-month,No,Credit card (automatic),51.31,3056.46,No
C05170,Male,0,Yes,No,24,Yes,DSL,No,Yes,One year,Yes,Credit card (automatic),100.15,2469.22,No
C05171,Female,0,No,No,62,Yes,DSL,Yes,No,One year,No,Mailed check,24.29,1582.21,No
C05172,Female,0,No,No,0,Yes,Fiber optic,No internet service,No internet service,Two year,No,Credit card (automatic),81.32,77.64,No
C05173,Male,0,Yes,Yes,23,Yes,No,Yes,Yes,Month-to-month,Yes,Electronic check,71.55,1771.37,No
C05174,Male,0,Yes,Yes,14,Yes,No,No internet service,No,Month-to-month,No,Bank transfer (automatic),34.88,483.76,No
C05175,Male,0,Yes,No,38,Yes,No,No internet service,No internet service,Month-to-month,No,Electronic check,34.51,1353.64,No
C05176,Male,0,Yes,No,65,Yes,Fiber optic,Yes,No,Month-to-month,No,Credit card (automatic),99.02,6073.55,No
C05177,Female,0,Yes,No,56,Yes,Fiber optic,No,Yes,Month-to-month,No,Mailed check,19.54,1035.89,No
C05178,Female,0,Yes,No,72,Yes,No,Yes,Yes,Month-to-month,Yes,Credit card (automatic),92.68,6986.57,No
C05179,Male,0,No,No,9,Yes,DSL,No internet service,No,Month-to-month,Yes,Bank transfer (automatic),91.27,796.85,Yes
C05180,Male,0,Yes,Yes,54,Yes,Fiber optic,No internet service,No,One year,No,Credit card (automatic),82.97,4817.27,Yes
C05181,Female,0,No,No,52,No,Fiber optic,No,No,Month-to-month,No,Electronic check,58.95,3166.4,Yes
C05182,Female,0,No,Yes,33,Yes,No,No,No,Month-to-month,Yes,Credit card (automatic),20.83,710.13,No
C05183,Female,0,Yes,No,7,Yes,Fiber optic,Yes,No,One year,Yes,Electronic check,98.18,670.8,Yes
C05184,Female,0,No,No,7,Yes,No,Yes,No internet service,Month-to-month,No,Bank transfer (automatic),30.57,231.22,Yes
C05185,Female,1,No,No,66,Yes,DSL,Yes,No,Two year,No,Electronic check,46.08,3311.73,Yes
C05186,Female,0,No,No,21,Yes,DSL,No,No internet service,Month-to-month,Yes,Electronic check,112.68,2251.72,Yes
C05187,Male,1,No,Yes,46,Yes,Fiber optic,Yes,Yes,Month-to-month,Yes,Mailed check,48.19,2223.2,No
C05188,Male,0,No,No,69,Yes,DSL,No internet service,No internet service,Two year,Yes,Credit card (automatic),43.51,3246.53,No
C05189,Male,0,No,No,36,No,No,No internet service,No,One year,Yes,Mailed check,115.34,3821.12,No
C05190,Male,0,No,Yes,15,Yes,Fiber optic,No internet service,Yes,One year,No,Bank transfer (automatic),26.59,382.7,Yes
C05191,Female,0,No,No,35,Yes,Fiber optic,No internet service,Yes,One year,No,Mailed check,34.07,1300.83,No
C05192,Female,0,No,No,16,Yes,DSL,No internet service,Yes,Month-to-month,Yes,Credit card (automatic),61.83,986.31,Yes
C05193,Female,0,No,No,13,Yes,No,Yes,No,One year,Yes,Mailed check,96.77,1371.62,Yes
C05194,Male,0,No,No,59,Yes,No,Yes,No,Two year,No,Mailed check,106.44,6129.45,Yes
C05195,Female,0,Yes,Yes,25,Yes,No,No,No internet service,Two year,No,Mailed check,93.56,2351.86,No
C05196,Female,0,Yes,No,49,Yes,Fiber optic,Yes,Yes,Month-to-month,Yes,Bank transfer (automatic),115.62,5613.4,Yes
C05197,Female,0,Yes,No,53,No,Fiber optic,No internet service,Yes,Month-to-month,No,Bank transfer (automatic),19.68,1034.11,No
C05198,Male,0,Yes,No,40,Yes,Fiber optic,Yes,No,One year,Yes,Credit card (automatic),79.95,3465.17,No
C05199,Female,1,Yes,No,39,Yes,DSL,No,No,Month-to-month,No,Electronic check,29.63,1200.55,Yes
C05200,Female,0,Yes,No,13,Yes,No,Yes,Yes,Month-to-month,No,Electronic check,109.04,1543.89,No
C05201,Female,0,Yes,No,38,Yes,DSL,No internet service,No,Month-to-month,Yes,Mailed check,111.53,4093.65,No
C05202,Male,0,No,No,54,Yes,DSL,No,Yes,Month-to-month,Yes,Mailed check,48.3,2865.83,Yes
C05203,Female,0,Yes,No,14,Yes,No,No,Yes,Month-to-month,Yes,Bank transfer (automatic),100.77,1469.37,No
C05204,Male,0,Yes,No,16,Yes,Fiber optic,No,Yes,Month-to-month,Yes,Credit card (automatic),81.03,1200.88,No
C05205,Male,1,Yes,No,50,Yes,Fiber optic,No internet service,Yes,Month-to-month,No,Credit card (automatic),28.05,1378.08,No
C05206,Male,0,Yes,No,71,Yes,DSL,No,No internet service,Month-to-month,Yes,Mailed check,78.28,5278.51,No
C05207,Male,0,Yes,Yes,28,Yes,No,No internet service,No internet service,Two year,Yes,Bank transfer (automatic),115.61,3065.81,No
C05208,Female,0,No,No,60,Yes,Fiber optic,No,No,Month-to-month,Yes,Bank transfer (automatic),48.81,3180.2,No
C05209,Male,0,Yes,No,13,Yes,Fiber optic,No,Yes,Month-to-month,Yes,Bank transfer (automatic),18.11,257.09,No
C05210,Male,0,No,Yes,41,Yes,DSL,Yes,No,Month-to-month,No,Bank transfer (automatic),115.68,4282.03,No
C05211,Male,1,Yes,No,68,Yes,Fiber optic,No internet service,No,Month-to-month,No,Credit card (automatic),59.4,3746.79,No
C05212,Male,0,Yes,No,32,Yes,Fiber optic,No internet service,No,Two year,Yes,Mailed check,61.09,1868.02,No
C05213,Female,0,No,No,36,Yes,DSL,No,Yes,Two year,Yes,Bank transfer (automatic),89.26,3436.84,No
C05214,Female,0,No,Yes,11,Yes,Fiber optic,No,Yes,Month-to-month,No,Mailed check,78.44,882.01,No
C05215,Female,0,No,Yes,38,Yes,No,No internet service,No internet service,Month-to-month,No,Mailed check,48.2,1855.57,Yes
C05216,Female,0,No,Yes,42,No,DSL,No,No internet service,Month-to-month,Yes,Credit card (automatic),28.0,1199.11,Yes
C05217,Female,0,Yes,No,71,Yes,DSL,No internet service,Yes,Month-to-month,Yes,Electronic check,100.74,7797.11,No
C05218,Female,0,Yes,No,14,Yes,No,Yes,Yes,Month-to-month,No,Bank transfer (automatic),66.34,887.11,Yes
C05219,Male,0,Yes,No,26,Yes,Fiber optic,Yes,Yes,Month-to-month,No,Electronic check,85.25,2049.52,No
C05220,Male,0,Yes,No,47,No,Fiber optic,Yes,Yes,Month-to-month,No,Credit card (automatic),104.05,4995.8,No
C05221,Female,0,No,No,68,Yes,Fiber optic,Yes,No,One year,No,Electronic check,19.77,1470.43,No
C05222,Male,0,Yes,No,17,Yes,DSL,No internet service,No,Month-to-month,Yes,Credit card (automatic),103.94,1841.19,Yes
C05223,Male,0,No,No,50,Yes,Fiber optic,Yes,No,Month-to-month,Yes,Credit card (automatic),93.18,5024.37,No
C05224,Male,1,No,No,64,Yes,No,No,Yes,Month-to-month,Yes,Electronic check,112.68,7782.95,Yes
C05225,Male,0,Yes,No,46,Yes,Fiber optic,No internet service,No internet service,Month-to-month,Yes,Credit card (automatic),41.36,1795.73,No
C05226,Female,0,Yes,Yes,31,No,No,Yes,No,Month-to-month,Yes,Credit card (automatic),50.24,1615.25,Yes
C05227,Female,1,No,No,17,No,Fiber optic,No internet service,Yes,Month-to-month,No,Mailed check,84.15,1534.19,Yes
C05228,Male,0,No,No,21,Yes,DSL,Yes,No internet service,Month-to-month,No,Electronic check,110.58,2137.03,No
C05229,Female,0,No,No,3,Yes,DSL,No internet service,Yes,Month-to-month,No,Electronic check,117.27,362.47,Yes
C05230,Male,0,Yes,No,11,No,DSL,No internet service,No internet service,Two year,No,Credit card (automatic),59.67,626.44,No
C05231,Female,1,Yes,No,31,Yes,No,Yes,No internet service,Two year,Yes,Credit card (automatic),71.92,2372.95,Yes
C05232,Male,0,Yes,No,10,Yes,No,No,Yes,Month-to-month,Yes,Bank transfer (automatic),35.06,331.19,Yes
C05233,Male,0,Yes,No,0,Yes,DSL,No internet service,Yes,Month-to-month,Yes,Credit card (automatic),87.4,85.19,No
C05234,Female,1,No,No,50,Yes,Fiber optic,Yes,Yes,One year,No,Mailed check,101.74,5266.82,Yes
C05235,Female,0,Yes,No,5,No,No,No,No internet service,One year,No,Electronic check,97.86,494.76,Yes
C05236,Male,0,Yes,No,10,No,Fiber optic,No internet service,No,Month-to-month,No,Bank transfer (automatic),52.58,485.84,No
C05237,Female,0,Yes,No,43,Yes,No,No internet service,No internet service,Month-to-month,Yes,Mailed check,114.33,4646.09,Yes
C05238,Female,0,Yes,No,67,Yes,DSL,No internet service,Yes,Month-to-month,Yes,Credit card (automatic),30.03,2167.27,No
C05239,Female,0,No,No,52,No,DSL,Yes,Yes,One year,Yes,Credit card (automatic),67.4,3847.41,No
C05240,Male,0,No,Yes,2,Yes,DSL,No internet service,Yes,Month-to-month,Yes,Credit card (automatic),73.46,152.62,No
C05241,Female,0,No,Yes,12,Yes,Fiber optic,No internet service,Yes,Month-to-month,Yes,Bank transfer (automatic),71.65,775.5,No
C05242,Female,1,No,No,54,Yes,No,No,Yes,Month-to-month,Yes,Electronic check,93.79,5311.21,No
C05243,Female,0,Yes,No,53,Yes,No,No internet service,Yes,Month-to-month,No,Mailed check,78.96,4304.42,No
C05244,Female,1,No,Yes,28,Yes,Fiber optic,No internet service,Yes,Month-to-month,Yes,Bank transfer (automatic),25.71,707.18,Yes
C05245,Female,0,Yes,No,69,Yes,Fiber optic,No,No internet service,One year,No,Credit card (automatic),35.99,2348.24,No
C05246,Male,0,No,Yes,64,No,No,Yes,Yes,Month-to-month,No,Electronic check,71.22,4253.32,No
C05247,Male,0,Yes,Yes,54,No,Fiber optic,Yes,Yes,Month-to-month,Yes,Electronic check,87.45,4328.97,Yes
C05248,Female,0,No,No,54,Yes,Fiber optic,No,No,Month-to-month,No,Electronic check,69.42,3853.1,No
C05249,Male,0,Yes,No,57,Yes,DSL,Yes,No internet service,Two year,No,Mailed check,53.55,2953.01,No
C05250,Female,0,Yes,Yes,10,Yes,Fiber optic,Yes,No internet service,Month-to-month,No,Electronic check,23.11,231.93,No
C05251,Female,0,Yes,No,51,Yes,DSL,No internet service,No,Month-to-month,Yes,Credit card (automatic),96.59,4950.93,Yes
C05252,Male,0,Yes,No,68,Yes,Fiber optic,Yes,No internet service,Month-to-month,No,Credit card (automatic),67.72,4703.78,No
C05253,Male,0,Yes,No,16,No,Fiber optic,No,Yes,Two year,Yes,Bank transfer (automatic),71.88,1171.83,No
C05254,Female,0,No,No,1,Yes,Fiber optic,No,Yes,One year,No,Electronic check,64.9,65.15,Yes
C05255,Male,0,No,No,26,Yes,DSL,No,No internet service,Two year,Yes,Electronic check,44.53,1077.92,No
C05256,Female,0,No,No,19,Yes,Fiber optic,Yes,No,One year,Yes,Bank transfer (automatic),45.64,785.13,Yes
C05257,Male,1,No,Yes,69,Yes,Fiber optic,No,Yes,Month-to-month,Yes,Credit card (automatic),24.35,1705.75,Yes
C05258,Female,0,Yes,No,32,Yes,DSL,No internet service,Yes,Month-to-month,Yes,Credit card (automatic),88.76,2796.7,No
C05259,Male,0,Yes,Yes,48,Yes,DSL,No internet service,No,Month-to-month,No,Mailed check,45.19,2130.13,No
C05260,Female,0,No,No,71,Yes,Fiber optic,No,Yes,One year,Yes,Bank transfer (automatic),47.86,3350.53,Yes
C05261,Male,1,No,No,57,Yes,DSL,No,Yes,One year,No,Electronic check,117.35,6171.95,Yes
C05262,Female,0,Yes,No,54,Yes,Fiber optic,No,No,Month-to-month,Yes,Mailed check,56.58,2859.33,No
C05263,Female,0,No,No,70,Yes,Fiber optic,No,Yes,Two year,No,Bank transfer (automatic),69.07,4991.7,Yes
C05264,Male,0,Yes,No,50,Yes,No,No,Yes,Month-to-month,Yes,Credit card (automatic),56.65,2840.31,No
C05265,Female,0,No,Yes,16,Yes,Fiber optic,No,No,Month-to-month,Yes,Electronic check,47.02,768.82,No
C05266,Female,0,Yes,No,53,Yes,No,No internet service,No,Month-to-month,No,Credit card (automatic),18.59,912.23,No
C05267,Male,1,No,No,23,No,No,No internet service,No,Two year,Yes,Bank transfer (automatic),103.49,2529.82,No
C05268,Male,0,No,No,24,Yes,Fiber optic,No,Yes,Two year,Yes,Bank transfer (automatic),65.32,1527.75,Yes
C05269,Male,0,Yes,No,47,Yes,DSL,No internet service,Yes,Month-to-month,No,Credit card (automatic),89.99,4325.18,Yes
C05270,Female,0,Yes,No,23,Yes,DSL,No internet service,Yes,Two year,Yes,Credit card (automatic),113.87,2601.02,No
C05271,Female,0,No,No,1,Yes,Fiber optic,No internet service,No,Two year,No,Electronic check,18.28,18.16,Yes
C05272,Male,0,Yes,No,72,Yes,DSL,Yes,No,Two year,Yes,Electronic check,85.5,6498.99,No
C05273,Male,0,Yes,No,41,Yes,DSL,No,No internet service,Two year,No,Credit card (automatic),29.86,1128.85,No
C05274,Female,0,No,No,48,Yes,DSL,No,No,Month-to-month,No,Electronic check,63.8,2801.97,Yes
C05275,Female,0,Yes,Yes,59,Yes,DSL,No,No internet service,One year,Yes,Bank transfer (automatic),102.68,5574.75,No
C05276,Female,0,No,Yes,46,Yes,DSL,No,No internet service,One year,Yes,Mailed check,25.15,1271.5,No
C05277,Female,0,No,No,44,Yes,No,No,No,One year,Yes,Mailed check,116.96,5585.88,No
C05278,Male,0,Yes,No,57,Yes,DSL,Yes,Yes,Month-to-month,Yes,Mailed check,76.08,4510.5,No
C05279,Male,0,No,No,21,Yes,DSL,No,Yes,One year,No,Mailed check,57.5,1194.83,Yes
C05280,Female,0,No,Yes,60,Yes,No,Yes,No internet service,Two year,No,Electronic check,19.95,1097.67,No
C05281,Female,0,No,No,52,Yes,No,No internet service,Yes,Month-to-month,No,Bank transfer (automatic),76.68,4243.27,Yes
C05282,Female,1,No,No,13,Yes,No,No,No,Two year,Yes,Bank transfer (automatic),67.49,822.88,No
C05283,Male,0,Yes,No,10,Yes,No,No,No,Month-to-month,Yes,Electronic check,39.53,377.34,Yes
C05284,Male,0,No,No,64,Yes,Fiber optic,No,No internet service,Month-to-month,Yes,Electronic check,67.04,4583.0,No
C05285,Male,0,No,Yes,65,No,DSL,No,Yes,Month-to-month,Yes,Mailed check,19.28,1192.38,No
C05286,Male,0,No,No,72,Yes,No,No internet service,Yes,One year,Yes,Bank transfer (automatic),117.95,9077.66,No
C05287,Male,0,No,Yes,7,Yes,Fiber optic,No,No,One year,Yes,Electronic check,51.21,378.97,No
C05288,Male,0,Yes,No,65,Yes,DSL,No internet service,No internet service,Month-to-month,No,Electronic check,66.02,4580.78,Yes
C05289,Male,0,No,No,63,Yes,Fiber optic,No,No,One year,Yes,Bank transfer (automatic),96.48,6290.12,No
C05290,Male,0,Yes,Yes,56,No,DSL,No,No internet service,Month-to-month,Yes,Mailed check,89.28,4851.82,No
C05291,Male,1,Yes,No,36,Yes,DSL,Yes,No,Month-to-month,Yes,Electronic check,106.86,3964.81,Yes
C05292,Female,0,Yes,No,37,Yes,Fiber optic,No,Yes,Two year,No,Mailed check,112.13,4421.89,No
C05293,Male,0,Yes,No,31,Yes,DSL,Yes,Yes,One year,No,Credit card (automatic),36.92,1201.61,No
C05294,Male,0,No,Yes,2,Yes,DSL,No,Yes,One year,Yes,Electronic check,57.04,122.34,No
C05295,Female,0,Yes,No,36,Yes,Fiber optic,No,No internet service,One year,Yes,Bank transfer (automatic),86.68,3422.25,No
C05296,Female,1,Yes,No,17,Yes,DSL,No internet service,No,Two year,No,Credit card (automatic),22.5,397.05,No
C05297,Male,0,No,Yes,14,Yes,No,No,No internet service,Month-to-month,No,Bank transfer (automatic),89.69,1363.18,Yes
C05298,Male,0,No,Yes,4,Yes,DSL,No internet service,Yes,Month-to-month,No,Electronic check,18.49,70.58,Yes
C05299,Male,0,Yes,Yes,33,Yes,Fiber optic,No,Yes,Month-to-month,Yes,Credit card (automatic),109.41,3952.43,No
C05300,Male,0,Yes,No,3,Yes,No,No,Yes,One year,No,Electronic check,89.82,291.57,No
C05301,Male,0,Yes,Yes,62,Yes,DSL,No,No internet service,One year,No,Credit card (automatic),74.55,4198.02,No
C05302,Female,0,Yes,No,64,Yes,No,No internet service,No internet service,One year,No,Mailed check,60.89,3967.45,No
C05303,Male,1,No,No,58,Yes,No,Yes,No,Month-to-month,No,Credit card (automatic),116.8,6778.43,No
C05304,Male,0,No,No,21,No,DSL,No,No internet service,Month-to-month,No,Credit card (automatic),91.65,2046.14,Yes
C05305,Male,0,Yes,Yes,11,No,Fiber optic,No,No internet service,One year,Yes,Mailed check,98.73,1004.87,Yes
C05306,Female,1,Yes,No,36,Yes,DSL,No,No internet service,Two year,Yes,Bank transfer (automatic),100.54,3639.45,Yes
C05307,Male,1,No,No,49,Yes,No,Yes,Yes,Month-to-month,No,Electronic check,20.19,989.56,Yes
C05308,Male,0,Yes,No,1,Yes,No,No internet service,No internet service,Month-to-month,No,Mailed check,23.47,22.98,Yes
C05309,Female,0,Yes,No,62,Yes,Fiber optic,Yes,No internet service,Month-to-month,No,Credit card (automatic),37.84,2577.02,No
C05310,Female,1,Yes,No,32,Yes,No,No,No internet service,Month-to-month,No,Mailed check,83.52,2693.78,No
C05311,Female,0,Yes,No,59,Yes,DSL,Yes,Yes,Month-to-month,No,Mailed check,80.39,4660.71,Yes
C05312,Female,0,No,No,5,Yes,Fiber optic,No internet service,No internet service,Month-to-month,Yes,Credit card (automatic),50.52,270.61,No
C05313,Female,0,Yes,No,31,Yes,DSL,No internet service,No,One year,Yes,Bank transfer (automatic),115.3,3316.27,No
C05314,Female,1,No,Yes,33,Yes,DSL,No,No internet service,Month-to-month,Yes,Mailed check,27.31,862.94,Yes
C05315,Female,0,No,No,3,Yes,Fiber optic,No internet service,Yes,Month-to-month,Yes,Electronic check,95.67,274.32,No
C05316,Female,0,No,No,51,Yes,Fiber optic,No internet service,No,Month-to-month,Yes,Electronic check,66.09,3662.96,No
C05317,Male,0,Yes,No,67,Yes,DSL,No internet service,No,Two year,No,Mailed check,59.88,4317.13,No
C05318,Male,0,Yes,Yes,39,Yes,Fiber optic,No,Yes,Month-to-month,No,Electronic check,20.56,818.95,Yes
C05319,Male,0,No,No,28,Yes,No,No,No,Month-to-month,Yes,Mailed check,90.78,2450.15,No
C05320,Female,0,No,Yes,46,Yes,No,No,No,Month-to-month,No,Credit card (automatic),95.16,4349.44,Yes
C05321,Female,0,Yes,No,26,Yes,Fiber optic,No internet service,No,One year,No,Bank transfer (automatic),49.9,1315.86,No
C05322,Female,0,Yes,Yes,26,Yes,Fiber optic,No,No internet service,Two year,No,Electronic check,69.7,1826.73,No
C05323,Female,1,Yes,No,55,Yes,No,No,No,Month-to-month,No,Bank transfer (automatic),78.64,4114.07,No
C05324,Female,0,No,No,43,No,Fiber optic,No,Yes,Month-to-month,Yes,Bank transfer (automatic),54.76,2180.66,No
C05325,Male,0,No,Yes,19,Yes,Fiber optic,No internet service,Yes,Month-to-month,No,Credit card (automatic),79.56,1634.88,Yes
C05326,Male,0,Yes,No,29,Yes,DSL,Yes,Yes,One year,No,Bank transfer (automatic),61.41,1831.06,No
C05327,Female,0,Yes,No,60,Yes,No,No internet service,No,Two year,No,Credit card (automatic),105.81,5897.97,No
C05328,Male,0,No,No,38,Yes,Fiber optic,No internet service,No internet service,Month-to-month,Yes,Electronic check,89.85,3748.79,No
C05329,Male,0,No,No,5,Yes,DSL,Yes,No internet service,Month-to-month,No,Mailed check,29.05,142.67,No
C05330,Male,0,No,No,62,No,No,No,Yes,One year,No,Electronic check,97.96,6356.51,Yes
C05331,Female,0,Yes,No,54,Yes,Fiber optic,No internet service,No,One year,Yes,Bank transfer (automatic),51.75,2613.82,No
C05332,Male,0,Yes,No,19,Yes,No,No internet service,No,Month-to-month,Yes,Credit card (automatic),111.56,2303.1,Yes
C05333,Male,0,No,No,70,Yes,DSL,No,Yes,Month-to-month,Yes,Bank transfer (automatic),78.34,5022.29,No
C05334,Male,1,Yes,No,69,Yes,No,Yes,No internet service,Month-to-month,No,Credit card (automatic),20.76,1563.03,No
C05335,Male,0,Yes,Yes,72,Yes,No,No,Yes,One year,Yes,Electronic check,91.44,6882.74,No
C05336,Male,1,Yes,Yes,27,Yes,Fiber optic,Yes,Yes,One year,No,Credit card (automatic),31.07,793.13,No
C05337,Male,0,Yes,No,67,Yes,No,No internet service,No,One year,Yes,Bank transfer (automatic),105.73,6631.82,No
C05338,Male,0,Yes,Yes,58,Yes,Fiber optic,No,No,Two year,Yes,Bank transfer (automatic),112.83,6985.35,No
C05339,Female,0,No,No,63,Yes,Fiber optic,Yes,No,Month-to-month,Yes,Mailed check,87.53,5006.98,Yes
C05340,Male,0,No,Yes,39,No,Fiber optic,No,No internet service,Month-to-month,Yes,Electronic check,71.29,2565.83,Yes
C05341,Male,1,Yes,Yes,20,Yes,No,No internet service,No internet service,Month-to-month,Yes,Credit card (automatic),78.21,1618.28,No
C05342,Male,0,No,Yes,16,Yes,Fiber optic,Yes,Yes,Two year,Yes,Bank transfer (automatic),60.89,891.89,No
C05343,Male,0,Yes,No,70,Yes,No,No,No internet service,One year,Yes,Credit card (automatic),26.36,1860.42,No
C05344,Female,0,Yes,No,36,Yes,Fiber optic,Yes,No,Month-to-month,Yes,Credit card (automatic),110.88,4050.8,Yes
C05345,Female,0,No,No,67,No,Fiber optic,Yes,Yes,Month-to-month,Yes,Credit card (automatic),50.92,3082.67,No
C05346,Female,0,Yes,No,40,Yes,Fiber optic,No,No,One year,No,Bank transfer (automatic),49.28,1922.77,No
C05347,Female,0,No,No,39,Yes,No,No,No,One year,No,Mailed check,37.13,1311.53,No
C05348,Male,0,Yes,No,5,Yes,Fiber optic,No,No,One year,No,Mailed check,117.24,640.94,Yes
C05349,Female,0,Yes,Yes,29,Yes,No,No internet service,Yes,Month-to-month,No,Electronic check,112.26,3070.18,Yes
C05350,Male,0,Yes,No,40,Yes,No,No,Yes,Two year,No,Bank transfer (automatic),52.94,2197.95,Yes
C05351,Male,0,Yes,No,7,Yes,Fiber optic,No,No internet service,One year,Yes,Mailed check,44.0,318.7,Yes
C05352,Male,0,Yes,No,11,Yes,DSL,No internet service,No internet service,One year,No,Electronic check,98.54,1142.96,Yes
C05353,Female,0,Yes,Yes,43,Yes,Fiber optic,No,No internet service,One year,No,Bank transfer (automatic),60.26,2505.84,No
C05354,Female,0,Yes,No,18,Yes,Fiber optic,Yes,No internet service,Two year,Yes,Mailed check,114.78,1935.63,Yes
C05355,Female,0,No,No,51,Yes,DSL,Yes,Yes,Two year,No,Electronic check,108.12,5547.76,No
C05356,Female,0,Yes,Yes,33,Yes,DSL,No internet service,No internet service,One year,Yes,Mailed check,93.95,3220.85,No
C05357,Female,0,No,No,29,Yes,No,Yes,No,Month-to-month,Yes,Mailed check,26.99,822.68,Yes
C05358,Male,0,Yes,No,8,No,Fiber optic,Yes,No,Month-to-month,Yes,Credit card (automatic),88.21,642.02,No
C05359,Male,0,No,No,29,Yes,No,No internet service,Yes,Two year,No,Mailed check,116.73,3556.23,No
C05360,Male,1,No,No,39,Yes,DSL,Yes,No internet service,One year,No,Bank transfer (automatic),55.33,1990.61,Yes
C05361,Female,1,Yes,No,41,Yes,No,Yes,Yes,Month-to-month,Yes,Credit card (automatic),106.16,4374.01,No
C05362,Male,1,No,No,19,Yes,Fiber optic,No,No internet service,Month-to-month,No,Mailed check,58.81,1129.77,Yes
C05363,Male,0,No,No,2,Yes,Fiber optic,No internet service,No internet service,Two year,Yes,Credit card (automatic),115.13,213.08,No
C05364,Male,0,Yes,No,68,No,Fiber optic,No internet service,No internet service,Two year,No,Credit card (automatic),83.36,6194.51,No
C05365,Male,0,No,Yes,69,Yes,Fiber optic,No,No internet service,Two year,No,Electronic check,27.65,1960.51,No
C05366,Male,0,Yes,No,66,Yes,Fiber optic,Yes,No internet service,Month-to-month,Yes,Electronic check,65.9,4109.22,No
C05367,Female,0,Yes,No,21,Yes,DSL,Yes,No internet service,One year,No,Bank transfer (automatic),22.97,439.04,Yes
C05368,Female,0,No,Yes,43,Yes,Fiber optic,No,Yes,Two year,No,Credit card (automatic),57.51,2608.95,No
C05369,Male,0,Yes,No,10,Yes,No,No,Yes,Month-to-month,Yes,Electronic check,109.54,1170.18,No
C05370,Male,1,Yes,No,66,No,No,No,Yes,Month-to-month,Yes,Electronic check,41.22,2497.78,No
C05371,Female,0,Yes,No,0,No,No,No internet service,No,Two year,Yes,Bank transfer (automatic),113.06,107.58,No
C05372,Male,1,No,Yes,34,Yes,No,No internet service,No,Month-to-month,Yes,Mailed check,27.99,978.76,Yes
C05373,Male,0,Yes,No,62,Yes,No,Yes,No internet service,One year,Yes,Electronic check,84.48,5152.88,No
C05374,Female,0,No,No,52,Yes,No,No,No internet service,One year,No,Electronic check,114.57,5769.99,No
C05375,Male,0,No,No,63,Yes,Fiber optic,No internet service,No internet service,One year,Yes,Credit card (automatic),83.42,5176.05,No
C05376,Female,0,No,Yes,36,Yes,DSL,No internet service,No internet service,Month-to-month,No,Mailed check,107.9,3888.52,No
C05377,Female,0,No,No,6,Yes,Fiber optic,No,No internet service,One year,No,Mailed check,117.1,658.29,No
C05378,Male,1,Yes,No,0,Yes,DSL,Yes,Yes,Month-to-month,No,Mailed check,82.18,80.34,Yes
C05379,Female,0,Yes,Yes,11,No,DSL,No,No internet service,Two year,No,Bank transfer (automatic),96.23,967.46,Yes
C05380,Female,0,Yes,No,4,Yes,Fiber optic,No internet service,No,Month-to-month,Yes,Mailed check,21.2,76.42,No
C05381,Female,1,Yes,No,32,Yes,No,Yes,Yes,One year,Yes,Electronic check,60.73,2128.05,Yes
C05382,Male,0,Yes,No,3,Yes,DSL,No internet service,No,One year,Yes,Electronic check,46.83,127.98,Yes
C05383,Female,0,Yes,No,13,Yes,Fiber optic,No internet service,No,Month-to-month,No,Credit card (automatic),100.42,1186.27,Yes
C05384,Male,0,Yes,No,30,Yes,Fiber optic,No,No internet service,Month-to-month,No,Electronic check,85.76,2773.46,Yes
C05385,Male,0,Yes,No,53,Yes,No,No,No,One year,No,Credit card (automatic),79.44,4611.17,No
C05386,Male,0,No,No,49,Yes,Fiber optic,No internet service,No,Month-to-month,No,Mailed check,111.16,5822.17,Yes
C05387,Female,0,No,Yes,4,Yes,Fiber optic,No,No,Month-to-month,Yes,Bank transfer (automatic),26.89,99.81,Yes
C05388,Male,0,No,No,65,Yes,Fiber optic,No,No internet service,Month-to-month,No,Mailed check,113.38,7575.36,No
C05389,Male,0,Yes,No,40,Yes,Fiber optic,Yes,Yes,Two year,No,Mailed check,28.08,1167.44,No
C05390,Male,0,No,No,25,No,Fiber optic,Yes,No internet service,One year,Yes,Mailed check,52.7,1389.08,No
C05391,Male,0,Yes,No,27,Yes,Fiber optic,Yes,No,Month-to-month,Yes,Bank transfer (automatic),81.03,2018.42,No
C05392,Female,0,Yes,Yes,61,Yes,Fiber optic,No,No,Two year,Yes,Electronic check,52.15,3111.64,No
C05393,Female,0,Yes,No,33,Yes,Fiber optic,No,No,Month-to-month,No,Credit card (automatic),86.25,2718.79,No
C05394,Female,0,No,No,17,Yes,Fiber optic,No internet service,Yes,Month-to-month,No,Bank transfer (automatic),95.54,1674.37,Yes
C05395,Female,0,No,No,31,No,DSL,No internet service,Yes,Month-to-month,No,Mailed check,100.85,3028.56,Yes
C05396,Male,0,No,Yes,4,Yes,DSL,No,No,Month-to-month,No,Mailed check,35.93,143.97,Yes
C05397,Female,0,Yes,No,11,Yes,DSL,No,Yes,Month-to-month,Yes,Bank transfer (automatic),36.21,408.38,No
C05398,Male,0,Yes,Yes,22,Yes,No,Yes,Yes,One year,No,Electronic check,23.23,548.45,No
C05399,Female,0,Yes,No,16,Yes,No,No internet service,No,Month-to-month,Yes,Credit card (automatic),67.09,1163.81,No
C05400,Male,0,No,No,25,Yes,DSL,No internet service,No,One year,No,Electronic check,31.75,824.46,No
C05401,Male,0,No,No,4,No,Fiber optic,No,No,Month-to-month,No,Credit card (automatic),49.86,185.73,No
C05402,Male,0,No,Yes,44,Yes,Fiber optic,Yes,Yes,Month-to-month,No,Electronic check,102.04,4838.99,Yes
C05403,Male,0,No,No,8,Yes,Fiber optic,No internet service,No internet service,Month-to-month,Yes,Credit card (automatic),112.87,849.6,Yes
C05404,Female,0,No,Yes,15,Yes,Fiber optic,Yes,Yes,One year,No,Electronic check,100.21,1368.82,No
C05405,Female,0,Yes,Yes,71,Yes,Fiber optic,No,No internet service,One year,No,Credit card (automatic),18.06,1266.17,Yes
C05406,Male,0,No,No,0,Yes,Fiber optic,Yes,No,Month-to-month,No,Electronic check,74.8,77.56,No
C05407,Male,0,No,No,20,No,DSL,No,No internet service,Month-to-month,No,Bank transfer (automatic),34.67,644.77,Yes
C05408,Female,0,No,No,36,Yes,DSL,No internet service,No,Month-to-month,No,Electronic check,55.57,1920.25,Yes
C05409,Male,0,No,No,22,No,Fiber optic,Yes,Yes,Two year,Yes,Electronic check,60.79,1225.06,No
C05410,Female,0,No,No,23,Yes,DSL,Yes,No internet service,Month-to-month,Yes,Mailed check,112.29,2643.73,Yes
C05411,Female,0,No,No,9,Yes,No,Yes,Yes,One year,No,Credit card (automatic),81.37,762.83,No
C05412,Female,0,Yes,No,30,Yes,Fiber optic,No internet service,No,Month-to-month,Yes,Bank transfer (automatic),44.77,1348.39,Yes
C05413,Female,1,Yes,No,55,Yes,DSL,Yes,No internet service,Month-to-month,No,Electronic check,82.28,4475.11,Yes
C05414,Male,0,Yes,Yes,42,Yes,Fiber optic,No internet service,No,One year,Yes,Mailed check,113.19,5084.57,No
C05415,Female,0,Yes,Yes,67,No,DSL,No,No internet service,Month-to-month,No,Electronic check,23.92,1576.74,No
C05416,Male,1,No,Yes,51,Yes,Fiber optic,Yes,No internet service,Month-to-month,No,Credit card (automatic),99.6,5020.44,No
C05417,Female,0,Yes,No,57,Yes,Fiber optic,No,Yes,Two year,No,Credit card (automatic),39.69,2297.32,No
C05418,Male,0,Yes,No,31,Yes,Fiber optic,No internet service,Yes,Month-to-month,No,Credit card (automatic),33.31,1074.71,No
C05419,Male,0,No,No,44,Yes,Fiber optic,Yes,Yes,Month-to-month,Yes,Electronic check,107.89,5010.18,Yes
C05420,Female,1,Yes,Yes,42,Yes,No,No,Yes,Month-to-month,Yes,Electronic check,18.18,693.44,Yes
C05421,Female,0,Yes,No,59,Yes,DSL,No,No,Month-to-month,No,Electronic check,92.11,5816.16,No
C05422,Female,0,Yes,Yes,36,Yes,Fiber optic,No,Yes,One year,No,Credit card (automatic),26.72,952.56,No
C05423,Male,0,Yes,No,29,Yes,No,Yes,No,Month-to-month,Yes,Bank transfer (automatic),79.8,2502.05,No
C05424,Female,0,Yes,No,5,Yes,Fiber optic,No,No,Two year,No,Bank transfer (automatic),80.09,403.36,No
C05425,Male,0,Yes,No,62,Yes,No,No internet service,Yes,One year,No,Bank transfer (automatic),104.28,6434.11,No
C05426,Male,0,Yes,No,31,Yes,Fiber optic,Yes,No,Two year,No,Bank transfer (automatic),100.26,2918.71,Yes
C05427,Female,0,No,No,58,Yes,Fiber optic,Yes,No,Two year,No,Credit card (automatic),86.52,4987.65,No
C05428,Male,0,Yes,No,49,Yes,Fiber optic,Yes,No internet service,Two year,Yes,Credit card (automatic),56.05,2742.57,No
C05429,Male,0,Yes,No,0,Yes,No,No,Yes,One year,No,Mailed check,34.64,37.37,No
C05430,Female,0,No,Yes,47,Yes,No,Yes,No,Month-to-month,Yes,Mailed check,81.57,4130.59,No
C05431,Female,0,No,Yes,35,Yes,DSL,Yes,Yes,Month-to-month,No,Credit card (automatic),67.7,2363.06,Yes
C05432,Male,0,No,No,17,Yes,No,Yes,Yes,One year,Yes,Mailed check,25.79,470.66,No
C05433,Male,0,No,Yes,19,No,DSL,No internet service,Yes,Month-to-month,No,Credit card (automatic),113.56,2310.57,No
C05434,Female,0,No,No,46,Yes,DSL,No,No internet service,One year,Yes,Credit card (automatic),49.44,2478.19,Yes
C05435,Female,0,Yes,Yes,6,Yes,Fiber optic,No,No internet service,Month-to-month,Yes,Credit card (automatic),18.21,106.24,No
C05436,Female,0,No,No,44,Yes,Fiber optic,Yes,Yes,Two year,Yes,Credit card (automatic),108.17,4485.55,No
C05437,Female,0,Yes,No,61,Yes,DSL,No internet service,Yes,Month-to-month,No,Bank transfer (automatic),75.71,5028.35,No
C05438,Male,0,Yes,Yes,6,Yes,No,No,No internet service,Two year,Yes,Mailed check,91.31,557.16,No
C05439,Male,0,Yes,Yes,0,Yes,DSL,No,No internet service,Month-to-month,No,Electronic check,33.27,33.05,Yes
C05440,Female,0,Yes,No,4,Yes,DSL,No,No,Month-to-month,No,Electronic check,58.46,229.7,Yes
C05441,Female,0,No,Yes,53,No,Fiber optic,No internet service,Yes,Two year,Yes,Mailed check,82.51,4009.85,No
C05442,Male,0,Yes,Yes,61,Yes,Fiber optic,No,No,Two year,No,Bank transfer (automatic),43.1,2473.51,No
C05443,Female,0,Yes,Yes,72,Yes,DSL,No,No,One year,Yes,Credit card (automatic),88.15,6082.24,No
C05444,Female,0,No,No,2,Yes,No,No internet service,No internet service,Two year,No,Credit card (automatic),41.36,83.57,No
C05445,Male,0,No,No,35,Yes,DSL,No,No internet service,Month-to-month,Yes,Electronic check,38.91,1366.4,No
C05446,Female,0,No,No,3,No,Fiber optic,No,Yes,Two year,Yes,Credit card (automatic),19.16,57.97,No
C05447,Male,0,Yes,No,27,Yes,No,Yes,No internet service,Month-to-month,Yes,Credit card (automatic),46.19,1141.49,Yes
C05448,Male,0,No,No,22,Yes,No,No internet service,No,Month-to-month,No,Mailed check,42.67,846.7,Yes
C05449,Female,1,No,No,44,Yes,Fiber optic,No internet service,No,Month-to-month,Yes,Electronic check,94.44,4124.74,No
C05450,Female,0,No,No,66,No,DSL,No,No internet service,Month-to-month,Yes,Electronic check,74.97,4644.69,No
C05451,Male,0,No,No,58,Yes,DSL,No,No,One year,No,Electronic check,35.78,2237.81,Yes
C05452,Male,1,Yes,No,4,Yes,Fiber optic,No internet service,Yes,One year,No,Bank transfer (automatic),74.81,295.11,Yes
C05453,Female,1,Yes,Yes,17,Yes,No,No internet service,Yes,Month-to-month,No,Credit card (automatic),40.54,668.78,No
C05454,Male,0,No,No,20,Yes,DSL,No internet service,No internet service,Two year,No,Mailed check,60.55,1221.66,No
C05455,Female,0,Yes,No,18,Yes,No,No,Yes,Month-to-month,No,Electronic check,106.82,1972.21,Yes
C05456,Male,0,No,Yes,25,Yes,No,No,No,Month-to-month,No,Mailed check,89.93,2060.28,Yes
C05457,Female,0,No,Yes,44,Yes,No,No,No,One year,No,Electronic check,83.11,3833.35,No
C05458,Male,0,Yes,Yes,53,Yes,DSL,No,No internet service,Month-to-month,Yes,Bank transfer (automatic),46.15,2268.66,Yes
C05459,Female,1,Yes,Yes,68,Yes,DSL,Yes,No internet service,Month-to-month,No,Electronic check,30.46,2024.36,No
C05460,Male,0,No,Yes,51,Yes,Fiber optic,Yes,Yes,One year,Yes,Mailed check,93.29,4621.59,No
C05461,Female,0,Yes,No,21,Yes,Fiber optic,Yes,No internet service,Month-to-month,No,Bank transfer (automatic),74.79,1592.31,Yes
C05462,Female,0,No,No,13,No,No,No,No internet service,Month-to-month,No,Credit card (automatic),80.28,1083.19,Yes
C05463,Male,0,No,Yes,27,Yes,No,No,No internet service,One year,Yes,Electronic check,115.51,3306.41,Yes
C05464,Male,0,Yes,No,58,Yes,DSL,No,No,Month-to-month,No,Mailed check,52.83,3080.78,No
C05465,Female,0,Yes,No,72,Yes,No,Yes,No internet service,Two year,No,Mailed check,98.07,6574.38,No
C05466,Female,0,Yes,No,28,Yes,No,No internet service,Yes,Two year,No,Electronic check,73.9,2150.29,No
C05467,Female,0,No,No,12,Yes,Fiber optic,No internet service,Yes,Month-to-month,Yes,Electronic check,41.53,496.25,No
C05468,Male,0,No,No,0,Yes,Fiber optic,No internet service,No,Month-to-month,Yes,Mailed check,23.29,23.7,Yes
C05469,Male,0,Yes,Yes,5,Yes,No,No internet service,Yes,Month-to-month,No,Credit card (automatic),79.6,393.52,Yes
C05470,Female,0,No,Yes,46,Yes,No,No,No internet service,One year,No,Mailed check,47.76,2160.18,No
C05471,Female,0,No,No,43,Yes,No,Yes,No,Month-to-month,No,Mailed check,87.55,3916.26,No
C05472,Female,0,Yes,No,46,Yes,Fiber optic,Yes,No,Two year,Yes,Mailed check,88.07,4070.75,Yes
C05473,Male,0,Yes,Yes,1,Yes,Fiber optic,Yes,Yes,Month-to-month,No,Credit card (automatic),63.55,68.22,No
C05474,Female,1,Yes,No,31,Yes,No,Yes,Yes,One year,Yes,Electronic check,71.64,2328.97,Yes
C05475,Female,0,No,No,13,Yes,DSL,Yes,No,Month-to-month,Yes,Credit card (automatic),80.65,1043.48,Yes
C05476,Female,0,Yes,No,24,Yes,No,No,Yes,Month-to-month,Yes,Electronic check,64.86,1467.67,Yes
C05477,Female,0,No,No,45,Yes,DSL,No,No internet service,Month-to-month,No,Credit card (automatic),105.74,4299.2,No
C05478,Female,0,No,Yes,20,No,Fiber optic,No internet service,Yes,One year,No,Credit card (automatic),25.59,481.64,Yes
C05479,Female,0,No,Yes,48,Yes,Fiber optic,Yes,No,Two year,No,Electronic check,115.98,5323.5,Yes
C05480,Female,1,No,Yes,21,Yes,DSL,No internet service,Yes,Month-to-month,No,Credit card (automatic),21.35,414.11,Yes
C05481,Female,0,Yes,Yes,37,Yes,Fiber optic,Yes,Yes,Month-to-month,Yes,Electronic check,38.81,1484.53,Yes
C05482,Female,0,No,No,33,No,DSL,Yes,No,Month-to-month,Yes,Mailed check,88.83,2829.42,Yes
C05483,Male,0,Yes,No,28,Yes,DSL,No,No,Month-to-month,No,Mailed check,26.5,672.29,No
C05484,Male,1,Yes,No,9,Yes,DSL,No internet service,No,Two year,No,Mailed check,44.22,392.96,No
C05485,Female,1,No,No,42,Yes,DSL,No internet service,Yes,Two year,No,Bank transfer (automatic),33.4,1482.57,Yes
C05486,Male,0,Yes,No,72,Yes,Fiber optic,No internet service,No internet service,Two year,No,Bank transfer (automatic),90.36,6297.4,No
C05487,Female,0,No,Yes,46,Yes,Fiber optic,Yes,Yes,Month-to-month,Yes,Credit card (automatic),75.89,3771.84,Yes
C05488,Female,0,Yes,No,54,Yes,DSL,No,No internet service,Month-to-month,No,Bank transfer (automatic),24.45,1413.46,No
C05489,Male,0,Yes,No,58,Yes,DSL,No internet service,No internet service,One year,No,Mailed check,64.01,4001.7,No
C05490,Female,0,No,No,2,No,Fiber optic,No internet service,No,Month-to-month,Yes,Bank transfer (automatic),38.85,80.31,Yes
C05491,Female,0,Yes,No,57,Yes,DSL,No,Yes,One year,Yes,Mailed check,114.77,6943.03,No
C05492,Female,0,No,No,17,Yes,Fiber optic,Yes,Yes,Month-to-month,No,Credit card (automatic),28.79,478.56,Yes
C05493,Female,0,No,Yes,48,No,Fiber optic,No,Yes,Month-to-month,No,Bank transfer (automatic),77.81,3879.21,Yes
C05494,Female,0,Yes,Yes,71,Yes,No,No internet service,No,Two year,No,Mailed check,66.18,4439.31,No
C05495,Female,0,Yes,No,65,Yes,DSL,Yes,No,Month-to-month,Yes,Bank transfer (automatic),75.81,4636.64,No
C05496,Female,0,Yes,No,30,Yes,DSL,Yes,No,Two year,Yes,Bank transfer (automatic),113.65,3712.0,No
C05497,Female,1,No,Yes,61,Yes,DSL,No internet service,Yes,Month-to-month,Yes,Mailed check,52.13,3210.98,No
C05498,Male,0,Yes,Yes,45,Yes,No,No internet service,Yes,Month-to-month,No,Bank transfer (automatic),92.88,3821.56,No
C05499,Male,0,No,No,9,Yes,Fiber optic,No internet service,No internet service,Month-to-month,No,Mailed check,62.75,530.56,Yes
C05500,Male,1,No,No,17,Yes,Fiber optic,No,No internet service,Month-to-month,No,Mailed check,84.08,1418.31,Yes
C05501,Male,0,Yes,No,69,Yes,Fiber optic,No,Yes,Month-to-month,No,Credit card (automatic),54.57,4025.81,No
C05502,Male,0,Yes,No,66,Yes,Fiber optic,No internet service,No,Month-to-month,No,Electronic check,40.71,2899.63,No
C05503,Male,0,No,Yes,65,Yes,No,Yes,No,One year,No,Mailed check,26.36,1580.94,Yes
C05504,Male,0,No,Yes,28,No,DSL,Yes,No internet service,Two year,Yes,Electronic check,28.18,719.92,Yes
C05505,Female,1,Yes,No,23,Yes,Fiber optic,Yes,No internet service,Month-to-month,No,Electronic check,113.94,2422.34,Yes
C05506,Male,0,Yes,Yes,58,Yes,No,No,No,Month-to-month,No,Mailed check,96.85,5809.86,Yes
C05507,Male,0,Yes,No,1,Yes,DSL,No internet service,No,Month-to-month,No,Electronic check,42.5,42.78,No
C05508,Female,0,Yes,Yes,65,Yes,DSL,No,No,One year,Yes,Electronic check,70.91,4828.45,No
C05509,Male,1,Yes,No,44,Yes,DSL,Yes,No,One year,Yes,Credit card (automatic),89.42,4007.94,No
C05510,Female,0,No,No,46,Yes,No,No,No,Month-to-month,Yes,Credit card (automatic),53.25,2251.52,No
C05511,Female,0,No,Yes,32,Yes,No,No,Yes,Month-to-month,No,Mailed check,62.0,1887.83,Yes
C05512,Female,0,Yes,No,71,Yes,Fiber optic,No,Yes,Month-to-month,Yes,Mailed check,89.84,6163.75,No
C05513,Female,0,Yes,No,54,Yes,No,No,No internet service,Month-to-month,No,Bank transfer (automatic),40.75,2291.91,Yes
C05514,Female,0,Yes,Yes,3,Yes,DSL,No internet service,Yes,Month-to-month,No,Electronic check,70.63,215.99,Yes
C05515,Female,0,Yes,Yes,38,Yes,Fiber optic,Yes,No,Two year,Yes,Mailed check,39.01,1614.85,No
C05516,Male,0,Yes,No,62,Yes,Fiber optic,No,Yes,Month-to-month,Yes,Credit card (automatic),18.31,1054.74,Yes
C05517,Male,0,No,No,5,Yes,DSL,No,No,Month-to-month,Yes,Electronic check,87.03,473.32,Yes
C05518,Female,0,No,Yes,53,Yes,Fiber optic,Yes,No,Month-to-month,Yes,Credit card (automatic),88.73,4439.48,No
C05519,Female,0,No,No,17,Yes,Fiber optic,No internet service,Yes,One year,No,Credit card (automatic),117.57,1936.12,No
C05520,Female,0,No,No,36,Yes,Fiber optic,No,Yes,Month-to-month,No,Mailed check,36.1,1178.63,No
C05521,Female,0,No,No,64,Yes,No,No,Yes,Month-to-month,No,Bank transfer (automatic),91.96,5645.93,Yes
C05522,Female,0,Yes,No,35,No,DSL,No internet service,No,Month-to-month,No,Bank transfer (automatic),112.8,3710.89,Yes
C05523,Female,0,No,No,2,No,DSL,Yes,Yes,One year,Yes,Electronic check,82.46,155.59,No
C05524,Male,0,No,Yes,1,Yes,No,Yes,No,Month-to-month,No,Bank transfer (automatic),114.31,115.96,Yes
C05525,Male,0,Yes,Yes,53,Yes,Fiber optic,No internet service,Yes,Two year,Yes,Credit card (automatic),117.44,6573.86,No
C05526,Female,0,Yes,No,67,Yes,Fiber optic,Yes,No,Month-to-month,Yes,Mailed check,98.16,6898.92,No
C05527,Male,0,No,No,21,Yes,Fiber optic,No,Yes,Month-to-month,Yes,Credit card (automatic),117.93,2639.56,No
C05528,Male,0,No,No,68,Yes,No,Yes,No,Two year,No,Bank transfer (automatic),80.58,5732.96,No
C05529,Female,0,Yes,No,33,Yes,DSL,Yes,No,Two year,Yes,Electronic check,67.71,2447.37,No
C05530,Male,1,No,Yes,4,Yes,DSL,No,No internet service,Month-to-month,No,Credit card (automatic),109.76,396.76,No
C05531,Male,0,No,No,38,Yes,Fiber optic,Yes,No internet service,Two year,No,Mailed check,101.1,4216.68,No
C05532,Female,0,Yes,No,71,Yes,DSL,No,No,Month-to-month,No,Mailed check,29.01,2022.56,No
C05533,Male,0,No,No,18,No,No,No internet service,Yes,Month-to-month,No,Electronic check,48.27,865.0,Yes
C05534,Female,0,No,No,70,Yes,DSL,No,No internet service,Two year,Yes,Mailed check,44.06,3131.91,Yes
C05535,Male,0,Yes,No,47,Yes,Fiber optic,Yes,No internet service,One year,No,Mailed check,103.53,4387.61,No
C05536,Male,1,Yes,No,28,Yes,Fiber optic,Yes,No internet service,Month-to-month,Yes,Bank transfer (automatic),41.32,1083.31,Yes
C05537,Female,0,Yes,Yes,50,Yes,DSL,No,No internet service,One year,No,Bank transfer (automatic),48.4,2393.85,No
C05538,Male,0,Yes,No,29,Yes,DSL,No,No,Month-to-month,No,Credit card (automatic),69.88,2135.76,Yes
C05539,Female,0,Yes,No,6,Yes,DSL,No,No,Month-to-month,No,Mailed check,25.61,165.03,No
C05540,Female,0,No,No,63,Yes,Fiber optic,No,Yes,Two year,No,Credit card (automatic),114.12,6683.03,No
C05541,Male,0,Yes,No,27,Yes,DSL,No,Yes,Month-to-month,No,Bank transfer (automatic),67.11,1726.08,No
C05542,Female,0,No,Yes,41,Yes,No,No,Yes,One year,No,Bank transfer (automatic),37.04,1551.25,Yes
C05543,Female,0,No,No,54,Yes,No,Yes,No internet service,One year,No,Bank transfer (automatic),45.08,2366.64,No
C05544,Male,0,Yes,No,6,Yes,DSL,No,Yes,One year,Yes,Bank transfer (automatic),97.81,563.14,Yes
C05545,Female,1,No,Yes,52,Yes,DSL,No,No internet service,Month-to-month,Yes,Electronic check,81.4,4134.02,No
C05546,Female,0,Yes,No,26,Yes,DSL,No internet service,Yes,Two year,No,Bank transfer (automatic),64.46,1743.53,Yes
C05547,Female,0,No,No,39,Yes,No,No internet service,No,One year,No,Mailed check,51.16,1874.97,No
C05548,Female,0,No,Yes,33,Yes,No,No internet service,No internet service,One year,Yes,Electronic check,108.07,3253.83,Yes
C05549,Female,0,No,Yes,56,Yes,Fiber optic,No internet service,Yes,Month-to-month,Yes,Mailed check,95.26,4804.79,No
C05550,Male,0,No,No,13,Yes,Fiber optic,Yes,Yes,Month-to-month,Yes,Credit card (automatic),89.81,1173.76,No
C05551,Female,1,No,Yes,7,Yes,Fiber optic,Yes,No,Month-to-month,No,Electronic check,62.6,416.29,No
C05552,Female,0,No,Yes,29,Yes,No,No,No internet service,Month-to-month,No,Electronic check,116.12,3408.99,No
C05553,Female,1,Yes,No,8,Yes,No,Yes,Yes,Month-to-month,Yes,Mailed check,89.01,766.34,No
C05554,Male,0,Yes,Yes,17,Yes,DSL,Yes,No,One year,No,Electronic check,60.36,983.77,No
C05555,Female,0,Yes,Yes,47,Yes,No,No,No,Two year,No,Electronic check,114.06,5021.56,No
C05556,Female,0,No,No,59,No,DSL,No,No,Month-to-month,Yes,Electronic check,107.57,5713.97,No
C05557,Male,0,Yes,No,50,No,DSL,Yes,No internet service,Month-to-month,No,Credit card (automatic),92.0,5042.84,No
C05558,Male,0,Yes,Yes,23,Yes,No,No internet service,Yes,One year,No,Bank transfer (automatic),94.7,2185.43,Yes
C05559,Male,1,Yes,Yes,59,Yes,Fiber optic,Yes,No internet service,Month-to-month,No,Electronic check,60.36,3776.41,Yes
C05560,Female,0,Yes,Yes,29,Yes,DSL,No internet service,No internet service,Two year,Yes,Mailed check,68.74,2136.23,No
C05561,Male,0,No,No,13,Yes,DSL,No internet service,No internet service,Month-to-month,Yes,Bank transfer (automatic),37.15,530.78,No
C05562,Female,1,Yes,No,55,No,DSL,No,Yes,Month-to-month,Yes,Mailed check,77.54,4571.45,No
C05563,Female,0,Yes,Yes,37,Yes,DSL,No,No internet service,Month-to-month,Yes,Mailed check,54.99,1950.83,Yes
C05564,Male,0,No,No,27,Yes,No,Yes,No,Two year,Yes,Electronic check,52.74,1442.31,No
C05565,Female,0,Yes,No,48,Yes,Fiber optic,No,No internet service,Month-to-month,Yes,Mailed check,112.82,5916.54,Yes
C05566,Female,0,Yes,No,52,Yes,Fiber optic,Yes,Yes,One year,No,Credit card (automatic),34.48,1840.79,No
C05567,Male,0,No,No,16,Yes,No,No internet service,No,Month-to-month,No,Electronic check,101.0,1702.96,No
C05568,Male,0,Yes,No,8,Yes,DSL,No,No internet service,Month-to-month,No,Credit card (automatic),46.15,399.23,Yes
C05569,Female,0,No,No,37,Yes,DSL,No,No internet service,Two year,Yes,Electronic check,20.87,789.74,No
C05570,Male,0,Yes,Yes,3,Yes,Fiber optic,No,No,Month-to-month,Yes,Mailed check,22.05,68.7,Yes
C05571,Male,1,Yes,Yes,46,Yes,Fiber optic,Yes,No,Month-to-month,No,Bank transfer (automatic),60.92,2851.79,Yes
C05572,Female,0,No,Yes,32,Yes,DSL,No internet service,No,Month-to-month,Yes,Credit card (automatic),63.45,1964.87,Yes
C05573,Female,0,No,No,15,Yes,Fiber optic,No internet service,No internet service,Two year,No,Bank transfer (automatic),50.03,712.75,Yes
C05574,Female,0,No,No,43,Yes,Fiber optic,Yes,Yes,Month-to-month,Yes,Mailed check,84.88,3747.32,No
C05575,Male,1,No,Yes,27,Yes,DSL,No,No internet service,Month-to-month,Yes,Bank transfer (automatic),66.53,1969.16,No
C05576,Female,1,Yes,Yes,28,Yes,Fiber optic,Yes,No,Two year,No,Bank transfer (automatic),25.41,770.69,Yes
C05577,Female,1,Yes,No,15,Yes,Fiber optic,No,No internet service,One year,No,Electronic check,52.81,746.18,No
C05578,Female,0,No,No,49,No,No,No internet service,Yes,Two year,Yes,Electronic check,28.2,1476.52,No
C05579,Male,0,Yes,No,65,Yes,No,No,No,One year,Yes,Mailed check,24.29,1427.63,No
C05580,Male,0,Yes,No,45,No,DSL,No,No,One year,No,Credit card (automatic),38.83,1778.61,No
C05581,Male,0,Yes,No,17,Yes,DSL,No,No,Month-to-month,Yes,Credit card (automatic),88.06,1625.86,Yes
C05582,Female,0,Yes,Yes,60,Yes,Fiber optic,No,Yes,Month-to-month,No,Mailed check,87.6,5738.85,No
C05583,Female,0,No,No,8,Yes,Fiber optic,No,No,One year,Yes,Mailed check,104.14,850.29,No
C05584,Female,0,Yes,No,21,Yes,No,No internet service,No internet service,One year,Yes,Bank transfer (automatic),93.64,2017.89,Yes
C05585,Female,0,No,No,2,Yes,No,No internet service,Yes,Two year,No,Electronic check,71.55,139.95,Yes
C05586,Female,1,Yes,Yes,61,Yes,Fiber optic,No,Yes,One year,No,Bank transfer (automatic),49.26,3139.26,Yes
C05587,Female,0,Yes,No,3,No,No,No internet service,No,Month-to-month,Yes,Bank transfer (automatic),18.58,52.91,No
C05588,Male,0,No,No,39,Yes,Fiber optic,No internet service,No,Month-to-month,No,Credit card (automatic),82.71,2924.97,Yes
C05589,Female,0,No,No,13,Yes,Fiber optic,No,No internet service,One year,Yes,Credit card (automatic),46.97,651.56,No
C05590,Male,0,No,Yes,15,Yes,Fiber optic,No internet service,Yes,Month-to-month,Yes,Mailed check,43.01,588.42,No
C05591,Female,0,Yes,Yes,44,Yes,Fiber optic,Yes,Yes,Two year,No,Credit card (automatic),115.48,5248.5,No
C05592,Female,0,Yes,No,58,Yes,DSL,No internet service,No internet service,One year,No,Bank transfer (automatic),35.42,2028.45,Yes
C05593,Male,0,No,Yes,1,Yes,DSL,No,Yes,Month-to-month,No,Mailed check,21.24,19.3,Yes
C05594,Male,0,No,No,11,Yes,DSL,No internet service,Yes,One year,No,Bank transfer (automatic),112.94,1157.82,No
C05595,Female,1,Yes,No,20,Yes,Fiber optic,Yes,Yes,One year,Yes,Electronic check,48.6,894.38,No
C05596,Female,1,No,No,68,Yes,Fiber optic,Yes,No internet service,Two year,Yes,Electronic check,57.34,3676.41,No
C05597,Male,0,No,No,4,Yes,DSL,Yes,No,Month-to-month,Yes,Mailed check,26.09,107.18,Yes
C05598,Male,0,Yes,No,13,Yes,No,Yes,Yes,One year,Yes,Electronic check,58.41,770.05,Yes
C05599,Male,0,Yes,No,29,Yes,Fiber optic,No,No internet service,Month-to-month,Yes,Credit card (automatic),115.22,3296.56,No
C05600,Female,0,No,Yes,23,Yes,Fiber optic,No internet service,No,Month-to-month,No,Bank transfer (automatic),87.4,2148.12,No
C05601,Male,0,Yes,No,3,Yes,DSL,No internet service,Yes,Month-to-month,Yes,Credit card (automatic),65.38,206.07,No
C05602,Male,0,No,No,39,No,DSL,No internet service,No internet service,Two year,Yes,Electronic check,48.75,1970.72,No
C05603,Female,0,Yes,No,44,Yes,Fiber optic,Yes,No internet service,Two year,Yes,Electronic check,54.6,2449.9,No
C05604,Female,0,No,Yes,12,Yes,Fiber optic,No,No internet service,Month-to-month,Yes,Bank transfer (automatic),79.12,986.68,No
C05605,Female,0,No,No,50,Yes,No,Yes,No,One year,Yes,Mailed check,43.45,2053.71,No
C05606,Female,0,Yes,Yes,4,Yes,Fiber optic,No,No,Month-to-month,No,Credit card (automatic),33.19,126.38,Yes
C05607,Male,0,Yes,Yes,53,Yes,DSL,No internet service,Yes,One year,Yes,Electronic check,87.62,4456.36,No
C05608,Female,0,Yes,No,18,Yes,Fiber optic,Yes,No internet service,Month-to-month,Yes,Mailed check,104.95,1980.18,No
C05609,Male,0,Yes,No,16,Yes,No,No,Yes,One year,Yes,Mailed check,108.15,1706.96,No
C05610,Female,0,No,No,14,Yes,No,No,Yes,Month-to-month,No,Credit card (automatic),102.14,1561.37,Yes
C05611,Male,0,Yes,Yes,63,Yes,No,No internet service,Yes,One year,No,Credit card (automatic),71.06,4065.1,No
C05612,Male,0,No,No,36,Yes,No,Yes,No,Month-to-month,Yes,Bank transfer (automatic),96.88,3406.18,Yes
C05613,Female,0,Yes,No,50,Yes,DSL,No internet service,Yes,One year,Yes,Electronic check,110.64,5149.99,No
C05614,Male,0,No,No,14,Yes,Fiber optic,Yes,No internet service,One year,Yes,Bank transfer (automatic),20.34,302.78,No
C05615,Male,1,No,No,4,Yes,Fiber optic,No,Yes,Month-to-month,Yes,Electronic check,59.21,235.87,Yes
C05616,Female,1,No,No,2,Yes,No,No,No,Month-to-month,No,Mailed check,38.41,78.66,Yes
C05617,Male,0,No,No,32,Yes,No,No,Yes,Two year,No,Mailed check,117.68,3839.53,Yes
C05618,Male,0,No,Yes,23,Yes,Fiber optic,No,No internet service,One year,Yes,Credit card (automatic),110.96,2337.23,Yes
C05619,Female,0,No,No,56,Yes,DSL,No,No,Month-to-month,Yes,Electronic check,98.22,5812.45,No
C05620,Male,1,Yes,No,57,Yes,Fiber optic,No internet service,No,Month-to-month,Yes,Bank transfer (automatic),47.59,2887.31,No
C05621,Female,0,No,No,22,Yes,No,Yes,No internet service,Month-to-month,Yes,Mailed check,113.21,2544.14,No
C05622,Female,0,Yes,No,31,No,Fiber optic,No,No internet service,One year,Yes,Bank transfer (automatic),20.93,620.4,No
C05623,Male,0,No,Yes,27,Yes,DSL,No,No,One year,No,Mailed check,36.8,1038.13,No
C05624,Male,0,Yes,No,49,Yes,Fiber optic,No internet service,Yes,Month-to-month,Yes,Credit card (automatic),79.69,4061.52,No
C05625,Female,0,No,No,45,No,Fiber optic,No,Yes,One year,No,Electronic check,97.3,4739.76,Yes
C05626,Female,0,Yes,No,47,Yes,No,No,No internet service,One year,No,Electronic check,106.36,4616.34,No
C05627,Male,0,No,Yes,4,Yes,Fiber optic,No internet service,No internet service,One year,Yes,Bank transfer (automatic),48.05,207.95,No
C05628,Male,0,Yes,No,24,Yes,No,Yes,No,Month-to-month,Yes,Electronic check,57.08,1475.97,Yes
C05629,Female,0,No,No,70,Yes,DSL,No internet service,Yes,Month-to-month,Yes,Credit card (automatic),63.48,4263.66,No
C05630,Male,0,Yes,No,24,Yes,Fiber optic,No,No,Month-to-month,No,Electronic check,20.7,518.28,No
C05631,Female,0,Yes,No,12,Yes,DSL,No internet service,No internet service,Month-to-month,No,Mailed check,104.4,1193.59,Yes
C05632,Male,0,Yes,Yes,14,Yes,Fiber optic,No,Yes,Month-to-month,No,Credit card (automatic),51.79,686.65,Yes
C05633,Female,0,No,No,1,Yes,No,No internet service,Yes,Month-to-month,Yes,Mailed check,37.93,39.0,No
C05634,Male,0,No,Yes,56,Yes,No,No internet service,Yes,Month-to-month,No,Credit card (automatic),58.92,3002.59,No
C05635,Male,0,Yes,Yes,0,Yes,Fiber optic,No,Yes,One year,Yes,Bank transfer (automatic),89.06,81.87,Yes
C05636,Female,0,Yes,No,43,Yes,Fiber optic,No,Yes,Month-to-month,No,Mailed check,105.09,4663.6,No
C05637,Female,0,No,No,29,Yes,No,No,No internet service,One year,Yes,Credit card (automatic),39.54,1250.29,No
C05638,Male,0,Yes,No,6,Yes,No,No internet service,No,Month-to-month,Yes,Bank transfer (automatic),35.26,191.84,Yes
C05639,Male,0,Yes,Yes,64,Yes,Fiber optic,No,No internet service,One year,No,Bank transfer (automatic),112.38,6506.06,No
C05640,Female,0,No,No,54,Yes,Fiber optic,No,No,Month-to-month,No,Credit card (automatic),73.09,3611.2,No
C05641,Female,0,Yes,No,59,Yes,No,Yes,Yes,Two year,No,Electronic check,54.58,2899.27,No
C05642,Male,0,Yes,No,68,Yes,Fiber optic,Yes,No internet service,One year,No,Mailed check,37.93,2800.18,No
C05643,Female,0,No,No,66,Yes,Fiber optic,Yes,No internet service,Month-to-month,Yes,Mailed check,117.52,7716.05,No
C05644,Male,0,No,No,51,Yes,No,No,Yes,One year,No,Mailed check,89.92,4762.12,No
C05645,Male,0,Yes,No,38,Yes,Fiber optic,Yes,No internet service,Month-to-month,Yes,Mailed check,39.79,1486.74,No
C05646,Female,0,No,No,50,Yes,Fiber optic,No internet service,No internet service,One year,Yes,Credit card (automatic),27.13,1491.4,No
C05647,Female,0,Yes,Yes,32,Yes,DSL,No,No,Month-to-month,No,Electronic check,37.93,1208.89,No
C05648,Male,0,Yes,No,13,Yes,Fiber optic,No,Yes,Month-to-month,No,Electronic check,42.77,604.86,Yes
C05649,Female,0,No,No,28,Yes,Fiber optic,No,Yes,Month-to-month,No,Bank transfer (automatic),29.11,839.47,No
C05650,Female,0,Yes,No,34,Yes,DSL,Yes,No internet service,Two year,No,Bank transfer (automatic),40.97,1517.72,Yes
C05651,Female,1,No,No,3,Yes,No,No,Yes,Month-to-month,Yes,Credit card (automatic),29.68,88.95,Yes
C05652,Female,0,Yes,No,61,No,No,No,No internet service,One year,Yes,Bank transfer (automatic),55.77,3659.76,Yes
C05653,Male,1,Yes,No,66,Yes,No,Yes,No internet service,Month-to-month,Yes,Credit card (automatic),66.62,4250.84,No
C05654,Male,0,No,No,30,Yes,Fiber optic,No internet service,No,Month-to-month,Yes,Mailed check,63.53,1967.35,Yes
C05655,Male,1,No,No,36,Yes,Fiber optic,Yes,No,Month-to-month,Yes,Credit card (automatic),100.92,3718.27,No
C05656,Female,0,No,No,61,Yes,DSL,No,No,Two year,No,Mailed check,43.4,2640.43,Yes
C05657,Female,0,No,Yes,33,Yes,Fiber optic,Yes,No internet service,Two year,No,Electronic check,106.71,3522.47,Yes
C05658,Female,0,Yes,No,50,Yes,DSL,No,Yes,Month-to-month,Yes,Credit card (automatic),108.81,5081.56,No
C05659,Male,0,Yes,No,37,Yes,Fiber optic,No,No,One year,Yes,Electronic check,113.98,4559.72,No
C05660,Male,0,Yes,No,19,Yes,DSL,No,No,Month-to-month,Yes,Bank transfer (automatic),36.1,679.62,Yes
C05661,Female,0,No,No,57,No,DSL,No internet service,No,Month-to-month,No,Credit card (automatic),42.58,2257.88,No
C05662,Female,0,No,Yes,14,Yes,Fiber optic,No internet service,No internet service,Month-to-month,No,Credit card (automatic),80.38,1171.31,Yes
C05663,Male,0,No,Yes,16,Yes,DSL,No internet service,No,Month-to-month,No,Mailed check,32.09,536.77,Yes
C05664,Male,0,No,Yes,50,Yes,No,Yes,No,Month-to-month,Yes,Mailed check,26.56,1207.18,Yes
C05665,Female,0,No,No,51,Yes,DSL,No,No internet service,One year,Yes,Electronic check,25.37,1250.61,No
C05666,Female,0,Yes,Yes,69,Yes,Fiber optic,No,No internet service,Month-to-month,No,Mailed check,78.61,5515.5,Yes
C05667,Female,0,No,No,51,Yes,DSL,No internet service,No internet service,Two year,No,Bank transfer (automatic),98.47,5344.97,Yes
C05668,Male,0,No,No,1,Yes,Fiber optic,No,No internet service,One year,No,Mailed check,43.89,42.23,No
C05669,Female,0,Yes,No,62,No,DSL,Yes,No internet service,Two year,Yes,Credit card (automatic),111.35,6627.08,No
C05670,Male,0,No,No,30,Yes,No,No,No internet service,One year,No,Bank transfer (automatic),97.19,3053.65,Yes
C05671,Male,0,No,No,0,No,No,No,Yes,Two year,No,Bank transfer (automatic),25.75,24.3,No
C05672,Male,0,Yes,No,42,Yes,No,No,Yes,Month-to-month,No,Electronic check,58.73,2662.02,No
C05673,Female,0,Yes,No,12,Yes,DSL,Yes,No,Month-to-month,No,Credit card (automatic),24.8,314.89,Yes
C05674,Female,0,No,No,30,Yes,Fiber optic,Yes,No internet service,Month-to-month,No,Credit card (automatic),109.52,3543.88,Yes
C05675,Male,1,Yes,Yes,34,Yes,No,No internet service,No internet service,Two year,Yes,Bank transfer (automatic),92.28,3045.74,Yes
C05676,Male,0,No,No,5,Yes,Fiber optic,No,Yes,Month-to-month,Yes,Credit card (automatic),86.65,404.29,No
C05677,Male,0,Yes,No,62,Yes,DSL,Yes,No internet service,One year,Yes,Bank transfer (automatic),86.27,5439.73,No
C05678,Female,1,Yes,Yes,37,Yes,Fiber optic,No internet service,No,One year,No,Credit card (automatic),46.52,1614.51,Yes
C05679,Female,0,No,Yes,70,Yes,No,No internet service,No,Month-to-month,No,Mailed check,111.35,7429.89,Yes
C05680,Male,0,No,No,33,Yes,DSL,No internet service,No internet service,Two year,Yes,Electronic check,110.28,3566.87,No
C05681,Female,0,Yes,No,43,Yes,DSL,No,Yes,Month-to-month,Yes,Bank transfer (automatic),91.95,3924.38,Yes
C05682,Female,0,No,No,59,No,Fiber optic,No internet service,Yes,Month-to-month,No,Bank transfer (automatic),64.89,3692.53,No
C05683,Male,1,No,Yes,15,Yes,DSL,No internet service,No,One year,No,Credit card (automatic),22.71,325.98,No
C05684,Female,0,No,No,66,Yes,Fiber optic,No,No internet service,Month-to-month,Yes,Credit card (automatic),20.83,1305.14,Yes
C05685,Male,0,Yes,Yes,13,Yes,Fiber optic,No internet service,No internet service,Month-to-month,No,Electronic check,31.81,429.26,Yes
C05686,Female,0,No,No,72,Yes,Fiber optic,No internet service,No,Month-to-month,Yes,Mailed check,77.58,5368.9,Yes
C05687,Female,0,Yes,Yes,46,Yes,DSL,No,No internet service,Month-to-month,Yes,Bank transfer (automatic),97.81,4674.19,Yes
C05688,Female,0,No,No,37,Yes,Fiber optic,No internet service,No,One year,No,Mailed check,112.85,4378.28,No
C05689,Male,1,No,No,15,Yes,Fiber optic,No,Yes,Two year,No,Electronic check,35.54,555.94,No
C05690,Female,0,No,No,41,Yes,Fiber optic,Yes,No internet service,Month-to-month,Yes,Electronic check,45.55,2022.35,No
C05691,Female,0,No,No,40,No,Fiber optic,No internet service,No internet service,Month-to-month,No,Bank transfer (automatic),23.41,1021.52,Yes
C05692,Female,0,Yes,No,71,Yes,Fiber optic,No,No internet service,Month-to-month,Yes,Credit card (automatic),116.9,7713.7,No
C05693,Female,0,No,Yes,60,Yes,Fiber optic,No internet service,No,Two year,Yes,Bank transfer (automatic),96.09,5558.52,No
C05694,Male,0,Yes,Yes,35,Yes,DSL,No internet service,No internet service,One year,Yes,Bank transfer (automatic),66.07,2445.49,Yes
C05695,Male,0,No,No,28,Yes,No,Yes,No internet service,Month-to-month,No,Bank transfer (automatic),75.56,2234.92,No
C05696,Female,0,Yes,Yes,28,Yes,Fiber optic,No internet service,No internet service,Month-to-month,No,Credit card (automatic),74.22,1899.83,No
C05697,Male,0,Yes,No,27,Yes,Fiber optic,No internet service,No internet service,Two year,Yes,Mailed check,43.44,1281.26,No
C05698,Female,0,Yes,No,0,Yes,Fiber optic,No internet service,No,Two year,No,Electronic check,36.54,39.14,No
C05699,Male,0,No,No,2,Yes,DSL,Yes,No,Month-to-month,No,Bank transfer (automatic),47.7,103.02,Yes
C05700,Female,0,No,Yes,54,Yes,No,No internet service,Yes,Two year,Yes,Credit card (automatic),42.72,2170.49,No
C05701,Male,0,No,No,18,Yes,DSL,Yes,No,Month-to-month,Yes,Credit card (automatic),73.75,1327.74,Yes
C05702,Male,0,No,No,30,Yes,Fiber optic,Yes,No internet service,Month-to-month,No,Electronic check,48.82,1447.18,No
C05703,Female,0,Yes,No,50,Yes,No,No,No internet service,One year,No,Electronic check,90.89,4417.53,Yes
C05704,Female,1,Yes,No,44,Yes,Fiber optic,No,No,Month-to-month,No,Electronic check,74.79,3111.32,Yes
C05705,Male,0,Yes,No,26,Yes,DSL,No internet service,No internet service,Month-to-month,No,Credit card (automatic),71.23,1718.49,No
C05706,Male,0,No,No,54,Yes,No,Yes,No,Two year,No,Credit card (automatic),113.13,6561.71,No
C05707,Female,0,No,No,11,Yes,Fiber optic,No internet service,Yes,Two year,Yes,Bank transfer (automatic),50.24,556.0,No
C05708,Male,1,No,No,34,Yes,DSL,No,No internet service,Month-to-month,Yes,Electronic check,81.53,2827.92,No
C05709,Male,0,No,Yes,7,Yes,Fiber optic,No internet service,Yes,One year,No,Bank transfer (automatic),18.01,120.06,No
C05710,Male,0,Yes,No,38,Yes,Fiber optic,Yes,No,One year,Yes,Bank transfer (automatic),91.69,3787.38,No
C05711,Male,0,No,No,6,Yes,Fiber optic,Yes,No internet service,One year,Yes,Credit card (automatic),68.25,445.24,Yes
C05712,Female,0,No,Yes,68,Yes,Fiber optic,No,No internet service,Two year,No,Mailed check,38.84,2731.68,No
C05713,Female,0,Yes,Yes,48,No,No,No,No internet service,One year,No,Electronic check,18.15,839.93,No
C05714,Male,0,Yes,No,17,Yes,DSL,No,No,Month-to-month,Yes,Credit card (automatic),88.69,1427.17,No
C05715,Male,0,Yes,No,44,Yes,Fiber optic,Yes,Yes,Month-to-month,No,Mailed check,84.27,3778.53,No
C05716,Female,0,Yes,No,25,No,Fiber optic,No internet service,Yes,Two year,No,Bank transfer (automatic),84.54,2254.21,No
C05717,Female,1,Yes,Yes,37,Yes,No,Yes,No internet service,Two year,No,Credit card (automatic),61.75,2498.14,Yes
C05718,Female,1,Yes,No,12,Yes,DSL,Yes,No,Month-to-month,No,Bank transfer (automatic),81.93,898.25,Yes
C05719,Female,0,No,Yes,36,Yes,DSL,Yes,No,Month-to-month,No,Mailed check,75.13,2614.99,Yes
C05720,Female,0,No,No,7,Yes,No,No internet service,No,One year,Yes,Credit card (automatic),41.89,286.85,No
C05721,Female,1,No,No,11,Yes,No,No internet service,No,Month-to-month,Yes,Bank transfer (automatic),69.88,748.54,No
C05722,Female,0,No,Yes,42,Yes,Fiber optic,Yes,No internet service,Month-to-month,Yes,Mailed check,69.46,3015.21,No
C05723,Female,0,No,No,36,Yes,Fiber optic,Yes,Yes,Two year,No,Mailed check,100.36,3647.07,No
C05724,Male,0,No,Yes,21,Yes,No,No,Yes,Two year,No,Credit card (automatic),61.35,1389.2,No
C05725,Male,0,No,No,4,Yes,Fiber optic,No,Yes,Two year,No,Credit card (automatic),61.61,232.77,No
C05726,Female,0,No,No,30,Yes,DSL,No internet service,No internet service,One year,No,Electronic check,116.44,3422.87,No
C05727,Female,0,No,No,67,Yes,No,No internet service,No,Month-to-month,No,Electronic check,107.45,7258.41,No
C05728,Male,1,No,No,51,Yes,Fiber optic,No internet service,No,Two year,No,Electronic check,42.23,2290.19,No
C05729,Female,0,Yes,No,4,Yes,DSL,No internet service,No internet service,Month-to-month,Yes,Electronic check,109.03,464.31,Yes
C05730,Male,0,Yes,No,68,Yes,Fiber optic,No,No,Month-to-month,No,Bank transfer (automatic),31.8,2317.82,No
C05731,Female,0,No,No,30,Yes,No,No internet service,No internet service,Two year,No,Bank transfer (automatic),103.34,3112.06,No
C05732,Male,1,Yes,No,42,Yes,No,Yes,Yes,One year,Yes,Mailed check,36.33,1447.0,Yes
C05733,Male,0,No,Yes,0,Yes,DSL,No,No,Two year,Yes,Bank transfer (automatic),60.56,63.3,No
C05734,Male,0,Yes,No,22,Yes,DSL,Yes,No,Month-to-month,No,Mailed check,116.39,2793.43,No
C05735,Male,0,No,No,57,Yes,No,No internet service,No internet service,Two year,No,Mailed check,27.7,1511.1,Yes
C05736,Male,0,Yes,No,24,Yes,Fiber optic,No internet service,Yes,One year,No,Credit card (automatic),101.98,2299.88,No
C05737,Male,0,Yes,No,12,No,No,No internet service,No,One year,Yes,Bank transfer (automatic),67.47,732.32,No
C05738,Male,1,No,No,6,Yes,Fiber optic,Yes,No,Two year,No,Credit card (automatic),29.1,180.41,No
C05739,Male,0,No,Yes,67,Yes,DSL,No internet service,No internet service,Month-to-month,Yes,Mailed check,113.25,7656.06,No
C05740,Female,1,No,No,59,Yes,Fiber optic,Yes,No,One year,Yes,Credit card (automatic),72.92,3987.97,Yes
C05741,Female,0,No,No,3,Yes,DSL,Yes,Yes,One year,Yes,Bank transfer (automatic),106.06,299.06,Yes
C05742,Male,0,No,Yes,67,Yes,Fiber optic,No,Yes,One year,Yes,Electronic check,104.91,7257.02,No
C05743,Male,0,Yes,Yes,59,Yes,Fiber optic,No internet service,No internet service,Two year,Yes,Bank transfer (automatic),19.46,1133.45,No
C05744,Female,0,No,Yes,26,Yes,Fiber optic,Yes,No internet service,One year,Yes,Credit card (automatic),44.48,1094.78,No
C05745,Male,1,Yes,No,47,Yes,Fiber optic,Yes,No internet service,Month-to-month,Yes,Credit card (automatic),51.69,2480.85,Yes
C05746,Female,0,No,No,18,No,DSL,No internet service,No internet service,Month-to-month,Yes,Bank transfer (automatic),71.49,1171.69,Yes
C05747,Female,1,No,No,18,Yes,No,No internet service,No,Two year,Yes,Electronic check,25.19,409.55,No
C05748,Female,0,No,No,52,Yes,DSL,No,No internet service,Two year,Yes,Credit card (automatic),56.9,2817.3,No
C05749,Male,1,Yes,No,14,Yes,DSL,No,Yes,Two year,Yes,Bank transfer (automatic),99.46,1333.82,No
C05750,Female,0,No,Yes,25,No,DSL,No internet service,No internet service,Month-to-month,No,Bank transfer (automatic),35.32,813.13,No
C05751,Female,1,No,No,26,Yes,Fiber optic,No,Yes,Month-to-month,Yes,Credit card (automatic),88.13,2114.88,Yes
C05752,Female,0,Yes,No,10,Yes,No,No,No,One year,Yes,Credit card (automatic),64.03,597.76,Yes
C05753,Female,0,No,No,60,Yes,No,Yes,Yes,One year,No,Electronic check,25.07,1571.77,No
C05754,Male,0,Yes,Yes,49,Yes,Fiber optic,No internet service,No,Month-to-month,No,Credit card (automatic),35.74,1858.5,Yes
C05755,Male,0,Yes,No,62,Yes,Fiber optic,No,No,One year,Yes,Credit card (automatic),32.1,1863.47,No
C05756,Male,0,No,No,38,Yes,DSL,No internet service,Yes,Month-to-month,No,Credit card (automatic),79.97,3134.14,No
C05757,Male,1,No,No,12,Yes,Fiber optic,Yes,No internet service,Month-to-month,No,Bank transfer (automatic),26.73,303.67,Yes
C05758,Male,1,Yes,No,20,Yes,DSL,No,Yes,Month-to-month,Yes,Bank transfer (automatic),100.3,2158.48,Yes
C05759,Female,0,Yes,No,25,Yes,DSL,No,No internet service,Month-to-month,Yes,Electronic check,98.67,2352.75,No
C05760,Male,0,No,No,68,Yes,No,Yes,No,Month-to-month,Yes,Mailed check,26.01,1637.72,No
C05761,Male,0,Yes,No,17,Yes,Fiber optic,No internet service,No internet service,Two year,Yes,Electronic check,106.82,1793.84,No
C05762,Male,0,No,No,50,Yes,No,Yes,Yes,One year,Yes,Mailed check,113.92,5302.08,No
C05763,Female,0,Yes,Yes,8,Yes,Fiber optic,Yes,No,Two year,No,Bank transfer (automatic),22.35,168.01,Yes
C05764,Male,0,No,No,69,Yes,Fiber optic,No internet service,No internet service,Month-to-month,No,Mailed check,113.03,7548.04,No
C05765,Female,0,No,No,47,Yes,Fiber optic,Yes,No,Month-to-month,No,Electronic check,45.95,2229.07,Yes
C05766,Female,0,Yes,Yes,31,Yes,No,No,Yes,Month-to-month,No,Bank transfer (automatic),84.48,2418.2,Yes
C05767,Male,0,No,No,25,No,DSL,Yes,Yes,One year,No,Mailed check,35.48,848.7,No
C05768,Male,0,Yes,No,25,Yes,DSL,Yes,Yes,Month-to-month,Yes,Mailed check,99.75,2672.48,No
C05769,Female,1,Yes,No,16,Yes,Fiber optic,No internet service,No internet service,One year,No,Mailed check,102.19,1561.06,No
C05770,Female,0,No,No,43,No,Fiber optic,No,No,Two year,Yes,Electronic check,115.83,4650.42,Yes
C05771,Female,1,No,No,63,Yes,Fiber optic,No internet service,No,Two year,No,Bank transfer (automatic),117.25,7436.41,No
C05772,Male,0,No,Yes,17,Yes,No,No internet service,No,Month-to-month,No,Electronic check,25.59,394.43,Yes
C05773,Male,0,Yes,No,54,Yes,No,No internet service,Yes,Month-to-month,No,Credit card (automatic),83.8,4800.29,No
C05774,Female,0,Yes,No,41,Yes,Fiber optic,No internet service,Yes,Month-to-month,No,Credit card (automatic),45.3,1754.21,Yes
C05775,Male,0,Yes,Yes,56,Yes,Fiber optic,No,Yes,Month-to-month,No,Electronic check,30.56,1585.7,No
C05776,Male,1,No,Yes,56,Yes,Fiber optic,Yes,Yes,One year,Yes,Credit card (automatic),32.88,1954.78,No
C05777,Male,0,No,Yes,2,Yes,Fiber optic,No internet service,No internet service,Month-to-month,No,Bank transfer (automatic),111.64,238.59,Yes
C05778,Female,0,No,No,1,Yes,No,No,No,One year,Yes,Electronic check,86.36,90.41,No
C05779,Male,0,Yes,No,66,No,DSL,Yes,Yes,Month-to-month,Yes,Electronic check,23.05,1440.55,No
C05780,Female,0,Yes,No,11,Yes,DSL,No internet service,No internet service,Two year,No,Mailed check,116.42,1287.53,No
C05781,Female,0,No,No,41,Yes,Fiber optic,No internet service,No internet service,Two year,Yes,Electronic check,98.78,4429.92,No
C05782,Male,0,Yes,No,54,Yes,DSL,No internet service,Yes,Month-to-month,No,Bank transfer (automatic),48.92,2629.93,No
C05783,Female,0,Yes,No,36,Yes,DSL,No,Yes,Two year,No,Electronic check,65.09,2553.96,Yes
C05784,Female,0,No,No,0,Yes,DSL,No,No internet service,Month-to-month,Yes,Credit card (automatic),90.66,93.86,Yes
C05785,Male,0,No,No,0,Yes,No,Yes,Yes,One year,No,Bank transfer (automatic),85.6,91.51,Yes
C05786,Male,0,No,No,48,Yes,No,No internet service,No,Two year,No,Bank transfer (automatic),64.31,2896.98,Yes
C05787,Female,0,No,No,65,Yes,Fiber optic,No internet service,No,Two year,Yes,Electronic check,69.24,4884.71,No
C05788,Female,0,No,No,25,Yes,Fiber optic,No internet service,No internet service,Two year,Yes,Credit card (automatic),22.32,597.43,Yes
C05789,Female,0,No,Yes,39,Yes,DSL,No,No,Month-to-month,No,Bank transfer (automatic),68.06,2805.66,Yes
C05790,Male,0,No,No,68,Yes,No,No,Yes,Two year,No,Bank transfer (automatic),52.02,3849.51,No
C05791,Female,0,Yes,No,60,Yes,DSL,Yes,No,One year,Yes,Credit card (automatic),46.51,2951.83,No
C05792,Male,0,No,No,39,Yes,Fiber optic,No,No internet service,Month-to-month,No,Mailed check,44.96,1780.35,No
C05793,Female,0,Yes,No,47,Yes,Fiber optic,No,No internet service,Month-to-month,No,Mailed check,82.89,4011.68,No
C05794,Male,0,Yes,No,70,No,DSL,No internet service,No,One year,Yes,Credit card (automatic),60.93,4538.83,No
C05795,Female,0,Yes,Yes,58,Yes,Fiber optic,No internet service,Yes,One year,Yes,Credit card (automatic),60.58,3688.73,No
C05796,Female,0,Yes,No,30,Yes,Fiber optic,No internet service,Yes,Month-to-month,Yes,Mailed check,33.92,1036.28,No
C05797,Male,0,Yes,No,50,Yes,Fiber optic,Yes,No internet service,Two year,Yes,Bank transfer (automatic),114.19,5821.5,No
C05798,Female,0,No,Yes,24,Yes,Fiber optic,Yes,No internet service,One year,No,Electronic check,40.39,1043.09,No
C05799,Female,1,Yes,No,67,Yes,DSL,No internet service,Yes,Month-to-month,No,Electronic check,58.61,3541.97,Yes
C05800,Female,0,Yes,Yes,6,Yes,No,No,No,Month-to-month,Yes,Mailed check,37.02,231.8,No
C05801,Female,1,No,Yes,16,Yes,Fiber optic,No internet service,No internet service,One year,Yes,Electronic check,88.31,1431.52,No
C05802,Male,0,Yes,No,25,Yes,No,No,Yes,One year,Yes,Mailed check,61.61,1644.46,No
C05803,Male,0,Yes,No,14,Yes,Fiber optic,Yes,No internet service,One year,Yes,Mailed check,59.36,782.08,No
C05804,Male,0,No,No,43,Yes,Fiber optic,No internet service,No internet service,Month-to-month,Yes,Mailed check,105.51,4559.93,Yes
C05805,Male,0,No,No,52,Yes,Fiber optic,No internet service,No,One year,No,Credit card (automatic),93.95,4521.58,Yes
C05806,Male,0,No,Yes,65,No,DSL,No,No internet service,One year,Yes,Mailed check,69.99,4694.36,No
C05807,Male,0,Yes,Yes,36,Yes,DSL,Yes,Yes,Two year,Yes,Mailed check,64.86,2458.14,No
C05808,Male,1,Yes,Yes,45,Yes,Fiber optic,Yes,Yes,Month-to-month,Yes,Credit card (automatic),113.99,5256.28,Yes
C05809,Male,0,Yes,No,43,Yes,Fiber optic,No internet service,Yes,One year,No,Mailed check,113.65,4940.48,Yes
C05810,Male,0,Yes,No,0,Yes,Fiber optic,Yes,No,Month-to-month,No,Credit card (automatic),88.48,85.71,Yes
C05811,Male,0,Yes,No,51,No,No,No,No internet service,Month-to-month,No,Bank transfer (automatic),94.01,4928.55,No
C05812,Male,0,No,No,1,Yes,No,No internet service,No,One year,No,Credit card (automatic),107.91,116.53,No
C05813,Female,0,Yes,Yes,39,Yes,Fiber optic,No,No,One year,No,Credit card (automatic),114.43,4660.4,No
C05814,Female,1,Yes,No,72,Yes,DSL,No,Yes,Month-to-month,No,Bank transfer (automatic),26.23,1708.37,Yes
C05815,Male,0,Yes,No,57,Yes,Fiber optic,No,Yes,Two year,No,Bank transfer (automatic),117.73,6722.32,No
C05816,Female,0,Yes,No,36,Yes,No,Yes,No,Month-to-month,Yes,Bank transfer (automatic),88.3,3329.1,Yes
C05817,Female,0,No,No,23,Yes,DSL,Yes,No,Month-to-month,Yes,Credit card (automatic),77.27,1778.69,Yes
C05818,Male,0,No,No,61,Yes,DSL,No,Yes,Month-to-month,Yes,Electronic check,59.32,3684.63,No
C05819,Male,0,Yes,No,62,Yes,Fiber optic,No,Yes,Month-to-month,No,Electronic check,51.64,3465.23,No
C05820,Female,0,No,No,26,Yes,DSL,Yes,Yes,One year,No,Mailed check,98.42,2750.3,No
C05821,Male,0,Yes,No,7,Yes,Fiber optic,No internet service,No internet service,Two year,Yes,Mailed check,83.44,535.17,No
C05822,Female,0,Yes,No,42,Yes,No,Yes,Yes,One year,No,Bank transfer (automatic),38.07,1602.31,Yes
C05823,Male,0,No,Yes,46,Yes,Fiber optic,Yes,No,Month-to-month,No,Mailed check,78.99,3722.43,Yes
C05824,Female,0,No,No,68,Yes,No,No,Yes,Month-to-month,Yes,Credit card (automatic),32.12,2337.94,Yes
C05825,Female,0,No,Yes,64,Yes,Fiber optic,No internet service,Yes,Month-to-month,No,Electronic check,67.69,4128.98,Yes
C05826,Female,1,Yes,Yes,16,Yes,Fiber optic,No internet service,No internet service,One year,No,Electronic check,76.35,1133.61,No
C05827,Female,0,No,Yes,18,No,DSL,Yes,No internet service,Month-to-month,No,Credit card (automatic),81.57,1496.79,No
C05828,Female,0,Yes,No,72,Yes,Fiber optic,No internet service,No,Month-to-month,No,Bank transfer (automatic),32.53, ,No
C05829,Male,1,No,Yes,23,No,Fiber optic,No,No internet service,Two year,No,Credit card (automatic),27.56,603.16,No
C05830,Female,0,No,No,33,Yes,DSL,Yes,Yes,One year,Yes,Mailed check,43.87,1575.96,No
C05831,Male,1,Yes,No,22,Yes,No,No,No internet service,Month-to-month,Yes,Credit card (automatic),78.7,1668.22,Yes
C05832,Male,0,No,No,28,Yes,Fiber optic,No internet service,Yes,Month-to-month,No,Electronic check,111.17,2835.9,Yes
C05833,Male,0,Yes,No,41,Yes,Fiber optic,No,Yes,One year,Yes,Mailed check,95.91,3585.32,No
C05834,Male,0,No,Yes,21,Yes,Fiber optic,No internet service,No,Month-to-month,No,Credit card (automatic),92.57,1827.75,Yes
C05835,Male,0,Yes,No,30,Yes,No,No internet service,Yes,Month-to-month,Yes,Electronic check,51.02,1413.28,No
C05836,Female,0,Yes,No,25,Yes,DSL,Yes,No,Two year,No,Credit card (automatic),29.17,713.89,No
C05837,Male,0,Yes,Yes,7,Yes,Fiber optic,No,Yes,Month-to-month,Yes,Credit card (automatic),107.19,687.37,No
C05838,Female,0,No,No,57,Yes,DSL,Yes,No,Month-to-month,No,Electronic check,68.09,3928.61,No
C05839,Male,0,Yes,Yes,65,Yes,Fiber optic,No,No,Month-to-month,No,Bank transfer (automatic),28.05,1789.84,No
C05840,Male,0,Yes,Yes,35,Yes,DSL,No internet service,Yes,Month-to-month,Yes,Electronic check,71.5,2551.51,No
C05841,Female,0,Yes,No,14,Yes,Fiber optic,No,Yes,Month-to-month,No,Electronic check,85.54,1314.74,No
C05842,Female,0,Yes,No,46,Yes,Fiber optic,No,No internet service,Month-to-month,No,Bank transfer (automatic),49.99,2525.77,Yes
C05843,Female,0,No,No,38,Yes,DSL,No,No,One year,Yes,Mailed check,18.92,707.03,Yes
C05844,Female,0,No,Yes,40,Yes,DSL,No,No internet service,Month-to-month,Yes,Mailed check,80.16,3121.14,No
C05845,Female,1,Yes,No,43,Yes,No,No internet service,No internet service,Two year,No,Credit card (automatic),22.01,980.8,No
C05846,Male,0,No,No,52,Yes,DSL,No,No internet service,Two year,Yes,Bank transfer (automatic),61.28,3102.23,No
C05847,Female,1,Yes,Yes,2,Yes,DSL,Yes,No internet service,Month-to-month,No,Mailed check,100.48,212.14,No
C05848,Female,0,No,No,7,Yes,No,No internet service,No internet service,Month-to-month,Yes,Credit card (automatic),117.88,841.93,Yes
C05849,Female,0,No,No,6,Yes,Fiber optic,No internet service,No,One year,No,Credit card (automatic),55.03,310.34,Yes
C05850,Female,0,Yes,No,11,Yes,DSL,Yes,Yes,Two year,No,Mailed check,20.01,216.36,Yes
C05851,Male,0,Yes,No,70,Yes,DSL,No,No,Two year,Yes,Bank transfer (automatic),67.29,5052.89,No
C05852,Female,0,No,No,53,Yes,No,No,No,Month-to-month,No,Credit card (automatic),45.63,2444.2,No
C05853,Male,0,No,Yes,48,Yes,Fiber optic,No,No internet service,Month-to-month,Yes,Mailed check,107.28,5365.63,Yes
C05854,Female,0,Yes,No,51,Yes,DSL,Yes,Yes,Month-to-month,Yes,Electronic check,89.15,4737.47,No
C05855,Male,0,No,No,2,Yes,Fiber optic,Yes,No,Two year,Yes,Electronic check,58.43,116.44,No
C05856,Male,0,No,No,15,Yes,DSL,Yes,No internet service,One year,Yes,Electronic check,94.2,1355.21,Yes
C05857,Male,0,No,Yes,57,Yes,DSL,No,No,Month-to-month,Yes,Electronic check,52.12,3028.08,Yes
C05858,Female,0,No,No,33,Yes,No,No internet service,No internet service,One year,No,Bank transfer (automatic),70.18,2136.71,Yes
C05859,Male,0,No,Yes,37,Yes,No,Yes,Yes,Month-to-month,No,Credit card (automatic),110.28,4159.82,No
C05860,Male,0,No,No,54,Yes,Fiber optic,No,Yes,One year,Yes,Bank transfer (automatic),38.02,1889.96,No
C05861,Male,1,No,No,5,Yes,Fiber optic,No internet service,Yes,Month-to-month,Yes,Credit card (automatic),49.31,266.36,Yes
C05862,Female,0,Yes,Yes,58,Yes,Fiber optic,No internet service,No internet service,One year,Yes,Bank transfer (automatic),106.56,6481.93,No
C05863,Male,1,No,No,49,No,DSL,No internet service,No internet service,One year,No,Credit card (automatic),64.19,2944.77,No
C05864,Female,0,No,Yes,29,Yes,Fiber optic,No,No,One year,No,Bank transfer (automatic),49.79,1526.11,No
C05865,Male,0,No,Yes,36,No,Fiber optic,No,No,Month-to-month,Yes,Mailed check,21.73,817.62,Yes
C05866,Female,1,Yes,No,5,Yes,Fiber optic,No,No internet service,Two year,Yes,Credit card (automatic),59.9,313.18,No
C05867,Female,0,Yes,No,14,Yes,Fiber optic,Yes,No,One year,Yes,Credit card (automatic),68.06,921.45,No
C05868,Female,1,Yes,No,17,Yes,DSL,Yes,No internet service,Month-to-month,Yes,Mailed check,58.63,1001.24,No
C05869,Male,0,Yes,Yes,64,Yes,Fiber optic,No,Yes,Month-to-month,Yes,Mailed check,45.75,2978.23,No
C05870,Female,0,Yes,No,8,Yes,No,No internet service,Yes,One year,No,Electronic check,54.91,428.47,No
C05871,Male,0,No,Yes,21,Yes,Fiber optic,No,No internet service,Month-to-month,Yes,Mailed check,82.24,1747.9,Yes
C05872,Male,0,Yes,Yes,9,No,Fiber optic,No,No internet service,Month-to-month,Yes,Bank transfer (automatic),107.13,914.81,Yes
C05873,Female,0,No,No,20,Yes,DSL,No,No,Month-to-month,Yes,Mailed check,82.97,1783.82,No
C05874,Female,0,No,No,0,Yes,Fiber optic,No internet service,Yes,Month-to-month,Yes,Bank transfer (automatic),82.62,90.23,Yes
C05875,Male,0,Yes,Yes,19,Yes,Fiber optic,No,No,Month-to-month,Yes,Credit card (automatic),99.69,1828.47,Yes
C05876,Female,1,Yes,Yes,52,Yes,Fiber optic,No,No,One year,Yes,Bank transfer (automatic),34.51,1737.96,No
C05877,Female,0,No,No,56,Yes,Fiber optic,No internet service,No internet service,Month-to-month,No,Mailed check,48.11,2541.24,No
C05878,Male,0,No,Yes,27,Yes,No,Yes,No,One year,No,Electronic check,23.06,668.04,Yes
C05879,Male,0,Yes,Yes,51,Yes,DSL,Yes,No,Month-to-month,No,Bank transfer (automatic),52.96,2519.11,No
C05880,Male,0,Yes,No,45,Yes,Fiber optic,No,Yes,Month-to-month,Yes,Credit card (automatic),117.88,5621.67,Yes
C05881,Male,0,No,Yes,65,Yes,DSL,No internet service,Yes,Month-to-month,No,Credit card (automatic),50.93,3530.48,No
C05882,Male,0,No,No,58,Yes,DSL,No internet service,No internet service,One year,No,Electronic check,103.98,5809.17,No
C05883,Male,0,No,No,16,Yes,Fiber optic,No,Yes,Two year,Yes,Mailed check,26.58,448.82,No
C05884,Female,1,Yes,No,42,Yes,Fiber optic,Yes,No,Month-to-month,No,Electronic check,63.97,2661.47,No
C05885,Female,0,Yes,No,57,Yes,Fiber optic,No internet service,No,Month-to-month,No,Bank transfer (automatic),53.15,2937.73,No
C05886,Female,0,Yes,No,22,Yes,Fiber optic,Yes,No,Month-to-month,No,Electronic check,38.16,905.57,No
C05887,Female,0,Yes,Yes,41,Yes,Fiber optic,Yes,No,Month-to-month,Yes,Electronic check,55.25,2244.2,No
C05888,Female,0,No,Yes,29,Yes,DSL,No,No internet service,Two year,No,Bank transfer (automatic),83.13,2196.32,No
C05889,Female,0,No,No,22,Yes,No,No internet service,Yes,Month-to-month,No,Bank transfer (automatic),67.03,1514.33,Yes
C05890,Male,0,Yes,Yes,14,Yes,No,No,No,Two year,No,Credit card (automatic),102.43,1479.34,Yes
C05891,Male,0,Yes,No,2,Yes,DSL,No,Yes,One year,No,Electronic check,108.49,222.82,No
C05892,Female,0,Yes,No,54,Yes,No,Yes,Yes,Month-to-month,Yes,Bank transfer (automatic),66.19,3474.41,Yes
C05893,Female,0,No,No,59,Yes,No,No internet service,No internet service,Two year,Yes,Bank transfer (automatic),116.17,7098.88,No
C05894,Female,0,No,No,47,Yes,DSL,Yes,Yes,Month-to-month,Yes,Electronic check,25.2,1134.91,Yes
C05895,Male,0,Yes,No,17,Yes,Fiber optic,No,Yes,One year,Yes,Bank transfer (automatic),45.63,770.18,Yes
C05896,Male,0,Yes,No,1,Yes,DSL,Yes,Yes,Month-to-month,No,Electronic check,59.67,56.29,Yes
C05897,Male,0,No,No,46,Yes,Fiber optic,No,No internet service,Two year,Yes,Credit card (automatic),76.27,3587.89,Yes
C05898,Male,0,No,No,14,Yes,DSL,No,No internet service,Month-to-month,No,Mailed check,72.59,1079.37,Yes
C05899,Female,0,No,No,40,No,DSL,No internet service,Yes,Month-to-month,Yes,Credit card (automatic),74.8,2751.24,No
C05900,Female,0,Yes,Yes,70,Yes,Fiber optic,No internet service,Yes,Two year,No,Mailed check,107.63,6821.39,No
C05901,Male,1,No,Yes,0,Yes,DSL,No internet service,No,Month-to-month,No,Credit card (automatic),45.76,48.15,No
C05902,Female,0,No,No,42,Yes,Fiber optic,No,No,Month-to-month,Yes,Mailed check,99.69,4038.66,Yes
C05903,Female,1,No,Yes,72,Yes,No,No,No,Two year,Yes,Electronic check,73.8,5126.38,No
C05904,Male,0,Yes,No,24,Yes,Fiber optic,No,No,Month-to-month,Yes,Credit card (automatic),67.05,1630.04,No
C05905,Male,0,Yes,Yes,59,Yes,No,Yes,No,Two year,Yes,Bank transfer (automatic),47.94,2820.96,Yes
C05906,Female,0,No,Yes,60,Yes,DSL,Yes,No internet service,One year,Yes,Credit card (automatic),48.41,2684.76,Yes
C05907,Male,0,No,Yes,35,Yes,Fiber optic,Yes,No,One year,Yes,Mailed check,56.85,2093.39,No
C05908,Female,0,Yes,Yes,22,Yes,DSL,No internet service,No internet service,Month-to-month,No,Credit card (automatic),94.35,1941.31,No
C05909,Female,1,Yes,No,49,Yes,Fiber optic,No internet service,Yes,Month-to-month,No,Mailed check,65.67,3427.65,Yes
C05910,Male,1,No,No,45,Yes,Fiber optic,No internet service,Yes,Two year,Yes,Mailed check,33.38,1581.52,No
C05911,Female,0,No,No,34,Yes,Fiber optic,Yes,No,Month-to-month,Yes,Electronic check,93.99,2982.97,Yes
C05912,Female,0,Yes,No,14,Yes,Fiber optic,No internet service,No,Month-to-month,No,Electronic check,84.34,1241.74,Yes
C05913,Female,0,No,No,54,Yes,Fiber optic,Yes,No internet service,Month-to-month,No,Bank transfer (automatic),112.92,6293.95,Yes
C05914,Female,0,No,No,15,No,DSL,No,Yes,Month-to-month,No,Credit card (automatic),70.94,1166.64,No
C05915,Female,0,Yes,No,9,Yes,DSL,No,No,One year,Yes,Bank transfer (automatic),83.44,782.78,No
C05916,Male,0,Yes,No,4,Yes,DSL,No internet service,No internet service,Two year,No,Bank transfer (automatic),65.93,257.93,No
C05917,Female,0,No,No,32,Yes,No,No,Yes,One year,Yes,Bank transfer (automatic),86.08,2820.7,Yes
C05918,Female,0,Yes,No,8,Yes,No,No,No,Two year,Yes,Mailed check,61.61,508.84,Yes
C05919,Female,0,Yes,No,24,Yes,DSL,No internet service,No,Month-to-month,Yes,Credit card (automatic),31.79,800.44,Yes
C05920,Male,0,Yes,No,17,Yes,Fiber optic,No,Yes,Month-to-month,Yes,Credit card (automatic),116.67,1970.94,Yes
C05921,Female,0,No,Yes,33,Yes,DSL,No internet service,Yes,Month-to-month,Yes,Credit card (automatic),90.04,3166.06,No
C05922,Male,0,Yes,No,56,Yes,Fiber optic,Yes,Yes,One year,No,Electronic check,78.86,4227.98,No
C05923,Male,0,No,No,32,Yes,DSL,No internet service,No internet service,Month-to-month,No,Electronic check,66.14,2312.61,Yes
C05924,Male,1,Yes,No,40,Yes,No,Yes,No internet service,One year,Yes,Mailed check,89.14,3430.41,Yes
C05925,Male,0,Yes,No,10,Yes,DSL,No,Yes,Month-to-month,Yes,Credit card (automatic),30.68,278.42,Yes
C05926,Female,0,No,No,8,Yes,Fiber optic,No,No,Two year,Yes,Mailed check,50.61,380.6,No
C05927,Male,0,Yes,No,71,Yes,DSL,Yes,No internet service,Two year,No,Credit card (automatic),30.47,2348.31,No
C05928,Male,0,Yes,No,45,Yes,Fiber optic,No,No internet service,Two year,Yes,Mailed check,30.6,1456.88,No
C05929,Male,0,No,No,1,Yes,DSL,Yes,No,Month-to-month,Yes,Bank transfer (automatic),20.13,19.89,Yes
C05930,Male,0,No,No,41,Yes,DSL,Yes,No,Two year,Yes,Electronic check,93.59,4148.12,No
C05931,Female,0,Yes,No,0,Yes,No,No internet service,No internet service,Month-to-month,No,Mailed check,40.73,38.67,Yes
C05932,Male,1,Yes,No,5,No,Fiber optic,No,No,Month-to-month,Yes,Electronic check,101.2,479.04,Yes
C05933,Female,0,No,No,27,No,Fiber optic,No internet service,Yes,Month-to-month,No,Electronic check,108.44,2710.61,Yes
C05934,Male,0,No,Yes,47,Yes,Fiber optic,No internet service,No internet service,Month-to-month,Yes,Bank transfer (automatic),34.86,1619.56,Yes
C05935,Female,0,Yes,Yes,45,Yes,DSL,No internet service,No internet service,One year,No,Electronic check,88.89,4011.35,No
C05936,Female,0,No,No,57,Yes,No,No,No internet service,Month-to-month,No,Credit card (automatic),64.03,3390.68,No
C05937,Male,0,Yes,No,13,Yes,DSL,No,No internet service,Month-to-month,No,Credit card (automatic),109.9,1318.58,Yes
C05938,Male,0,Yes,Yes,13,Yes,Fiber optic,No internet service,No,One year,No,Credit card (automatic),66.44,844.8,No
C05939,Female,0,Yes,No,38,Yes,No,No internet service,No,Two year,No,Bank transfer (automatic),55.89,2010.25,No
C05940,Male,0,No,No,63,Yes,Fiber optic,No internet service,Yes,One year,No,Mailed check,47.46,3034.39,No
C05941,Male,0,No,No,52,Yes,Fiber optic,No,Yes,One year,Yes,Electronic check,108.36,5662.14,No
C05942,Male,1,Yes,Yes,48,Yes,DSL,Yes,No internet service,Month-to-month,No,Credit card (automatic),40.62,1818.14,Yes
C05943,Male,0,No,Yes,6,Yes,DSL,Yes,No internet service,Two year,Yes,Bank transfer (automatic),100.77,545.76,No
C05944,Female,0,Yes,No,64,Yes,DSL,No internet service,No internet service,Month-to-month,No,Electronic check,37.42,2464.23,No
C05945,Male,0,No,Yes,71,Yes,Fiber optic,No internet service,No internet service,Month-to-month,No,Electronic check,82.34,6165.21,No
C05946,Male,0,No,Yes,42,Yes,No,Yes,No internet service,Month-to-month,Yes,Bank transfer (automatic),63.11,2644.4,Yes
C05947,Female,0,Yes,Yes,24,No,Fiber optic,No,No,One year,Yes,Bank transfer (automatic),28.46,693.35,No
C05948,Female,0,No,No,48,Yes,DSL,No internet service,Yes,Month-to-month,No,Mailed check,30.59,1603.91,Yes
C05949,Female,0,Yes,No,46,Yes,DSL,No internet service,Yes,One year,Yes,Electronic check,46.15,2236.56,No
C05950,Female,0,No,No,67,Yes,DSL,No,No internet service,Month-to-month,Yes,Bank transfer (automatic),94.67,6132.06,Yes
C05951,Female,0,Yes,No,8,Yes,No,No internet service,No internet service,Month-to-month,No,Electronic check,90.89,778.06,Yes
C05952,Male,0,Yes,No,37,Yes,DSL,No,No,Month-to-month,No,Electronic check,38.51,1438.69,No
C05953,Male,0,Yes,Yes,51,No,Fiber optic,No internet service,Yes,Month-to-month,Yes,Credit card (automatic),65.62,3361.3,No
C05954,Male,0,No,No,25,Yes,No,No internet service,Yes,Month-to-month,No,Credit card (automatic),27.7,719.07,No
C05955,Female,0,No,No,61,Yes,No,No,No internet service,One year,No,Bank transfer (automatic),89.59,5387.92,No
C05956,Male,0,No,No,4,Yes,DSL,No internet service,No internet service,Month-to-month,Yes,Bank transfer (automatic),97.33,418.97,No
C05957,Male,0,No,No,7,Yes,No,Yes,No internet service,Month-to-month,No,Bank transfer (automatic),107.35,701.45,Yes
C05958,Female,0,No,No,57,Yes,DSL,Yes,No internet service,One year,No,Bank transfer (automatic),106.57,5979.62,Yes
C05959,Female,1,Yes,No,9,Yes,No,No,No internet service,Month-to-month,No,Credit card (automatic),51.79,425.55,Yes
C05960,Male,0,No,No,30,No,DSL,No,Yes,Month-to-month,No,Electronic check,43.45,1357.05,No
C05961,Male,1,Yes,Yes,20,Yes,DSL,Yes,Yes,Month-to-month,No,Mailed check,107.66,2054.28,No
C05962,Female,0,Yes,No,50,Yes,No,No,Yes,Month-to-month,Yes,Mailed check,32.6,1605.69,Yes
C05963,Male,0,Yes,No,0,Yes,Fiber optic,No,No,Month-to-month,Yes,Mailed check,23.93,25.78,Yes
C05964,Female,0,Yes,No,26,Yes,No,No,No,One year,Yes,Electronic check,49.42,1204.3,No
C05965,Male,0,Yes,Yes,71,Yes,Fiber optic,No internet service,Yes,Month-to-month,Yes,Credit card (automatic),94.03,6011.52,No
C05966,Male,0,No,No,26,Yes,Fiber optic,Yes,No internet service,One year,Yes,Mailed check,87.42,2308.43,No
C05967,Female,1,No,Yes,43,Yes,Fiber optic,Yes,No,Month-to-month,Yes,Bank transfer (automatic),116.71,4955.84,No
C05968,Male,0,No,Yes,72,Yes,No,No internet service,Yes,One year,No,Mailed check,53.95,3538.66,No
C05969,Female,0,No,No,44,Yes,DSL,No internet service,No internet service,Two year,No,Electronic check,45.58,1923.79,Yes
C05970,Female,0,Yes,Yes,55,Yes,Fiber optic,Yes,No internet service,Month-to-month,No,Credit card (automatic),55.82,2909.91,Yes
C05971,Male,0,No,No,70,Yes,DSL,No,No internet service,Month-to-month,No,Mailed check,96.23,6413.6,No
C05972,Female,1,No,No,45,Yes,DSL,No internet service,No internet service,Month-to-month,No,Electronic check,39.43,1877.14,No
C05973,Female,1,Yes,No,60,No,DSL,No,No,Two year,No,Bank transfer (automatic),112.77,6501.98,Yes
C05974,Male,0,No,Yes,37,Yes,DSL,No internet service,No internet service,Two year,No,Electronic check,69.25,2556.93,No
C05975,Female,0,Yes,Yes,59,Yes,DSL,Yes,No internet service,Month-to-month,No,Credit card (automatic),96.31,5415.81,No
C05976,Female,0,Yes,No,46,Yes,Fiber optic,No internet service,Yes,One year,No,Credit card (automatic),100.73,5051.1,No
C05977,Male,0,No,Yes,24,Yes,Fiber optic,No,No internet service,Month-to-month,No,Bank transfer (automatic),65.88,1667.83,Yes
C05978,Female,0,Yes,Yes,40,Yes,DSL,No,No,Month-to-month,No,Bank transfer (automatic),92.14,3629.05,No
C05979,Female,0,Yes,No,24,Yes,Fiber optic,Yes,Yes,One year,No,Credit card (automatic),54.47,1366.63,No
C05980,Male,0,No,Yes,28,Yes,No,No internet service,No,Month-to-month,Yes,Bank transfer (automatic),99.09,2671.77,Yes
C05981,Female,1,Yes,No,21,Yes,No,Yes,Yes,Month-to-month,Yes,Electronic check,100.39,1932.04,Yes
C05982,Female,1,No,Yes,35,No,Fiber optic,Yes,No,Two year,Yes,Electronic check,74.62,2575.41,Yes
C05983,Female,0,Yes,Yes,25,Yes,Fiber optic,No,No,Month-to-month,No,Bank transfer (automatic),39.81,1008.11,No
C05984,Female,0,Yes,No,45,Yes,Fiber optic,No,No,One year,No,Bank transfer (automatic),115.02,5019.95,No
C05985,Female,0,Yes,No,26,Yes,Fiber optic,Yes,No,Month-to-month,No,Mailed check,112.7,2872.5,Yes
C05986,Female,0,Yes,Yes,35,Yes,Fiber optic,No,No internet service,Month-to-month,No,Bank transfer (automatic),79.98,2919.35,Yes
C05987,Female,0,No,Yes,10,Yes,Fiber optic,Yes,No,Month-to-month,Yes,Mailed check,116.39,1255.95,No
C05988,Female,0,Yes,No,28,Yes,No,No,No internet service,Two year,Yes,Mailed check,68.28,2062.53,No
C05989,Male,0,Yes,No,25,Yes,Fiber optic,Yes,No,Month-to-month,No,Electronic check,55.55,1409.77,Yes
C05990,Female,1,Yes,No,70,Yes,Fiber optic,No,No,Month-to-month,Yes,Credit card (automatic),64.05,4599.61,No
C05991,Female,0,Yes,Yes,32,No,No,Yes,Yes,One year,Yes,Bank transfer (automatic),22.59,727.62,No
C05992,Female,0,No,No,1,Yes,No,No internet service,No internet service,Two year,No,Mailed check,72.91,71.03,No
C05993,Female,1,Yes,No,22,Yes,Fiber optic,Yes,No,Two year,No,Bank transfer (automatic),84.62,1950.31,No
C05994,Male,0,Yes,No,53,Yes,Fiber optic,Yes,No internet service,One year,No,Bank transfer (automatic),28.95,1415.05,No
C05995,Female,0,Yes,No,12,Yes,No,Yes,No,Month-to-month,Yes,Mailed check,43.56,563.91,Yes
C05996,Female,0,No,Yes,11,Yes,Fiber optic,No internet service,Yes,One year,No,Electronic check,90.12,948.44,Yes
C05997,Male,0,No,Yes,27,Yes,No,No internet service,No,Two year,No,Bank transfer (automatic),97.36,2480.89,No
C05998,Male,0,Yes,No,26,Yes,DSL,No,No,Two year,Yes,Mailed check,116.59,2894.32,No
C05999,Female,0,No,Yes,35,Yes,No,Yes,No internet service,Two year,No,Mailed check,43.32,1610.73,No
C06000,Female,0,No,Yes,2,Yes,Fiber optic,No internet service,No internet service,Month-to-month,No,Mailed check,102.14,194.84,Yes
C06001,Male,0,No,No,52,Yes,DSL,No,Yes,Month-to-month,No,Electronic check,35.21,1871.03,Yes
C06002,Female,0,No,No,15,Yes,DSL,No internet service,No internet service,One year,Yes,Bank transfer (automatic),31.09,451.72,No
C06003,Female,0,Yes,No,51,Yes,Fiber optic,No internet service,No,Month-to-month,No,Credit card (automatic),90.92,4781.97,Yes
C06004,Female,1,Yes,No,41,Yes,DSL,No internet service,No internet service,Month-to-month,Yes,Credit card (automatic),62.59,2613.22,Yes
C06005,Male,0,No,Yes,14,Yes,DSL,No internet service,No,Month-to-month,Yes,Electronic check,97.39,1499.2,Yes
C06006,Female,0,No,Yes,34,Yes,DSL,No,No,One year,Yes,Credit card (automatic),46.26,1513.37,Yes
C06007,Male,0,Yes,No,2,Yes,DSL,Yes,Yes,Two year,Yes,Mailed check,39.32,76.28,Yes
C06008,Male,0,No,No,51,Yes,DSL,No internet service,Yes,One year,No,Electronic check,72.88,3492.95,No
C06009,Female,1,No,No,22,Yes,Fiber optic,Yes,Yes,Two year,Yes,Mailed check,29.53,644.97,No
C06010,Female,1,No,No,27,Yes,Fiber optic,No,Yes,One year,Yes,Bank transfer (automatic),45.87,1322.05,No
C06011,Male,0,Yes,No,11,Yes,Fiber optic,No internet service,No,One year,Yes,Bank transfer (automatic),34.62,358.81,No
C06012,Male,0,Yes,Yes,26,Yes,Fiber optic,Yes,Yes,Month-to-month,No,Bank transfer (automatic),50.0,1419.97,No
C06013,Male,0,No,Yes,28,Yes,DSL,No internet service,Yes,One year,No,Mailed check,94.55,2389.63,No
C06014,Male,0,No,Yes,16,Yes,No,No,No,Month-to-month,No,Bank transfer (automatic),30.07,510.48,No
C06015,Female,0,No,No,71,Yes,No,No internet service,No internet service,Month-to-month,Yes,Bank transfer (automatic),79.19,5837.97,No
C06016,Male,0,Yes,No,20,Yes,No,Yes,No internet service,Month-to-month,Yes,Electronic check,76.48,1653.58,No
C06017,Female,0,Yes,No,13,Yes,DSL,Yes,No,Two year,No,Mailed check,71.81,937.6,No
C06018,Male,0,Yes,No,40,Yes,No,No internet service,No,One year,No,Bank transfer (automatic),66.42,2752.96,Yes
C06019,Female,0,Yes,No,23,Yes,Fiber optic,No internet service,No,Two year,No,Bank transfer (automatic),84.39,1766.06,No
C06020,Female,0,No,No,33,No,Fiber optic,Yes,No,Two year,No,Bank transfer (automatic),103.18,3333.0,Yes
C06021,Female,0,Yes,Yes,52,No,No,No internet service,No internet service,Two year,No,Credit card (automatic),34.2,1874.68,No
C06022,Female,0,No,No,5,Yes,DSL,No,No,Month-to-month,No,Credit card (automatic),99.41,458.18,No
C06023,Male,0,Yes,No,37,Yes,Fiber optic,No internet service,No,Two year,No,Mailed check,24.15,944.02,No
C06024,Male,1,Yes,No,1,No,DSL,No,Yes,Two year,Yes,Bank transfer (automatic),66.21,63.67,Yes
C06025,Female,0,No,Yes,3,Yes,DSL,No internet service,Yes,Two year,Yes,Credit card (automatic),69.15,201.35,No
C06026,Male,1,Yes,No,6,Yes,No,Yes,Yes,Month-to-month,No,Bank transfer (automatic),37.76,233.24,No
C06027,Female,0,No,Yes,11,Yes,Fiber optic,No internet service,No internet service,Month-to-month,Yes,Electronic check,26.97,271.64,No
C06028,Male,0,No,No,25,Yes,Fiber optic,No internet service,No,Two year,No,Mailed check,25.49,653.13,No
C06029,Male,0,Yes,Yes,68,Yes,Fiber optic,Yes,No internet service,Month-to-month,No,Bank transfer (automatic),21.72,1599.17,Yes
C06030,Male,0,No,Yes,66,Yes,No,Yes,No internet service,Month-to-month,No,Electronic check,75.36,4569.66,No
C06031,Male,1,Yes,No,7,Yes,Fiber optic,Yes,No internet service,Month-to-month,No,Credit card (automatic),33.55,223.25,No
C06032,Female,0,Yes,No,72,Yes,DSL,No internet service,No internet service,Month-to-month,Yes,Credit card (automatic),98.87,6426.25,No
C06033,Male,0,Yes,Yes,46,Yes,DSL,Yes,Yes,Month-to-month,No,Bank transfer (automatic),107.9,4981.26,No
C06034,Male,1,Yes,Yes,40,Yes,DSL,Yes,No,Two year,No,Bank transfer (automatic),47.24,1976.88,No
C06035,Female,0,No,Yes,57,Yes,No,No,No internet service,Two year,Yes,Bank transfer (automatic),34.45,2131.11,Yes
C06036,Female,0,Yes,No,35,Yes,DSL,No,No internet service,Two year,Yes,Mailed check,58.96,2009.13,Yes
C06037,Male,0,No,No,19,Yes,DSL,No internet service,No internet service,Month-to-month,Yes,Bank transfer (automatic),106.16,1875.34,Yes
C06038,Male,1,Yes,No,38,Yes,Fiber optic,No,Yes,Month-to-month,No,Credit card (automatic),57.98,1995.73,Yes
C06039,Male,0,No,Yes,52,Yes,DSL,Yes,No,Month-to-month,Yes,Mailed check,28.83,1446.69,No
C06040,Female,1,No,No,49,Yes,Fiber optic,No,No internet service,Month-to-month,Yes,Mailed check,116.47,5720.99,No
C06041,Male,0,Yes,No,12,Yes,No,No internet service,No internet service,Month-to-month,No,Mailed check,67.97,881.02,Yes
C06042,Female,0,Yes,Yes,68,Yes,No,Yes,Yes,One year,Yes,Bank transfer (automatic),52.24,3350.87,No
C06043,Female,0,No,No,20,Yes,No,Yes,No internet service,Two year,No,Credit card (automatic),107.36,2268.0,No
C06044,Male,1,No,No,59,Yes,Fiber optic,No internet service,No,Month-to-month,Yes,Electronic check,110.74,6508.73,Yes
C06045,Female,0,Yes,Yes,22,Yes,No,No internet service,No internet service,Month-to-month,No,Credit card (automatic),67.68,1598.41,No
C06046,Female,0,Yes,No,4,No,Fiber optic,Yes,No internet service,Month-to-month,Yes,Mailed check,48.67,208.82,Yes
C06047,Male,0,No,No,72,Yes,DSL,No internet service,No,Month-to-month,No,Mailed check,66.26,5112.01,No
C06048,Female,0,No,No,42,No,No,No,No,Month-to-month,Yes,Mailed check,39.93,1643.97,No
C06049,Male,0,Yes,No,15,Yes,No,No internet service,Yes,Month-to-month,Yes,Electronic check,65.82,956.93,Yes
C06050,Male,0,Yes,No,0,Yes,Fiber optic,No,No,Month-to-month,Yes,Credit card (automatic),40.94,38.54,Yes
C06051,Male,1,Yes,No,9,Yes,DSL,No,Yes,Month-to-month,Yes,Mailed check,80.22,682.77,Yes
C06052,Male,0,No,No,12,Yes,Fiber optic,Yes,No,Two year,No,Mailed check,93.99,1154.1,No
C06053,Male,0,No,Yes,67,Yes,Fiber optic,No,Yes,Month-to-month,Yes,Bank transfer (automatic),114.94,8412.46,No
C06054,Female,0,No,No,12,Yes,No,No,Yes,Month-to-month,No,Mailed check,102.26,1253.12,No
C06055,Male,1,No,Yes,11,Yes,Fiber optic,No internet service,No internet service,Month-to-month,Yes,Electronic check,26.61,287.58,Yes
C06056,Female,0,No,Yes,61,Yes,Fiber optic,Yes,No internet service,Month-to-month,Yes,Mailed check,39.15,2265.12,Yes
C06057,Male,0,Yes,No,64,Yes,DSL,Yes,No,One year,Yes,Bank transfer (automatic),71.17,4693.32,No
C06058,Female,0,Yes,No,15,Yes,Fiber optic,No internet service,No,Two year,Yes,Credit card (automatic),43.76,618.45,Yes
C06059,Male,0,Yes,Yes,47,Yes,Fiber optic,Yes,Yes,Two year,No,Mailed check,19.44,839.38,Yes
C06060,Male,0,No,No,39,Yes,DSL,Yes,No internet service,One year,Yes,Electronic check,93.48,3349.35,Yes
C06061,Male,0,No,Yes,42,Yes,DSL,No,No internet service,Month-to-month,No,Mailed check,53.78,2417.08,No
C06062,Female,0,Yes,Yes,22,Yes,DSL,No,No internet service,Month-to-month,No,Mailed check,24.61,528.67,No
C06063,Female,0,Yes,No,54,Yes,Fiber optic,Yes,Yes,Month-to-month,No,Credit card (automatic),68.88,4047.09,No
C06064,Female,1,Yes,Yes,64,No,DSL,No,No internet service,Month-to-month,Yes,Mailed check,115.72,7401.25,No
C06065,Male,0,No,No,52,Yes,Fiber optic,No internet service,No,Two year,Yes,Mailed check,85.85,4635.18,No
C06066,Female,0,No,Yes,65,Yes,DSL,No internet service,Yes,Month-to-month,Yes,Mailed check,33.88,2346.2,No
C06067,Female,0,No,No,8,Yes,No,No,No internet service,Month-to-month,Yes,Credit card (automatic),69.43,597.04,No
C06068,Male,0,Yes,Yes,47,Yes,No,No,No,Month-to-month,No,Bank transfer (automatic),108.17,4740.87,No
C06069,Female,0,No,Yes,72,Yes,Fiber optic,No,Yes,Month-to-month,No,Bank transfer (automatic),23.42,1590.69,Yes
C06070,Female,1,Yes,No,39,Yes,DSL,No,No,Two year,Yes,Credit card (automatic),81.79,2966.58,No
C06071,Female,1,No,No,68,Yes,DSL,No,No,Month-to-month,No,Electronic check,90.13,6062.1,No
C06072,Female,0,No,Yes,25,Yes,DSL,No,Yes,Month-to-month,No,Electronic check,88.4,2057.53,Yes
C06073,Female,0,No,Yes,65,Yes,Fiber optic,No,No,Month-to-month,No,Electronic check,33.02,2211.06,No
C06074,Female,0,Yes,Yes,68,Yes,DSL,Yes,No,Two year,Yes,Bank transfer (automatic),108.73,7190.8,No
C06075,Male,0,Yes,No,45,Yes,Fiber optic,No,Yes,Month-to-month,Yes,Electronic check,50.23,2470.14,No
C06076,Male,0,No,No,51,Yes,No,No,No internet service,One year,No,Electronic check,23.17,1256.49,No
C06077,Male,0,No,Yes,38,Yes,DSL,No internet service,No,Month-to-month,Yes,Mailed check,26.32,1045.02,Yes
C06078,Male,0,No,Yes,23,Yes,No,No,No,Month-to-month,Yes,Electronic check,63.76,1521.83,Yes
C06079,Female,0,Yes,No,39,Yes,Fiber optic,No,Yes,Two year,Yes,Credit card (automatic),22.0,779.0,No
C06080,Male,0,Yes,No,70,Yes,DSL,Yes,Yes,Month-to-month,No,Electronic check,95.96,6157.91,No
C06081,Male,0,No,Yes,1,Yes,DSL,Yes,No,Month-to-month,Yes,Electronic check,104.58,103.16,Yes
C06082,Female,0,Yes,Yes,14,Yes,DSL,No,No,One year,Yes,Credit card (automatic),19.34,293.22,Yes
C06083,Male,0,No,No,36,No,Fiber optic,No,No,Month-to-month,No,Credit card (automatic),99.0,3274.62,No
C06084,Female,0,Yes,No,24,Yes,DSL,No,Yes,Month-to-month,No,Credit card (automatic),116.12,2742.37,No
C06085,Male,0,No,No,45,Yes,Fiber optic,Yes,No,Two year,No,Mailed check,21.04,1002.46,Yes
C06086,Female,0,No,No,26,Yes,Fiber optic,Yes,Yes,Month-to-month,Yes,Mailed check,90.5,2268.19,No
C06087,Female,0,No,Yes,48,Yes,Fiber optic,No internet service,No,Month-to-month,Yes,Credit card (automatic),117.91,6145.71,Yes
C06088,Male,0,No,No,7,Yes,DSL,No,No internet service,Month-to-month,Yes,Bank transfer (automatic),97.71,743.43,Yes
C06089,Female,0,Yes,No,24,Yes,No,No,No internet service,One year,Yes,Electronic check,68.54,1499.21,No
C06090,Female,0,Yes,No,50,Yes,DSL,No,No,Month-to-month,No,Electronic check,106.48,5447.95,No
C06091,Female,0,Yes,Yes,34,Yes,Fiber optic,Yes,No,Month-to-month,No,Credit card (automatic),88.79,2804.87,Yes
C06092,Female,0,No,No,52,Yes,Fiber optic,No internet service,No,One year,No,Credit card (automatic),47.25,2428.01,No
C06093,Female,0,Yes,Yes,46,Yes,No,No,Yes,One year,Yes,Electronic check,40.43,2007.75,Yes
C06094,Male,0,No,No,23,Yes,Fiber optic,No,No,Two year,Yes,Credit card (automatic),69.25,1456.85,No
C06095,Female,0,No,Yes,31,No,No,No internet service,Yes,Month-to-month,Yes,Bank transfer (automatic),55.3,1864.25,Yes
C06096,Male,0,No,No,70,Yes,DSL,Yes,No,Month-to-month,Yes,Credit card (automatic),50.95,3919.2,No
C06097,Female,0,No,No,70,Yes,Fiber optic,Yes,Yes,Month-to-month,Yes,Credit card (automatic),35.79,2590.6,Yes
C06098,Female,1,Yes,No,2,Yes,Fiber optic,No internet service,Yes,One year,Yes,Bank transfer (automatic),102.53,199.17,No
C06099,Male,0,No,No,51,Yes,No,No internet service,No,Month-to-month,Yes,Electronic check,88.5,4288.74,No
C06100,Female,1,Yes,Yes,35,Yes,Fiber optic,No,Yes,One year,Yes,Mailed check,51.13,1765.43,Yes
C06101,Female,0,No,Yes,0,Yes,Fiber optic,Yes,No internet service,Month-to-month,No,Credit card (automatic),41.77,39.1,No
C06102,Male,0,Yes,No,46,Yes,No,No internet service,No internet service,Two year,No,Mailed check,30.81,1281.22,No
C06103,Female,0,No,No,1,Yes,Fiber optic,Yes,No internet service,Two year,Yes,Mailed check,29.25,26.69,Yes
C06104,Female,0,No,No,23,Yes,Fiber optic,No,Yes,Month-to-month,No,Mailed check,80.55,1913.26,No
C06105,Male,0,Yes,No,50,Yes,Fiber optic,No,No internet service,Two year,Yes,Bank transfer (automatic),28.88,1305.59,No
C06106,Male,0,Yes,Yes,59,Yes,DSL,Yes,No internet service,Two year,No,Electronic check,114.02,6460.06,No
C06107,Male,0,Yes,Yes,30,Yes,Fiber optic,No internet service,No internet service,Month-to-month,No,Mailed check,45.91,1425.89,No
C06108,Female,0,No,No,59,Yes,Fiber optic,No,No,Month-to-month,Yes,Electronic check,20.58,1135.24,Yes
C06109,Female,0,No,No,61,Yes,Fiber optic,No,No,One year,No,Credit card (automatic),103.53,6103.48,Yes
C06110,Female,1,No,No,32,No,No,Yes,Yes,Month-to-month,Yes,Bank transfer (automatic),54.76,1588.11,Yes
C06111,Male,0,Yes,No,12,Yes,Fiber optic,No internet service,No,Month-to-month,No,Mailed check,52.3,578.95,No
C06112,Male,1,Yes,Yes,48,Yes,Fiber optic,No,Yes,Month-to-month,No,Mailed check,29.86,1354.71,No
C06113,Male,1,Yes,No,1,Yes,DSL,Yes,No,Two year,No,Bank transfer (automatic),84.04,77.76,Yes
C06114,Male,1,No,Yes,65,Yes,No,No,Yes,Month-to-month,Yes,Bank transfer (automatic),53.88,3482.63,Yes
C06115,Male,0,Yes,No,28,Yes,No,No,No,One year,No,Credit card (automatic),100.3,2598.86,Yes
C06116,Female,0,Yes,No,55,Yes,Fiber optic,No,No,Month-to-month,Yes,Credit card (automatic),81.06,4284.59,No
C06117,Male,1,Yes,No,53,Yes,DSL,No internet service,No,Month-to-month,Yes,Electronic check,105.99,5868.65,Yes
C06118,Female,0,No,No,34,Yes,Fiber optic,No,No,Two year,Yes,Mailed check,80.26,2812.81,No
C06119,Female,0,Yes,Yes,70,Yes,DSL,Yes,No internet service,Month-to-month,No,Electronic check,95.93,6557.97,Yes
C06120,Male,0,Yes,No,58,Yes,DSL,Yes,No internet service,Month-to-month,No,Credit card (automatic),87.65,5522.0,Yes
C06121,Female,0,Yes,No,64,Yes,DSL,No internet service,Yes,Month-to-month,Yes,Credit card (automatic),64.26,4348.89,Yes
C06122,Male,0,No,No,6,No,DSL,Yes,Yes,One year,No,Credit card (automatic),86.87,532.39,No
C06123,Female,0,No,Yes,35,No,No,No internet service,Yes,Month-to-month,Yes,Bank transfer (automatic),84.36,2915.27,Yes
C06124,Female,0,Yes,Yes,69,Yes,Fiber optic,No,No,Month-to-month,Yes,Electronic check,18.67,1174.88,No
C06125,Female,1,No,No,59,Yes,Fiber optic,No internet service,No,Month-to-month,No,Bank transfer (automatic),87.86,5093.39,No
C06126,Female,0,No,No,33,Yes,Fiber optic,No,Yes,Month-to-month,Yes,Credit card (automatic),44.22,1472.47,Yes
C06127,Male,0,Yes,No,5,Yes,Fiber optic,No internet service,No,Month-to-month,Yes,Bank transfer (automatic),72.18,396.34,No
C06128,Female,0,Yes,No,20,No,No,No internet service,No,Month-to-month,Yes,Credit card (automatic),29.13,635.22,Yes
C06129,Female,0,Yes,No,41,Yes,Fiber optic,Yes,No,Month-to-month,No,Bank transfer (automatic),20.3,767.75,No
C06130,Male,0,No,No,46,Yes,DSL,Yes,Yes,Month-to-month,Yes,Mailed check,19.51,983.48,No
C06131,Female,0,Yes,Yes,67,Yes,Fiber optic,Yes,No,One year,No,Mailed check,33.82,2381.33,No
C06132,Male,1,Yes,No,6,Yes,Fiber optic,No,No internet service,One year,Yes,Mailed check,19.99,124.3,No
C06133,Female,0,No,No,28,Yes,Fiber optic,Yes,No,Month-to-month,Yes,Mailed check,31.24,945.32,Yes
C06134,Male,0,Yes,No,19,Yes,DSL,Yes,No internet service,Month-to-month,No,Electronic check,73.92,1355.34,Yes
C06135,Female,0,Yes,No,70,Yes,Fiber optic,Yes,No internet service,Month-to-month,No,Mailed check,58.03,3980.29,No
C06136,Male,0,No,No,12,Yes,DSL,No internet service,No internet service,Two year,No,Mailed check,116.07,1496.17,No
C06137,Female,0,No,No,16,Yes,No,Yes,Yes,Month-to-month,Yes,Bank transfer (automatic),98.87,1456.63,Yes
C06138,Male,0,Yes,No,21,Yes,Fiber optic,No internet service,Yes,Month-to-month,No,Credit card (automatic),32.68,714.99,Yes
C06139,Male,1,Yes,No,7,Yes,Fiber optic,No,Yes,Month-to-month,No,Bank transfer (automatic),59.68,443.65,No
C06140,Female,0,No,Yes,46,Yes,Fiber optic,Yes,No,Month-to-month,Yes,Credit card (automatic),61.1,3027.05,No
C06141,Male,1,Yes,Yes,38,Yes,No,Yes,No,Month-to-month,No,Credit card (automatic),54.21,1944.28,Yes
C06142,Female,1,No,No,40,Yes,DSL,No,Yes,Month-to-month,Yes,Bank transfer (automatic),67.56,2799.28,No
C06143,Male,0,No,Yes,66,No,Fiber optic,No,Yes,One year,Yes,Electronic check,84.99,5144.57,No
C06144,Male,0,Yes,No,31,Yes,Fiber optic,No internet service,Yes,One year,No,Electronic check,82.09,2728.5,Yes
C06145,Female,0,Yes,No,22,No,Fiber optic,No internet service,Yes,One year,No,Electronic check,53.71,1177.32,No
C06146,Female,0,Yes,No,27,Yes,Fiber optic,Yes,No internet service,One year,No,Electronic check,88.5,2448.84,No
C06147,Female,1,No,No,58,Yes,No,No,No,Month-to-month,Yes,Mailed check,46.95,2914.47,No
C06148,Female,0,No,No,38,Yes,Fiber optic,Yes,No internet service,Two year,Yes,Bank transfer (automatic),101.55,3863.55,No
C06149,Male,0,No,No,12,No,No,No,No internet service,One year,Yes,Bank transfer (automatic),114.44,1375.66,Yes
C06150,Female,0,No,Yes,50,Yes,Fiber optic,No,Yes,Two year,No,Electronic check,47.47,2356.72,No
C06151,Female,0,No,No,54,No,Fiber optic,No,Yes,One year,No,Mailed check,96.47,5314.29,No
C06152,Female,1,No,No,18,Yes,Fiber optic,Yes,No,Month-to-month,No,Bank transfer (automatic),99.34,1865.84,Yes
C06153,Female,0,Yes,Yes,40,Yes,Fiber optic,No,Yes,Month-to-month,No,Mailed check,67.08,2846.97,Yes
C06154,Male,0,No,Yes,41,Yes,No,Yes,No internet service,Month-to-month,No,Electronic check,26.77,994.36,No
C06155,Male,0,Yes,No,12,Yes,Fiber optic,No,No internet service,Month-to-month,Yes,Electronic check,96.62,1124.21,No
C06156,Female,0,No,Yes,0,No,Fiber optic,Yes,No,Month-to-month,Yes,Credit card (automatic),58.75,57.96,No
C06157,Female,0,Yes,No,52,Yes,Fiber optic,Yes,No,Month-to-month,Yes,Electronic check,38.81,1856.14,Yes
C06158,Male,0,No,No,44,Yes,DSL,Yes,Yes,Month-to-month,Yes,Electronic check,80.67,3728.1,No
C06159,Male,0,Yes,Yes,52,Yes,Fiber optic,No internet service,Yes,Two year,Yes,Credit card (automatic),61.69,3222.56,Yes
C06160,Female,1,Yes,No,27,Yes,DSL,No internet service,No internet service,One year,No,Mailed check,26.76,650.54,No
C06161,Female,0,No,No,37,Yes,Fiber optic,No internet service,No,One year,Yes,Credit card (automatic),116.37,4418.82,Yes
C06162,Male,0,No,Yes,71,Yes,No,No internet service,No,Month-to-month,Yes,Electronic check,42.47,2918.29,No
C06163,Male,0,Yes,No,16,No,DSL,Yes,No internet service,One year,No,Electronic check,69.1,1155.76,No
C06164,Female,0,No,No,47,Yes,Fiber optic,Yes,Yes,Two year,Yes,Mailed check,84.73,3727.2,No
C06165,Male,0,No,No,9,Yes,No,No internet service,No,One year,Yes,Credit card (automatic),29.51,239.1,No
C06166,Male,0,No,No,4,Yes,DSL,No internet service,Yes,One year,No,Mailed check,91.94,337.37,Yes
C06167,Female,0,Yes,No,69,Yes,Fiber optic,No,Yes,Month-to-month,No,Bank transfer (automatic),82.83,5647.14,Yes
C06168,Male,0,No,No,9,Yes,DSL,No,No internet service,Month-to-month,No,Bank transfer (automatic),67.38,636.5,Yes
C06169,Male,0,No,No,47,Yes,Fiber optic,Yes,No internet service,One year,Yes,Electronic check,70.83,3398.2,No
C06170,Male,0,Yes,Yes,37,Yes,Fiber optic,Yes,No,Two year,No,Credit card (automatic),113.48,3791.45,No
C06171,Female,0,No,Yes,59,Yes,Fiber optic,No internet service,No,Month-to-month,Yes,Electronic check,109.09,6554.23,Yes
C06172,Female,0,Yes,No,39,Yes,No,No,No,Month-to-month,No,Credit card (automatic),29.2,1134.74,No
C06173,Female,1,Yes,Yes,50,Yes,Fiber optic,Yes,No,Month-to-month,Yes,Electronic check,54.88,2906.74,Yes
C06174,Male,0,Yes,No,65,Yes,DSL,No,Yes,Month-to-month,Yes,Bank transfer (automatic),69.68,4308.78,No
C06175,Female,0,Yes,No,60,Yes,No,No internet service,Yes,Two year,Yes,Credit card (automatic),110.0,6888.99,No
C06176,Male,0,No,No,52,Yes,DSL,Yes,Yes,One year,No,Credit card (automatic),99.66,5318.9,No
C06177,Female,0,No,No,11,Yes,Fiber optic,No internet service,No,Month-to-month,Yes,Bank transfer (automatic),56.65,638.48,No
C06178,Male,0,Yes,No,12,Yes,Fiber optic,No,No,Month-to-month,No,Electronic check,106.62,1255.27,No
C06179,Male,0,No,No,36,Yes,DSL,No internet service,No,Month-to-month,No,Electronic check,55.82,1813.73,No
C06180,Male,1,Yes,No,48,Yes,DSL,No,Yes,Month-to-month,No,Credit card (automatic),45.12,2030.46,Yes
C06181,Female,0,Yes,Yes,48,Yes,No,No internet service,No,Month-to-month,Yes,Mailed check,78.99,4052.57,Yes
C06182,Male,0,No,Yes,57,No,DSL,No,Yes,Two year,No,Electronic check,53.59,3126.01,No
C06183,Male,0,Yes,No,7,Yes,No,No internet service,No,One year,Yes,Mailed check,80.24,570.46,No
C06184,Female,0,Yes,No,12,Yes,Fiber optic,No,Yes,Month-to-month,No,Bank transfer (automatic),58.97,711.28,Yes
C06185,Female,0,Yes,No,10,No,Fiber optic,Yes,No internet service,One year,Yes,Electronic check,97.58,893.23,Yes
C06186,Male,1,Yes,Yes,39,Yes,Fiber optic,Yes,No,One year,No,Credit card (automatic),113.43,4288.99,Yes
C06187,Female,0,Yes,Yes,46,Yes,No,No,No,Month-to-month,Yes,Credit card (automatic),45.03,2120.74,No
C06188,Female,1,Yes,Yes,8,Yes,DSL,No,Yes,One year,No,Bank transfer (automatic),69.0,510.66,Yes
C06189,Female,0,Yes,No,63,Yes,Fiber optic,No,Yes,One year,Yes,Bank transfer (automatic),90.44,6177.46,No
C06190,Female,0,Yes,No,22,Yes,No,No internet service,No internet service,Two year,Yes,Electronic check,33.85,681.05,No
C06191,Female,0,No,No,48,Yes,DSL,No internet service,Yes,Month-to-month,Yes,Mailed check,97.59,4852.76,No
C06192,Male,0,Yes,Yes,54,Yes,Fiber optic,No,No internet service,Month-to-month,Yes,Electronic check,76.3,3956.42,Yes
C06193,Male,0,No,Yes,2,Yes,No,Yes,No internet service,Month-to-month,No,Bank transfer (automatic),32.97,70.74,Yes
C06194,Female,0,Yes,Yes,63,Yes,No,No,No,Month-to-month,No,Credit card (automatic),104.82,7035.32,Yes
C06195,Female,0,Yes,Yes,70,Yes,No,No internet service,Yes,Month-to-month,Yes,Credit card (automatic),60.67,4105.23,Yes
C06196,Male,0,Yes,No,69,Yes,DSL,No,No internet service,One year,Yes,Credit card (automatic),35.66,2441.9,No
C06197,Male,0,Yes,Yes,10,Yes,Fiber optic,No,No internet service,Month-to-month,Yes,Mailed check,37.54,409.87,No
C06198,Female,0,Yes,Yes,28,Yes,Fiber optic,No,Yes,Month-to-month,Yes,Bank transfer (automatic),96.55,2761.74,Yes
C06199,Female,0,No,No,16,Yes,DSL,No internet service,No internet service,Two year,No,Mailed check,111.57,1608.75,No
C06200,Male,0,No,No,32,Yes,Fiber optic,No internet service,No,Month-to-month,No,Mailed check,55.82,1885.28,No
C06201,Female,0,Yes,No,71,Yes,No,No internet service,No internet service,Month-to-month,Yes,Credit card (automatic),25.88,1786.51,No
C06202,Male,0,Yes,Yes,55,Yes,Fiber optic,Yes,No,One year,No,Mailed check,28.08,1475.16,Yes
C06203,Female,0,Yes,No,56,Yes,Fiber optic,Yes,No internet service,Month-to-month,Yes,Bank transfer (automatic),83.45,4983.63,Yes
C06204,Female,0,Yes,Yes,30,Yes,Fiber optic,Yes,No internet service,Month-to-month,Yes,Electronic check,55.08,1806.91,Yes
C06205,Male,0,Yes,Yes,68,Yes,DSL,No,Yes,One year,No,Bank transfer (automatic),60.61,3760.47,No
C06206,Male,0,No,No,67,Yes,Fiber optic,Yes,No,Month-to-month,No,Mailed check,51.7,3387.94,No
C06207,Male,0,No,No,58,Yes,Fiber optic,No internet service,No,Month-to-month,No,Electronic check,64.55,3578.96,No
C06208,Female,1,Yes,Yes,59,Yes,Fiber optic,No internet service,Yes,Month-to-month,No,Mailed check,82.35, ,No
C06209,Female,0,Yes,No,47,Yes,Fiber optic,No internet service,Yes,Two year,No,Credit card (automatic),72.11,3638.41,No
C06210,Male,0,Yes,No,6,Yes,Fiber optic,Yes,No internet service,Month-to-month,No,Electronic check,34.42,223.09,Yes
C06211,Male,0,Yes,No,20,Yes,DSL,No,No internet service,One year,No,Mailed check,67.13,1219.79,Yes
C06212,Male,0,No,Yes,56,Yes,Fiber optic,No internet service,No,Month-to-month,Yes,Bank transfer (automatic),64.06,3264.58,No
C06213,Male,1,No,No,23,Yes,No,No,No,One year,No,Electronic check,72.57,1686.27,No
C06214,Male,0,Yes,Yes,12,Yes,Fiber optic,Yes,Yes,Month-to-month,No,Electronic check,29.07,325.6,Yes
C06215,Female,0,Yes,Yes,69,Yes,Fiber optic,No internet service,No internet service,Month-to-month,Yes,Mailed check,33.35,2122.88,Yes
C06216,Male,0,No,Yes,35,No,Fiber optic,No,No internet service,Month-to-month,Yes,Electronic check,71.02,2366.56,No
C06217,Male,1,Yes,No,62,Yes,Fiber optic,No internet service,No,One year,Yes,Mailed check,45.54,2941.73,No
C06218,Female,0,Yes,No,20,Yes,No,No,No,Month-to-month,No,Mailed check,80.9,1673.55,Yes
C06219,Female,0,No,Yes,26,No,No,No,No internet service,Month-to-month,Yes,Electronic check,55.28,1519.26,No
C06220,Male,0,No,Yes,25,No,No,No internet service,Yes,Month-to-month,No,Bank transfer (automatic),40.07,914.15,Yes
C06221,Female,1,No,No,27,Yes,Fiber optic,No internet service,No,Month-to-month,No,Bank transfer (automatic),83.64,2378.61,Yes
C06222,Male,0,No,No,31,Yes,DSL,Yes,Yes,One year,Yes,Electronic check,57.39,1775.75,No
C06223,Female,0,No,No,21,Yes,Fiber optic,Yes,No,Month-to-month,Yes,Mailed check,33.76,682.44,No
C06224,Male,1,No,No,59,Yes,Fiber optic,No,No,Month-to-month,Yes,Bank transfer (automatic),98.88,5962.6,No
C06225,Male,0,Yes,No,23,Yes,DSL,No internet service,No internet service,Month-to-month,Yes,Mailed check,61.18,1491.44,Yes
C06226,Female,0,Yes,No,32,Yes,No,No internet service,No,Month-to-month,Yes,Electronic check,109.51,3226.69,Yes
C06227,Male,0,Yes,Yes,62,Yes,No,Yes,No internet service,Month-to-month,No,Credit card (automatic),37.34,2457.36,No
C06228,Male,0,No,No,31,Yes,Fiber optic,No internet service,Yes,Month-to-month,Yes,Mailed check,105.64,3320.32,Yes
C06229,Male,0,No,No,0,Yes,Fiber optic,No,Yes,Month-to-month,No,Bank transfer (automatic),99.59,101.98,Yes
C06230,Male,0,Yes,No,0,Yes,Fiber optic,No internet service,Yes,Two year,No,Credit card (automatic),28.39,30.54,No
C06231,Female,0,No,No,31,Yes,No,Yes,No internet service,Month-to-month,Yes,Electronic check,71.17,2298.93,Yes
C06232,Female,0,No,Yes,47,Yes,Fiber optic,No internet service,Yes,Two year,No,Electronic check,83.37,3983.85,Yes
C06233,Female,0,No,No,68,Yes,DSL,No,Yes,Month-to-month,No,Mailed check,67.55,4442.76,Yes
C06234,Female,0,No,No,9,Yes,No,No,No internet service,Month-to-month,No,Bank transfer (automatic),57.03,514.33,Yes
C06235,Male,0,No,No,39,Yes,No,No,No,Month-to-month,Yes,Electronic check,112.38,4677.84,No
C06236,Female,1,Yes,Yes,21,Yes,DSL,Yes,No,Month-to-month,No,Electronic check,88.08,2033.02,Yes
C06237,Male,0,Yes,No,32,Yes,Fiber optic,No internet service,No internet service,One year,No,Credit card (automatic),114.59,3854.74,No
C06238,Male,0,Yes,No,32,Yes,Fiber optic,No,No,Two year,Yes,Bank transfer (automatic),102.62,3474.41,Yes
C06239,Female,0,No,Yes,22,Yes,No,No,Yes,One year,No,Electronic check,99.71,2281.11,No
C06240,Male,1,No,No,1,Yes,Fiber optic,Yes,Yes,One year,No,Electronic check,90.56,95.4,Yes
C06241,Male,1,Yes,No,5,Yes,Fiber optic,Yes,Yes,Month-to-month,Yes,Bank transfer (automatic),82.61,391.83,Yes
C06242,Male,0,Yes,No,38,Yes,Fiber optic,No internet service,No,Month-to-month,Yes,Electronic check,106.69,3992.46,No
C06243,Male,0,Yes,Yes,16,Yes,No,Yes,No,Two year,No,Electronic check,79.34,1283.66,Yes
C06244,Female,0,No,No,23,Yes,DSL,No,No internet service,Month-to-month,Yes,Bank transfer (automatic),25.53,593.0,Yes
C06245,Female,0,No,Yes,6,Yes,Fiber optic,No,No,Month-to-month,No,Electronic check,76.26,466.46,Yes
C06246,Male,0,Yes,No,3,Yes,DSL,Yes,No internet service,Two year,No,Credit card (automatic),28.28,92.87,Yes
C06247,Male,0,No,No,9,Yes,DSL,No,Yes,Two year,Yes,Bank transfer (automatic),112.93,1088.59,No
C06248,Male,0,No,Yes,27,No,Fiber optic,No internet service,No,One year,Yes,Electronic check,82.67,2378.44,No
C06249,Female,0,Yes,Yes,11,Yes,Fiber optic,No,No,Month-to-month,No,Credit card (automatic),73.56,862.62,Yes
C06250,Female,1,Yes,Yes,16,Yes,No,Yes,No internet service,Two year,No,Bank transfer (automatic),37.78,639.94,Yes
C06251,Male,0,Yes,No,22,Yes,Fiber optic,Yes,No internet service,Month-to-month,Yes,Mailed check,69.58,1585.62,Yes
C06252,Male,1,No,No,21,Yes,No,No,No,Month-to-month,No,Mailed check,52.25,1043.82,Yes
C06253,Female,0,Yes,No,0,Yes,Fiber optic,No internet service,No internet service,Month-to-month,Yes,Credit card (automatic),85.54,91.63,Yes
C06254,Male,0,Yes,Yes,8,Yes,DSL,No,No,Two year,No,Bank transfer (automatic),78.44,599.88,Yes
C06255,Male,1,Yes,No,69,Yes,Fiber optic,No internet service,No,Two year,No,Mailed check,67.93,4897.99,Yes
C06256,Female,0,No,No,48,Yes,DSL,No internet service,No,One year,Yes,Credit card (automatic),43.27,1915.37,Yes
C06257,Male,0,Yes,Yes,9,Yes,Fiber optic,Yes,Yes,Month-to-month,Yes,Electronic check,70.57,641.14,Yes
C06258,Female,0,No,No,20,Yes,Fiber optic,No,No internet service,Month-to-month,Yes,Mailed check,64.17,1236.89,No
C06259,Female,0,Yes,No,27,Yes,DSL,No internet service,No,Month-to-month,No,Mailed check,103.13,2898.37,No
C06260,Female,0,Yes,Yes,66,Yes,Fiber optic,No,No internet service,Two year,Yes,Credit card (automatic),107.43,7594.2,No
C06261,Female,0,No,No,64,Yes,Fiber optic,Yes,No,Month-to-month,No,Electronic check,93.92,5428.46,No
C06262,Male,0,No,No,56,Yes,Fiber optic,Yes,Yes,Month-to-month,No,Credit card (automatic),49.96,2581.95,Yes
C06263,Male,0,No,No,7,Yes,DSL,Yes,No internet service,One year,Yes,Bank transfer (automatic),21.81,165.66,Yes
C06264,Male,0,No,No,35,Yes,No,No,No internet service,Month-to-month,No,Credit card (automatic),110.53,3666.82,No
C06265,Female,0,Yes,No,35,Yes,No,No internet service,Yes,Two year,Yes,Mailed check,117.2,4291.34,Yes
C06266,Male,0,Yes,Yes,46,Yes,DSL,No,Yes,Month-to-month,No,Electronic check,30.7,1500.48,No
C06267,Female,0,Yes,No,61,Yes,Fiber optic,No,No,Two year,No,Electronic check,86.56,5534.19,No
C06268,Female,0,No,No,23,Yes,Fiber optic,Yes,No internet service,Month-to-month,Yes,Bank transfer (automatic),60.51,1261.49,Yes
C06269,Female,1,Yes,No,40,Yes,No,No,No,Month-to-month,No,Electronic check,32.85,1375.87,Yes
C06270,Female,0,Yes,No,19,Yes,Fiber optic,No,No internet service,Month-to-month,Yes,Mailed check,117.81,2445.03,Yes
C06271,Female,0,No,No,15,No,Fiber optic,Yes,No,Month-to-month,Yes,Mailed check,111.32,1625.98,No
C06272,Male,0,No,No,22,Yes,DSL,No,Yes,One year,Yes,Electronic check,116.26,2665.27,Yes
C06273,Female,0,No,No,53,Yes,DSL,No,No internet service,Month-to-month,No,Mailed check,32.39,1639.92,No
C06274,Male,0,No,No,31,Yes,No,Yes,No internet service,Month-to-month,No,Mailed check,67.19,2290.12,Yes
C06275,Male,0,No,No,49,Yes,Fiber optic,No,No internet service,One year,Yes,Electronic check,107.58,4963.93,No
C06276,Male,0,No,Yes,50,Yes,DSL,Yes,No internet service,Month-to-month,No,Mailed check,85.52,4109.72,Yes
C06277,Female,0,No,No,26,Yes,Fiber optic,No,No internet service,One year,No,Bank transfer (automatic),61.46,1491.83,No
C06278,Female,0,Yes,No,69,Yes,Fiber optic,Yes,No internet service,One year,Yes,Bank transfer (automatic),69.67,5244.86,No
C06279,Male,0,No,No,3,Yes,DSL,Yes,No internet service,Month-to-month,No,Mailed check,21.86,66.52,Yes
C06280,Male,0,Yes,No,65,Yes,Fiber optic,No,Yes,One year,Yes,Mailed check,79.15,4884.41,No
C06281,Female,0,Yes,No,0,Yes,DSL,Yes,Yes,Month-to-month,Yes,Credit card (automatic),103.97,96.37,Yes
C06282,Female,0,No,No,27,Yes,Fiber optic,No internet service,No,Month-to-month,No,Electronic check,18.28,530.56,No
C06283,Male,1,No,No,60,Yes,No,No internet service,No internet service,Month-to-month,No,Mailed check,34.0,1861.57,No
C06284,Female,0,Yes,No,49,Yes,Fiber optic,Yes,No,Two year,No,Mailed check,69.8,3518.2,No
C06285,Male,0,Yes,No,23,Yes,No,No,No internet service,One year,Yes,Electronic check,74.1,1741.84,No
C06286,Male,0,No,No,64,Yes,DSL,No,No internet service,Month-to-month,Yes,Credit card (automatic),52.34,3531.85,Yes
C06287,Male,1,No,No,10,Yes,No,No,Yes,Two year,No,Credit card (automatic),20.79,215.46,No
C06288,Female,0,No,No,48,Yes,Fiber optic,No internet service,No,Month-to-month,No,Credit card (automatic),92.36,4731.62,No
C06289,Female,0,No,No,37,Yes,Fiber optic,No internet service,No internet service,Two year,No,Electronic check,42.29,1420.16,No
C06290,Female,0,No,Yes,15,No,Fiber optic,No,No,One year,Yes,Electronic check,82.46,1219.66,No
C06291,Female,0,No,No,67,Yes,Fiber optic,No internet service,Yes,Two year,No,Credit card (automatic),73.91,4536.96,No
C06292,Female,0,Yes,No,55,Yes,No,No internet service,No,Two year,Yes,Electronic check,61.08,3295.72,No
C06293,Male,0,Yes,No,0,Yes,No,No internet service,No internet service,Two year,Yes,Credit card (automatic),77.03,77.97,Yes
C06294,Male,0,No,No,6,Yes,DSL,Yes,No internet service,Month-to-month,No,Electronic check,87.5,534.85,Yes
C06295,Female,0,No,No,4,Yes,Fiber optic,No internet service,Yes,Two year,No,Bank transfer (automatic),75.22,326.44,No
C06296,Male,0,Yes,Yes,30,Yes,DSL,No,No,Two year,No,Mailed check,73.75,2399.11,No
C06297,Female,0,No,No,30,Yes,DSL,No internet service,No,One year,Yes,Credit card (automatic),61.61,1777.99,No
C06298,Male,0,Yes,Yes,52,Yes,DSL,No,No,Month-to-month,Yes,Electronic check,61.0,3298.29,No
C06299,Female,0,No,No,49,Yes,Fiber optic,No internet service,No internet service,Two year,Yes,Electronic check,67.1,3427.77,No
C06300,Male,0,No,No,1,Yes,Fiber optic,Yes,No internet service,Month-to-month,No,Credit card (automatic),63.21,68.99,No
C06301,Male,0,Yes,No,34,Yes,No,No internet service,Yes,Month-to-month,Yes,Mailed check,61.9,1929.47,No
C06302,Male,0,No,No,57,Yes,Fiber optic,No,Yes,Month-to-month,Yes,Credit card (automatic),39.04,2277.42,Yes
C06303,Female,0,Yes,No,65,No,DSL,Yes,Yes,Month-to-month,No,Mailed check,90.48,5772.12,No
C06304,Female,0,Yes,No,21,Yes,Fiber optic,No,No internet service,One year,Yes,Mailed check,31.3,637.23,No
C06305,Male,0,Yes,Yes,3,Yes,DSL,No,No,Month-to-month,No,Bank transfer (automatic),108.87,334.28,No
C06306,Male,0,No,No,11,Yes,Fiber optic,Yes,No,One year,No,Mailed check,80.48,846.25,No
C06307,Female,0,No,No,24,Yes,Fiber optic,Yes,Yes,Two year,No,Bank transfer (automatic),22.89,498.36,No
C06308,Male,0,Yes,No,32,Yes,DSL,No,Yes,Month-to-month,No,Bank transfer (automatic),83.9,2833.96,No
C06309,Male,1,Yes,No,25,Yes,DSL,No internet service,Yes,One year,Yes,Mailed check,54.15,1241.88,No
C06310,Female,0,Yes,Yes,6,Yes,Fiber optic,No,Yes,Month-to-month,Yes,Electronic check,110.98,643.0,No
C06311,Female,0,No,Yes,24,Yes,DSL,No,No,Two year,No,Electronic check,111.61,2729.49,No
C06312,Female,0,Yes,No,21,Yes,Fiber optic,No,No,Two year,No,Bank transfer (automatic),102.59,2207.71,No
C06313,Male,0,No,No,35,Yes,Fiber optic,No internet service,No internet service,Month-to-month,Yes,Credit card (automatic),74.78,2704.33,No
C06314,Male,0,Yes,No,5,Yes,Fiber optic,No,No internet service,One year,Yes,Bank transfer (automatic),109.92,603.96,No
C06315,Female,0,No,Yes,57,Yes,Fiber optic,No,No,Month-to-month,Yes,Electronic check,82.98,4636.57,No
C06316,Female,0,Yes,Yes,30,Yes,DSL,No internet service,Yes,Month-to-month,No,Electronic check,105.51,2935.81,No
C06317,Female,0,Yes,No,23,Yes,DSL,No internet service,Yes,One year,Yes,Mailed check,34.01,725.59,No
C06318,Male,0,No,No,66,Yes,No,No internet service,No internet service,Month-to-month,No,Mailed check,108.42,7170.39,No
C06319,Female,0,No,No,54,Yes,Fiber optic,No internet service,Yes,One year,No,Electronic check,84.16,4438.97,No
C06320,Female,0,No,No,9,Yes,DSL,No,No,Month-to-month,Yes,Mailed check,48.33,470.91,No
C06321,Male,0,No,No,10,Yes,Fiber optic,Yes,No,Month-to-month,Yes,Mailed check,117.78,1180.38,No
C06322,Male,0,Yes,No,0,Yes,Fiber optic,No,No internet service,Two year,Yes,Credit card (automatic),86.69,85.86,No
C06323,Male,0,No,Yes,40,Yes,Fiber optic,No,Yes,Month-to-month,Yes,Credit card (automatic),108.84,4669.11,No
C06324,Female,1,Yes,No,25,No,DSL,No,Yes,One year,No,Electronic check,18.56,491.48,Yes
C06325,Male,0,Yes,No,27,No,DSL,No internet service,No internet service,Month-to-month,No,Bank transfer (automatic),73.23,2061.79,No
C06326,Female,0,Yes,No,37,Yes,Fiber optic,No,No,Two year,Yes,Electronic check,89.25,3320.32,No
C06327,Male,0,No,No,39,Yes,Fiber optic,Yes,Yes,One year,Yes,Credit card (automatic),19.37,715.34,No
C06328,Female,0,Yes,No,0,Yes,Fiber optic,Yes,No internet service,Month-to-month,Yes,Electronic check,94.26,95.53,Yes
C06329,Male,0,No,No,7,Yes,No,Yes,No internet service,Month-to-month,No,Credit card (automatic),83.14,537.26,No
C06330,Male,0,No,No,57,Yes,DSL,No,No,Month-to-month,Yes,Electronic check,45.48,2611.45,No
C06331,Female,0,No,No,69,No,Fiber optic,No internet service,Yes,Two year,Yes,Credit card (automatic),86.89,6416.82,Yes
C06332,Female,0,No,No,61,Yes,No,Yes,No internet service,Month-to-month,Yes,Bank transfer (automatic),31.09,1902.18,No
C06333,Female,0,Yes,Yes,66,Yes,Fiber optic,No internet service,No internet service,Month-to-month,Yes,Bank transfer (automatic),100.4,6054.51,No
C06334,Female,0,No,No,33,No,Fiber optic,Yes,No internet service,One year,No,Electronic check,104.62,3128.84,No
C06335,Female,0,No,Yes,60,No,Fiber optic,Yes,No internet service,Month-to-month,No,Bank transfer (automatic),66.55,4280.89,No
C06336,Female,0,Yes,Yes,64,Yes,Fiber optic,Yes,No,Month-to-month,Yes,Electronic check,68.74,4156.76,No
C06337,Female,0,Yes,No,65,No,No,No,No internet service,Month-to-month,Yes,Bank transfer (automatic),58.21,3803.1,Yes
C06338,Male,0,Yes,No,10,Yes,Fiber optic,Yes,No internet service,Month-to-month,Yes,Credit card (automatic),52.53,554.38,No
C06339,Female,0,Yes,No,10,Yes,Fiber optic,Yes,Yes,One year,No,Credit card (automatic),105.29,1000.93,No
C06340,Female,0,No,No,29,Yes,Fiber optic,Yes,No,Two year,No,Electronic check,48.49,1472.99,No
C06341,Female,0,No,Yes,36,Yes,Fiber optic,No internet service,No internet service,Two year,Yes,Electronic check,58.29,1920.2,Yes
C06342,Female,0,No,Yes,69,Yes,Fiber optic,No,No,Two year,Yes,Mailed check,47.99,3475.96,No
C06343,Female,1,No,Yes,23,Yes,Fiber optic,Yes,No,Month-to-month,Yes,Bank transfer (automatic),83.67,1756.6,Yes
C06344,Female,0,Yes,Yes,60,Yes,Fiber optic,Yes,No,Month-to-month,Yes,Mailed check,99.42,5699.32,No
C06345,Female,0,No,No,64,Yes,Fiber optic,Yes,Yes,One year,No,Bank transfer (automatic),34.43,2096.3,Yes
C06346,Male,0,Yes,No,70,Yes,Fiber optic,No internet service,Yes,Two year,No,Credit card (automatic),43.47,3281.11,Yes
C06347,Female,0,Yes,Yes,13,Yes,DSL,No,Yes,One year,No,Bank transfer (automatic),28.41,371.88,Yes
C06348,Female,0,No,No,17,Yes,Fiber optic,Yes,No internet service,Month-to-month,No,Credit card (automatic),34.02,618.02,No
C06349,Male,0,No,No,16,Yes,No,Yes,Yes,One year,No,Credit card (automatic),58.69,954.49,No
C06350,Male,0,Yes,No,53,Yes,DSL,No internet service,Yes,One year,No,Credit card (automatic),95.59,5377.24,No
C06351,Female,0,No,No,50,Yes,DSL,No internet service,No,Two year,Yes,Electronic check,72.16,3645.05,No
C06352,Male,0,No,No,29,No,No,No internet service,No internet service,One year,No,Bank transfer (automatic),23.33,669.79,No
C06353,Male,0,Yes,Yes,6,No,Fiber optic,No,Yes,Month-to-month,Yes,Credit card (automatic),80.51,498.32,Yes
C06354,Male,0,No,No,38,Yes,Fiber optic,No internet service,No,Month-to-month,Yes,Bank transfer (automatic),97.53,3547.85,Yes
C06355,Female,0,Yes,No,53,Yes,Fiber optic,No,No internet service,Month-to-month,Yes,Credit card (automatic),57.35,3294.1,No
C06356,Male,0,Yes,No,34,Yes,Fiber optic,Yes,No internet service,Month-to-month,No,Mailed check,42.5,1562.95,No
C06357,Male,0,No,No,19,Yes,DSL,No,No,Two year,No,Credit card (automatic),94.39,1640.16,No
C06358,Male,0,Yes,No,43,Yes,Fiber optic,No internet service,No internet service,Month-to-month,Yes,Credit card (automatic),20.39,949.86,Yes
C06359,Male,1,No,No,48,Yes,Fiber optic,No,Yes,Month-to-month,No,Mailed check,99.56,4474.81,No
C06360,Female,0,No,No,43,Yes,Fiber optic,Yes,No internet service,Month-to-month,No,Credit card (automatic),98.43,4385.94,Yes
C06361,Female,0,Yes,No,63,Yes,Fiber optic,No,Yes,One year,No,Mailed check,106.8,7163.2,No
C06362,Female,1,Yes,No,22,Yes,No,Yes,No internet service,Month-to-month,No,Credit card (automatic),26.95,562.22,Yes
C06363,Female,0,No,No,44,Yes,No,No,No internet service,Month-to-month,No,Bank transfer (automatic),28.78,1168.22,No
C06364,Male,1,Yes,No,62,Yes,DSL,Yes,No internet service,Two year,No,Credit card (automatic),105.28,6861.79,Yes
C06365,Female,0,No,No,15,Yes,Fiber optic,Yes,No,Month-to-month,No,Credit card (automatic),65.53,971.63,Yes
C06366,Female,0,Yes,No,20,Yes,DSL,No,No,Month-to-month,No,Bank transfer (automatic),57.23,1141.55,Yes
C06367,Female,0,No,Yes,3,Yes,No,No internet service,No,Month-to-month,Yes,Electronic check,75.33,237.83,Yes
C06368,Male,0,Yes,No,27,Yes,DSL,Yes,Yes,One year,No,Bank transfer (automatic),23.86,612.5,Yes
C06369,Male,0,Yes,Yes,3,Yes,Fiber optic,Yes,No internet service,One year,Yes,Bank transfer (automatic),82.37,227.2,No
C06370,Female,0,No,No,54,Yes,Fiber optic,No internet service,No,Two year,Yes,Bank transfer (automatic),112.51,6631.74,No
C06371,Male,0,Yes,Yes,6,Yes,Fiber optic,No internet service,No internet service,Month-to-month,Yes,Bank transfer (automatic),85.57,533.92,Yes
C06372,Female,1,Yes,No,50,Yes,Fiber optic,No,No,Two year,Yes,Mailed check,64.45,3320.55,No
C06373,Male,0,No,No,42,Yes,DSL,No,Yes,One year,Yes,Credit card (automatic),114.09,4631.68,No
C06374,Female,0,No,Yes,72,Yes,Fiber optic,No internet service,Yes,Month-to-month,No,Bank transfer (automatic),86.85,6873.15,No
C06375,Female,1,Yes,Yes,25,Yes,DSL,Yes,No internet service,Month-to-month,No,Bank transfer (automatic),23.7,559.62,No
C06376,Female,0,No,No,25,Yes,DSL,No,No,Month-to-month,No,Mailed check,85.0,1988.19,No
C06377,Male,0,Yes,No,17,Yes,DSL,Yes,No,Two year,Yes,Mailed check,23.97,392.68,No
C06378,Female,0,Yes,No,39,Yes,No,Yes,No,Month-to-month,Yes,Credit card (automatic),48.72,1990.89,Yes
C06379,Female,1,Yes,No,16,Yes,DSL,No,No,Month-to-month,Yes,Bank transfer (automatic),79.57,1206.16,Yes
C06380,Male,0,No,No,8,Yes,DSL,No,No internet service,One year,Yes,Mailed check,39.56,304.63,No
C06381,Female,0,Yes,Yes,69,Yes,DSL,Yes,No internet service,Two year,Yes,Mailed check,21.82,1514.5,No
C06382,Female,0,Yes,Yes,49,Yes,DSL,Yes,No,One year,No,Bank transfer (automatic),79.8,4027.46,Yes
C06383,Female,0,Yes,No,8,Yes,DSL,Yes,Yes,One year,No,Mailed check,46.59,346.57,Yes
C06384,Female,0,No,Yes,45,Yes,Fiber optic,No internet service,No internet service,Month-to-month,No,Electronic check,71.3,3307.73,No
C06385,Female,0,No,No,22,Yes,Fiber optic,Yes,Yes,Two year,No,Electronic check,44.11,947.33,No
C06386,Male,0,Yes,No,13,Yes,Fiber optic,No,No,Month-to-month,Yes,Bank transfer (automatic),86.64,1091.66,No
C06387,Female,0,Yes,No,34,Yes,No,No internet service,Yes,Month-to-month,Yes,Electronic check,107.57,3349.44,Yes
C06388,Male,0,No,No,57,Yes,DSL,No,No,Two year,No,Credit card (automatic),26.66,1663.67,No
C06389,Female,0,No,No,0,Yes,Fiber optic,Yes,No internet service,Month-to-month,Yes,Mailed check,96.63,100.36,No
C06390,Female,0,No,No,25,Yes,Fiber optic,No,No,Month-to-month,Yes,Credit card (automatic),33.61,773.01,No
C06391,Female,0,No,Yes,67,Yes,Fiber optic,Yes,Yes,One year,Yes,Credit card (automatic),50.94,3321.67,No
C06392,Male,0,No,Yes,28,Yes,DSL,No internet service,No,Month-to-month,Yes,Credit card (automatic),53.74,1378.34,Yes
C06393,Male,0,Yes,No,7,Yes,Fiber optic,No internet service,Yes,Month-to-month,No,Bank transfer (automatic),38.63,272.66,Yes
C06394,Female,0,Yes,Yes,31,Yes,DSL,No internet service,No,One year,No,Bank transfer (automatic),25.52,822.79,No
C06395,Female,0,Yes,No,49,Yes,Fiber optic,No,No,One year,Yes,Bank transfer (automatic),94.85,4235.45,Yes
C06396,Male,1,Yes,No,72,Yes,Fiber optic,No,Yes,Two year,Yes,Bank transfer (automatic),97.36,7601.79,Yes
C06397,Male,1,No,No,45,Yes,DSL,No,No internet service,Month-to-month,Yes,Credit card (automatic),117.68,5162.29,Yes
C06398,Male,0,No,No,3,Yes,No,No internet service,No internet service,One year,No,Mailed check,111.46,316.64,No
C06399,Female,0,No,No,59,Yes,No,Yes,No,Two year,Yes,Electronic check,61.46,3357.7,No
C06400,Male,0,No,Yes,56,Yes,Fiber optic,No,No internet service,Month-to-month,Yes,Credit card (automatic),31.34,1630.65,No
C06401,Male,0,Yes,No,47,Yes,No,Yes,No internet service,Month-to-month,No,Credit card (automatic),19.07,958.99,No
C06402,Female,0,No,No,65,Yes,Fiber optic,Yes,Yes,Month-to-month,No,Bank transfer (automatic),71.15,4606.3,No
C06403,Female,1,Yes,No,56,Yes,DSL,Yes,No,Month-to-month,No,Electronic check,104.06,6175.19,No
C06404,Female,1,Yes,No,16,Yes,No,No,No,Month-to-month,No,Mailed check,44.79,677.52,Yes
C06405,Female,0,No,Yes,30,No,DSL,Yes,No,One year,Yes,Mailed check,37.89,1095.31,Yes
C06406,Female,0,Yes,No,37,Yes,DSL,No,No internet service,Two year,No,Credit card (automatic),61.9,2250.27,Yes
C06407,Male,0,No,No,35,Yes,DSL,No internet service,No,Month-to-month,Yes,Mailed check,107.35,3723.07,Yes
C06408,Male,0,No,No,46,Yes,Fiber optic,No internet service,No,One year,Yes,Bank transfer (automatic),63.17,2672.01,No
C06409,Female,1,No,No,51,Yes,DSL,No internet service,Yes,Month-to-month,Yes,Credit card (automatic),90.27,4184.83,Yes
C06410,Female,1,Yes,Yes,7,Yes,Fiber optic,No,No,Month-to-month,No,Bank transfer (automatic),64.25,494.36,Yes
C06411,Male,1,No,No,41,Yes,No,Yes,Yes,One year,Yes,Bank transfer (automatic),55.3,2342.82,No
C06412,Male,0,No,No,2,Yes,No,No internet service,No internet service,Month-to-month,No,Electronic check,62.09,113.12,No
C06413,Male,0,Yes,No,37,Yes,No,No,No internet service,Two year,No,Mailed check,94.84,3700.37,Yes
C06414,Male,0,Yes,No,30,Yes,DSL,No internet service,No,Month-to-month,No,Electronic check,93.44,2725.33,No
C06415,Male,1,No,No,15,Yes,Fiber optic,Yes,Yes,Month-to-month,Yes,Electronic check,61.18,972.11,No
C06416,Male,0,No,No,72,Yes,No,No,No,Month-to-month,Yes,Bank transfer (automatic),44.76,3512.64,No
C06417,Male,0,Yes,No,18,Yes,DSL,Yes,No,Month-to-month,Yes,Bank transfer (automatic),31.91,519.99,Yes
C06418,Male,0,Yes,No,4,Yes,No,Yes,No internet service,Two year,No,Electronic check,18.14,79.3,No
C06419,Female,0,No,Yes,26,Yes,Fiber optic,No internet service,Yes,One year,Yes,Mailed check,29.33,711.6,No
C06420,Female,0,Yes,No,55,Yes,No,No,No,Month-to-month,No,Bank transfer (automatic),34.47,1818.97,No
C06421,Female,0,Yes,No,0,Yes,DSL,Yes,Yes,Month-to-month,Yes,Electronic check,86.99,89.2,Yes
C06422,Female,0,Yes,Yes,35,Yes,DSL,Yes,No internet service,One year,Yes,Bank transfer (automatic),99.79,3643.48,No
C06423,Male,0,Yes,No,30,Yes,No,No internet service,No internet service,One year,Yes,Mailed check,91.69,2569.28,No
C06424,Male,0,No,No,63,Yes,DSL,No,No internet service,Month-to-month,No,Mailed check,90.32,5276.86,No
C06425,Male,0,No,Yes,0,Yes,No,Yes,No,Month-to-month,Yes,Mailed check,117.43,112.42,Yes
C06426,Female,0,No,No,1,No,DSL,No,No,Month-to-month,Yes,Mailed check,114.26,110.27,No
C06427,Female,1,Yes,No,41,Yes,Fiber optic,No internet service,No internet service,Month-to-month,No,Credit card (automatic),44.88,1773.18,No
C06428,Male,1,No,No,13,Yes,Fiber optic,No,No internet service,Month-to-month,No,Credit card (automatic),32.51,394.85,Yes
C06429,Female,0,Yes,Yes,51,Yes,No,No internet service,Yes,Month-to-month,Yes,Credit card (automatic),33.33,1859.89,No
C06430,Male,0,No,Yes,20,Yes,Fiber optic,No internet service,Yes,Month-to-month,Yes,Bank transfer (automatic),107.56,2279.44,Yes
C06431,Male,0,No,Yes,41,Yes,Fiber optic,No internet service,No,Month-to-month,No,Mailed check,28.23,1268.55,Yes
C06432,Female,0,Yes,Yes,2,Yes,DSL,No,No internet service,Month-to-month,Yes,Mailed check,52.01,95.77,No
C06433,Female,0,Yes,No,50,Yes,DSL,No internet service,No,Two year,Yes,Bank transfer (automatic),71.03,3250.03,No
C06434,Female,0,No,No,37,Yes,Fiber optic,No,No internet service,One year,No,Bank transfer (automatic),79.35,2957.07,No
C06435,Female,0,Yes,No,0,Yes,Fiber optic,No,Yes,Month-to-month,Yes,Credit card (automatic),77.57,79.35,Yes
C06436,Female,0,Yes,No,19,No,No,No,No,Month-to-month,No,Mailed check,96.64,1885.79,Yes
C06437,Male,0,Yes,Yes,4,Yes,DSL,No internet service,Yes,Month-to-month,Yes,Bank transfer (automatic),75.17,276.22,Yes
C06438,Male,0,Yes,No,3,Yes,DSL,No,No,Two year,No,Electronic check,103.1,330.57,No
C06439,Male,0,No,No,50,Yes,Fiber optic,No,No internet service,One year,Yes,Mailed check,26.46,1320.28,Yes
C06440,Male,0,Yes,Yes,31,Yes,Fiber optic,Yes,No internet service,Month-to-month,Yes,Mailed check,103.9,3135.96,No
C06441,Male,0,Yes,No,58,Yes,Fiber optic,No,No,Two year,Yes,Bank transfer (automatic),77.0,4469.96,No
C06442,Female,0,No,No,18,Yes,DSL,Yes,No internet service,Two year,Yes,Electronic check,40.29,658.57,No
C06443,Male,0,Yes,No,52,Yes,No,No internet service,No,Two year,Yes,Electronic check,115.77,5676.99,Yes
C06444,Male,0,No,No,44,Yes,Fiber optic,No internet service,No,Month-to-month,Yes,Electronic check,111.97,5417.86,No
C06445,Male,0,No,No,48,Yes,Fiber optic,No internet service,No,Month-to-month,No,Bank transfer (automatic),102.57,4975.11,Yes
C06446,Female,0,Yes,No,60,Yes,DSL,Yes,No internet service,One year,Yes,Mailed check,109.16,5997.52,No
C06447,Female,0,No,No,51,No,DSL,Yes,Yes,Month-to-month,No,Electronic check,56.21,2747.93,Yes
C06448,Male,0,No,No,54,Yes,Fiber optic,No internet service,No,One year,Yes,Credit card (automatic),40.78,2063.29,No
C06449,Male,0,No,No,53,Yes,Fiber optic,No internet service,Yes,One year,No,Bank transfer (automatic),36.29,2086.74,No
C06450,Male,0,No,Yes,32,No,Fiber optic,Yes,No internet service,Month-to-month,No,Bank transfer (automatic),105.38,3578.68,No
C06451,Male,0,No,Yes,52,Yes,DSL,No,No,Month-to-month,Yes,Bank transfer (automatic),100.66,5283.42,No
C06452,Female,0,No,No,61,No,Fiber optic,No internet service,No,Month-to-month,No,Mailed check,116.09,7721.35,No
C06453,Female,1,No,No,53,Yes,Fiber optic,No,No internet service,Month-to-month,No,Electronic check,102.83,5311.42,No
C06454,Female,0,No,No,44,Yes,DSL,No internet service,Yes,One year,Yes,Electronic check,81.24,3835.48,Yes
C06455,Female,0,No,No,5,Yes,DSL,No internet service,No internet service,One year,Yes,Credit card (automatic),32.23,160.1,Yes
C06456,Female,0,Yes,Yes,31,Yes,Fiber optic,No,Yes,Month-to-month,No,Mailed check,34.48,1143.41,No
C06457,Male,0,Yes,No,4,Yes,DSL,Yes,No,One year,Yes,Credit card (automatic),65.37,282.43,No
C06458,Female,0,Yes,No,7,Yes,DSL,No,No internet service,Month-to-month,No,Mailed check,94.78,658.55,No
C06459,Male,0,Yes,No,26,Yes,Fiber optic,No internet service,Yes,One year,No,Mailed check,35.33,859.42,No
C06460,Female,0,No,No,33,Yes,DSL,No,Yes,Month-to-month,No,Credit card (automatic),109.55,3392.73,Yes
C06461,Female,0,Yes,No,38,Yes,Fiber optic,Yes,Yes,One year,Yes,Bank transfer (automatic),86.38,3143.83,Yes
C06462,Female,0,Yes,No,65,Yes,Fiber optic,Yes,No internet service,One year,No,Bank transfer (automatic),49.23,3022.64,No
C06463,Male,0,Yes,No,55,Yes,DSL,No internet service,Yes,Month-to-month,No,Bank transfer (automatic),106.58,5730.89,No
C06464,Male,0,No,No,30,Yes,DSL,Yes,No,One year,No,Credit card (automatic),77.86,2338.92,No
C06465,Male,0,Yes,No,24,Yes,DSL,Yes,No,Two year,No,Mailed check,91.32,2010.7,No
C06466,Female,0,No,No,52,Yes,No,No internet service,Yes,Month-to-month,Yes,Mailed check,56.54,3180.96,Yes
C06467,Female,0,Yes,No,20,Yes,DSL,Yes,Yes,One year,Yes,Credit card (automatic),57.36,1033.04,Yes
C06468,Female,0,No,No,64,No,Fiber optic,No,No internet service,Two year,No,Electronic check,19.26,1143.47,No
C06469,Male,0,Yes,No,57,Yes,No,Yes,No,Two year,No,Electronic check,71.79,3689.71,No
C06470,Female,1,No,No,49,Yes,DSL,No internet service,No internet service,Month-to-month,Yes,Credit card (automatic),94.08,5058.49,No
C06471,Female,0,Yes,No,18,Yes,DSL,Yes,No internet service,One year,No,Credit card (automatic),114.88,2030.89,No
C06472,Male,0,Yes,No,45,Yes,No,Yes,No,Two year,No,Bank transfer (automatic),107.22,4531.57,No
C06473,Male,0,Yes,No,59,Yes,Fiber optic,Yes,Yes,One year,No,Electronic check,26.7,1455.16,No
C06474,Male,1,Yes,No,5,Yes,DSL,No,No internet service,Month-to-month,No,Bank transfer (automatic),116.05,565.21,Yes
C06475,Female,0,Yes,No,12,Yes,DSL,Yes,No,Month-to-month,Yes,Credit card (automatic),32.95,433.03,Yes
C06476,Female,1,Yes,No,37,Yes,No,No,No internet service,Two year,No,Electronic check,22.11,826.04,Yes
C06477,Male,0,No,No,26,Yes,DSL,No,No internet service,Month-to-month,Yes,Electronic check,92.89,2344.72,Yes
C06478,Female,0,Yes,No,51,Yes,Fiber optic,No internet service,No internet service,Month-to-month,No,Mailed check,108.59,5388.05,No
C06479,Male,1,Yes,No,29,No,DSL,No,No,Month-to-month,No,Mailed check,112.98,3025.67,Yes
C06480,Male,0,Yes,No,72,Yes,Fiber optic,No,No,One year,Yes,Electronic check,100.5,7260.61,Yes
C06481,Male,0,No,No,21,Yes,DSL,No internet service,Yes,Month-to-month,No,Electronic check,38.49,796.04,No
C06482,Male,0,Yes,No,26,Yes,DSL,Yes,No internet service,Two year,No,Mailed check,33.4,908.15,No
C06483,Female,1,No,No,0,Yes,Fiber optic,No internet service,Yes,One year,No,Mailed check,23.9,22.43,Yes
C06484,Female,0,Yes,No,18,Yes,Fiber optic,Yes,No,Two year,No,Bank transfer (automatic),76.2,1272.11,No
C06485,Male,0,No,No,17,Yes,DSL,No,No,Two year,No,Credit card (automatic),66.72,1152.72,Yes
C06486,Female,0,Yes,Yes,55,Yes,DSL,Yes,No,Month-to-month,Yes,Credit card (automatic),28.93,1668.16,No
C06487,Female,0,No,No,24,Yes,Fiber optic,No,No internet service,One year,Yes,Credit card (automatic),64.48,1546.75,No
C06488,Female,0,No,No,14,Yes,Fiber optic,No,No,Month-to-month,Yes,Credit card (automatic),74.73,1106.91,Yes
C06489,Male,0,Yes,Yes,22,Yes,Fiber optic,Yes,No internet service,Two year,No,Bank transfer (automatic),90.3,2122.12,No
C06490,Female,0,Yes,No,41,Yes,DSL,Yes,No internet service,Month-to-month,No,Mailed check,59.42,2639.22,Yes
C06491,Male,0,No,Yes,57,Yes,Fiber optic,No,No,One year,No,Electronic check,49.84,2771.66,No
C06492,Female,0,Yes,No,71,Yes,Fiber optic,Yes,Yes,Two year,No,Mailed check,84.57,6490.05,No
C06493,Female,0,Yes,No,3,Yes,DSL,No,Yes,Month-to-month,No,Bank transfer (automatic),86.42,270.1,Yes
C06494,Female,1,No,No,61,Yes,Fiber optic,No,No,Two year,Yes,Credit card (automatic),45.04,2816.08,Yes
C06495,Male,0,No,No,28,Yes,DSL,Yes,No internet service,Month-to-month,No,Electronic check,19.98,565.46,Yes
C06496,Female,0,Yes,No,59,Yes,DSL,No,Yes,Month-to-month,Yes,Mailed check,112.57,6003.66,Yes
C06497,Male,0,No,No,2,Yes,Fiber optic,No,No internet service,Month-to-month,Yes,Mailed check,93.53,189.32,Yes
C06498,Male,0,No,Yes,45,Yes,DSL,No,No,Month-to-month,No,Mailed check,38.11,1810.64,No
C06499,Female,0,Yes,No,67,Yes,No,No,No,One year,Yes,Bank transfer (automatic),74.57,5484.19,No
C06500,Male,0,No,No,2,Yes,DSL,No internet service,No,Two year,No,Electronic check,77.49,152.91,No
C06501,Female,0,No,No,57,Yes,DSL,No internet service,No,Month-to-month,Yes,Electronic check,30.6,1915.19,No
C06502,Male,0,No,No,8,Yes,DSL,No,Yes,One year,Yes,Electronic check,37.17,277.8,No
C06503,Male,0,Yes,No,71,Yes,No,No internet service,No,Two year,Yes,Electronic check,113.67,8810.16,No
C06504,Female,0,Yes,No,54,Yes,No,Yes,No,One year,Yes,Electronic check,68.8,3781.82,No
C06505,Female,0,No,No,66,Yes,No,No internet service,No,Month-to-month,Yes,Credit card (automatic),37.14,2530.94,No
C06506,Male,0,Yes,Yes,65,Yes,No,Yes,Yes,Two year,Yes,Electronic check,97.76,6448.04,No
C06507,Female,0,Yes,No,23,Yes,No,No,No,Month-to-month,Yes,Mailed check,65.06,1640.88,No
C06508,Female,0,No,No,30,Yes,No,Yes,No internet service,One year,No,Bank transfer (automatic),81.84,2231.43,No
C06509,Male,0,No,No,50,Yes,Fiber optic,No internet service,Yes,One year,No,Credit card (automatic),47.75,2344.75,No
C06510,Male,1,No,No,12,Yes,Fiber optic,Yes,No,One year,Yes,Bank transfer (automatic),23.79,306.9,No
C06511,Female,0,Yes,No,22,Yes,DSL,Yes,Yes,Month-to-month,No,Electronic check,34.49,708.26,Yes
C06512,Female,1,No,No,7,Yes,No,No internet service,Yes,Month-to-month,Yes,Electronic check,115.3,818.33,Yes
C06513,Male,0,No,No,64,Yes,DSL,No internet service,No internet service,One year,No,Electronic check,80.36,5167.29,No
C06514,Male,0,Yes,No,18,Yes,Fiber optic,Yes,No,Month-to-month,Yes,Electronic check,101.11,1931.88,No
C06515,Male,1,Yes,No,29,Yes,DSL,No internet service,No,Month-to-month,Yes,Electronic check,20.15,633.23,Yes
C06516,Male,0,Yes,No,33,No,Fiber optic,Yes,No,One year,No,Mailed check,94.55,2969.66,Yes
C06517,Female,0,No,Yes,27,Yes,No,No internet service,Yes,One year,Yes,Credit card (automatic),66.5,1864.86,No
C06518,Male,0,No,No,56,Yes,Fiber optic,Yes,No internet service,Month-to-month,Yes,Bank transfer (automatic),84.53,4778.83,No
C06519,Male,0,No,No,66,No,No,Yes,No internet service,Month-to-month,Yes,Credit card (automatic),53.82,3667.77,Yes
C06520,Female,1,Yes,Yes,41,Yes,DSL,Yes,No internet service,Two year,No,Bank transfer (automatic),80.09,3086.92,No
C06521,Male,0,No,No,61,Yes,Fiber optic,No internet service,Yes,Month-to-month,Yes,Electronic check,21.56,1255.37,No
C06522,Male,0,No,No,8,No,No,No,No,Month-to-month,Yes,Mailed check,22.56,182.28,No
C06523,Female,0,Yes,No,70,Yes,Fiber optic,Yes,Yes,Month-to-month,No,Mailed check,97.88,6170.48,No
C06524,Male,0,No,No,8,Yes,Fiber optic,No internet service,No,Month-to-month,Yes,Bank transfer (automatic),30.45,254.14,Yes
C06525,Female,0,No,No,4,Yes,Fiber optic,No,Yes,Two year,No,Credit card (automatic),19.4,72.35,No
C06526,Female,0,Yes,Yes,1,Yes,Fiber optic,Yes,No internet service,Month-to-month,Yes,Bank transfer (automatic),109.25,118.67,No
C06527,Male,0,Yes,Yes,17,Yes,Fiber optic,No internet service,Yes,Month-to-month,Yes,Credit card (automatic),44.55,811.97,Yes
C06528,Female,0,Yes,Yes,61,Yes,DSL,No internet service,Yes,Month-to-month,Yes,Electronic check,76.24,4765.37,Yes
C06529,Male,0,Yes,No,21,Yes,DSL,No internet service,No,Month-to-month,Yes,Mailed check,101.89,2307.04,No
C06530,Female,0,Yes,Yes,57,No,Fiber optic,Yes,No internet service,Month-to-month,No,Credit card (automatic),92.59,5791.93,No
C06531,Male,0,Yes,No,30,Yes,DSL,Yes,Yes,Two year,Yes,Electronic check,22.66,717.18,No
C06532,Female,0,Yes,No,7,No,No,No internet service,No internet service,One year,No,Credit card (automatic),74.09,531.77,No
C06533,Male,0,No,Yes,34,Yes,Fiber optic,No internet service,No internet service,Month-to-month,Yes,Mailed check,72.18,2429.23,No
C06534,Female,0,Yes,Yes,16,Yes,No,No internet service,No internet service,Month-to-month,Yes,Mailed check,53.01,901.35,No
C06535,Male,0,Yes,No,21,No,Fiber optic,No internet service,No,Month-to-month,Yes,Electronic check,93.36,2040.72,Yes
C06536,Male,0,No,No,37,No,No,Yes,No internet service,Month-to-month,No,Bank transfer (automatic),114.4,4209.64,Yes
C06537,Male,0,No,No,57,No,DSL,No,No,One year,No,Electronic check,32.72,1865.05,Yes
C06538,Male,1,Yes,No,42,Yes,Fiber optic,No,Yes,Month-to-month,Yes,Mailed check,32.52,1291.79,Yes
C06539,Female,0,No,Yes,16,Yes,DSL,No,Yes,One year,Yes,Bank transfer (automatic),91.47,1547.99,Yes
C06540,Male,0,Yes,No,52,Yes,DSL,No,No,Two year,No,Credit card (automatic),63.44,3548.49,No
C06541,Female,0,No,Yes,50,Yes,DSL,No internet service,Yes,Month-to-month,No,Bank transfer (automatic),97.52,4404.47,No
C06542,Male,0,Yes,No,17,Yes,Fiber optic,Yes,Yes,Two year,No,Electronic check,32.11,503.5,Yes
C06543,Male,0,Yes,Yes,62,No,Fiber optic,No,No internet service,Month-to-month,No,Bank transfer (automatic),21.99,1497.33,No
C06544,Female,1,Yes,No,61,Yes,DSL,Yes,Yes,Month-to-month,Yes,Electronic check,87.79,5010.43,No
C06545,Male,0,Yes,Yes,44,Yes,No,No,Yes,Two year,No,Credit card (automatic),117.47,5413.19,Yes
C06546,Female,1,No,Yes,21,Yes,No,Yes,No internet service,Month-to-month,Yes,Bank transfer (automatic),27.48,574.87,Yes
C06547,Female,0,Yes,No,25,Yes,No,No internet service,Yes,One year,No,Bank transfer (automatic),104.43,2621.9,No
C06548,Female,0,No,No,32,Yes,Fiber optic,No,No internet service,One year,Yes,Electronic check,56.53,1667.27,No
C06549,Female,0,Yes,No,13,No,Fiber optic,Yes,Yes,Month-to-month,Yes,Credit card (automatic),19.68,237.31,No
C06550,Male,0,Yes,No,22,Yes,Fiber optic,Yes,No,Two year,No,Credit card (automatic),69.0,1541.65,Yes
C06551,Male,1,No,No,9,Yes,Fiber optic,Yes,Yes,Month-to-month,No,Bank transfer (automatic),45.89,402.9,No
C06552,Female,0,No,No,11,Yes,DSL,No,No internet service,Two year,No,Credit card (automatic),87.34,1017.9,No
C06553,Female,0,Yes,No,54,Yes,No,No,No internet service,Month-to-month,Yes,Bank transfer (automatic),46.78,2764.57,Yes
C06554,Male,1,Yes,No,9,Yes,Fiber optic,Yes,Yes,Month-to-month,Yes,Credit card (automatic),66.17,632.73,Yes
C06555,Male,0,Yes,Yes,34,Yes,Fiber optic,Yes,No,Month-to-month,Yes,Electronic check,38.06,1269.69,No
C06556,Male,0,No,Yes,31,Yes,DSL,No internet service,No,Two year,No,Electronic check,100.81,3113.97,Yes
C06557,Female,0,Yes,No,3,Yes,Fiber optic,Yes,No internet service,Month-to-month,No,Mailed check,110.54,308.85,No
C06558,Male,0,Yes,Yes,60,Yes,DSL,Yes,Yes,Two year,No,Electronic check,58.33,3636.78,No
C06559,Female,1,Yes,No,71,No,No,No,No internet service,Month-to-month,No,Bank transfer (automatic),62.89,4418.18,No
C06560,Female,0,Yes,No,46,Yes,Fiber optic,Yes,No internet service,Month-to-month,Yes,Credit card (automatic),116.27,5730.71,No
C06561,Male,0,No,No,49,Yes,Fiber optic,No,No,Month-to-month,No,Bank transfer (automatic),32.21,1626.28,Yes
C06562,Female,0,Yes,No,16,Yes,Fiber optic,Yes,Yes,Month-to-month,Yes,Mailed check,98.86,1477.54,No
C06563,Male,0,Yes,No,61,Yes,No,No,Yes,Two year,Yes,Bank transfer (automatic),74.73,4477.37,Yes
C06564,Female,0,No,No,57,Yes,DSL,No internet service,Yes,Month-to-month,No,Bank transfer (automatic),106.07,6259.96,Yes
C06565,Male,0,Yes,No,31,Yes,Fiber optic,No,Yes,One year,Yes,Electronic check,47.24,1569.27,Yes
C06566,Female,0,Yes,No,51,Yes,Fiber optic,Yes,No,One year,No,Bank transfer (automatic),47.62,2356.15,No
C06567,Female,0,Yes,No,69,No,No,No internet service,No,Month-to-month,No,Electronic check,50.58,3608.33,No
C06568,Female,0,Yes,No,44,Yes,Fiber optic,No internet service,No,One year,Yes,Credit card (automatic),19.66,808.57,No
C06569,Male,0,Yes,No,14,Yes,DSL,Yes,Yes,Two year,Yes,Electronic check,34.99,529.51,No
C06570,Male,0,No,No,24,Yes,DSL,No,No internet service,One year,No,Credit card (automatic),117.46,2861.42,No
C06571,Female,0,Yes,No,13,Yes,No,Yes,Yes,Month-to-month,No,Electronic check,42.89,587.52,No
C06572,Female,0,No,Yes,24,No,DSL,Yes,No,One year,No,Bank transfer (automatic),19.99,469.86,Yes
C06573,Female,0,Yes,No,64,Yes,DSL,No internet service,No internet service,One year,Yes,Electronic check,45.85,3192.94,No
C06574,Male,0,Yes,No,13,Yes,No,Yes,Yes,Month-to-month,No,Bank transfer (automatic),58.84,798.59,Yes
C06575,Male,0,Yes,No,65,Yes,No,No,No,One year,Yes,Electronic check,72.78,4403.01,No
C06576,Male,0,Yes,No,20,Yes,Fiber optic,No internet service,Yes,Month-to-month,No,Credit card (automatic),24.86,502.19,Yes
C06577,Male,0,Yes,No,36,Yes,DSL,No,Yes,One year,No,Credit card (automatic),97.04,3333.97,No
C06578,Female,0,No,Yes,38,Yes,Fiber optic,Yes,No internet service,Two year,Yes,Mailed check,100.55,4075.65,No
C06579,Female,0,No,No,9,Yes,DSL,No internet service,Yes,Two year,Yes,Electronic check,39.32,373.9,Yes
C06580,Male,0,Yes,No,13,Yes,DSL,No,Yes,Two year,No,Bank transfer (automatic),97.84,1270.53,No
C06581,Male,1,Yes,Yes,22,No,Fiber optic,No,No internet service,One year,Yes,Electronic check,54.14,1143.9,No
C06582,Female,0,Yes,Yes,4,Yes,No,No internet service,No,One year,No,Credit card (automatic),60.31,258.26,No
C06583,Female,0,Yes,No,55,Yes,DSL,No internet service,Yes,Month-to-month,Yes,Electronic check,111.64,6570.61,Yes
C06584,Male,0,Yes,No,39,Yes,Fiber optic,No,Yes,Month-to-month,Yes,Credit card (automatic),107.19,4184.79,Yes
C06585,Female,0,Yes,No,61,Yes,DSL,Yes,Yes,Month-to-month,No,Bank transfer (automatic),55.51,3533.24,No
C06586,Male,0,No,Yes,63,Yes,DSL,No,No internet service,Month-to-month,No,Credit card (automatic),66.81,4028.46,No
C06587,Female,0,No,No,25,Yes,DSL,No internet service,No internet service,Two year,No,Credit card (automatic),46.65,1130.99,No
C06588,Male,0,No,No,59,Yes,DSL,Yes,No,Two year,No,Bank transfer (automatic),69.54,4467.24,No
C06589,Male,0,Yes,No,4,Yes,DSL,Yes,No internet service,Month-to-month,No,Electronic check,86.19,361.05,Yes
C06590,Female,0,No,No,31,No,DSL,No,Yes,Month-to-month,No,Mailed check,27.27,773.03,No
C06591,Male,1,Yes,No,48,Yes,DSL,No,No,One year,No,Bank transfer (automatic),109.98,5234.41,No
C06592,Male,0,No,No,34,Yes,Fiber optic,No internet service,No internet service,Month-to-month,No,Credit card (automatic),89.89,2992.53,No
C06593,Male,0,No,Yes,53,No,DSL,No,No internet service,Two year,Yes,Bank transfer (automatic),27.68,1388.11,No
C06594,Female,0,No,No,62,Yes,DSL,No internet service,No internet service,Two year,No,Mailed check,104.9,7147.6,No
C06595,Female,1,No,No,30,Yes,Fiber optic,No,No internet service,Month-to-month,Yes,Mailed check,92.37,2569.25,No
C06596,Male,1,Yes,Yes,20,Yes,Fiber optic,Yes,No internet service,Month-to-month,Yes,Mailed check,49.31,949.57,Yes
C06597,Female,0,No,Yes,42,Yes,Fiber optic,No,Yes,Month-to-month,Yes,Bank transfer (automatic),70.14,3151.34,No
C06598,Male,0,No,No,63,Yes,No,No internet service,No,Month-to-month,No,Electronic check,104.01,6070.72,Yes
C06599,Male,1,No,No,72,Yes,DSL,Yes,No,Month-to-month,No,Credit card (automatic),114.81,8061.54,No
C06600,Male,0,Yes,Yes,59,Yes,Fiber optic,No internet service,Yes,Month-to-month,No,Bank transfer (automatic),46.11,2793.5,No
C06601,Male,0,No,No,17,No,Fiber optic,No internet service,No,Month-to-month,No,Electronic check,83.06,1365.96,Yes
C06602,Female,0,No,Yes,14,Yes,Fiber optic,No,No,Month-to-month,Yes,Bank transfer (automatic),104.02,1429.72,Yes
C06603,Female,0,Yes,Yes,41,Yes,DSL,Yes,No internet service,Month-to-month,Yes,Mailed check,116.82,4837.62,Yes
C06604,Male,0,Yes,Yes,29,Yes,DSL,No,Yes,One year,No,Bank transfer (automatic),25.07,792.85,No
C06605,Male,0,No,No,44,Yes,Fiber optic,No,Yes,Month-to-month,Yes,Mailed check,68.36,3230.97,No
C06606,Male,0,No,No,67,Yes,DSL,No,Yes,Two year,No,Bank transfer (automatic),105.37,6511.9,No
C06607,Female,0,No,No,40,Yes,No,No internet service,Yes,Month-to-month,Yes,Electronic check,18.32,742.98,Yes
C06608,Male,0,No,Yes,25,Yes,DSL,No internet service,No internet service,Month-to-month,No,Credit card (automatic),61.72,1590.31,Yes
C06609,Female,0,Yes,Yes,63,Yes,Fiber optic,No internet service,Yes,Month-to-month,Yes,Credit card (automatic),76.42,4646.69,Yes
C06610,Female,0,No,Yes,32,Yes,Fiber optic,No,No internet service,One year,Yes,Mailed check,70.65,2154.18,No
C06611,Female,0,Yes,No,44,Yes,No,No internet service,No internet service,Month-to-month,No,Credit card (automatic),91.28,4094.83,Yes
C06612,Male,0,No,No,9,Yes,DSL,No internet service,Yes,Month-to-month,No,Credit card (automatic),24.55,217.19,No
C06613,Female,0,Yes,No,37,Yes,Fiber optic,Yes,No internet service,Month-to-month,No,Mailed check,96.54,3861.36,No
C06614,Male,0,No,No,31,No,Fiber optic,No internet service,No internet service,Two year,Yes,Bank transfer (automatic),46.32,1339.3,No
C06615,Male,0,No,Yes,8,Yes,DSL,Yes,No internet service,Month-to-month,No,Electronic check,100.42,729.63,Yes
C06616,Female,0,Yes,Yes,15,Yes,Fiber optic,No internet service,No internet service,Month-to-month,Yes,Credit card (automatic),59.95,971.12,Yes
C06617,Female,0,No,Yes,51,Yes,DSL,No,Yes,Two year,Yes,Bank transfer (automatic),22.29,1226.85,Yes
C06618,Female,0,Yes,Yes,13,No,No,No internet service,No internet service,Month-to-month,No,Electronic check,114.39,1462.32,Yes
C06619,Male,0,No,No,9,Yes,No,No internet service,Yes,Month-to-month,No,Credit card (automatic),96.05,908.34,No
C06620,Male,0,No,No,4,Yes,DSL,Yes,No,Two year,No,Electronic check,52.78,225.72,Yes
C06621,Male,0,Yes,No,1,Yes,Fiber optic,No,No internet service,Month-to-month,Yes,Bank transfer (automatic),45.0,42.79,No
C06622,Male,0,Yes,No,31,Yes,DSL,No,No,Month-to-month,Yes,Electronic check,76.9,2457.54,Yes
C06623,Male,1,No,No,35,Yes,No,Yes,No internet service,Month-to-month,No,Electronic check,116.73,4279.33,Yes
C06624,Male,0,Yes,No,45,No,DSL,No,No,Month-to-month,Yes,Electronic check,47.02,2055.59,No
C06625,Male,0,No,Yes,41,Yes,Fiber optic,No,No internet service,Two year,No,Electronic check,112.83,5038.67,No
C06626,Female,0,Yes,Yes,39,Yes,No,No internet service,No internet service,One year,Yes,Bank transfer (automatic),51.04,2176.54,Yes
C06627,Male,0,No,Yes,72,No,DSL,Yes,Yes,One year,Yes,Credit card (automatic),88.41,6348.62,No
C06628,Female,0,No,Yes,18,Yes,No,No,Yes,Month-to-month,No,Credit card (automatic),56.17,925.32,Yes
C06629,Female,0,No,Yes,51,No,Fiber optic,No,Yes,One year,Yes,Credit card (automatic),26.51,1465.3,No
C06630,Male,1,No,No,5,Yes,Fiber optic,No internet service,No internet service,One year,No,Bank transfer (automatic),111.62,560.66,Yes
C06631,Male,0,Yes,No,61,Yes,DSL,Yes,No internet service,Month-to-month,Yes,Mailed check,34.39,1946.26,Yes
C06632,Female,1,Yes,No,26,Yes,Fiber optic,No,No,Two year,Yes,Credit card (automatic),112.47,3059.96,No
C06633,Female,0,Yes,No,25,Yes,Fiber optic,No internet service,Yes,One year,Yes,Electronic check,28.33,734.76,No
C06634,Male,0,No,Yes,9,Yes,Fiber optic,No,Yes,Two year,No,Bank transfer (automatic),44.69,373.24,No
C06635,Female,0,No,Yes,37,Yes,Fiber optic,Yes,No internet service,Month-to-month,Yes,Electronic check,110.09,3889.91,Yes
C06636,Male,0,No,No,29,Yes,Fiber optic,No internet service,Yes,Month-to-month,No,Bank transfer (automatic),83.85,2608.8,Yes
C06637,Female,0,No,No,71,Yes,Fiber optic,Yes,No,One year,No,Mailed check,36.95,2869.84,No
C06638,Female,0,No,No,12,Yes,Fiber optic,No internet service,No internet service,Two year,Yes,Electronic check,77.21,908.96,Yes
C06639,Female,1,Yes,No,30,No,Fiber optic,No internet service,Yes,Month-to-month,Yes,Credit card (automatic),36.04,1002.18,Yes
C06640,Male,0,Yes,No,65,Yes,No,Yes,Yes,Month-to-month,No,Credit card (automatic),105.44,6650.71,Yes
C06641,Male,1,Yes,No,58,Yes,Fiber optic,No,Yes,Two year,No,Bank transfer (automatic),22.98,1334.87,Yes
C06642,Male,0,No,No,55,Yes,DSL,No,No,Month-to-month,No,Mailed check,70.98,3748.07,Yes
C06643,Female,0,Yes,No,38,No,No,No internet service,No,Month-to-month,Yes,Bank transfer (automatic),24.35,945.9,Yes
C06644,Female,0,Yes,Yes,63,Yes,No,No internet service,Yes,One year,Yes,Credit card (automatic),87.5,4969.99,No
C06645,Female,0,Yes,No,16,Yes,No,Yes,Yes,Month-to-month,Yes,Credit card (automatic),111.58,1898.28,Yes
C06646,Female,0,No,No,59,Yes,DSL,No internet service,No,Month-to-month,Yes,Mailed check,101.11,6376.7,No
C06647,Male,0,Yes,No,42,No,Fiber optic,No internet service,Yes,Month-to-month,No,Bank transfer (automatic),55.17,2448.52,Yes
C06648,Male,0,No,No,25,Yes,DSL,Yes,Yes,Two year,No,Mailed check,41.69,1001.28,No
C06649,Female,0,Yes,No,15,Yes,No,No internet service,No,Month-to-month,No,Bank transfer (automatic),30.1,463.45,Yes
C06650,Female,0,Yes,No,38,Yes,Fiber optic,Yes,No,One year,No,Bank transfer (automatic),105.36,3895.75,Yes
C06651,Female,0,No,No,0,Yes,DSL,Yes,No internet service,Two year,No,Electronic check,26.11,25.53,Yes
C06652,Female,1,Yes,No,52,Yes,DSL,No internet service,No,One year,Yes,Credit card (automatic),80.88,4381.65,Yes
C06653,Female,1,No,Yes,17,Yes,No,No internet service,Yes,Month-to-month,No,Bank transfer (automatic),54.73,994.34,Yes
C06654,Female,0,Yes,No,28,No,Fiber optic,No internet service,No internet service,Month-to-month,Yes,Electronic check,117.58,3510.18,Yes
C06655,Female,0,Yes,No,14,Yes,Fiber optic,Yes,Yes,Month-to-month,Yes,Credit card (automatic),68.88,912.46,Yes
C06656,Male,0,Yes,No,33,Yes,DSL,No internet service,Yes,One year,No,Credit card (automatic),72.88,2481.05,No
C06657,Male,0,No,Yes,27,Yes,DSL,Yes,No internet service,Two year,Yes,Bank transfer (automatic),109.79,2826.23,No
C06658,Male,0,Yes,No,13,Yes,Fiber optic,Yes,No,One year,No,Electronic check,114.96,1532.87,No
C06659,Male,0,No,No,64,Yes,DSL,No internet service,No,Month-to-month,Yes,Bank transfer (automatic),76.36,4757.24,Yes
C06660,Female,0,No,Yes,55,Yes,DSL,No internet service,No,Month-to-month,Yes,Electronic check,97.62,5680.46,No
C06661,Male,0,Yes,Yes,28,Yes,Fiber optic,No internet service,No,Two year,No,Credit card (automatic),81.48,2481.05,No
C06662,Female,0,Yes,Yes,4,Yes,DSL,No internet service,No internet service,Month-to-month,No,Electronic check,60.74,232.75,No
C06663,Female,0,No,No,61,Yes,No,Yes,No,Two year,No,Bank transfer (automatic),23.73,1554.3,Yes
C06664,Male,0,No,No,50,Yes,Fiber optic,No,No internet service,Month-to-month,Yes,Bank transfer (automatic),89.77,4703.95,Yes
C06665,Male,0,No,No,40,Yes,DSL,No,No internet service,One year,No,Bank transfer (automatic),88.03,3567.7,No
C06666,Female,1,No,Yes,44,Yes,DSL,No,Yes,Two year,Yes,Bank transfer (automatic),29.67,1312.0,Yes
C06667,Female,0,Yes,No,0,Yes,Fiber optic,No internet service,No,Month-to-month,No,Mailed check,41.01,39.53,Yes
C06668,Male,0,No,Yes,34,Yes,Fiber optic,Yes,No,Month-to-month,Yes,Credit card (automatic),91.21,2917.11,No
C06669,Male,0,No,No,13,Yes,Fiber optic,Yes,No,Two year,No,Credit card (automatic),32.97,392.9,No
C06670,Female,0,Yes,No,47,No,Fiber optic,Yes,Yes,Month-to-month,No,Mailed check,87.09,4267.15,No
C06671,Female,0,Yes,Yes,67,Yes,Fiber optic,Yes,No internet service,Month-to-month,No,Credit card (automatic),89.8,5682.61,Yes
C06672,Female,0,No,No,38,No,Fiber optic,Yes,Yes,Month-to-month,Yes,Credit card (automatic),53.33,2024.67,Yes
C06673,Female,0,Yes,No,44,Yes,DSL,Yes,Yes,Month-to-month,No,Mailed check,43.82,2078.4,Yes
C06674,Female,0,No,No,48,Yes,DSL,Yes,Yes,One year,Yes,Bank transfer (automatic),55.3,2745.24,No
C06675,Female,0,Yes,No,67,Yes,DSL,No internet service,No internet service,Month-to-month,Yes,Electronic check,53.92,3373.65,No
C06676,Female,0,Yes,Yes,2,Yes,Fiber optic,Yes,No,Month-to-month,No,Mailed check,78.7,164.78,Yes
C06677,Female,0,No,No,22,Yes,DSL,Yes,No,Two year,Yes,Mailed check,92.38,1916.45,No
C06678,Female,1,Yes,No,19,Yes,DSL,No,No internet service,Month-to-month,Yes,Bank transfer (automatic),104.18,2090.23,No
C06679,Female,0,Yes,No,52,Yes,DSL,No,Yes,Month-to-month,Yes,Mailed check,21.0,999.77,Yes
C06680,Male,1,No,No,32,Yes,No,Yes,No internet service,One year,No,Electronic check,90.66,2693.23,No
C06681,Male,0,Yes,No,56,Yes,DSL,No,No,Two year,Yes,Mailed check,49.42,3007.85,No
C06682,Male,0,Yes,Yes,34,No,Fiber optic,No internet service,No,One year,Yes,Credit card (automatic),101.86,3311.05,No
C06683,Male,1,No,No,71,Yes,No,Yes,No internet service,Two year,No,Electronic check,25.57,1688.62,No
C06684,Male,0,Yes,No,55,Yes,No,No internet service,Yes,Month-to-month,Yes,Bank transfer (automatic),73.12,3792.29,No
C06685,Male,0,No,No,1,Yes,No,No internet service,Yes,Month-to-month,No,Bank transfer (automatic),72.87,70.85,No
C06686,Female,1,Yes,No,72,Yes,Fiber optic,Yes,No,Two year,Yes,Credit card (automatic),50.65,3893.04,Yes
C06687,Male,0,No,No,69,Yes,DSL,No,Yes,Two year,Yes,Electronic check,115.03,7385.48,No
C06688,Female,1,No,Yes,3,Yes,Fiber optic,No internet service,No,One year,No,Mailed check,28.69,77.73,No
C06689,Male,0,No,No,28,No,Fiber optic,No,No,Month-to-month,Yes,Electronic check,31.64,950.59,No
C06690,Male,0,No,No,70,Yes,Fiber optic,No,No,Month-to-month,Yes,Electronic check,82.43,5538.9,No
C06691,Female,0,Yes,No,61,No,Fiber optic,No,No,Month-to-month,Yes,Bank transfer (automatic),69.43,3876.86,No
C06692,Male,0,No,No,34,Yes,DSL,No internet service,No internet service,Two year,Yes,Mailed check,44.45,1368.56,No
C06693,Male,1,Yes,Yes,39,Yes,DSL,Yes,No internet service,Two year,No,Bank transfer (automatic),48.43,2039.71,No
C06694,Female,0,Yes,No,2,Yes,Fiber optic,No internet service,No,Month-to-month,No,Mailed check,33.7,67.71,Yes
C06695,Male,0,Yes,Yes,41,Yes,No,Yes,Yes,Month-to-month,Yes,Bank transfer (automatic),104.78,4390.92,No
C06696,Female,1,No,No,48,Yes,Fiber optic,Yes,Yes,Month-to-month,No,Mailed check,74.95,3681.1,No
C06697,Female,1,Yes,No,26,Yes,DSL,Yes,Yes,Month-to-month,No,Bank transfer (automatic),42.48,1109.38,Yes
C06698,Female,0,Yes,No,22,No,No,No internet service,No,One year,Yes,Bank transfer (automatic),57.34,1329.41,No
C06699,Male,0,No,No,60,Yes,Fiber optic,No internet service,No internet service,One year,Yes,Bank transfer (automatic),108.67,7049.75,No
C06700,Female,1,No,No,32,Yes,No,No,No,Month-to-month,Yes,Mailed check,106.68,3510.08,No
C06701,Female,0,Yes,Yes,19,No,No,No,No internet service,One year,No,Mailed check,24.91,505.84,Yes
C06702,Male,0,No,No,27,Yes,Fiber optic,No internet service,No,Two year,Yes,Bank transfer (automatic),83.41,2031.19,No
C06703,Male,0,No,No,35,Yes,No,Yes,No internet service,Month-to-month,Yes,Credit card (automatic),33.3,1160.88,No
C06704,Female,0,No,No,18,Yes,Fiber optic,No internet service,Yes,Month-to-month,Yes,Bank transfer (automatic),39.09,718.26,Yes
C06705,Male,1,No,No,40,Yes,No,No,No,Month-to-month,No,Mailed check,104.42,3927.22,Yes
C06706,Male,0,No,No,62,Yes,DSL,No internet service,No internet service,Month-to-month,Yes,Electronic check,107.52,6213.33,Yes
C06707,Female,0,Yes,No,54,Yes,No,Yes,Yes,Month-to-month,Yes,Electronic check,26.27,1315.38,Yes
C06708,Male,0,No,Yes,16,Yes,Fiber optic,No,No internet service,One year,Yes,Bank transfer (automatic),105.39,1613.67,Yes
C06709,Male,0,Yes,Yes,34,No,DSL,Yes,No,Month-to-month,Yes,Electronic check,90.85,3288.7,Yes
C06710,Male,0,Yes,Yes,39,No,Fiber optic,No internet service,No,Month-to-month,No,Mailed check,95.57,3375.12,No
C06711,Female,1,Yes,No,49,Yes,DSL,Yes,No internet service,Two year,Yes,Electronic check,97.18,4859.37,No
C06712,Female,0,Yes,No,55,Yes,Fiber optic,No internet service,Yes,Month-to-month,Yes,Credit card (automatic),68.72,3453.16,No
C06713,Female,0,No,Yes,35,Yes,Fiber optic,No,No internet service,One year,No,Electronic check,112.69,4017.67,No
C06714,Male,0,No,No,22,No,Fiber optic,No internet service,No internet service,One year,No,Bank transfer (automatic),38.04,795.41,No
C06715,Female,0,Yes,Yes,48,Yes,Fiber optic,Yes,No,Two year,No,Mailed check,68.5,3062.67,No
C06716,Male,0,Yes,No,9,Yes,Fiber optic,Yes,No,One year,No,Credit card (automatic),49.86,445.67,Yes
C06717,Female,0,Yes,No,49,No,No,Yes,No internet service,Two year,No,Mailed check,100.24,4647.61,No
C06718,Female,0,Yes,Yes,65,Yes,No,No internet service,Yes,One year,Yes,Mailed check,26.27,1665.98,No
C06719,Female,0,Yes,Yes,51,Yes,DSL,No,No,Month-to-month,Yes,Credit card (automatic),61.37,3213.16,No
C06720,Male,0,Yes,No,31,Yes,DSL,No internet service,No,Month-to-month,No,Bank transfer (automatic),95.35,3213.74,Yes
C06721,Male,0,No,Yes,60,Yes,DSL,Yes,Yes,Month-to-month,No,Bank transfer (automatic),49.23,3023.4,No
C06722,Female,0,No,No,38,Yes,Fiber optic,No,No,Month-to-month,No,Bank transfer (automatic),42.05,1600.16,No
C06723,Male,0,No,Yes,39,Yes,DSL,No,No internet service,Month-to-month,No,Credit card (automatic),44.25,1745.42,Yes
C06724,Female,0,No,No,62,Yes,Fiber optic,No internet service,Yes,Month-to-month,Yes,Credit card (automatic),89.36,5509.4,Yes
C06725,Male,0,No,No,14,Yes,No,No,No internet service,Month-to-month,No,Electronic check,46.68,661.73,Yes
C06726,Female,0,Yes,No,56,No,Fiber optic,No,No,Month-to-month,No,Bank transfer (automatic),58.27,3308.92,Yes
C06727,Female,0,Yes,No,49,Yes,Fiber optic,Yes,Yes,Month-to-month,Yes,Credit card (automatic),72.57,3550.38,Yes
C06728,Male,0,No,No,38,Yes,DSL,No,Yes,One year,No,Electronic check,112.08,4504.68,Yes
C06729,Female,0,No,No,5,Yes,DSL,No,Yes,One year,Yes,Credit card (automatic),97.43,476.51,No
C06730,Male,0,Yes,No,55,Yes,DSL,No internet service,No,Two year,No,Bank transfer (automatic),36.53,1851.85,No
C06731,Male,0,No,No,15,No,DSL,No,Yes,Month-to-month,No,Electronic check,106.31,1640.27,No
C06732,Male,0,No,No,65,Yes,Fiber optic,No,No,Two year,No,Bank transfer (automatic),102.48,7055.67,No
C06733,Male,0,Yes,Yes,57,Yes,No,No,No internet service,Two year,No,Mailed check,92.52,5568.98,No
C06734,Female,0,Yes,No,26,Yes,No,No internet service,No,Month-to-month,No,Credit card (automatic),69.69,1722.12,No
C06735,Female,0,No,No,31,No,No,Yes,No internet service,Two year,Yes,Credit card (automatic),24.98,797.15,No
C06736,Male,0,No,No,1,Yes,DSL,No internet service,Yes,Month-to-month,Yes,Mailed check,89.15,98.04,Yes
C06737,Female,1,No,No,36,Yes,Fiber optic,No,Yes,One year,No,Credit card (automatic),69.83,2315.06,Yes
C06738,Female,0,No,No,4,No,DSL,No internet service,No internet service,Two year,No,Mailed check,48.98,196.81,No
C06739,Female,0,Yes,No,72,Yes,DSL,No,No internet service,Month-to-month,No,Electronic check,18.99,1314.06,No
C06740,Female,1,No,No,46,Yes,DSL,No,Yes,One year,No,Credit card (automatic),41.1,2000.72,No
C06741,Male,0,No,No,17,Yes,Fiber optic,Yes,No,Month-to-month,Yes,Mailed check,78.57,1288.87,Yes
C06742,Female,0,No,Yes,58,Yes,Fiber optic,Yes,No,Month-to-month,Yes,Bank transfer (automatic),29.23,1774.54,Yes
C06743,Male,0,Yes,Yes,1,Yes,No,Yes,Yes,Month-to-month,Yes,Mailed check,83.54,77.87,Yes
C06744,Male,0,Yes,No,40,Yes,DSL,No internet service,No internet service,Month-to-month,No,Mailed check,99.97,3652.48,Yes
C06745,Female,0,No,No,8,Yes,Fiber optic,No,No,Month-to-month,Yes,Credit card (automatic),49.82,367.0,No
C06746,Female,0,Yes,No,3,Yes,Fiber optic,Yes,No internet service,One year,Yes,Bank transfer (automatic),26.2,74.83,No
C06747,Male,0,Yes,No,17,Yes,Fiber optic,Yes,No,Month-to-month,Yes,Credit card (automatic),31.97,581.48,Yes
C06748,Male,0,Yes,No,21,Yes,Fiber optic,No,No,Month-to-month,No,Electronic check,53.79,1050.62,No
C06749,Male,0,Yes,Yes,52,Yes,DSL,No internet service,No internet service,One year,Yes,Credit card (automatic),99.34,4683.61,No
C06750,Female,0,No,Yes,65,Yes,Fiber optic,No internet service,Yes,Month-to-month,No,Mailed check,81.43,5667.12,Yes
C06751,Male,0,No,No,56,Yes,DSL,No internet service,No,Month-to-month,Yes,Bank transfer (automatic),104.79,5721.4,No
C06752,Male,0,No,No,54,Yes,DSL,No internet service,No,One year,Yes,Mailed check,117.44,6454.31,No
C06753,Female,0,Yes,No,41,Yes,DSL,No,No internet service,Two year,Yes,Electronic check,38.26,1438.08,No
C06754,Female,0,Yes,Yes,27,Yes,Fiber optic,No,No,Month-to-month,Yes,Electronic check,87.48,2554.39,No
C06755,Male,0,No,No,18,Yes,No,Yes,Yes,Month-to-month,No,Credit card (automatic),64.65,1164.73,Yes
C06756,Male,0,Yes,No,69,Yes,DSL,No internet service,No internet service,Two year,Yes,Credit card (automatic),67.35,4265.68,No
C06757,Female,1,Yes,No,38,Yes,Fiber optic,No internet service,No internet service,Two year,Yes,Mailed check,50.56,1972.7,No
C06758,Female,0,No,Yes,41,Yes,DSL,No,No,Month-to-month,No,Credit card (automatic),52.25,2084.65,Yes
C06759,Male,0,No,Yes,1,Yes,DSL,No internet service,No internet service,Month-to-month,No,Credit card (automatic),85.63,83.12,Yes
C06760,Male,0,Yes,No,33,Yes,Fiber optic,No,Yes,Month-to-month,Yes,Bank transfer (automatic),80.08,2594.13,Yes
C06761,Female,1,No,No,49,No,No,No internet service,No,One year,Yes,Bank transfer (automatic),49.85,2446.62,No
C06762,Male,0,No,No,36,Yes,DSL,No internet service,No,Two year,No,Mailed check,29.86,1100.61,No
C06763,Female,0,No,No,44,Yes,DSL,No,Yes,One year,No,Credit card (automatic),75.82,3100.16,No
C06764,Male,1,Yes,No,59,Yes,No,Yes,Yes,Month-to-month,Yes,Bank transfer (automatic),91.94,5700.42,No
C06765,Male,0,Yes,Yes,1,Yes,Fiber optic,No,No internet service,One year,Yes,Credit card (automatic),73.86,66.87,No
C06766,Male,0,No,Yes,66,Yes,DSL,No internet service,No,Two year,Yes,Credit card (automatic),18.37,1260.72,No
C06767,Female,0,Yes,No,59,Yes,DSL,No internet service,No internet service,Month-to-month,No,Credit card (automatic),46.23,2554.8,No
C06768,Male,0,Yes,No,30,Yes,No,Yes,Yes,Two year,No,Credit card (automatic),95.86,2845.22,Yes
C06769,Female,0,No,No,55,Yes,No,Yes,No,Month-to-month,No,Bank transfer (automatic),92.25,5136.21,No
C06770,Female,1,No,No,4,Yes,Fiber optic,No internet service,No internet service,Month-to-month,No,Mailed check,19.04,78.4,Yes
C06771,Female,0,No,Yes,22,Yes,DSL,No internet service,No,One year,No,Mailed check,65.03,1513.93,No
C06772,Male,0,No,No,7,Yes,Fiber optic,Yes,No,Month-to-month,Yes,Bank transfer (automatic),61.73,433.51,No
C06773,Female,0,No,No,46,Yes,Fiber optic,Yes,No internet service,Two year,Yes,Bank transfer (automatic),83.23,4119.65,No
C06774,Female,0,Yes,No,62,Yes,DSL,No internet service,Yes,Month-to-month,No,Electronic check,30.5,2063.1,No
C06775,Female,0,Yes,Yes,43,Yes,DSL,Yes,No,Month-to-month,Yes,Bank transfer (automatic),80.14,3774.11,No
C06776,Male,1,No,Yes,51,Yes,DSL,Yes,No,Month-to-month,No,Bank transfer (automatic),112.69,5539.79,No
C06777,Female,0,No,No,10,Yes,DSL,No internet service,No internet service,Month-to-month,Yes,Mailed check,55.17,500.08,No
C06778,Female,1,Yes,No,68,Yes,Fiber optic,No,No internet service,Month-to-month,No,Electronic check,51.74,3670.17,No
C06779,Female,0,Yes,Yes,14,Yes,Fiber optic,No internet service,Yes,One year,Yes,Bank transfer (automatic),20.83,277.15,Yes
C06780,Female,0,No,No,38,Yes,No,No,Yes,Month-to-month,Yes,Credit card (automatic),23.74,950.42,No
C06781,Female,0,Yes,No,49,Yes,No,Yes,Yes,Month-to-month,Yes,Credit card (automatic),111.16,4907.6,No
C06782,Male,0,No,No,62,Yes,No,No,No internet service,One year,Yes,Bank transfer (automatic),115.55,7561.25,No
C06783,Female,0,No,Yes,68,No,DSL,No,Yes,Month-to-month,No,Bank transfer (automatic),18.56,1153.58,Yes
C06784,Female,0,Yes,No,43,Yes,Fiber optic,No internet service,No internet service,One year,No,Electronic check,108.07,4999.58,No
C06785,Female,0,Yes,Yes,42,Yes,DSL,No,No internet service,Month-to-month,No,Mailed check,35.4,1531.79,No
C06786,Female,0,No,Yes,30,Yes,Fiber optic,No internet service,No internet service,Month-to-month,No,Bank transfer (automatic),74.14,2073.72,Yes
C06787,Female,0,No,Yes,41,Yes,DSL,Yes,Yes,One year,Yes,Electronic check,85.81,3523.71,No
C06788,Female,1,Yes,Yes,49,Yes,Fiber optic,No,No,One year,Yes,Mailed check,53.91,2644.34,No
C06789,Male,0,No,No,47,Yes,DSL,No internet service,Yes,Two year,Yes,Electronic check,70.9,3584.91,No
C06790,Male,0,Yes,Yes,43,Yes,Fiber optic,No internet service,No,Month-to-month,Yes,Credit card (automatic),80.75,3494.71,No
C06791,Male,0,Yes,Yes,32,Yes,Fiber optic,No internet service,No,Month-to-month,No,Electronic check,37.39,1208.56,No
C06792,Female,0,Yes,Yes,14,Yes,DSL,No,No,One year,Yes,Bank transfer (automatic),117.43,1584.51,No
C06793,Male,0,Yes,Yes,3,Yes,No,No,No,One year,Yes,Bank transfer (automatic),38.39,120.43,Yes
C06794,Female,0,Yes,No,30,Yes,DSL,No,No,One year,No,Electronic check,19.03,519.55,No
C06795,Female,0,Yes,Yes,28,Yes,DSL,Yes,No internet service,One year,Yes,Mailed check,112.43,3442.67,Yes
C06796,Male,0,No,No,44,Yes,Fiber optic,No internet service,Yes,One year,Yes,Credit card (automatic),60.91,2736.99,Yes
C06797,Male,0,No,No,65,Yes,Fiber optic,Yes,No internet service,Month-to-month,Yes,Bank transfer (automatic),57.86,4020.9,No
C06798,Male,0,No,No,51,Yes,No,No,No,One year,Yes,Credit card (automatic),45.57,2454.71,No
C06799,Female,0,Yes,Yes,58,Yes,Fiber optic,No internet service,No internet service,Month-to-month,Yes,Electronic check,20.58,1126.36,Yes
C06800,Male,0,Yes,No,42,Yes,DSL,Yes,No internet service,Month-to-month,Yes,Bank transfer (automatic),44.46,1788.55,Yes
C06801,Male,0,Yes,Yes,67,Yes,Fiber optic,No,No internet service,One year,Yes,Bank transfer (automatic),57.33,3670.57,No
C06802,Male,0,Yes,Yes,68,Yes,No,No internet service,Yes,Month-to-month,No,Credit card (automatic),70.03,4500.62,Yes
C06803,Female,0,Yes,No,11,Yes,DSL,Yes,No,Month-to-month,No,Bank transfer (automatic),63.76,633.46,Yes
C06804,Male,0,Yes,Yes,46,Yes,DSL,No,Yes,Two year,No,Mailed check,105.9,5189.94,No
C06805,Female,0,Yes,Yes,36,Yes,No,No internet service,No,One year,Yes,Electronic check,109.13,3958.42,No
C06806,Female,0,No,Yes,70,Yes,No,Yes,Yes,Month-to-month,Yes,Mailed check,49.72,3543.87,No
C06807,Male,1,No,No,42,No,No,No internet service,No,Two year,Yes,Electronic check,113.96,4778.38,Yes
C06808,Female,1,No,Yes,1,Yes,DSL,Yes,Yes,Month-to-month,No,Credit card (automatic),104.49,96.64,Yes
C06809,Male,0,No,Yes,15,Yes,No,No internet service,No,One year,No,Electronic check,110.76,1640.17,No
C06810,Male,0,No,No,9,Yes,DSL,Yes,No,Month-to-month,No,Mailed check,88.63,764.75,No
C06811,Female,1,No,No,14,Yes,Fiber optic,No,Yes,Month-to-month,No,Electronic check,37.83,571.15,No
C06812,Male,0,Yes,No,6,Yes,DSL,No internet service,No internet service,Month-to-month,No,Credit card (automatic),37.52,234.18,Yes
C06813,Female,0,Yes,No,57,Yes,Fiber optic,No internet service,No,Month-to-month,Yes,Mailed check,108.87,5786.91,No
C06814,Female,0,Yes,No,36,Yes,No,No,Yes,Month-to-month,Yes,Credit card (automatic),68.7,2573.08,No
C06815,Female,1,Yes,No,49,No,DSL,Yes,Yes,Month-to-month,Yes,Bank transfer (automatic),107.05,5296.19,Yes
C06816,Female,0,Yes,No,72,Yes,DSL,Yes,No internet service,One year,No,Bank transfer (automatic),90.05,5941.15,No
C06817,Female,0,Yes,No,47,Yes,Fiber optic,No internet service,No internet service,Month-to-month,No,Credit card (automatic),39.25,1685.94,Yes
C06818,Female,0,No,No,34,Yes,No,No internet service,No internet service,Month-to-month,No,Credit card (automatic),56.48,1784.91,No
C06819,Male,0,No,Yes,19,Yes,Fiber optic,No,Yes,Two year,No,Credit card (automatic),114.78,2316.25,Yes
C06820,Female,0,No,No,55,Yes,Fiber optic,No internet service,No,One year,No,Credit card (automatic),19.96,1170.24,No
C06821,Male,0,Yes,Yes,36,Yes,No,Yes,Yes,Two year,No,Credit card (automatic),89.46,3290.24,No
C06822,Female,0,No,No,55,Yes,Fiber optic,No,Yes,Month-to-month,No,Mailed check,115.88,5755.98,No
C06823,Male,0,No,No,1,Yes,Fiber optic,Yes,No internet service,Month-to-month,No,Electronic check,28.41,27.37,No
C06824,Female,0,No,No,11,Yes,Fiber optic,No internet service,Yes,One year,Yes,Mailed check,45.2,487.35,Yes
C06825,Female,0,Yes,No,9,Yes,DSL,No internet service,No,One year,Yes,Electronic check,72.7,626.08,No
C06826,Male,0,Yes,No,49,No,DSL,No internet service,Yes,Month-to-month,Yes,Credit card (automatic),102.38,5098.02,No
C06827,Female,1,No,No,37,Yes,DSL,Yes,No,Two year,No,Bank transfer (automatic),68.65,2317.65,No
C06828,Female,0,Yes,No,23,Yes,Fiber optic,No,Yes,One year,Yes,Bank transfer (automatic),23.96,498.17,No
C06829,Male,0,Yes,No,22,Yes,DSL,No,No,One year,Yes,Bank transfer (automatic),30.72,687.72,No
C06830,Female,0,No,No,44,Yes,DSL,No internet service,No,Month-to-month,Yes,Mailed check,55.59,2330.77,Yes
C06831,Male,1,Yes,No,70,Yes,Fiber optic,No internet service,Yes,One year,Yes,Credit card (automatic),50.25,3648.72,No
C06832,Female,1,Yes,No,72,Yes,No,Yes,No,Month-to-month,No,Electronic check,39.97,3037.61,No
C06833,Male,0,No,No,34,Yes,DSL,No internet service,Yes,Two year,Yes,Credit card (automatic),102.01,3545.38,No
C06834,Female,0,Yes,No,48,Yes,No,No,No,Month-to-month,No,Mailed check,20.69,1090.39,No
C06835,Female,0,Yes,No,6,Yes,DSL,Yes,No internet service,Month-to-month,No,Mailed check,100.93,622.89,Yes
C06836,Male,0,Yes,No,69,Yes,Fiber optic,No,No internet service,Month-to-month,Yes,Mailed check,110.17,8016.4,Yes
C06837,Female,0,No,No,1,Yes,No,No internet service,No internet service,One year,Yes,Credit card (automatic),81.01,83.29,Yes
C06838,Male,1,No,No,24,No,DSL,Yes,Yes,Two year,Yes,Mailed check,80.54,2051.04,No
C06839,Female,0,Yes,No,52,Yes,Fiber optic,No,No internet service,Two year,Yes,Electronic check,32.9,1673.37,No
C06840,Female,1,Yes,No,70,Yes,Fiber optic,No,No internet service,One year,Yes,Credit card (automatic),74.83,5169.33,No
C06841,Male,0,Yes,No,12,Yes,Fiber optic,No,Yes,Two year,No,Credit card (automatic),55.52,644.28,No
C06842,Male,1,No,No,48,Yes,DSL,No,Yes,One year,Yes,Credit card (automatic),40.9,1993.23,No
C06843,Female,1,No,Yes,13,Yes,Fiber optic,No,Yes,Month-to-month,No,Mailed check,76.33,967.41,Yes
C06844,Male,0,No,No,3,Yes,DSL,Yes,No,One year,No,Mailed check,18.12,59.66,Yes
C06845,Female,0,Yes,No,30,Yes,Fiber optic,No,No internet service,Month-to-month,Yes,Mailed check,45.64,1397.41,Yes
C06846,Female,0,No,No,42,No,DSL,No internet service,No internet service,Month-to-month,No,Credit card (automatic),83.6,3395.82,No
C06847,Female,1,Yes,No,19,Yes,Fiber optic,No internet service,No internet service,Month-to-month,No,Bank transfer (automatic),63.5,1208.47,No
C06848,Male,0,Yes,No,71,Yes,No,Yes,No internet service,Month-to-month,Yes,Bank transfer (automatic),32.56,2441.5,No
C06849,Female,0,Yes,No,45,Yes,DSL,No,No internet service,Two year,No,Credit card (automatic),18.13,865.8,Yes
C06850,Female,0,Yes,No,31,Yes,Fiber optic,No internet service,No internet service,Two year,No,Credit card (automatic),45.04,1434.53,No
C06851,Female,0,Yes,No,35,Yes,No,No internet service,No,Month-to-month,Yes,Electronic check,72.91,2297.85,No
C06852,Female,0,No,No,33,Yes,Fiber optic,No internet service,No internet service,One year,Yes,Mailed check,71.45,2531.68,No
C06853,Female,0,No,No,8,Yes,No,No,Yes,Month-to-month,Yes,Credit card (automatic),31.11,269.28,No
C06854,Female,1,Yes,Yes,44,Yes,DSL,Yes,Yes,Month-to-month,No,Mailed check,79.37,3751.86,No
C06855,Male,0,Yes,Yes,57,Yes,DSL,No internet service,No,Month-to-month,No,Mailed check,117.89,6949.7,No
C06856,Female,1,Yes,No,30,No,DSL,No,No,Month-to-month,Yes,Mailed check,76.49,2077.67,No
C06857,Female,0,Yes,Yes,31,Yes,No,Yes,No internet service,Month-to-month,No,Bank transfer (automatic),70.76,2391.32,Yes
C06858,Male,1,Yes,No,66,Yes,Fiber optic,No,No,Month-to-month,Yes,Bank transfer (automatic),80.26,4839.28,Yes
C06859,Female,0,Yes,No,44,Yes,DSL,No,Yes,Month-to-month,Yes,Mailed check,105.97,4335.81,Yes
C06860,Female,0,No,Yes,21,Yes,Fiber optic,Yes,No internet service,Month-to-month,No,Mailed check,112.6,2425.09,Yes
C06861,Female,1,Yes,No,0,Yes,DSL,No internet service,No internet service,Two year,No,Electronic check,22.1,21.93,No
C06862,Female,0,No,Yes,60,No,No,No internet service,No internet service,Month-to-month,Yes,Mailed check,38.5,2427.7,Yes
C06863,Female,0,No,No,45,Yes,Fiber optic,No,No,Month-to-month,Yes,Mailed check,29.58,1366.55,No
C06864,Female,0,No,Yes,45,Yes,DSL,No,Yes,Month-to-month,Yes,Bank transfer (automatic),95.24,3860.81,No
C06865,Male,0,No,Yes,20,Yes,DSL,No internet service,Yes,Month-to-month,Yes,Electronic check,22.56,464.09,No
C06866,Female,0,No,No,13,Yes,Fiber optic,Yes,No internet service,Month-to-month,Yes,Credit card (automatic),108.26,1508.21,Yes
C06867,Female,0,Yes,No,36,Yes,DSL,No,Yes,Month-to-month,No,Mailed check,20.06,773.02,Yes
C06868,Male,1,Yes,Yes,55,Yes,No,No internet service,Yes,One year,Yes,Bank transfer (automatic),78.25,4008.86,No
C06869,Female,0,No,Yes,21,Yes,No,Yes,No internet service,One year,No,Mailed check,45.56,927.55,Yes
C06870,Female,0,Yes,No,38,Yes,Fiber optic,Yes,No internet service,One year,Yes,Bank transfer (automatic),65.06,2284.15,No
C06871,Male,0,No,No,72,Yes,Fiber optic,No,No,One year,No,Credit card (automatic),62.19,4702.89,No
C06872,Male,0,Yes,No,16,Yes,DSL,No,Yes,Month-to-month,Yes,Electronic check,92.89,1524.16,No
C06873,Male,0,Yes,No,16,Yes,DSL,Yes,Yes,Month-to-month,Yes,Mailed check,67.66,1079.19,Yes
C06874,Female,1,No,No,17,Yes,DSL,No,No internet service,Month-to-month,Yes,Electronic check,60.12,981.11,Yes
C06875,Female,0,Yes,No,66,Yes,Fiber optic,No internet service,Yes,Month-to-month,No,Credit card (automatic),91.03,6352.96,No
C06876,Male,0,Yes,No,38,Yes,DSL,No,Yes,Month-to-month,Yes,Mailed check,110.58,4446.96,No
C06877,Male,0,Yes,No,67,Yes,Fiber optic,No internet service,No,Month-to-month,Yes,Mailed check,97.39,6513.62,No
C06878,Male,0,No,Yes,69,Yes,Fiber optic,No internet service,No internet service,One year,Yes,Electronic check,91.67,5850.1,No
C06879,Male,0,Yes,No,30,Yes,No,No,No,Month-to-month,Yes,Bank transfer (automatic),66.77,1989.22,No
C06880,Female,0,Yes,Yes,4,Yes,Fiber optic,No,No,Month-to-month,Yes,Electronic check,108.02,466.31,Yes
C06881,Female,0,No,No,22,Yes,Fiber optic,Yes,No,One year,Yes,Electronic check,66.63,1490.51,No
C06882,Female,0,Yes,No,39,No,Fiber optic,No internet service,No internet service,Month-to-month,No,Credit card (automatic),111.03,4550.14,Yes
C06883,Male,0,Yes,Yes,27,Yes,No,Yes,No internet service,Two year,No,Bank transfer (automatic),98.29,2544.85,No
C06884,Female,0,No,No,0,No,DSL,No internet service,Yes,Two year,Yes,Electronic check,33.03,31.99,Yes
C06885,Male,0,No,No,72,Yes,DSL,No internet service,Yes,Two year,Yes,Mailed check,22.7,1509.24,No
C06886,Male,0,Yes,No,22,Yes,Fiber optic,No internet service,No internet service,Month-to-month,Yes,Credit card (automatic),92.09,1962.29,No
C06887,Female,0,No,No,45,Yes,No,No,No,Month-to-month,Yes,Mailed check,86.58,3638.66,No
C06888,Female,0,Yes,Yes,69,Yes,DSL,No,No,One year,Yes,Bank transfer (automatic),78.21,5438.56,No
C06889,Female,0,No,No,39,Yes,No,Yes,Yes,One year,Yes,Mailed check,115.62,4413.41,No
C06890,Female,0,Yes,Yes,50,Yes,Fiber optic,No,No,One year,Yes,Electronic check,72.54,3870.55,No
C06891,Male,0,Yes,No,2,Yes,Fiber optic,Yes,No,Month-to-month,No,Electronic check,52.79,103.1,No
C06892,Male,0,Yes,No,50,Yes,Fiber optic,No internet service,No,Month-to-month,Yes,Electronic check,74.5,3510.69,No
C06893,Female,1,No,No,61,Yes,Fiber optic,No,Yes,Month-to-month,Yes,Credit card (automatic),20.84,1165.53,No
C06894,Male,0,Yes,No,67,Yes,No,No internet service,Yes,Month-to-month,No,Electronic check,75.93,4835.56,No
C06895,Male,0,Yes,Yes,6,Yes,DSL,No,No internet service,Month-to-month,No,Electronic check,108.24,675.08,Yes
C06896,Female,0,Yes,No,16,Yes,Fiber optic,No internet service,No,Two year,Yes,Electronic check,18.43,302.32,No
C06897,Female,0,Yes,No,3,Yes,Fiber optic,Yes,Yes,Month-to-month,Yes,Bank transfer (automatic),102.53,314.97,Yes
C06898,Male,0,Yes,No,67,Yes,Fiber optic,No,Yes,One year,No,Credit card (automatic),98.19,7049.99,No
C06899,Female,0,No,No,20,Yes,No,No,Yes,Two year,Yes,Mailed check,28.61,543.91,No
C06900,Female,1,No,No,38,Yes,Fiber optic,No,No internet service,Month-to-month,Yes,Credit card (automatic),102.68,3879.05,No
C06901,Male,0,Yes,No,34,Yes,DSL,No internet service,No internet service,Month-to-month,No,Mailed check,94.35,2995.01,Yes
C06902,Female,0,No,Yes,50,Yes,No,Yes,No internet service,One year,Yes,Credit card (automatic),67.1,3166.31,No
C06903,Male,0,No,No,65,Yes,DSL,No internet service,No internet service,Month-to-month,Yes,Mailed check,42.52,2692.45,Yes
C06904,Female,0,Yes,Yes,23,Yes,DSL,Yes,Yes,Month-to-month,Yes,Mailed check,46.81,1121.22,No
C06905,Male,0,Yes,No,57,Yes,Fiber optic,Yes,No internet service,Two year,Yes,Credit card (automatic),79.23,4817.52,Yes
C06906,Male,0,No,No,21,Yes,DSL,No,Yes,One year,Yes,Electronic check,42.63,860.71,No
C06907,Female,0,No,Yes,14,Yes,No,No internet service,No internet service,Two year,Yes,Electronic check,50.54,693.09,Yes
C06908,Female,0,Yes,No,7,Yes,DSL,Yes,No internet service,Two year,No,Credit card (automatic),111.08,837.85,No
C06909,Male,1,No,Yes,27,Yes,DSL,No internet service,No,Month-to-month,Yes,Credit card (automatic),90.93,2592.71,Yes
C06910,Female,0,No,Yes,40,Yes,Fiber optic,Yes,No,One year,No,Mailed check,91.61,3803.89,No
C06911,Male,0,Yes,Yes,56,Yes,DSL,No internet service,Yes,One year,Yes,Bank transfer (automatic),113.59,6242.91,Yes
C06912,Female,0,No,No,61,Yes,Fiber optic,Yes,No internet service,One year,Yes,Electronic check,18.58,1097.35,No
C06913,Female,0,Yes,No,38,Yes,DSL,No internet service,Yes,One year,Yes,Electronic check,42.45,1685.18,Yes
C06914,Male,0,No,No,29,No,Fiber optic,No internet service,No,One year,Yes,Mailed check,83.8,2232.54,No
C06915,Male,0,No,No,12,Yes,Fiber optic,Yes,No,Two year,Yes,Credit card (automatic),61.83,748.41,Yes
C06916,Female,1,Yes,No,66,Yes,Fiber optic,No internet service,Yes,Month-to-month,Yes,Electronic check,29.28,1762.73,No
C06917,Female,0,No,Yes,28,Yes,DSL,No,No internet service,One year,No,Credit card (automatic),96.12,2757.75,No
C06918,Male,0,No,No,55,Yes,No,No,No internet service,Month-to-month,Yes,Electronic check,22.71,1266.14,No
C06919,Male,0,Yes,No,45,Yes,Fiber optic,No internet service,Yes,One year,Yes,Credit card (automatic),72.39,2970.75,No
C06920,Male,1,Yes,No,67,Yes,Fiber optic,No internet service,No,One year,No,Bank transfer (automatic),74.25,4895.02,No
C06921,Female,1,Yes,No,71,Yes,DSL,No,No,Two year,No,Credit card (automatic),81.6,5437.24,No
C06922,Female,0,Yes,Yes,51,No,DSL,No internet service,Yes,Month-to-month,No,Bank transfer (automatic),49.56,2678.26,No
C06923,Female,0,No,No,48,Yes,DSL,No internet service,Yes,Month-to-month,No,Credit card (automatic),20.36,1058.06,No
C06924,Male,0,No,No,10,Yes,DSL,Yes,No,Month-to-month,No,Bank transfer (automatic),106.9,1029.38,No
C06925,Male,0,No,No,1,Yes,Fiber optic,No,No,Month-to-month,No,Electronic check,110.92,100.48,Yes
C06926,Male,0,Yes,No,39,Yes,Fiber optic,No internet service,No internet service,Month-to-month,Yes,Electronic check,66.2,2787.13,No
C06927,Male,0,No,Yes,51,Yes,DSL,Yes,No internet service,Two year,No,Credit card (automatic),20.06,1093.55,No
C06928,Male,1,Yes,No,54,Yes,DSL,Yes,No internet service,Month-to-month,Yes,Electronic check,76.09,4352.8,No
C06929,Male,0,No,Yes,18,Yes,DSL,No internet service,No internet service,Two year,No,Bank transfer (automatic),49.59,866.98,No
C06930,Female,0,No,Yes,36,Yes,Fiber optic,Yes,No internet service,Month-to-month,Yes,Electronic check,36.25,1195.3,Yes
C06931,Female,0,Yes,No,62,Yes,DSL,Yes,No,One year,Yes,Bank transfer (automatic),34.9,2369.31,No
C06932,Female,0,No,Yes,6,Yes,DSL,No,Yes,One year,No,Mailed check,35.93,215.3,No
C06933,Male,0,Yes,No,28,Yes,Fiber optic,No internet service,Yes,One year,No,Credit card (automatic),51.08,1389.22,Yes
C06934,Female,0,No,No,68,Yes,Fiber optic,No internet service,Yes,One year,Yes,Bank transfer (automatic),46.06,3305.73,No
C06935,Male,1,No,No,14,Yes,DSL,Yes,Yes,One year,Yes,Mailed check,101.64,1471.54,No
C06936,Male,0,No,No,23,Yes,Fiber optic,No,No internet service,Two year,Yes,Electronic check,67.53,1410.88,No
C06937,Male,0,Yes,No,34,Yes,Fiber optic,No,No internet service,One year,Yes,Mailed check,60.76,2255.24,No
C06938,Male,0,Yes,No,50,Yes,Fiber optic,Yes,No internet service,Month-to-month,No,Electronic check,32.58,1647.27,No
C06939,Male,0,Yes,No,18,Yes,DSL,No,Yes,Month-to-month,Yes,Bank transfer (automatic),105.59,1782.11,No
C06940,Male,0,No,Yes,57,Yes,Fiber optic,No,No internet service,One year,No,Bank transfer (automatic),23.48,1208.8,No
C06941,Female,0,Yes,No,17,Yes,No,Yes,No,Month-to-month,No,Mailed check,41.95,720.6,No
C06942,Female,0,No,No,26,Yes,Fiber optic,No internet service,No internet service,Month-to-month,No,Mailed check,80.15,2123.09,Yes
C06943,Male,0,No,No,41,Yes,DSL,No internet service,No internet service,One year,No,Bank transfer (automatic),88.23,3327.76,Yes
C06944,Female,0,Yes,No,0,Yes,Fiber optic,No internet service,No,Month-to-month,No,Mailed check,98.12,99.0,Yes
C06945,Male,0,No,No,56,Yes,Fiber optic,No,No,One year,Yes,Mailed check,59.03,3260.54,No
C06946,Male,0,Yes,Yes,48,Yes,No,Yes,No,One year,Yes,Electronic check,52.67,2496.62,No
C06947,Female,1,No,No,60,No,Fiber optic,No internet service,No,One year,No,Credit card (automatic),46.86,3078.85,Yes
C06948,Male,0,Yes,No,20,Yes,Fiber optic,No internet service,No,One year,No,Mailed check,74.81,1435.12,No
C06949,Male,1,Yes,No,29,Yes,DSL,Yes,No internet service,Two year,No,Mailed check,52.86,1650.72,No
C06950,Male,1,Yes,No,65,Yes,Fiber optic,No,Yes,One year,Yes,Mailed check,50.81,3199.95,No
C06951,Male,0,Yes,No,4,Yes,DSL,No internet service,Yes,Two year,No,Credit card (automatic),19.69,73.71,No
C06952,Female,0,No,No,35,Yes,No,No internet service,No,Month-to-month,No,Credit card (automatic),112.83,3674.41,No
C06953,Male,0,Yes,No,35,Yes,Fiber optic,No internet service,No internet service,One year,Yes,Credit card (automatic),24.06,916.31,No
C06954,Female,0,Yes,No,32,Yes,Fiber optic,Yes,No internet service,One year,Yes,Bank transfer (automatic),45.09,1305.31,No
C06955,Female,1,Yes,No,31,Yes,Fiber optic,Yes,No internet service,Month-to-month,No,Mailed check,110.14,3222.56,No
C06956,Female,0,No,Yes,54,Yes,DSL,No internet service,No internet service,Month-to-month,No,Electronic check,91.53,4784.92,No
C06957,Female,0,No,Yes,14,Yes,DSL,No internet service,Yes,One year,Yes,Bank transfer (automatic),75.81,1094.62,No
C06958,Male,0,No,No,65,Yes,Fiber optic,No,No,Month-to-month,Yes,Bank transfer (automatic),84.08,5329.45,Yes
C06959,Male,0,No,No,65,Yes,Fiber optic,Yes,Yes,Two year,No,Bank transfer (automatic),27.71,1628.39,No
C06960,Male,0,No,No,13,Yes,No,No,Yes,Month-to-month,No,Credit card (automatic),98.86,1289.54,Yes
C06961,Female,0,No,No,71,Yes,Fiber optic,Yes,Yes,Month-to-month,Yes,Credit card (automatic),43.01,3288.52,Yes
C06962,Female,0,No,Yes,19,Yes,DSL,No internet service,No internet service,One year,No,Electronic check,113.62,2325.68,No
C06963,Female,0,No,No,3,Yes,Fiber optic,No internet service,No,Month-to-month,Yes,Mailed check,41.14,135.55,Yes
C06964,Female,0,No,Yes,29,Yes,Fiber optic,No internet service,No internet service,Month-to-month,Yes,Bank transfer (automatic),80.54,2262.04,No
C06965,Female,0,No,No,58,Yes,Fiber optic,Yes,Yes,One year,No,Bank transfer (automatic),72.53,3889.1,No
C06966,Male,0,No,No,61,Yes,Fiber optic,No,No,Month-to-month,Yes,Mailed check,32.31,1801.23,No
C06967,Male,1,Yes,No,47,Yes,Fiber optic,No,No,Month-to-month,No,Bank transfer (automatic),54.29,2738.97,No
C06968,Female,0,No,No,59,Yes,No,No internet service,No,One year,No,Bank transfer (automatic),96.13,5953.23,No
C06969,Male,0,Yes,No,19,Yes,DSL,Yes,No,One year,No,Bank transfer (automatic),39.26,764.97,No
C06970,Female,0,Yes,No,64,Yes,No,No,Yes,One year,No,Electronic check,114.29,7309.82,Yes
C06971,Male,1,No,Yes,46,Yes,DSL,No internet service,No,Month-to-month,Yes,Mailed check,47.55,2168.64,No
C06972,Female,0,No,Yes,9,Yes,No,Yes,Yes,Month-to-month,Yes,Electronic check,80.67,725.15,Yes
C06973,Female,0,No,Yes,9,Yes,DSL,No internet service,No internet service,Two year,No,Mailed check,79.89,699.43,No
C06974,Female,0,No,No,19,Yes,Fiber optic,No,Yes,One year,Yes,Bank transfer (automatic),65.08,1230.26,Yes
C06975,Male,0,Yes,Yes,5,Yes,Fiber optic,Yes,No internet service,Month-to-month,No,Mailed check,83.54,393.5,Yes
C06976,Female,0,No,No,20,Yes,Fiber optic,No,No,Two year,Yes,Mailed check,92.36,1705.99,Yes
C06977,Male,0,Yes,Yes,72,Yes,DSL,No internet service,No internet service,Month-to-month,No,Mailed check,79.9,5420.63,No
C06978,Male,0,Yes,Yes,17,Yes,Fiber optic,Yes,Yes,One year,Yes,Bank transfer (automatic),74.0,1376.49,No
C06979,Male,0,Yes,No,46,Yes,DSL,No,No,One year,Yes,Bank transfer (automatic),78.66,3973.46,No
C06980,Male,1,No,No,71,Yes,DSL,Yes,No,Two year,No,Bank transfer (automatic),58.2, ,No
C06981,Male,0,No,Yes,18,Yes,Fiber optic,No internet service,Yes,Two year,No,Electronic check,25.09,482.08,Yes
C06982,Male,0,No,Yes,50,Yes,Fiber optic,Yes,Yes,Month-to-month,Yes,Credit card (automatic),33.97,1563.83,No
C06983,Male,0,Yes,No,32,Yes,DSL,Yes,Yes,One year,No,Credit card (automatic),78.67,2327.64,No
C06984,Male,0,No,No,20,Yes,Fiber optic,No,No internet service,Month-to-month,Yes,Credit card (automatic),110.72,2033.99,No
C06985,Male,0,Yes,No,69,Yes,No,No internet service,No,One year,No,Electronic check,20.57,1295.34,No
C06986,Female,1,Yes,No,47,Yes,Fiber optic,Yes,Yes,One year,Yes,Credit card (automatic),72.4,3571.13,No
C06987,Male,0,Yes,Yes,32,Yes,Fiber optic,No internet service,No internet service,Month-to-month,No,Bank transfer (automatic),43.21,1260.05,Yes
C06988,Female,1,Yes,Yes,59,Yes,Fiber optic,Yes,No,Month-to-month,No,Bank transfer (automatic),74.17,4769.03,No
C06989,Female,0,Yes,No,65,No,DSL,No internet service,No internet service,Month-to-month,Yes,Electronic check,92.97,6229.22,No
C06990,Male,0,Yes,No,57,No,No,No,Yes,Month-to-month,Yes,Credit card (automatic),91.55,4874.85,No
C06991,Male,0,Yes,No,63,Yes,DSL,No,Yes,Month-to-month,Yes,Credit card (automatic),90.49,6062.9,No
C06992,Female,0,No,Yes,23,Yes,Fiber optic,No internet service,No,Two year,No,Credit card (automatic),95.89,2348.25,No
C06993,Male,0,No,No,25,No,Fiber optic,No,No internet service,Month-to-month,No,Bank transfer (automatic),25.26,639.57,Yes
C06994,Female,0,Yes,No,16,Yes,Fiber optic,Yes,Yes,Two year,No,Mailed check,68.96,1013.1,No
C06995,Female,0,Yes,No,50,Yes,No,No,No,Two year,Yes,Mailed check,44.18,2165.16,No
C06996,Male,0,No,No,58,Yes,Fiber optic,Yes,Yes,One year,No,Electronic check,110.13,6449.55,No
C06997,Female,0,No,No,48,Yes,No,No,No internet service,Month-to-month,No,Mailed check,96.29,4847.28,No
C06998,Male,0,No,No,43,Yes,Fiber optic,No,No,Two year,Yes,Credit card (automatic),28.75,1186.43,No
C06999,Male,0,No,No,56,Yes,No,No internet service,No internet service,One year,Yes,Credit card (automatic),42.32,2546.79,No
